-- phpMyAdmin SQL Dump
-- version 5.0.2
-- https://www.phpmyadmin.net/
--
-- Host: localhost
-- Generation Time: May 04, 2021 at 11:31 AM
-- Server version: 10.4.13-MariaDB
-- PHP Version: 7.4.8

SET SQL_MODE = "NO_AUTO_VALUE_ON_ZERO";
START TRANSACTION;
SET time_zone = "+00:00";


/*!40101 SET @OLD_CHARACTER_SET_CLIENT=@@CHARACTER_SET_CLIENT */;
/*!40101 SET @OLD_CHARACTER_SET_RESULTS=@@CHARACTER_SET_RESULTS */;
/*!40101 SET @OLD_COLLATION_CONNECTION=@@COLLATION_CONNECTION */;
/*!40101 SET NAMES utf8mb4 */;

--
-- Database: `mtc_new_db`
--

-- --------------------------------------------------------

--
-- Table structure for table `account_heads`
--

CREATE TABLE `account_heads` (
  `id` int(10) UNSIGNED NOT NULL,
  `name` varchar(191) COLLATE utf8mb4_unicode_ci NOT NULL,
  `code` varchar(191) COLLATE utf8mb4_unicode_ci NOT NULL,
  `amount` bigint(20) NOT NULL DEFAULT 0,
  `created_at` timestamp NULL DEFAULT NULL,
  `updated_at` timestamp NULL DEFAULT NULL
) ENGINE=InnoDB DEFAULT CHARSET=utf8mb4 COLLATE=utf8mb4_unicode_ci;

--
-- Dumping data for table `account_heads`
--

INSERT INTO `account_heads` (`id`, `name`, `code`, `amount`, `created_at`, `updated_at`) VALUES
(1, 'ASSET', '1000', 0, '2019-11-23 09:18:30', '2019-11-23 09:18:30'),
(2, 'LIABILITY', '3000', 0, '2019-11-23 09:18:30', '2019-11-23 09:18:30'),
(3, 'INCOME', '4000', 0, '2019-11-23 09:18:30', '2019-11-23 09:18:30'),
(4, 'EXPENSE', '5000', 0, '2019-11-23 09:18:30', '2019-11-23 09:18:30'),
(5, 'EQUITY', '6000', 0, '2019-11-23 09:18:30', '2019-11-23 09:18:30');

-- --------------------------------------------------------

--
-- Table structure for table `account_head_child_i`
--

CREATE TABLE `account_head_child_i` (
  `id` int(10) UNSIGNED NOT NULL,
  `ac_head_id` int(10) UNSIGNED NOT NULL,
  `name` varchar(191) COLLATE utf8mb4_unicode_ci NOT NULL,
  `code` varchar(191) COLLATE utf8mb4_unicode_ci NOT NULL,
  `amount` bigint(20) NOT NULL DEFAULT 0,
  `created_at` timestamp NULL DEFAULT NULL,
  `updated_at` timestamp NULL DEFAULT NULL
) ENGINE=InnoDB DEFAULT CHARSET=utf8mb4 COLLATE=utf8mb4_unicode_ci;

--
-- Dumping data for table `account_head_child_i`
--

INSERT INTO `account_head_child_i` (`id`, `ac_head_id`, `name`, `code`, `amount`, `created_at`, `updated_at`) VALUES
(1, 1, 'Fixet Asset', '1100', 0, '2019-11-20 21:22:33', '2019-11-20 21:22:33'),
(2, 1, 'Current Asset', '1500', 0, '2019-11-20 21:22:33', '2019-11-20 21:22:33'),
(3, 2, 'Current Liability Member Savings', '3100', 0, '2019-11-20 21:22:33', '2019-11-20 21:22:33'),
(4, 2, 'Others Savings A/C', '3200', 0, '2019-11-20 21:22:33', '2019-11-20 21:22:33'),
(5, 2, 'Long Term Liability (PKSF)', '3300', 0, '2019-11-20 21:22:33', '2019-11-20 21:22:33'),
(6, 2, 'Current Account Principal (Branch & HO)', '3400', 0, '2019-11-20 21:22:33', '2019-11-20 21:22:33'),
(7, 3, 'General Income', '4100', 0, '2019-11-20 21:22:33', '2019-11-20 21:22:33'),
(8, 3, 'Others Income', '4200', 0, '2019-11-20 21:22:33', '2019-11-20 21:22:33'),
(9, 4, 'Financial Expense', '5100', 0, '2019-11-20 21:22:33', '2019-11-20 21:22:33'),
(10, 4, 'Current Account Service Charge (Branch & HO)', '5200', 0, '2019-11-20 21:22:33', '2019-11-20 21:22:33'),
(11, 4, 'Salary & Allowance', '5300', 0, '2019-11-20 21:22:33', '2019-11-20 21:22:33'),
(12, 4, 'Operating Cost', '5400', 0, '2019-11-20 21:22:33', '2019-11-20 21:22:33'),
(13, 2, 'Others Liability', '3500', 0, '2019-11-20 21:22:33', '2019-11-20 21:22:33'),
(14, 2, 'Capital Fund', '3600', 0, '2019-11-20 21:22:33', '2019-11-20 21:22:33'),
(15, 3, 'Reimbursement', '7700', 0, '2019-11-20 21:22:33', '2019-11-20 21:22:33'),
(16, 2, 'Loan A/C With Others', '3700', 0, '2019-11-20 21:22:33', '2019-11-20 21:22:33'),
(17, 4, 'Non Operating Cost', '5600', 0, '2019-11-20 21:22:33', '2019-11-20 21:22:33'),
(18, 3, 'Income from Training Operating', '4500', 0, '2019-11-20 21:22:33', '2019-11-20 21:22:33'),
(19, 4, 'Expenses for Training center', '5700', 0, '2019-11-20 21:22:33', '2019-11-20 21:22:33'),
(20, 4, 'Loss On Sale Of Land', '5001', 0, '2019-11-20 21:22:33', '2019-11-20 21:22:33'),
(21, 1, 'Black Rice', '010540', 0, '2020-01-18 01:06:44', '2020-01-18 01:06:44'),
(22, 1, 'Super Admin', '123', 0, '2020-01-18 01:07:38', '2020-01-18 01:07:38'),
(23, 1, 'ewr', '345', 0, '2020-01-18 01:12:01', '2020-01-18 01:12:01');

-- --------------------------------------------------------

--
-- Table structure for table `account_head_child_ii`
--

CREATE TABLE `account_head_child_ii` (
  `id` int(10) UNSIGNED NOT NULL,
  `ac_head_child_i_id` int(10) UNSIGNED NOT NULL,
  `name` varchar(191) COLLATE utf8mb4_unicode_ci NOT NULL,
  `code` varchar(191) COLLATE utf8mb4_unicode_ci NOT NULL,
  `amount` bigint(20) NOT NULL DEFAULT 0,
  `created_at` timestamp NULL DEFAULT NULL,
  `updated_at` timestamp NULL DEFAULT NULL
) ENGINE=InnoDB DEFAULT CHARSET=utf8mb4 COLLATE=utf8mb4_unicode_ci;

--
-- Dumping data for table `account_head_child_ii`
--

INSERT INTO `account_head_child_ii` (`id`, `ac_head_child_i_id`, `name`, `code`, `amount`, `created_at`, `updated_at`) VALUES
(1, 1, 'Land & Building', '1150', 0, '2019-11-20 21:27:57', '2019-11-20 21:27:57'),
(2, 1, 'Furniture & fixture', '1200', 0, '2019-11-20 21:27:57', '2019-11-20 21:27:57'),
(3, 1, 'Office Equipment', '1250', 0, '2019-11-20 21:27:57', '2019-11-20 21:27:57'),
(4, 1, 'Vehicles', '1300', 0, '2019-11-20 21:27:57', '2019-11-20 21:27:57'),
(5, 1, 'Electronic Equipment', '1350', 0, '2019-11-20 21:27:57', '2019-11-20 21:27:57'),
(6, 1, 'Other Fixet Assets', '1400', 0, '2019-11-20 21:27:57', '2019-11-20 21:27:57'),
(7, 2, 'Loan A/C with  Member\'s', '1900', 0, '2019-11-20 21:27:57', '2019-11-20 21:27:57'),
(8, 2, 'Others Loan', '2000', 0, '2019-11-20 21:27:57', '2019-11-20 21:27:57'),
(9, 2, 'Advance', '2100', 0, '2019-11-20 21:27:57', '2019-11-20 21:27:57'),
(10, 2, 'Others Investment', '2300', 0, '2019-11-20 21:27:57', '2019-11-20 21:27:57'),
(11, 5, 'Fund A/C With  PKSF', '3350', 0, '2019-11-20 21:27:57', '2019-11-20 21:27:57'),
(12, 8, 'Other Income', '4250', 0, '2019-11-20 21:27:57', '2019-11-20 21:27:57'),
(13, 8, 'Bank Interest', '4300', 0, '2019-11-20 21:27:57', '2019-11-20 21:27:57'),
(14, 10, 'Service Charge paid to HO', '5220', 0, '2019-11-20 21:27:57', '2019-11-20 21:27:57'),
(15, 11, 'Salary & Allowance', '5310', 0, '2019-11-20 21:27:57', '2019-11-20 21:27:57'),
(16, 12, 'Operating cost', '5450', 0, '2019-11-20 21:27:57', '2019-11-20 21:27:57'),
(17, 3, 'Genaral  Savings (GS)', '3120', 0, '2019-11-20 21:27:57', '2019-11-20 21:27:57'),
(18, 3, 'Specail Savings (SS)', '3140', 0, '2019-11-20 21:27:57', '2019-11-20 21:27:57'),
(19, 9, 'Service Charge Paid to PKSF', '5130', 0, '2019-11-20 21:27:57', '2019-11-20 21:27:57'),
(20, 9, 'Interest on Group Savings', '5120', 0, '2019-11-20 21:27:57', '2019-11-20 21:27:57'),
(21, 3, 'Monthly Savings(DPS)', '3150', 0, '2019-11-20 21:27:57', '2019-11-20 21:27:57'),
(22, 3, 'Emergemcy  Fund A/C', '3160', 0, '2019-11-20 21:27:57', '2019-11-20 21:27:57'),
(23, 7, 'Service charge A/C (member)', '4150', 0, '2019-11-20 21:27:57', '2019-11-20 21:27:57'),
(24, 12, 'Bank Charge', '5500', 0, '2019-11-20 21:27:57', '2019-11-20 21:27:57'),
(25, 2, 'Cash & Bank', '1700', 0, '2019-11-20 21:27:57', '2019-11-20 21:27:57'),
(26, 6, 'Current Account Principal InterTransaction (Branch & HO)', '3420', 0, '2019-11-20 21:27:57', '2019-11-20 21:27:57'),
(27, 13, 'Reserve & Provition', '3520', 0, '2019-11-20 21:27:57', '2019-11-20 21:27:57'),
(28, 14, 'Retained Surplus/Deficit', '3620', 0, '2019-11-20 21:27:57', '2019-11-20 21:27:57'),
(29, 2, 'Loan to project', '1510', 0, '2019-11-20 21:27:57', '2019-11-20 21:27:57'),
(30, 13, 'Others Fund', '3550', 0, '2019-11-20 21:27:57', '2019-11-20 21:27:57'),
(31, 2, 'Other Current Asset', '1550', 0, '2019-11-20 21:27:57', '2019-11-20 21:27:57'),
(32, 14, 'Capital fund', '3601', 0, '2019-11-20 21:27:57', '2019-11-20 21:27:57'),
(33, 2, 'Fund A/C With Branch', '1600', 0, '2019-11-20 21:27:57', '2019-11-20 21:27:57'),
(34, 7, 'Service charge from Branch', '4400', 0, '2019-11-20 21:27:57', '2019-11-20 21:27:57'),
(35, 16, 'Loan A/C With Others', '3710', 0, '2019-11-20 21:27:57', '2019-11-20 21:27:57'),
(36, 17, 'Non Operating Cost', '5650', 0, '2019-11-20 21:27:57', '2019-11-20 21:27:57'),
(37, 3, 'Health Savings', '3180', 0, '2019-11-20 21:27:57', '2019-11-20 21:27:57'),
(38, 4, 'Special Savings (staff)', '3201', 0, '2019-11-20 21:27:57', '2019-11-20 21:27:57'),
(39, 3, 'Fixed General savings', '3190', 0, '2019-11-20 21:27:57', '2019-11-20 21:27:57'),
(40, 4, 'Staff Welfare', '3206', 0, '2019-11-20 21:27:57', '2019-11-20 21:27:57'),
(41, 23, 'Basmati Rice', '235', 0, '2020-01-18 01:13:08', '2020-01-18 01:13:08');

-- --------------------------------------------------------

--
-- Table structure for table `account_head_child_iii`
--

CREATE TABLE `account_head_child_iii` (
  `id` int(10) UNSIGNED NOT NULL,
  `ac_head_child_ii_id` int(10) UNSIGNED NOT NULL,
  `name` varchar(191) COLLATE utf8mb4_unicode_ci NOT NULL,
  `code` varchar(191) COLLATE utf8mb4_unicode_ci NOT NULL,
  `amount` bigint(20) NOT NULL DEFAULT 0,
  `created_at` timestamp NULL DEFAULT NULL,
  `updated_at` timestamp NULL DEFAULT NULL
) ENGINE=InnoDB DEFAULT CHARSET=utf8mb4 COLLATE=utf8mb4_unicode_ci;

--
-- Dumping data for table `account_head_child_iii`
--

INSERT INTO `account_head_child_iii` (`id`, `ac_head_child_ii_id`, `name`, `code`, `amount`, `created_at`, `updated_at`) VALUES
(1, 25, 'Cash in hand', '1750', 0, '2019-11-20 21:29:08', '2019-11-20 21:29:08'),
(2, 25, 'Cash at Bank', '1800', 0, '2019-11-20 21:29:08', '2019-11-20 21:29:08'),
(3, 17, 'JAGARON', '3120.1', 0, '2019-11-20 21:29:08', '2019-11-20 21:29:08'),
(4, 17, 'AGRASHOR', '3120.2', 0, '2019-11-20 21:29:08', '2019-11-20 21:29:08'),
(5, 17, 'BUNIAD', '3120.3', 0, '2019-11-20 21:29:08', '2019-11-20 21:29:08'),
(6, 17, 'MFMSF', '3120.4', 0, '2019-11-20 21:29:08', '2019-11-20 21:29:08'),
(7, 17, 'SUFALON', '3120.5', 0, '2019-11-20 21:29:08', '2019-11-20 21:29:08'),
(8, 17, 'EFRRAP', '3120.6', 0, '2019-11-20 21:29:08', '2019-11-20 21:29:08'),
(9, 17, 'FSP', '3120.7', 0, '2019-11-20 21:29:08', '2019-11-20 21:29:08'),
(10, 17, 'Enrich IGA', '3120.8', 0, '2019-11-20 21:29:08', '2019-11-20 21:29:08'),
(11, 17, 'Enrich LIL', '3120.9', 0, '2019-11-20 21:29:08', '2019-11-20 21:29:08'),
(12, 17, 'Enrich ACL', '3120.10', 0, '2019-11-20 21:29:08', '2019-11-20 21:29:08'),
(13, 17, 'EDUCATION', '3120.11', 0, '2019-11-20 21:29:08', '2019-11-20 21:29:08');

-- --------------------------------------------------------

--
-- Table structure for table `account_head_child_iv`
--

CREATE TABLE `account_head_child_iv` (
  `id` int(10) UNSIGNED NOT NULL,
  `ac_head_child_iii_id` int(10) UNSIGNED NOT NULL,
  `name` varchar(191) COLLATE utf8mb4_unicode_ci NOT NULL,
  `code` varchar(191) COLLATE utf8mb4_unicode_ci NOT NULL,
  `amount` bigint(20) NOT NULL DEFAULT 0,
  `created_at` timestamp NULL DEFAULT NULL,
  `updated_at` timestamp NULL DEFAULT NULL
) ENGINE=InnoDB DEFAULT CHARSET=utf8mb4 COLLATE=utf8mb4_unicode_ci;

-- --------------------------------------------------------

--
-- Table structure for table `billings`
--

CREATE TABLE `billings` (
  `id` int(10) UNSIGNED NOT NULL,
  `guest_id` int(10) UNSIGNED NOT NULL,
  `date_id` int(10) UNSIGNED NOT NULL,
  `mis_voucher_id` int(10) UNSIGNED DEFAULT NULL,
  `checkout_status` tinyint(1) NOT NULL DEFAULT 0,
  `reserved` tinyint(1) NOT NULL DEFAULT 0,
  `total_bill` double(14,2) NOT NULL DEFAULT 0.00,
  `advance_paid` double(14,2) NOT NULL DEFAULT 0.00,
  `total_paid` double(14,2) NOT NULL DEFAULT 0.00,
  `discount` double(14,2) UNSIGNED NOT NULL DEFAULT 0.00,
  `note` text COLLATE utf8mb4_unicode_ci DEFAULT NULL,
  `code` text COLLATE utf8mb4_unicode_ci DEFAULT NULL,
  `deleted_at` timestamp NULL DEFAULT NULL,
  `created_at` timestamp NULL DEFAULT NULL,
  `updated_at` timestamp NULL DEFAULT NULL
) ENGINE=InnoDB DEFAULT CHARSET=utf8mb4 COLLATE=utf8mb4_unicode_ci;

-- --------------------------------------------------------

--
-- Table structure for table `bookings`
--

CREATE TABLE `bookings` (
  `id` int(10) UNSIGNED NOT NULL,
  `guest_id` int(10) UNSIGNED NOT NULL,
  `billing_id` int(10) UNSIGNED NOT NULL,
  `room_id` int(10) UNSIGNED NOT NULL,
  `booking_status` tinyint(3) UNSIGNED NOT NULL DEFAULT 2,
  `no_of_visitors` tinyint(3) UNSIGNED NOT NULL DEFAULT 0,
  `bill` double(14,2) NOT NULL DEFAULT 0.00,
  `vat` tinyint(3) UNSIGNED NOT NULL DEFAULT 0,
  `service_charge` tinyint(3) UNSIGNED NOT NULL DEFAULT 0,
  `start_date` date NOT NULL,
  `end_date` date NOT NULL,
  `discount` double(12,2) UNSIGNED NOT NULL DEFAULT 0.00,
  `deleted_at` timestamp NULL DEFAULT NULL,
  `created_at` timestamp NULL DEFAULT NULL,
  `updated_at` timestamp NULL DEFAULT NULL
) ENGINE=InnoDB DEFAULT CHARSET=utf8mb4 COLLATE=utf8mb4_unicode_ci;

-- --------------------------------------------------------

--
-- Table structure for table `configurations`
--

CREATE TABLE `configurations` (
  `id` int(10) UNSIGNED NOT NULL,
  `name` varchar(191) COLLATE utf8mb4_unicode_ci NOT NULL,
  `text` varchar(191) COLLATE utf8mb4_unicode_ci DEFAULT NULL,
  `value` double(14,2) NOT NULL DEFAULT 0.00,
  `date` date DEFAULT NULL,
  `software_start_date` date DEFAULT NULL,
  `created_at` timestamp NULL DEFAULT NULL,
  `updated_at` timestamp NULL DEFAULT NULL
) ENGINE=InnoDB DEFAULT CHARSET=utf8mb4 COLLATE=utf8mb4_unicode_ci;

--
-- Dumping data for table `configurations`
--

INSERT INTO `configurations` (`id`, `name`, `text`, `value`, `date`, `software_start_date`, `created_at`, `updated_at`) VALUES
(1, 'software_date', NULL, 0.00, '2021-01-01', '2021-01-01', NULL, '2021-05-04 01:14:13'),
(2, 'vat_food', NULL, 15.00, NULL, NULL, NULL, '2021-04-20 10:07:44'),
(3, 'vat_service', NULL, 10.00, NULL, NULL, NULL, '2021-04-20 10:07:44'),
(4, 'vat_others', NULL, 5.00, NULL, NULL, NULL, '2021-04-20 10:07:44');

-- --------------------------------------------------------

--
-- Table structure for table `current_balance`
--

CREATE TABLE `current_balance` (
  `id` int(10) UNSIGNED NOT NULL,
  `thead_id` int(10) UNSIGNED NOT NULL,
  `date_id` int(10) UNSIGNED NOT NULL,
  `debit` double(14,2) NOT NULL DEFAULT 0.00,
  `credit` double(14,2) NOT NULL DEFAULT 0.00,
  `amount` double(14,2) NOT NULL DEFAULT 0.00,
  `created_at` timestamp NULL DEFAULT NULL,
  `updated_at` timestamp NULL DEFAULT NULL
) ENGINE=InnoDB DEFAULT CHARSET=utf8mb4 COLLATE=utf8mb4_unicode_ci;

--
-- Dumping data for table `current_balance`
--

INSERT INTO `current_balance` (`id`, `thead_id`, `date_id`, `debit`, `credit`, `amount`, `created_at`, `updated_at`) VALUES
(1, 261, 1, 0.00, 0.00, 0.00, '2021-05-04 01:16:42', '2021-05-04 01:16:42'),
(2, 263, 1, 0.00, 0.00, 0.00, '2021-05-04 01:16:42', '2021-05-04 01:16:42'),
(3, 265, 1, 0.00, 0.00, 0.00, '2021-05-04 01:16:42', '2021-05-04 01:16:42'),
(4, 266, 1, 0.00, 0.00, 0.00, '2021-05-04 01:16:42', '2021-05-04 01:16:42'),
(5, 267, 1, 0.00, 0.00, 0.00, '2021-05-04 01:16:42', '2021-05-04 01:16:42'),
(6, 273, 1, 0.00, 0.00, 0.00, '2021-05-04 01:16:42', '2021-05-04 01:16:42'),
(7, 26, 1, 0.00, 0.00, 0.00, '2021-05-04 01:16:42', '2021-05-04 01:16:42'),
(8, 28, 1, 0.00, 0.00, 0.00, '2021-05-04 01:16:42', '2021-05-04 02:06:41'),
(9, 29, 1, 0.00, 0.00, 0.00, '2021-05-04 01:16:42', '2021-05-04 01:16:42'),
(10, 30, 1, 0.00, 0.00, 0.00, '2021-05-04 01:16:42', '2021-05-04 01:16:42'),
(11, 31, 1, 0.00, 0.00, 0.00, '2021-05-04 01:16:42', '2021-05-04 01:16:42'),
(12, 32, 1, 0.00, 0.00, 0.00, '2021-05-04 01:16:42', '2021-05-04 01:16:42'),
(13, 33, 1, 0.00, 0.00, 0.00, '2021-05-04 01:16:42', '2021-05-04 01:16:42'),
(14, 34, 1, 0.00, 0.00, 0.00, '2021-05-04 01:16:42', '2021-05-04 01:16:42'),
(15, 35, 1, 0.00, 0.00, 0.00, '2021-05-04 01:16:42', '2021-05-04 01:16:42'),
(16, 36, 1, 0.00, 0.00, 0.00, '2021-05-04 01:16:42', '2021-05-04 01:16:42'),
(17, 37, 1, 0.00, 0.00, 0.00, '2021-05-04 01:16:42', '2021-05-04 01:16:42'),
(18, 38, 1, 0.00, 0.00, 0.00, '2021-05-04 01:16:42', '2021-05-04 01:16:42'),
(19, 39, 1, 0.00, 0.00, 0.00, '2021-05-04 01:16:42', '2021-05-04 01:16:42'),
(20, 40, 1, 0.00, 0.00, 0.00, '2021-05-04 01:16:42', '2021-05-04 01:16:42'),
(21, 41, 1, 0.00, 0.00, 0.00, '2021-05-04 01:16:42', '2021-05-04 01:16:42'),
(22, 42, 1, 0.00, 0.00, 0.00, '2021-05-04 01:16:42', '2021-05-04 01:16:42'),
(23, 43, 1, 0.00, 0.00, 0.00, '2021-05-04 01:16:42', '2021-05-04 01:16:42'),
(24, 44, 1, 0.00, 0.00, 0.00, '2021-05-04 01:16:42', '2021-05-04 01:16:42'),
(25, 45, 1, 0.00, 0.00, 0.00, '2021-05-04 01:16:42', '2021-05-04 01:16:42'),
(26, 46, 1, 0.00, 0.00, 0.00, '2021-05-04 01:16:43', '2021-05-04 01:16:43'),
(27, 47, 1, 0.00, 0.00, 0.00, '2021-05-04 01:16:43', '2021-05-04 01:16:43'),
(28, 48, 1, 0.00, 0.00, 0.00, '2021-05-04 01:16:43', '2021-05-04 01:16:43'),
(29, 304, 1, 0.00, 0.00, 0.00, '2021-05-04 01:16:43', '2021-05-04 01:16:43'),
(30, 49, 1, 0.00, 0.00, 0.00, '2021-05-04 01:16:43', '2021-05-04 01:16:43'),
(31, 305, 1, 0.00, 0.00, 0.00, '2021-05-04 01:16:43', '2021-05-04 01:16:43'),
(32, 50, 1, 0.00, 0.00, 0.00, '2021-05-04 01:16:43', '2021-05-04 01:16:43'),
(33, 51, 1, 0.00, 0.00, 0.00, '2021-05-04 01:16:43', '2021-05-04 01:16:43'),
(34, 310, 1, 0.00, 0.00, 0.00, '2021-05-04 01:16:43', '2021-05-04 01:16:43'),
(35, 317, 1, 0.00, 0.00, 0.00, '2021-05-04 01:16:43', '2021-05-04 01:16:43'),
(36, 318, 1, 0.00, 0.00, 0.00, '2021-05-04 01:16:43', '2021-05-04 01:16:43'),
(37, 321, 1, 0.00, 0.00, 0.00, '2021-05-04 01:16:43', '2021-05-04 01:16:43'),
(38, 322, 1, 0.00, 0.00, 0.00, '2021-05-04 01:16:43', '2021-05-04 01:16:43'),
(39, 326, 1, 0.00, 0.00, 0.00, '2021-05-04 01:16:43', '2021-05-04 01:16:43'),
(40, 331, 1, 0.00, 0.00, 0.00, '2021-05-04 01:16:43', '2021-05-04 01:16:43'),
(41, 337, 1, 0.00, 0.00, 0.00, '2021-05-04 01:16:43', '2021-05-04 01:16:43'),
(42, 339, 1, 0.00, 0.00, 0.00, '2021-05-04 01:16:43', '2021-05-04 01:16:43'),
(43, 340, 1, 0.00, 0.00, 0.00, '2021-05-04 01:16:43', '2021-05-04 01:16:43'),
(44, 343, 1, 0.00, 0.00, 0.00, '2021-05-04 01:16:43', '2021-05-04 01:16:43'),
(45, 353, 1, 0.00, 0.00, 0.00, '2021-05-04 01:16:43', '2021-05-04 02:06:42'),
(46, 131, 1, 0.00, 0.00, 0.00, '2021-05-04 01:16:43', '2021-05-04 01:16:43'),
(47, 132, 1, 0.00, 0.00, 0.00, '2021-05-04 01:16:43', '2021-05-04 01:16:43'),
(48, 133, 1, 0.00, 0.00, 0.00, '2021-05-04 01:16:43', '2021-05-04 01:16:43'),
(49, 134, 1, 0.00, 0.00, 0.00, '2021-05-04 01:16:43', '2021-05-04 01:16:43'),
(50, 135, 1, 0.00, 0.00, 0.00, '2021-05-04 01:16:43', '2021-05-04 01:16:43'),
(51, 136, 1, 0.00, 0.00, 0.00, '2021-05-04 01:16:43', '2021-05-04 01:16:43'),
(52, 137, 1, 0.00, 0.00, 0.00, '2021-05-04 01:16:43', '2021-05-04 01:16:43'),
(53, 138, 1, 0.00, 0.00, 0.00, '2021-05-04 01:16:43', '2021-05-04 01:16:43'),
(54, 139, 1, 0.00, 0.00, 0.00, '2021-05-04 01:16:43', '2021-05-04 01:16:43'),
(55, 140, 1, 0.00, 0.00, 0.00, '2021-05-04 01:16:43', '2021-05-04 01:16:43'),
(56, 141, 1, 0.00, 0.00, 0.00, '2021-05-04 01:16:43', '2021-05-04 01:16:43'),
(57, 142, 1, 0.00, 0.00, 0.00, '2021-05-04 01:16:43', '2021-05-04 01:16:43'),
(58, 431, 1, 0.00, 0.00, 0.00, '2021-05-04 01:16:43', '2021-05-04 01:16:43'),
(59, 432, 1, 0.00, 0.00, 0.00, '2021-05-04 01:16:43', '2021-05-04 01:16:43'),
(60, 177, 1, 0.00, 0.00, 0.00, '2021-05-04 01:16:43', '2021-05-04 01:16:43'),
(61, 178, 1, 0.00, 0.00, 0.00, '2021-05-04 01:16:43', '2021-05-04 02:06:42'),
(62, 179, 1, 0.00, 0.00, 0.00, '2021-05-04 01:16:43', '2021-05-04 01:16:43'),
(63, 180, 1, 0.00, 0.00, 0.00, '2021-05-04 01:16:43', '2021-05-04 01:16:43'),
(64, 181, 1, 0.00, 0.00, 0.00, '2021-05-04 01:16:43', '2021-05-04 01:16:43'),
(65, 455, 1, 0.00, 0.00, 0.00, '2021-05-04 01:16:43', '2021-05-04 01:16:43'),
(66, 456, 1, 0.00, 0.00, 0.00, '2021-05-04 01:16:43', '2021-05-04 01:16:43'),
(67, 201, 1, 0.00, 0.00, 0.00, '2021-05-04 01:16:43', '2021-05-04 01:16:43'),
(68, 202, 1, 0.00, 0.00, 0.00, '2021-05-04 01:16:43', '2021-05-04 01:16:43'),
(69, 460, 1, 0.00, 0.00, 0.00, '2021-05-04 01:16:43', '2021-05-04 01:16:43'),
(70, 210, 1, 0.00, 0.00, 0.00, '2021-05-04 01:16:43', '2021-05-04 01:16:43'),
(71, 218, 1, 0.00, 0.00, 0.00, '2021-05-04 01:16:43', '2021-05-04 01:16:43'),
(72, 219, 1, 0.00, 0.00, 0.00, '2021-05-04 01:16:43', '2021-05-04 01:16:43'),
(73, 220, 1, 0.00, 0.00, 0.00, '2021-05-04 01:16:43', '2021-05-04 01:16:43'),
(74, 221, 1, 0.00, 0.00, 0.00, '2021-05-04 01:16:43', '2021-05-04 01:16:43'),
(75, 222, 1, 0.00, 0.00, 0.00, '2021-05-04 01:16:43', '2021-05-04 01:16:43'),
(76, 223, 1, 0.00, 0.00, 0.00, '2021-05-04 01:16:43', '2021-05-04 01:16:43'),
(77, 224, 1, 0.00, 0.00, 0.00, '2021-05-04 01:16:43', '2021-05-04 01:16:43'),
(78, 225, 1, 0.00, 0.00, 0.00, '2021-05-04 01:16:43', '2021-05-04 01:16:43'),
(79, 226, 1, 0.00, 0.00, 0.00, '2021-05-04 01:16:43', '2021-05-04 01:16:43'),
(80, 227, 1, 0.00, 0.00, 0.00, '2021-05-04 01:16:43', '2021-05-04 01:16:43'),
(81, 228, 1, 0.00, 0.00, 0.00, '2021-05-04 01:16:43', '2021-05-04 01:16:43'),
(82, 230, 1, 0.00, 0.00, 0.00, '2021-05-04 01:16:43', '2021-05-04 01:16:43'),
(83, 231, 1, 0.00, 0.00, 0.00, '2021-05-04 01:16:43', '2021-05-04 01:16:43'),
(84, 232, 1, 0.00, 0.00, 0.00, '2021-05-04 01:16:43', '2021-05-04 01:16:43'),
(85, 233, 1, 0.00, 0.00, 0.00, '2021-05-04 01:16:43', '2021-05-04 01:16:43'),
(86, 234, 1, 0.00, 0.00, 0.00, '2021-05-04 01:16:43', '2021-05-04 01:16:43'),
(87, 235, 1, 0.00, 0.00, 0.00, '2021-05-04 01:16:43', '2021-05-04 01:16:43'),
(88, 243, 1, 0.00, 0.00, 0.00, '2021-05-04 01:16:43', '2021-05-04 01:16:43'),
(89, 244, 1, 0.00, 0.00, 0.00, '2021-05-04 01:16:43', '2021-05-04 01:16:43'),
(90, 252, 1, 0.00, 0.00, 0.00, '2021-05-04 01:16:43', '2021-05-04 01:16:43'),
(91, 256, 1, 0.00, 0.00, 0.00, '2021-05-04 01:16:43', '2021-05-04 01:16:43'),
(92, 257, 1, 0.00, 0.00, 0.00, '2021-05-04 01:16:43', '2021-05-04 01:16:43'),
(93, 258, 1, 0.00, 0.00, 0.00, '2021-05-04 01:16:43', '2021-05-04 01:16:43'),
(94, 264, 1, 0.00, 0.00, 0.00, '2021-05-04 01:16:43', '2021-05-04 01:16:43'),
(95, 271, 1, 0.00, 0.00, 0.00, '2021-05-04 01:16:43', '2021-05-04 01:16:43'),
(96, 275, 1, 0.00, 0.00, 0.00, '2021-05-04 01:16:43', '2021-05-04 01:16:43'),
(97, 276, 1, 0.00, 0.00, 0.00, '2021-05-04 01:16:43', '2021-05-04 01:16:43'),
(98, 277, 1, 0.00, 0.00, 0.00, '2021-05-04 01:16:43', '2021-05-04 01:16:43'),
(99, 286, 1, 0.00, 0.00, 0.00, '2021-05-04 01:16:43', '2021-05-04 01:16:43'),
(100, 287, 1, 0.00, 0.00, 0.00, '2021-05-04 01:16:43', '2021-05-04 01:16:43'),
(101, 288, 1, 0.00, 0.00, 0.00, '2021-05-04 01:16:43', '2021-05-04 01:16:43'),
(102, 289, 1, 0.00, 0.00, 0.00, '2021-05-04 01:16:43', '2021-05-04 01:16:43'),
(103, 290, 1, 0.00, 0.00, 0.00, '2021-05-04 01:16:44', '2021-05-04 01:16:44'),
(104, 291, 1, 0.00, 0.00, 0.00, '2021-05-04 01:16:44', '2021-05-04 01:16:44'),
(105, 292, 1, 0.00, 0.00, 0.00, '2021-05-04 01:16:44', '2021-05-04 01:16:44'),
(106, 293, 1, 0.00, 0.00, 0.00, '2021-05-04 01:16:44', '2021-05-04 01:16:44'),
(107, 294, 1, 0.00, 0.00, 0.00, '2021-05-04 01:16:44', '2021-05-04 01:16:44'),
(108, 302, 1, 0.00, 0.00, 0.00, '2021-05-04 01:16:44', '2021-05-04 02:06:42'),
(109, 52, 1, 0.00, 0.00, 0.00, '2021-05-04 01:16:44', '2021-05-04 01:16:44'),
(110, 53, 1, 0.00, 0.00, 0.00, '2021-05-04 01:16:44', '2021-05-04 01:16:44'),
(111, 54, 1, 0.00, 0.00, 0.00, '2021-05-04 01:16:44', '2021-05-04 01:16:44'),
(112, 55, 1, 0.00, 0.00, 0.00, '2021-05-04 01:16:44', '2021-05-04 01:16:44'),
(113, 311, 1, 0.00, 0.00, 0.00, '2021-05-04 01:16:44', '2021-05-04 01:16:44'),
(114, 56, 1, 0.00, 0.00, 0.00, '2021-05-04 01:16:44', '2021-05-04 01:16:44'),
(115, 312, 1, 0.00, 0.00, 0.00, '2021-05-04 01:16:44', '2021-05-04 01:16:44'),
(116, 57, 1, 0.00, 0.00, 0.00, '2021-05-04 01:16:44', '2021-05-04 01:16:44'),
(117, 58, 1, 0.00, 0.00, 0.00, '2021-05-04 01:16:44', '2021-05-04 01:16:44'),
(118, 59, 1, 0.00, 0.00, 0.00, '2021-05-04 01:16:44', '2021-05-04 01:16:44'),
(119, 324, 1, 0.00, 0.00, 0.00, '2021-05-04 01:16:44', '2021-05-04 01:16:44'),
(120, 325, 1, 0.00, 0.00, 0.00, '2021-05-04 01:16:44', '2021-05-04 01:16:44'),
(121, 329, 1, 0.00, 0.00, 0.00, '2021-05-04 01:16:44', '2021-05-04 01:16:44'),
(122, 332, 1, 0.00, 0.00, 0.00, '2021-05-04 01:16:44', '2021-05-04 01:16:44'),
(123, 333, 1, 0.00, 0.00, 0.00, '2021-05-04 01:16:44', '2021-05-04 01:16:44'),
(124, 342, 1, 0.00, 0.00, 0.00, '2021-05-04 01:16:44', '2021-05-04 01:16:44'),
(125, 344, 1, 0.00, 0.00, 0.00, '2021-05-04 01:16:44', '2021-05-04 01:16:44'),
(126, 348, 1, 0.00, 0.00, 0.00, '2021-05-04 01:16:44', '2021-05-04 01:16:44'),
(127, 349, 1, 0.00, 0.00, 0.00, '2021-05-04 01:16:44', '2021-05-04 01:16:44'),
(128, 350, 1, 0.00, 0.00, 0.00, '2021-05-04 01:16:44', '2021-05-04 01:16:44'),
(129, 351, 1, 0.00, 0.00, 0.00, '2021-05-04 01:16:44', '2021-05-04 01:16:44'),
(130, 352, 1, 0.00, 0.00, 0.00, '2021-05-04 01:16:44', '2021-05-04 01:16:44'),
(131, 107, 1, 0.00, 0.00, 0.00, '2021-05-04 01:16:44', '2021-05-04 01:16:44'),
(132, 117, 1, 0.00, 0.00, 0.00, '2021-05-04 01:16:44', '2021-05-04 01:16:44'),
(133, 373, 1, 0.00, 0.00, 0.00, '2021-05-04 01:16:44', '2021-05-04 01:16:44'),
(134, 118, 1, 0.00, 0.00, 0.00, '2021-05-04 01:16:44', '2021-05-04 01:16:44'),
(135, 119, 1, 0.00, 0.00, 0.00, '2021-05-04 01:16:44', '2021-05-04 01:16:44'),
(136, 120, 1, 0.00, 0.00, 0.00, '2021-05-04 01:16:44', '2021-05-04 01:16:44'),
(137, 376, 1, 0.00, 0.00, 0.00, '2021-05-04 01:16:44', '2021-05-04 01:16:44'),
(138, 121, 1, 0.00, 0.00, 0.00, '2021-05-04 01:16:44', '2021-05-04 01:16:44'),
(139, 122, 1, 0.00, 0.00, 0.00, '2021-05-04 01:16:44', '2021-05-04 01:16:44'),
(140, 123, 1, 0.00, 0.00, 0.00, '2021-05-04 01:16:44', '2021-05-04 01:16:44'),
(141, 124, 1, 0.00, 0.00, 0.00, '2021-05-04 01:16:44', '2021-05-04 01:16:44'),
(142, 125, 1, 0.00, 0.00, 0.00, '2021-05-04 01:16:44', '2021-05-04 01:16:44'),
(143, 126, 1, 0.00, 0.00, 0.00, '2021-05-04 01:16:44', '2021-05-04 01:16:44'),
(144, 127, 1, 0.00, 0.00, 0.00, '2021-05-04 01:16:44', '2021-05-04 01:16:44'),
(145, 128, 1, 0.00, 0.00, 0.00, '2021-05-04 01:16:44', '2021-05-04 01:16:44'),
(146, 129, 1, 0.00, 0.00, 0.00, '2021-05-04 01:16:44', '2021-05-04 01:16:44'),
(147, 130, 1, 0.00, 0.00, 0.00, '2021-05-04 01:16:44', '2021-05-04 01:16:44'),
(148, 143, 1, 0.00, 0.00, 0.00, '2021-05-04 01:16:44', '2021-05-04 01:16:44'),
(149, 144, 1, 0.00, 0.00, 0.00, '2021-05-04 01:16:44', '2021-05-04 01:16:44'),
(150, 145, 1, 0.00, 0.00, 0.00, '2021-05-04 01:16:44', '2021-05-04 01:16:44'),
(151, 146, 1, 0.00, 0.00, 0.00, '2021-05-04 01:16:44', '2021-05-04 01:16:44'),
(152, 147, 1, 0.00, 0.00, 0.00, '2021-05-04 01:16:44', '2021-05-04 01:16:44'),
(153, 148, 1, 0.00, 0.00, 0.00, '2021-05-04 01:16:44', '2021-05-04 01:16:44'),
(154, 149, 1, 0.00, 0.00, 0.00, '2021-05-04 01:16:44', '2021-05-04 01:16:44'),
(155, 150, 1, 0.00, 0.00, 0.00, '2021-05-04 01:16:44', '2021-05-04 01:16:44'),
(156, 151, 1, 0.00, 0.00, 0.00, '2021-05-04 01:16:44', '2021-05-04 01:16:44'),
(157, 152, 1, 0.00, 0.00, 0.00, '2021-05-04 01:16:44', '2021-05-04 01:16:44'),
(158, 419, 1, 0.00, 0.00, 0.00, '2021-05-04 01:16:44', '2021-05-04 01:16:44'),
(159, 420, 1, 0.00, 0.00, 0.00, '2021-05-04 01:16:44', '2021-05-04 01:16:44'),
(160, 421, 1, 0.00, 0.00, 0.00, '2021-05-04 01:16:44', '2021-05-04 01:16:44'),
(161, 182, 1, 0.00, 0.00, 0.00, '2021-05-04 01:16:44', '2021-05-04 01:16:44'),
(162, 183, 1, 0.00, 0.00, 0.00, '2021-05-04 01:16:44', '2021-05-04 01:16:44'),
(163, 184, 1, 0.00, 0.00, 0.00, '2021-05-04 01:16:44', '2021-05-04 01:16:44'),
(164, 440, 1, 0.00, 0.00, 0.00, '2021-05-04 01:16:44', '2021-05-04 01:16:44'),
(165, 185, 1, 0.00, 0.00, 0.00, '2021-05-04 01:16:44', '2021-05-04 01:16:44'),
(166, 441, 1, 0.00, 0.00, 0.00, '2021-05-04 01:16:44', '2021-05-04 01:16:44'),
(167, 186, 1, 0.00, 0.00, 0.00, '2021-05-04 01:16:44', '2021-05-04 01:16:44'),
(168, 442, 1, 0.00, 0.00, 0.00, '2021-05-04 01:16:44', '2021-05-04 01:16:44'),
(169, 187, 1, 0.00, 0.00, 0.00, '2021-05-04 01:16:44', '2021-05-04 01:16:44'),
(170, 188, 1, 0.00, 0.00, 0.00, '2021-05-04 01:16:44', '2021-05-04 01:16:44'),
(171, 189, 1, 0.00, 0.00, 0.00, '2021-05-04 01:16:44', '2021-05-04 01:16:44'),
(172, 190, 1, 0.00, 0.00, 0.00, '2021-05-04 01:16:44', '2021-05-04 01:16:44'),
(173, 191, 1, 0.00, 0.00, 0.00, '2021-05-04 01:16:44', '2021-05-04 01:16:44'),
(174, 192, 1, 0.00, 0.00, 0.00, '2021-05-04 01:16:44', '2021-05-04 01:16:44'),
(175, 448, 1, 0.00, 0.00, 0.00, '2021-05-04 01:16:44', '2021-05-04 01:16:44'),
(176, 193, 1, 0.00, 0.00, 0.00, '2021-05-04 01:16:44', '2021-05-04 01:16:44'),
(177, 449, 1, 0.00, 0.00, 0.00, '2021-05-04 01:16:44', '2021-05-04 01:16:44'),
(178, 194, 1, 0.00, 0.00, 0.00, '2021-05-04 01:16:44', '2021-05-04 01:16:44'),
(179, 450, 1, 0.00, 0.00, 0.00, '2021-05-04 01:16:44', '2021-05-04 01:16:44'),
(180, 195, 1, 0.00, 0.00, 0.00, '2021-05-04 01:16:44', '2021-05-04 01:16:44'),
(181, 196, 1, 0.00, 0.00, 0.00, '2021-05-04 01:16:44', '2021-05-04 01:16:44'),
(182, 197, 1, 0.00, 0.00, 0.00, '2021-05-04 01:16:44', '2021-05-04 01:16:44'),
(183, 453, 1, 0.00, 0.00, 0.00, '2021-05-04 01:16:45', '2021-05-04 01:16:45'),
(184, 203, 1, 0.00, 0.00, 0.00, '2021-05-04 01:16:45', '2021-05-04 01:16:45'),
(185, 204, 1, 0.00, 0.00, 0.00, '2021-05-04 01:16:45', '2021-05-04 01:16:45'),
(186, 205, 1, 0.00, 0.00, 0.00, '2021-05-04 01:16:45', '2021-05-04 01:16:45'),
(187, 212, 1, 0.00, 0.00, 0.00, '2021-05-04 01:16:45', '2021-05-04 01:16:45'),
(188, 215, 1, 0.00, 0.00, 0.00, '2021-05-04 01:16:45', '2021-05-04 01:16:45'),
(189, 216, 1, 0.00, 0.00, 0.00, '2021-05-04 01:16:45', '2021-05-04 01:16:45'),
(190, 217, 1, 0.00, 0.00, 0.00, '2021-05-04 01:16:45', '2021-05-04 01:16:45'),
(191, 236, 1, 0.00, 0.00, 0.00, '2021-05-04 01:16:45', '2021-05-04 01:16:45'),
(192, 237, 1, 0.00, 0.00, 0.00, '2021-05-04 01:16:45', '2021-05-04 01:16:45'),
(193, 240, 1, 0.00, 0.00, 0.00, '2021-05-04 01:16:45', '2021-05-04 01:16:45'),
(194, 241, 1, 0.00, 0.00, 0.00, '2021-05-04 01:16:45', '2021-05-04 01:16:45'),
(195, 242, 1, 0.00, 0.00, 0.00, '2021-05-04 01:16:45', '2021-05-04 02:25:09'),
(196, 253, 1, 0.00, 0.00, 0.00, '2021-05-04 01:16:45', '2021-05-04 02:06:43'),
(197, 255, 1, 0.00, 0.00, 0.00, '2021-05-04 01:16:45', '2021-05-04 02:06:43'),
(198, 1, 1, 0.00, 0.00, 0.00, '2021-05-04 01:16:45', '2021-05-04 02:06:43'),
(199, 2, 1, 0.00, 0.00, 0.00, '2021-05-04 01:16:45', '2021-05-04 02:25:09'),
(200, 3, 1, 0.00, 0.00, 0.00, '2021-05-04 01:16:45', '2021-05-04 01:16:45'),
(201, 4, 1, 0.00, 0.00, 0.00, '2021-05-04 01:16:45', '2021-05-04 01:16:45'),
(202, 260, 1, 0.00, 0.00, 0.00, '2021-05-04 01:16:45', '2021-05-04 01:16:45'),
(203, 5, 1, 0.00, 0.00, 0.00, '2021-05-04 01:16:45', '2021-05-04 01:16:45'),
(204, 6, 1, 0.00, 0.00, 0.00, '2021-05-04 01:16:45', '2021-05-04 01:16:45'),
(205, 7, 1, 0.00, 0.00, 0.00, '2021-05-04 01:16:45', '2021-05-04 01:16:45'),
(206, 8, 1, 0.00, 0.00, 0.00, '2021-05-04 01:16:45', '2021-05-04 01:16:45'),
(207, 9, 1, 0.00, 0.00, 0.00, '2021-05-04 01:16:45', '2021-05-04 01:16:45'),
(208, 10, 1, 0.00, 0.00, 0.00, '2021-05-04 01:16:45', '2021-05-04 01:16:45'),
(209, 11, 1, 0.00, 0.00, 0.00, '2021-05-04 01:16:45', '2021-05-04 01:16:45'),
(210, 12, 1, 0.00, 0.00, 0.00, '2021-05-04 01:16:45', '2021-05-04 01:16:45'),
(211, 268, 1, 0.00, 0.00, 0.00, '2021-05-04 01:16:45', '2021-05-04 01:16:45'),
(212, 13, 1, 0.00, 0.00, 0.00, '2021-05-04 01:16:45', '2021-05-04 01:16:45'),
(213, 269, 1, 0.00, 0.00, 0.00, '2021-05-04 01:16:45', '2021-05-04 01:16:45'),
(214, 14, 1, 0.00, 0.00, 0.00, '2021-05-04 01:16:45', '2021-05-04 01:16:45'),
(215, 270, 1, 0.00, 0.00, 0.00, '2021-05-04 01:16:45', '2021-05-04 01:16:45'),
(216, 15, 1, 0.00, 0.00, 0.00, '2021-05-04 01:16:45', '2021-05-04 01:16:45'),
(217, 272, 1, 0.00, 0.00, 0.00, '2021-05-04 01:16:45', '2021-05-04 01:16:45'),
(218, 23, 1, 0.00, 0.00, 0.00, '2021-05-04 01:16:45', '2021-05-04 01:16:45'),
(219, 281, 1, 0.00, 0.00, 0.00, '2021-05-04 01:16:45', '2021-05-04 01:16:45'),
(220, 282, 1, 0.00, 0.00, 0.00, '2021-05-04 01:16:45', '2021-05-04 01:16:45'),
(221, 283, 1, 0.00, 0.00, 0.00, '2021-05-04 01:16:45', '2021-05-04 01:16:45'),
(222, 303, 1, 0.00, 0.00, 0.00, '2021-05-04 01:16:45', '2021-05-04 01:16:45'),
(223, 309, 1, 0.00, 0.00, 0.00, '2021-05-04 01:16:45', '2021-05-04 01:16:45'),
(224, 313, 1, 0.00, 0.00, 0.00, '2021-05-04 01:16:45', '2021-05-04 01:16:45'),
(225, 314, 1, 0.00, 0.00, 0.00, '2021-05-04 01:16:45', '2021-05-04 01:16:45'),
(226, 60, 1, 0.00, 0.00, 0.00, '2021-05-04 01:16:45', '2021-05-04 01:16:45'),
(227, 61, 1, 0.00, 0.00, 0.00, '2021-05-04 01:16:45', '2021-05-04 01:16:45'),
(228, 62, 1, 0.00, 0.00, 0.00, '2021-05-04 01:16:45', '2021-05-04 01:16:45'),
(229, 63, 1, 0.00, 0.00, 0.00, '2021-05-04 01:16:45', '2021-05-04 01:16:45'),
(230, 319, 1, 0.00, 0.00, 0.00, '2021-05-04 01:16:45', '2021-05-04 01:16:45'),
(231, 64, 1, 0.00, 0.00, 0.00, '2021-05-04 01:16:45', '2021-05-04 01:16:45'),
(232, 65, 1, 0.00, 0.00, 0.00, '2021-05-04 01:16:45', '2021-05-04 01:16:45'),
(233, 66, 1, 0.00, 0.00, 0.00, '2021-05-04 01:16:45', '2021-05-04 01:16:45'),
(234, 67, 1, 0.00, 0.00, 0.00, '2021-05-04 01:16:45', '2021-05-04 01:16:45'),
(235, 68, 1, 0.00, 0.00, 0.00, '2021-05-04 01:16:45', '2021-05-04 01:16:45'),
(236, 69, 1, 0.00, 0.00, 0.00, '2021-05-04 01:16:45', '2021-05-04 01:16:45'),
(237, 70, 1, 0.00, 0.00, 0.00, '2021-05-04 01:16:45', '2021-05-04 01:16:45'),
(238, 71, 1, 0.00, 0.00, 0.00, '2021-05-04 01:16:45', '2021-05-04 01:16:45'),
(239, 72, 1, 0.00, 0.00, 0.00, '2021-05-04 01:16:45', '2021-05-04 01:16:45'),
(240, 334, 1, 0.00, 0.00, 0.00, '2021-05-04 01:16:45', '2021-05-04 02:06:44'),
(241, 341, 1, 0.00, 0.00, 0.00, '2021-05-04 01:16:45', '2021-05-04 02:06:44'),
(242, 346, 1, 0.00, 0.00, 0.00, '2021-05-04 01:16:45', '2021-05-04 02:06:44'),
(243, 347, 1, 0.00, 0.00, 0.00, '2021-05-04 01:16:45', '2021-05-04 02:06:44'),
(244, 108, 1, 0.00, 0.00, 0.00, '2021-05-04 01:16:45', '2021-05-04 01:16:45'),
(245, 109, 1, 0.00, 0.00, 0.00, '2021-05-04 01:16:45', '2021-05-04 01:16:45'),
(246, 110, 1, 0.00, 0.00, 0.00, '2021-05-04 01:16:45', '2021-05-04 01:16:45'),
(247, 111, 1, 0.00, 0.00, 0.00, '2021-05-04 01:16:45', '2021-05-04 01:16:45'),
(248, 112, 1, 0.00, 0.00, 0.00, '2021-05-04 01:16:45', '2021-05-04 01:16:45'),
(249, 113, 1, 0.00, 0.00, 0.00, '2021-05-04 01:16:45', '2021-05-04 01:16:45'),
(250, 174, 1, 0.00, 0.00, 0.00, '2021-05-04 01:16:45', '2021-05-04 01:16:45'),
(251, 198, 1, 0.00, 0.00, 0.00, '2021-05-04 01:16:45', '2021-05-04 01:16:45'),
(252, 199, 1, 0.00, 0.00, 0.00, '2021-05-04 01:16:45', '2021-05-04 01:16:45'),
(253, 200, 1, 0.00, 0.00, 0.00, '2021-05-04 01:16:45', '2021-05-04 01:16:45'),
(254, 208, 1, 0.00, 0.00, 0.00, '2021-05-04 01:16:45', '2021-05-04 01:16:45'),
(255, 209, 1, 0.00, 0.00, 0.00, '2021-05-04 01:16:45', '2021-05-04 01:16:45'),
(256, 229, 1, 0.00, 0.00, 0.00, '2021-05-04 01:16:45', '2021-05-04 01:16:45'),
(257, 245, 1, 0.00, 0.00, 0.00, '2021-05-04 01:16:45', '2021-05-04 01:16:45'),
(258, 246, 1, 0.00, 0.00, 0.00, '2021-05-04 01:16:45', '2021-05-04 01:16:45'),
(259, 254, 1, 0.00, 0.00, 0.00, '2021-05-04 01:16:45', '2021-05-04 01:16:45'),
(260, 259, 1, 0.00, 0.00, 0.00, '2021-05-04 01:16:45', '2021-05-04 01:16:45'),
(261, 262, 1, 0.00, 0.00, 0.00, '2021-05-04 01:16:45', '2021-05-04 01:16:45'),
(262, 16, 1, 0.00, 0.00, 0.00, '2021-05-04 01:16:46', '2021-05-04 01:16:46'),
(263, 17, 1, 0.00, 0.00, 0.00, '2021-05-04 01:16:46', '2021-05-04 01:16:46'),
(264, 18, 1, 0.00, 0.00, 0.00, '2021-05-04 01:16:46', '2021-05-04 01:16:46'),
(265, 274, 1, 0.00, 0.00, 0.00, '2021-05-04 01:16:46', '2021-05-04 01:16:46'),
(266, 19, 1, 0.00, 0.00, 0.00, '2021-05-04 01:16:46', '2021-05-04 01:16:46'),
(267, 20, 1, 0.00, 0.00, 0.00, '2021-05-04 01:16:46', '2021-05-04 01:16:46'),
(268, 21, 1, 0.00, 0.00, 0.00, '2021-05-04 01:16:46', '2021-05-04 01:16:46'),
(269, 22, 1, 0.00, 0.00, 0.00, '2021-05-04 01:16:46', '2021-05-04 01:16:46'),
(270, 278, 1, 0.00, 0.00, 0.00, '2021-05-04 01:16:46', '2021-05-04 01:16:46'),
(271, 279, 1, 0.00, 0.00, 0.00, '2021-05-04 01:16:46', '2021-05-04 01:16:46'),
(272, 280, 1, 0.00, 0.00, 0.00, '2021-05-04 01:16:46', '2021-05-04 01:16:46'),
(273, 284, 1, 0.00, 0.00, 0.00, '2021-05-04 01:16:46', '2021-05-04 01:16:46'),
(274, 285, 1, 0.00, 0.00, 0.00, '2021-05-04 01:16:46', '2021-05-04 01:16:46'),
(275, 295, 1, 0.00, 0.00, 0.00, '2021-05-04 01:16:46', '2021-05-04 01:16:46'),
(276, 296, 1, 0.00, 0.00, 0.00, '2021-05-04 01:16:46', '2021-05-04 01:16:46'),
(277, 297, 1, 0.00, 0.00, 0.00, '2021-05-04 01:16:46', '2021-05-04 01:16:46'),
(278, 298, 1, 0.00, 0.00, 0.00, '2021-05-04 01:16:46', '2021-05-04 01:16:46'),
(279, 299, 1, 0.00, 0.00, 0.00, '2021-05-04 01:16:46', '2021-05-04 01:16:46'),
(280, 300, 1, 0.00, 0.00, 0.00, '2021-05-04 01:16:46', '2021-05-04 01:16:46'),
(281, 301, 1, 0.00, 0.00, 0.00, '2021-05-04 01:16:46', '2021-05-04 01:16:46'),
(282, 306, 1, 0.00, 0.00, 0.00, '2021-05-04 01:16:46', '2021-05-04 01:16:46'),
(283, 307, 1, 0.00, 0.00, 0.00, '2021-05-04 01:16:46', '2021-05-04 01:16:46'),
(284, 308, 1, 0.00, 0.00, 0.00, '2021-05-04 01:16:46', '2021-05-04 01:16:46'),
(285, 315, 1, 0.00, 0.00, 0.00, '2021-05-04 01:16:46', '2021-05-04 01:16:46'),
(286, 316, 1, 0.00, 0.00, 0.00, '2021-05-04 01:16:46', '2021-05-04 01:16:46'),
(287, 320, 1, 0.00, 0.00, 0.00, '2021-05-04 01:16:46', '2021-05-04 01:16:46'),
(288, 323, 1, 0.00, 0.00, 0.00, '2021-05-04 01:16:46', '2021-05-04 01:16:46'),
(289, 327, 1, 0.00, 0.00, 0.00, '2021-05-04 01:16:46', '2021-05-04 01:16:46'),
(290, 328, 1, 0.00, 0.00, 0.00, '2021-05-04 01:16:46', '2021-05-04 01:16:46'),
(291, 73, 1, 0.00, 0.00, 0.00, '2021-05-04 01:16:46', '2021-05-04 01:16:46'),
(292, 74, 1, 0.00, 0.00, 0.00, '2021-05-04 01:16:46', '2021-05-04 01:16:46'),
(293, 330, 1, 0.00, 0.00, 0.00, '2021-05-04 01:16:46', '2021-05-04 01:16:46'),
(294, 75, 1, 0.00, 0.00, 0.00, '2021-05-04 01:16:46', '2021-05-04 01:16:46'),
(295, 76, 1, 0.00, 0.00, 0.00, '2021-05-04 01:16:46', '2021-05-04 01:16:46'),
(296, 77, 1, 0.00, 0.00, 0.00, '2021-05-04 01:16:46', '2021-05-04 01:16:46'),
(297, 78, 1, 0.00, 0.00, 0.00, '2021-05-04 01:16:46', '2021-05-04 01:16:46'),
(298, 79, 1, 0.00, 0.00, 0.00, '2021-05-04 01:16:46', '2021-05-04 01:16:46'),
(299, 335, 1, 0.00, 0.00, 0.00, '2021-05-04 01:16:46', '2021-05-04 02:06:44'),
(300, 80, 1, 0.00, 0.00, 0.00, '2021-05-04 01:16:46', '2021-05-04 01:16:46'),
(301, 336, 1, 0.00, 0.00, 0.00, '2021-05-04 01:16:46', '2021-05-04 02:06:44'),
(302, 81, 1, 0.00, 0.00, 0.00, '2021-05-04 01:16:46', '2021-05-04 01:16:46'),
(303, 82, 1, 0.00, 0.00, 0.00, '2021-05-04 01:16:46', '2021-05-04 01:16:46'),
(304, 338, 1, 0.00, 0.00, 0.00, '2021-05-04 01:16:46', '2021-05-04 01:16:46'),
(305, 83, 1, 0.00, 0.00, 0.00, '2021-05-04 01:16:46', '2021-05-04 01:16:46'),
(306, 84, 1, 0.00, 0.00, 0.00, '2021-05-04 01:16:46', '2021-05-04 01:16:46'),
(307, 85, 1, 0.00, 0.00, 0.00, '2021-05-04 01:16:46', '2021-05-04 01:16:46'),
(308, 86, 1, 0.00, 0.00, 0.00, '2021-05-04 01:16:46', '2021-05-04 01:16:46'),
(309, 87, 1, 0.00, 0.00, 0.00, '2021-05-04 01:16:46', '2021-05-04 01:16:46'),
(310, 88, 1, 0.00, 0.00, 0.00, '2021-05-04 01:16:46', '2021-05-04 01:16:46'),
(311, 89, 1, 0.00, 0.00, 0.00, '2021-05-04 01:16:46', '2021-05-04 01:16:46'),
(312, 345, 1, 0.00, 0.00, 0.00, '2021-05-04 01:16:46', '2021-05-04 02:06:44'),
(313, 90, 1, 0.00, 0.00, 0.00, '2021-05-04 01:16:46', '2021-05-04 01:16:46'),
(314, 91, 1, 0.00, 0.00, 0.00, '2021-05-04 01:16:46', '2021-05-04 01:16:46'),
(315, 92, 1, 0.00, 0.00, 0.00, '2021-05-04 01:16:46', '2021-05-04 01:16:46'),
(316, 93, 1, 0.00, 0.00, 0.00, '2021-05-04 01:16:46', '2021-05-04 01:16:46'),
(317, 94, 1, 0.00, 0.00, 0.00, '2021-05-04 01:16:46', '2021-05-04 01:16:46'),
(318, 95, 1, 0.00, 0.00, 0.00, '2021-05-04 01:16:46', '2021-05-04 01:16:46'),
(319, 96, 1, 0.00, 0.00, 0.00, '2021-05-04 01:16:46', '2021-05-04 01:16:46'),
(320, 97, 1, 0.00, 0.00, 0.00, '2021-05-04 01:16:46', '2021-05-04 01:16:46'),
(321, 98, 1, 0.00, 0.00, 0.00, '2021-05-04 01:16:46', '2021-05-04 01:16:46'),
(322, 99, 1, 0.00, 0.00, 0.00, '2021-05-04 01:16:46', '2021-05-04 01:16:46'),
(323, 100, 1, 0.00, 0.00, 0.00, '2021-05-04 01:16:46', '2021-05-04 01:16:46'),
(324, 101, 1, 0.00, 0.00, 0.00, '2021-05-04 01:16:46', '2021-05-04 01:16:46'),
(325, 102, 1, 0.00, 0.00, 0.00, '2021-05-04 01:16:46', '2021-05-04 01:16:46'),
(326, 103, 1, 0.00, 0.00, 0.00, '2021-05-04 01:16:46', '2021-05-04 01:16:46'),
(327, 104, 1, 0.00, 0.00, 0.00, '2021-05-04 01:16:46', '2021-05-04 01:16:46'),
(328, 105, 1, 0.00, 0.00, 0.00, '2021-05-04 01:16:46', '2021-05-04 01:16:46'),
(329, 106, 1, 0.00, 0.00, 0.00, '2021-05-04 01:16:46', '2021-05-04 01:16:46'),
(330, 114, 1, 0.00, 0.00, 0.00, '2021-05-04 01:16:46', '2021-05-04 01:16:46'),
(331, 115, 1, 0.00, 0.00, 0.00, '2021-05-04 01:16:46', '2021-05-04 01:16:46'),
(332, 116, 1, 0.00, 0.00, 0.00, '2021-05-04 01:16:46', '2021-05-04 01:16:46'),
(333, 153, 1, 0.00, 0.00, 0.00, '2021-05-04 01:16:46', '2021-05-04 01:16:46'),
(334, 154, 1, 0.00, 0.00, 0.00, '2021-05-04 01:16:46', '2021-05-04 01:16:46'),
(335, 155, 1, 0.00, 0.00, 0.00, '2021-05-04 01:16:46', '2021-05-04 01:16:46'),
(336, 156, 1, 0.00, 0.00, 0.00, '2021-05-04 01:16:46', '2021-05-04 01:16:46'),
(337, 157, 1, 0.00, 0.00, 0.00, '2021-05-04 01:16:46', '2021-05-04 01:16:46'),
(338, 158, 1, 0.00, 0.00, 0.00, '2021-05-04 01:16:46', '2021-05-04 01:16:46'),
(339, 159, 1, 0.00, 0.00, 0.00, '2021-05-04 01:16:46', '2021-05-04 01:16:46'),
(340, 160, 1, 0.00, 0.00, 0.00, '2021-05-04 01:16:46', '2021-05-04 01:16:46'),
(341, 161, 1, 0.00, 0.00, 0.00, '2021-05-04 01:16:47', '2021-05-04 01:16:47'),
(342, 162, 1, 0.00, 0.00, 0.00, '2021-05-04 01:16:47', '2021-05-04 01:16:47'),
(343, 163, 1, 0.00, 0.00, 0.00, '2021-05-04 01:16:47', '2021-05-04 01:16:47'),
(344, 164, 1, 0.00, 0.00, 0.00, '2021-05-04 01:16:47', '2021-05-04 01:16:47'),
(345, 165, 1, 0.00, 0.00, 0.00, '2021-05-04 01:16:47', '2021-05-04 01:16:47'),
(346, 166, 1, 0.00, 0.00, 0.00, '2021-05-04 01:16:47', '2021-05-04 01:16:47'),
(347, 167, 1, 0.00, 0.00, 0.00, '2021-05-04 01:16:47', '2021-05-04 01:16:47'),
(348, 168, 1, 0.00, 0.00, 0.00, '2021-05-04 01:16:47', '2021-05-04 01:16:47'),
(349, 169, 1, 0.00, 0.00, 0.00, '2021-05-04 01:16:47', '2021-05-04 01:16:47'),
(350, 170, 1, 0.00, 0.00, 0.00, '2021-05-04 01:16:47', '2021-05-04 01:16:47'),
(351, 171, 1, 0.00, 0.00, 0.00, '2021-05-04 01:16:47', '2021-05-04 01:16:47'),
(352, 172, 1, 0.00, 0.00, 0.00, '2021-05-04 01:16:47', '2021-05-04 01:16:47'),
(353, 173, 1, 0.00, 0.00, 0.00, '2021-05-04 01:16:47', '2021-05-04 01:16:47'),
(354, 175, 1, 0.00, 0.00, 0.00, '2021-05-04 01:16:47', '2021-05-04 01:16:47'),
(355, 176, 1, 0.00, 0.00, 0.00, '2021-05-04 01:16:47', '2021-05-04 01:16:47'),
(356, 206, 1, 0.00, 0.00, 0.00, '2021-05-04 01:16:47', '2021-05-04 01:16:47'),
(357, 207, 1, 0.00, 0.00, 0.00, '2021-05-04 01:16:47', '2021-05-04 01:16:47'),
(358, 211, 1, 0.00, 0.00, 0.00, '2021-05-04 01:16:47', '2021-05-04 01:16:47'),
(359, 213, 1, 0.00, 0.00, 0.00, '2021-05-04 01:16:47', '2021-05-04 01:16:47'),
(360, 214, 1, 0.00, 0.00, 0.00, '2021-05-04 01:16:47', '2021-05-04 01:16:47'),
(361, 238, 1, 0.00, 0.00, 0.00, '2021-05-04 01:16:47', '2021-05-04 01:16:47'),
(362, 239, 1, 0.00, 0.00, 0.00, '2021-05-04 01:16:47', '2021-05-04 01:16:47'),
(363, 247, 1, 0.00, 0.00, 0.00, '2021-05-04 01:16:47', '2021-05-04 01:16:47'),
(364, 248, 1, 0.00, 0.00, 0.00, '2021-05-04 01:16:47', '2021-05-04 01:16:47'),
(365, 249, 1, 0.00, 0.00, 0.00, '2021-05-04 01:16:47', '2021-05-04 01:16:47'),
(366, 250, 1, 0.00, 0.00, 0.00, '2021-05-04 01:16:47', '2021-05-04 01:16:47'),
(367, 251, 1, 0.00, 0.00, 0.00, '2021-05-04 01:16:47', '2021-05-04 01:16:47');

-- --------------------------------------------------------

--
-- Table structure for table `dates`
--

CREATE TABLE `dates` (
  `id` int(10) UNSIGNED NOT NULL,
  `date` date NOT NULL,
  `status` int(10) UNSIGNED NOT NULL DEFAULT 0,
  `created_at` timestamp NULL DEFAULT NULL,
  `updated_at` timestamp NULL DEFAULT NULL
) ENGINE=InnoDB DEFAULT CHARSET=utf8mb4 COLLATE=utf8mb4_unicode_ci;

--
-- Dumping data for table `dates`
--

INSERT INTO `dates` (`id`, `date`, `status`, `created_at`, `updated_at`) VALUES
(1, '2021-01-01', 0, '2021-05-04 01:14:13', '2021-05-04 01:14:13');

-- --------------------------------------------------------

--
-- Table structure for table `deliveries`
--

CREATE TABLE `deliveries` (
  `id` int(10) UNSIGNED NOT NULL,
  `current_stock_id` int(10) UNSIGNED NOT NULL,
  `stock_id` int(10) UNSIGNED NOT NULL,
  `date_id` int(10) UNSIGNED NOT NULL,
  `quantity` double(10,3) NOT NULL DEFAULT 0.000,
  `unit_id` int(10) UNSIGNED NOT NULL,
  `deleted_at` timestamp NULL DEFAULT NULL,
  `created_at` timestamp NULL DEFAULT NULL,
  `updated_at` timestamp NULL DEFAULT NULL
) ENGINE=InnoDB DEFAULT CHARSET=utf8mb4 COLLATE=utf8mb4_unicode_ci;

-- --------------------------------------------------------

--
-- Table structure for table `e1_departments`
--

CREATE TABLE `e1_departments` (
  `id` int(10) UNSIGNED NOT NULL,
  `name` varchar(100) COLLATE utf8mb4_unicode_ci NOT NULL,
  `description` varchar(255) COLLATE utf8mb4_unicode_ci DEFAULT NULL,
  `created_at` timestamp NULL DEFAULT NULL,
  `updated_at` timestamp NULL DEFAULT NULL
) ENGINE=InnoDB DEFAULT CHARSET=utf8mb4 COLLATE=utf8mb4_unicode_ci;

--
-- Dumping data for table `e1_departments`
--

INSERT INTO `e1_departments` (`id`, `name`, `description`, `created_at`, `updated_at`) VALUES
(1, 'Test', NULL, '2019-12-05 00:16:52', NULL),
(4, 'Department', NULL, '2019-12-06 23:15:30', NULL),
(5, 'Name', NULL, '2019-12-13 05:10:30', NULL);

-- --------------------------------------------------------

--
-- Table structure for table `e2_employee_designations`
--

CREATE TABLE `e2_employee_designations` (
  `id` int(10) UNSIGNED NOT NULL,
  `name` varchar(100) COLLATE utf8mb4_unicode_ci NOT NULL,
  `description` varchar(255) COLLATE utf8mb4_unicode_ci DEFAULT NULL,
  `created_at` timestamp NULL DEFAULT NULL,
  `updated_at` timestamp NULL DEFAULT NULL
) ENGINE=InnoDB DEFAULT CHARSET=utf8mb4 COLLATE=utf8mb4_unicode_ci;

--
-- Dumping data for table `e2_employee_designations`
--

INSERT INTO `e2_employee_designations` (`id`, `name`, `description`, `created_at`, `updated_at`) VALUES
(1, 'Deputy Director', '', '2019-09-09 07:36:14', NULL),
(2, 'Asst. Director', '', '2019-09-09 07:36:29', NULL),
(3, 'Manager', '', '2019-09-09 07:36:38', NULL),
(4, 'Accounts Officer', '', '2019-09-09 07:36:43', NULL),
(5, 'Service Manager', '', '2019-10-06 16:36:35', NULL),
(6, 'Receptionist', '', '2019-10-06 16:37:02', NULL),
(7, 'Electric Officer', '', '2019-10-06 16:37:29', NULL),
(8, 'Service Officer', '', '2019-10-06 16:37:49', NULL),
(9, 'Guard', '', '2019-10-06 16:38:13', NULL);

-- --------------------------------------------------------

--
-- Table structure for table `e3_salary_grades`
--

CREATE TABLE `e3_salary_grades` (
  `id` int(10) UNSIGNED NOT NULL,
  `name` varchar(30) COLLATE utf8mb4_unicode_ci NOT NULL,
  `type` smallint(6) NOT NULL,
  `provident_fund` varchar(191) COLLATE utf8mb4_unicode_ci NOT NULL,
  `basic_salary` varchar(191) COLLATE utf8mb4_unicode_ci NOT NULL,
  `transportation_allowance` varchar(191) COLLATE utf8mb4_unicode_ci NOT NULL,
  `dinning_allowance` varchar(191) COLLATE utf8mb4_unicode_ci NOT NULL,
  `other_allowance` varchar(191) COLLATE utf8mb4_unicode_ci NOT NULL,
  `home_rent` varchar(191) COLLATE utf8mb4_unicode_ci NOT NULL,
  `gross_salary` varchar(191) COLLATE utf8mb4_unicode_ci NOT NULL,
  `note` varchar(191) COLLATE utf8mb4_unicode_ci DEFAULT NULL,
  `created_at` timestamp NULL DEFAULT NULL,
  `updated_at` timestamp NULL DEFAULT NULL
) ENGINE=InnoDB DEFAULT CHARSET=utf8mb4 COLLATE=utf8mb4_unicode_ci;

--
-- Dumping data for table `e3_salary_grades`
--

INSERT INTO `e3_salary_grades` (`id`, `name`, `type`, `provident_fund`, `basic_salary`, `transportation_allowance`, `dinning_allowance`, `other_allowance`, `home_rent`, `gross_salary`, `note`, `created_at`, `updated_at`) VALUES
(1, 'SALARY GRADE test', 1, '300', '2000', '1000', '100', '200', '500', '500', 'Note', '2019-12-05 01:53:57', NULL);

-- --------------------------------------------------------

--
-- Table structure for table `e4_employees`
--

CREATE TABLE `e4_employees` (
  `id` int(10) UNSIGNED NOT NULL,
  `department_id` int(10) UNSIGNED NOT NULL,
  `type_id` enum('0','3','5') COLLATE utf8mb4_unicode_ci NOT NULL DEFAULT '0',
  `name` varchar(191) COLLATE utf8mb4_unicode_ci NOT NULL,
  `date_of_birth` date DEFAULT NULL,
  `phone` varchar(191) COLLATE utf8mb4_unicode_ci DEFAULT NULL,
  `address` varchar(191) COLLATE utf8mb4_unicode_ci DEFAULT NULL,
  `blood_group` char(10) COLLATE utf8mb4_unicode_ci DEFAULT NULL,
  `designation_id` int(10) UNSIGNED NOT NULL DEFAULT 0,
  `salary_grade_id` int(10) UNSIGNED NOT NULL DEFAULT 0,
  `emergency_contact` char(30) COLLATE utf8mb4_unicode_ci DEFAULT NULL,
  `other` text COLLATE utf8mb4_unicode_ci DEFAULT NULL,
  `created_at` timestamp NULL DEFAULT NULL,
  `updated_at` timestamp NULL DEFAULT NULL
) ENGINE=InnoDB DEFAULT CHARSET=utf8mb4 COLLATE=utf8mb4_unicode_ci;

--
-- Dumping data for table `e4_employees`
--

INSERT INTO `e4_employees` (`id`, `department_id`, `type_id`, `name`, `date_of_birth`, `phone`, `address`, `blood_group`, `designation_id`, `salary_grade_id`, `emergency_contact`, `other`, `created_at`, `updated_at`) VALUES
(1, 5, '3', 'Service Staff', '2019-05-12', '243563', 'Dhaka', 'A+', 5, 1, '3245235235', NULL, '2020-02-20 03:05:00', '2019-12-13 01:50:27'),
(3, 4, '0', 'Amol Kumar Paul', '1988-03-20', '01708559667', 'Sirajgonj', 'A+', 5, 1, '01736221591', NULL, '2020-02-20 02:55:49', '2020-02-20 02:55:49'),
(4, 1, '0', 'Palash Kumar Saha', '1980-02-20', '01708559670', 'Mymensingh', 'B+', 3, 1, '0170585826', NULL, '2020-02-20 03:00:15', '2020-02-20 03:00:15'),
(5, 5, '0', 'Tumpa Goswami', '1982-02-20', '01914981426', 'Mechua Bazar,Mymensingh', 'B+', 6, 1, '01708559668', NULL, '2020-02-20 03:01:35', '2020-02-20 03:01:35'),
(6, 4, '0', 'Abul Kalam Azad', '1992-02-20', '01717053629', 'Sherpur', 'B+', 4, 1, '01914561645', NULL, '2020-02-20 03:02:45', '2020-02-20 03:02:45'),
(7, 5, '0', 'Noor Mahamud', '1976-02-20', '01708559695', 'Mymensingh', 'B-', 2, 1, '01711452387', NULL, '2020-02-20 03:04:12', '2020-02-20 03:04:12');

-- --------------------------------------------------------

--
-- Table structure for table `e5_leave_categories`
--

CREATE TABLE `e5_leave_categories` (
  `id` int(10) UNSIGNED NOT NULL,
  `name` varchar(191) COLLATE utf8mb4_unicode_ci NOT NULL,
  `details` varchar(191) COLLATE utf8mb4_unicode_ci DEFAULT NULL,
  `created_at` timestamp NULL DEFAULT NULL,
  `updated_at` timestamp NULL DEFAULT NULL
) ENGINE=InnoDB DEFAULT CHARSET=utf8mb4 COLLATE=utf8mb4_unicode_ci;

--
-- Dumping data for table `e5_leave_categories`
--

INSERT INTO `e5_leave_categories` (`id`, `name`, `details`, `created_at`, `updated_at`) VALUES
(1, 'Name2', NULL, '2019-12-12 23:16:20', NULL),
(2, 'Name 3', NULL, '2020-02-15 02:54:58', NULL);

-- --------------------------------------------------------

--
-- Table structure for table `e6_leaves`
--

CREATE TABLE `e6_leaves` (
  `id` int(10) UNSIGNED NOT NULL,
  `name` varchar(100) COLLATE utf8mb4_unicode_ci NOT NULL,
  `duration` varchar(191) COLLATE utf8mb4_unicode_ci NOT NULL,
  `leave_category_id` int(10) UNSIGNED NOT NULL,
  `description` varchar(255) COLLATE utf8mb4_unicode_ci DEFAULT NULL,
  `created_at` timestamp NULL DEFAULT NULL,
  `updated_at` timestamp NULL DEFAULT NULL
) ENGINE=InnoDB DEFAULT CHARSET=utf8mb4 COLLATE=utf8mb4_unicode_ci;

--
-- Dumping data for table `e6_leaves`
--

INSERT INTO `e6_leaves` (`id`, `name`, `duration`, `leave_category_id`, `description`, `created_at`, `updated_at`) VALUES
(1, 'Name2', '2019-12-03-2019-12-05', 1, NULL, '2019-12-12 23:17:51', NULL);

-- --------------------------------------------------------

--
-- Table structure for table `general_infos`
--

CREATE TABLE `general_infos` (
  `id` int(10) UNSIGNED NOT NULL,
  `name` varchar(191) COLLATE utf8mb4_unicode_ci NOT NULL,
  `text` varchar(191) COLLATE utf8mb4_unicode_ci DEFAULT NULL,
  `value` double(14,2) NOT NULL DEFAULT 0.00,
  `date` date DEFAULT NULL,
  `created_at` timestamp NULL DEFAULT NULL,
  `updated_at` timestamp NULL DEFAULT NULL
) ENGINE=InnoDB DEFAULT CHARSET=utf8mb4 COLLATE=utf8mb4_unicode_ci;

-- --------------------------------------------------------

--
-- Table structure for table `guests`
--

CREATE TABLE `guests` (
  `id` int(10) UNSIGNED NOT NULL,
  `name` varchar(191) COLLATE utf8mb4_unicode_ci NOT NULL,
  `org_name` varchar(191) COLLATE utf8mb4_unicode_ci DEFAULT NULL,
  `designation` varchar(191) COLLATE utf8mb4_unicode_ci DEFAULT NULL,
  `contact_no` varchar(191) COLLATE utf8mb4_unicode_ci NOT NULL,
  `address` text COLLATE utf8mb4_unicode_ci DEFAULT NULL,
  `appearance` smallint(5) UNSIGNED NOT NULL DEFAULT 1,
  `created_at` timestamp NULL DEFAULT NULL,
  `updated_at` timestamp NULL DEFAULT NULL
) ENGINE=InnoDB DEFAULT CHARSET=utf8mb4 COLLATE=utf8mb4_unicode_ci;

-- --------------------------------------------------------

--
-- Table structure for table `h1_building_types`
--

CREATE TABLE `h1_building_types` (
  `id` int(10) UNSIGNED NOT NULL,
  `name` varchar(100) COLLATE utf8mb4_unicode_ci NOT NULL,
  `description` varchar(255) COLLATE utf8mb4_unicode_ci DEFAULT NULL,
  `created_at` timestamp NULL DEFAULT NULL,
  `updated_at` timestamp NULL DEFAULT NULL
) ENGINE=InnoDB DEFAULT CHARSET=utf8mb4 COLLATE=utf8mb4_unicode_ci;

--
-- Dumping data for table `h1_building_types`
--

INSERT INTO `h1_building_types` (`id`, `name`, `description`, `created_at`, `updated_at`) VALUES
(1, 'Normal', NULL, NULL, NULL);

-- --------------------------------------------------------

--
-- Table structure for table `h2_buildings`
--

CREATE TABLE `h2_buildings` (
  `id` int(10) UNSIGNED NOT NULL,
  `name` varchar(100) COLLATE utf8mb4_unicode_ci NOT NULL,
  `building_type` int(10) UNSIGNED NOT NULL,
  `description` varchar(255) COLLATE utf8mb4_unicode_ci DEFAULT NULL,
  `created_at` timestamp NULL DEFAULT NULL,
  `updated_at` timestamp NULL DEFAULT NULL
) ENGINE=InnoDB DEFAULT CHARSET=utf8mb4 COLLATE=utf8mb4_unicode_ci;

--
-- Dumping data for table `h2_buildings`
--

INSERT INTO `h2_buildings` (`id`, `name`, `building_type`, `description`, `created_at`, `updated_at`) VALUES
(1, 'Aspada Training Academy', 1, NULL, NULL, NULL);

-- --------------------------------------------------------

--
-- Table structure for table `h3_floor_types`
--

CREATE TABLE `h3_floor_types` (
  `id` int(10) UNSIGNED NOT NULL,
  `name` varchar(100) COLLATE utf8mb4_unicode_ci NOT NULL,
  `description` varchar(255) COLLATE utf8mb4_unicode_ci DEFAULT NULL,
  `created_at` timestamp NULL DEFAULT NULL,
  `updated_at` timestamp NULL DEFAULT NULL
) ENGINE=InnoDB DEFAULT CHARSET=utf8mb4 COLLATE=utf8mb4_unicode_ci;

--
-- Dumping data for table `h3_floor_types`
--

INSERT INTO `h3_floor_types` (`id`, `name`, `description`, `created_at`, `updated_at`) VALUES
(1, 'Ground', 'This is Ground type floor.', '2019-11-15 07:05:39', NULL),
(2, 'Normal', 'This is normal type of floor.', '2019-11-15 07:06:11', NULL);

-- --------------------------------------------------------

--
-- Table structure for table `h4_floors`
--

CREATE TABLE `h4_floors` (
  `id` int(10) UNSIGNED NOT NULL,
  `building_id` int(10) UNSIGNED NOT NULL,
  `name` varchar(100) COLLATE utf8mb4_unicode_ci NOT NULL,
  `floor_type` int(10) UNSIGNED NOT NULL,
  `description` varchar(255) COLLATE utf8mb4_unicode_ci DEFAULT NULL,
  `created_at` timestamp NULL DEFAULT NULL,
  `updated_at` timestamp NULL DEFAULT NULL
) ENGINE=InnoDB DEFAULT CHARSET=utf8mb4 COLLATE=utf8mb4_unicode_ci;

--
-- Dumping data for table `h4_floors`
--

INSERT INTO `h4_floors` (`id`, `building_id`, `name`, `floor_type`, `description`, `created_at`, `updated_at`) VALUES
(1, 1, 'Ground Floor', 1, 'This is Ground Floor.', '2019-11-15 08:42:56', NULL),
(2, 1, 'Floor-1', 2, 'This is Floor-1.', '2019-11-15 08:46:19', NULL),
(3, 1, 'Floor-2', 2, 'This is Floor-2', '2019-11-15 08:46:41', NULL),
(4, 1, 'Floor-3', 2, 'This is Floor-3.', '2019-11-15 08:47:08', NULL),
(5, 1, 'Floor-4', 2, 'This is Floor-4', '2019-11-15 08:48:09', NULL);

-- --------------------------------------------------------

--
-- Table structure for table `h5_room_categories`
--

CREATE TABLE `h5_room_categories` (
  `id` int(10) UNSIGNED NOT NULL,
  `name` varchar(100) COLLATE utf8mb4_unicode_ci NOT NULL,
  `price` int(11) NOT NULL,
  `vat` int(11) NOT NULL,
  `description` varchar(255) COLLATE utf8mb4_unicode_ci DEFAULT NULL,
  `image` varchar(60) COLLATE utf8mb4_unicode_ci DEFAULT NULL,
  `created_at` timestamp NULL DEFAULT NULL,
  `updated_at` timestamp NULL DEFAULT NULL
) ENGINE=InnoDB DEFAULT CHARSET=utf8mb4 COLLATE=utf8mb4_unicode_ci;

--
-- Dumping data for table `h5_room_categories`
--

INSERT INTO `h5_room_categories` (`id`, `name`, `price`, `vat`, `description`, `image`, `created_at`, `updated_at`) VALUES
(5, 'A/C Single', 2000, 10, 'Enjoy our Presidential Suite', 'bjr_executive-suite.jpg', '2019-11-15 02:54:08', NULL),
(6, 'A/C Double', 4000, 10, 'Enjoy our Presidential Suite', 'XI6_room5.jpg', '2019-11-15 02:55:17', NULL),
(7, 'Single', 1500, 10, 'Enjoy our Presidential Suite', 'WoM_room3.jpg', '2019-11-15 02:55:58', NULL),
(8, 'Double', 3000, 10, 'Enjoy our Presidential Suite', 'tzl_executive-suite.jpg', '2019-11-15 02:56:19', NULL),
(10, 'A/C 3 Bed', 6000, 10, 'Enjoy our Presidential Suite', 'cwc_room5.jpg', '2019-11-15 03:00:05', NULL),
(11, 'A/C 4 Bed', 8000, 10, 'Enjoy our Presidential Suite', 'tGr_room3.jpg', '2019-11-15 03:00:29', NULL),
(12, '3 Bed', 4000, 10, 'Enjoy our Presidential Suite', 'sqB_executive-suite.jpg', '2019-11-15 03:01:49', NULL),
(13, '4 Bed', 6000, 10, 'Enjoy our Presidential Suite', 'Nb3_room5.jpg', '2019-11-15 03:02:16', NULL),
(14, 'A/C Semi Double', 3500, 10, 'Enjoy our Presidential Suite', 'vTw_room3.jpg', '2019-11-15 03:03:03', NULL),
(15, 'Semi Double', 2500, 10, 'Enjoy our Presidential Suite', 'VwL_executive-suite.jpg', '2019-11-15 03:03:20', NULL),
(16, 'VIP A/C Double', 5000, 10, 'Enjoy our Presidential Suite', 'i8n_room5.jpg', '2019-11-15 03:28:59', NULL),
(17, 'VIP A/C Semi Double', 4000, 10, 'Enjoy our Presidential Suite .', 'QNJ_room3.jpg', '2019-11-17 22:54:57', NULL);

-- --------------------------------------------------------

--
-- Table structure for table `h6_rooms`
--

CREATE TABLE `h6_rooms` (
  `id` int(10) UNSIGNED NOT NULL,
  `room_no` varchar(100) COLLATE utf8mb4_unicode_ci NOT NULL,
  `price` int(11) NOT NULL,
  `floor_id` int(10) UNSIGNED NOT NULL,
  `persons_capacity` int(11) NOT NULL,
  `category_id` int(10) UNSIGNED NOT NULL,
  `description` varchar(255) COLLATE utf8mb4_unicode_ci DEFAULT NULL,
  `image` varchar(60) COLLATE utf8mb4_unicode_ci DEFAULT NULL,
  `created_at` timestamp NULL DEFAULT NULL,
  `updated_at` timestamp NULL DEFAULT NULL
) ENGINE=InnoDB DEFAULT CHARSET=utf8mb4 COLLATE=utf8mb4_unicode_ci;

--
-- Dumping data for table `h6_rooms`
--

INSERT INTO `h6_rooms` (`id`, `room_no`, `price`, `floor_id`, `persons_capacity`, `category_id`, `description`, `image`, `created_at`, `updated_at`) VALUES
(3, '201', 1200, 2, 4, 13, NULL, 'wF9_N8F_room3.jpg', '2019-11-15 03:09:54', NULL),
(4, '202', 900, 2, 3, 12, NULL, 'Vdm_room3.jpg', '2019-11-15 03:10:14', NULL),
(5, '203', 900, 2, 3, 12, NULL, 'Vdm_room3.jpg', '2019-11-15 03:10:43', NULL),
(6, '204', 900, 2, 3, 12, NULL, 'Vdm_room3.jpg', '2019-11-15 03:11:11', NULL),
(7, '205', 900, 2, 3, 12, NULL, 'Vdm_room3.jpg', '2019-11-15 03:11:35', NULL),
(8, '301', 2000, 3, 1, 14, NULL, 'Vdm_room3.jpg', '2019-11-15 03:14:24', NULL),
(9, '302', 900, 3, 3, 12, NULL, 'Vdm_room3.jpg', '2019-11-15 03:15:43', NULL),
(10, '303', 900, 3, 3, 12, NULL, 'Vdm_room3.jpg', '2019-11-15 03:16:08', NULL),
(11, '304', 900, 3, 3, 12, NULL, 'Vdm_room3.jpg', '2019-11-15 03:16:44', NULL),
(12, '305', 900, 3, 3, 12, NULL, 'Vdm_room3.jpg', '2019-11-15 03:17:13', NULL),
(13, '306', 1200, 3, 4, 13, NULL, 'epI_room 410.jpg', '2019-11-15 03:17:50', NULL),
(14, '307', 900, 3, 3, 12, NULL, 'Vdm_room3.jpg', '2019-11-15 03:19:06', NULL),
(15, '308', 900, 3, 3, 12, NULL, 'lVQ_room 410.jpg', '2019-11-15 03:19:24', NULL),
(16, '309', 900, 3, 3, 12, NULL, 'Aq9_N8F_room3.jpg', '2019-11-15 03:19:52', NULL),
(17, '310', 900, 3, 3, 12, NULL, 'Vdm_room3.jpg', '2019-11-15 03:20:26', NULL),
(18, '311', 1200, 3, 4, 13, NULL, 'Vdm_room3.jpg', '2019-11-15 03:20:42', NULL),
(19, '312', 1200, 3, 1, 5, NULL, 'Vdm_room3.jpg', '2019-11-15 03:21:15', NULL),
(20, '313', 1200, 3, 1, 5, NULL, 'Vdm_room3.jpg', '2019-11-15 03:21:35', NULL),
(21, '314', 1200, 3, 1, 5, NULL, 'Vdm_room3.jpg', '2019-11-15 03:21:54', NULL),
(22, '315', 2000, 3, 2, 14, NULL, 'Vdm_room3.jpg', '2019-11-15 03:23:55', NULL),
(23, '316', 2000, 3, 2, 14, NULL, 'Vdm_room3.jpg', '2019-11-15 03:24:25', NULL),
(24, '317', 1200, 3, 4, 13, NULL, 'uAP_room 410.jpg', '2019-11-15 03:25:04', NULL),
(27, '403', 2000, 4, 2, 14, NULL, 'Vdm_room3.jpg', '2019-11-17 22:20:55', NULL),
(29, '405', 900, 4, 3, 12, NULL, '0dd_A8f_room5.jpg', '2019-11-17 22:23:07', NULL),
(30, '406', 1200, 4, 1, 5, NULL, 'Vdm_room3.jpg', '2019-11-17 22:24:09', NULL),
(31, '407', 750, 4, 1, 7, NULL, 'Vdm_room3.jpg', '2019-11-17 22:25:25', NULL),
(32, '408', 750, 4, 1, 7, NULL, 'Vdm_room3.jpg', '2019-11-17 22:26:22', NULL),
(33, '409', 1200, 4, 1, 5, NULL, 'hHZ_room3.jpg', '2019-11-17 22:28:05', NULL),
(34, '413', 2000, 4, 2, 14, NULL, 'A8f_room5.jpg', '2019-11-17 22:30:15', NULL),
(35, '412', 2000, 4, 2, 14, NULL, 'efk_room5.jpg', '2019-11-17 22:31:24', NULL),
(36, '401', 2500, 4, 2, 6, NULL, 'zP3_room5.jpg', '2019-11-17 22:32:30', NULL),
(37, '402', 2500, 4, 1, 6, NULL, 'u4m_room3.jpg', '2019-11-17 22:33:10', NULL),
(38, '404', 2500, 4, 2, 6, NULL, 'Rqz_room5.jpg', '2019-11-17 22:34:18', NULL),
(39, '411', 2500, 4, 2, 8, NULL, 'N8F_room3.jpg', '2019-11-17 22:35:07', NULL),
(40, '501', 2500, 5, 2, 16, NULL, '3Y3_room3.jpg', '2019-11-17 22:46:56', NULL),
(41, '502', 2500, 5, 2, 16, NULL, 'XzK_room5.jpg', '2019-11-17 22:47:21', NULL),
(42, '503', 2500, 5, 2, 6, NULL, '16j_room5.jpg', '2019-11-17 22:48:07', NULL),
(43, '504', 2500, 5, 2, 6, NULL, 'Yhk_room5.jpg', '2019-11-17 22:48:46', NULL),
(44, '505', 2500, 5, 2, 17, NULL, 'qyo_room3.jpg', '2019-11-17 22:56:39', NULL),
(45, '506', 2500, 5, 2, 14, NULL, 'cyO_room3.jpg', '2019-11-17 22:57:25', NULL),
(101, '206 A', 300, 4, 2, 12, 'sadsad', 'kcZ_qyo_room3.jpg', '2020-01-26 23:51:44', NULL),
(500, '205 A', 300, 4, 1, 12, 'werwer', '9LT_N8F_room3.jpg', '2020-01-25 23:03:16', NULL),
(502, '414', 750, 4, 1, 7, NULL, 'Rtl_room 410.jpg', '2020-02-16 07:22:42', NULL),
(503, '415', 750, 4, 1, 7, NULL, 'jVj_room 410.jpg', '2020-02-16 07:23:23', NULL),
(504, '410', 1200, 4, 1, 5, NULL, 'Pbo_room 410.jpg', '2020-02-16 07:26:08', NULL),
(505, '303-A', 300, 3, 1, 12, NULL, '7oh_room 410.jpg', '2020-02-16 07:27:31', NULL),
(506, '303-B', 300, 3, 1, 12, NULL, 'gQo_room 410.jpg', '2020-02-16 07:28:38', NULL),
(507, '303-C', 300, 3, 1, 12, NULL, 'rxJ_room 410.jpg', '2020-02-16 07:29:02', NULL),
(508, '304-A', 300, 3, 1, 12, NULL, 'l4t_room 410.jpg', '2020-02-16 07:37:09', NULL),
(509, '304-B', 300, 3, 1, 12, NULL, 'YAf_room 410.jpg', '2020-02-16 07:38:06', NULL),
(510, '304-C', 300, 3, 1, 12, NULL, 'slf_room 410.jpg', '2020-02-16 07:38:29', NULL),
(511, '305-A', 300, 3, 1, 12, NULL, '0Cc_room 410.jpg', '2020-02-16 07:39:29', NULL),
(512, '305-B', 300, 3, 1, 12, NULL, 'O3k_room 410.jpg', '2020-02-16 07:39:50', NULL),
(513, '305-C', 300, 3, 1, 12, NULL, 'ig7_room 410.jpg', '2020-02-16 07:40:14', NULL),
(514, '302-A', 300, 3, 1, 12, NULL, 'P0o_room 410.jpg', '2020-02-16 08:50:12', NULL),
(515, '302-B', 300, 3, 1, 12, NULL, 'kFN_room 410.jpg', '2020-02-16 08:50:35', NULL),
(516, '302-C', 300, 3, 1, 12, NULL, 'qos_room 410.jpg', '2020-02-16 08:51:06', NULL),
(517, '311-A', 300, 3, 1, 13, NULL, 'uI0_room 410.jpg', '2020-02-16 08:52:14', NULL),
(518, '311-B', 300, 3, 1, 13, NULL, 'U8t_room 410.jpg', '2020-02-16 08:52:38', NULL),
(519, '311-C', 300, 3, 1, 13, NULL, 'Yci_room 410.jpg', '2020-02-16 08:53:01', NULL),
(520, '311-D', 300, 3, 1, 13, NULL, 'oei_room 410.jpg', '2020-02-16 08:57:20', NULL),
(521, '416', 1100, 4, 2, 8, NULL, 'MHy_room 410.jpg', '2020-02-16 08:58:47', NULL),
(522, '416-A', 300, 4, 1, 8, NULL, 'JWE_room 410.jpg', '2020-02-16 08:59:11', NULL),
(523, '416-B', 300, 4, 1, 8, NULL, 'bpL_room 410.jpg', '2020-02-16 08:59:48', NULL),
(524, '317-A', 300, 3, 1, 13, NULL, '4NZ_room 410.jpg', '2020-02-16 09:01:58', NULL),
(525, '317-B', 300, 3, 1, 13, NULL, 'WlU_room 410.jpg', '2020-02-16 09:02:46', NULL),
(526, '317-C', 300, 3, 1, 13, NULL, '4D9_room 410.jpg', '2020-02-16 09:09:02', NULL),
(527, '317-D', 300, 3, 1, 13, NULL, 'MA4_room 410.jpg', '2020-02-16 09:11:21', NULL),
(528, '306-A', 300, 3, 1, 13, NULL, 'aZi_room 410.jpg', '2020-02-16 09:13:21', NULL),
(529, '306-B', 300, 3, 1, 13, NULL, '3Lv_room 410.jpg', '2020-02-16 09:14:04', NULL),
(530, '306-C', 300, 3, 1, 13, NULL, 'qn1_room 410.jpg', '2020-02-16 09:15:37', NULL),
(531, '306-D', 300, 3, 1, 13, NULL, 'yRU_room 410.jpg', '2020-02-16 09:16:27', NULL),
(532, '307-A', 300, 3, 1, 12, NULL, 'OGW_room 410.jpg', '2020-02-16 09:19:13', NULL),
(533, '307-B', 300, 3, 1, 12, NULL, 'Si9_room 410.jpg', '2020-02-16 09:19:42', NULL),
(534, '307-C', 300, 3, 1, 12, NULL, '9xZ_room 410.jpg', '2020-02-16 09:20:08', NULL),
(535, '308-A', 300, 3, 1, 12, NULL, 'KyB_room 410.jpg', '2020-02-16 09:23:19', NULL),
(536, '308-B', 300, 3, 1, 12, NULL, 'Hrl_room 410.jpg', '2020-02-16 09:31:27', NULL),
(537, '308-C', 300, 3, 1, 12, NULL, '7E9_room 410.jpg', '2020-02-16 09:31:55', NULL),
(538, '309-A', 300, 3, 1, 12, NULL, 'nZ0_N8F_room3.jpg', '2020-02-16 09:37:35', NULL),
(539, '309-B', 300, 3, 1, 12, NULL, 'Zhp_A8f_room5.jpg', '2020-02-16 09:38:03', NULL),
(540, '309-C', 300, 3, 1, 12, NULL, 'eNO_N8F_room3.jpg', '2020-02-16 09:38:27', NULL),
(541, '310-A', 300, 3, 1, 12, NULL, '7qI_N8F_room3.jpg', '2020-02-16 09:40:06', NULL),
(542, '310-B', 300, 3, 1, 12, NULL, 'tUo_N8F_room3.jpg', '2020-02-16 09:40:28', NULL),
(543, '310-C', 300, 3, 1, 12, NULL, '32h_N8F_room3.jpg', '2020-02-16 09:40:50', NULL),
(544, '405-A', 300, 4, 1, 12, NULL, 'vwy_N8F_room3.jpg', '2020-02-16 09:42:05', NULL),
(545, '405-B', 300, 4, 1, 12, NULL, 'C1f_N8F_room3.jpg', '2020-02-16 09:42:30', NULL),
(546, '405-C', 300, 4, 1, 12, NULL, 'ArM_N8F_room3.jpg', '2020-02-16 09:42:51', NULL),
(547, '302 New', 1200, 4, 1, 5, NULL, 'mFA_A8f_room5.jpg', '2020-07-17 03:56:31', NULL),
(548, '502-A', 1200, 5, 1, 14, NULL, '4qv_A8f_room5.jpg', '2020-07-17 04:30:23', NULL),
(549, '502-B', 1200, 5, 1, 14, NULL, '4kG_A8f_room5.jpg', '2020-07-17 04:30:49', NULL),
(550, '503-A', 1000, 5, 1, 6, NULL, 'nJi_A8f_room5.jpg', '2020-07-17 10:13:19', NULL),
(551, '503-B', 1000, 5, 1, 6, NULL, 'Wwm_A8f_room5.jpg', '2020-07-17 10:13:57', NULL),
(552, '503-C', 1000, 5, 1, 6, NULL, 's7I_A8f_room5.jpg', '2020-07-17 10:14:22', NULL),
(553, '411-A', 1000, 4, 1, 6, NULL, '0Xm_A8f_room5.jpg', '2020-07-17 10:22:45', NULL),
(554, '411-B', 999, 4, 1, 6, NULL, 'nUL_A8f_room5.jpg', '2020-07-17 10:23:06', NULL);

-- --------------------------------------------------------

--
-- Table structure for table `m1_mis_heads`
--

CREATE TABLE `m1_mis_heads` (
  `id` int(10) UNSIGNED NOT NULL,
  `voucher_type_id` int(10) UNSIGNED NOT NULL,
  `account_type` varchar(255) COLLATE utf8mb4_unicode_ci DEFAULT NULL,
  `credit_head_id` int(10) UNSIGNED DEFAULT NULL,
  `debit_head_id` int(10) UNSIGNED DEFAULT NULL,
  `name` varchar(191) COLLATE utf8mb4_unicode_ci NOT NULL,
  `description` text COLLATE utf8mb4_unicode_ci DEFAULT NULL,
  `created_at` timestamp NULL DEFAULT NULL,
  `updated_at` timestamp NULL DEFAULT NULL
) ENGINE=InnoDB DEFAULT CHARSET=utf8mb4 COLLATE=utf8mb4_unicode_ci;

--
-- Dumping data for table `m1_mis_heads`
--

INSERT INTO `m1_mis_heads` (`id`, `voucher_type_id`, `account_type`, `credit_head_id`, `debit_head_id`, `name`, `description`, `created_at`, `updated_at`) VALUES
(1, 10, 'room_booking', 14, 353, 'Hotel Receipt', NULL, NULL, '2020-02-13 10:37:24'),
(2, 10, 'venue_booking', 5, 353, 'Venue Receipt', NULL, NULL, '2020-02-12 10:09:19'),
(3, 10, 'food_sale', 8, 353, 'Restaurant Receipt', NULL, NULL, '2021-04-20 10:07:44'),
(4, 11, 'grocery_purchase', 16, 353, 'Restaurant Payment', NULL, NULL, '2020-02-13 06:13:11'),
(5, 11, 'inventory_purchase', 12, 353, 'Inventory Payment', NULL, NULL, NULL),
(6, 10, 'discount', 353, 96, 'Discount', NULL, NULL, '2021-04-26 08:56:24');

-- --------------------------------------------------------

--
-- Table structure for table `m2_mis_head_child_i`
--

CREATE TABLE `m2_mis_head_child_i` (
  `id` int(10) UNSIGNED NOT NULL,
  `mis_head_id` int(10) UNSIGNED NOT NULL,
  `credit_head_id` int(10) UNSIGNED NOT NULL,
  `debit_head_id` int(10) UNSIGNED NOT NULL,
  `name` varchar(191) COLLATE utf8mb4_unicode_ci NOT NULL,
  `description` text COLLATE utf8mb4_unicode_ci DEFAULT NULL,
  `checked` tinyint(1) NOT NULL DEFAULT 1,
  `deleted_at` timestamp NULL DEFAULT NULL,
  `created_at` timestamp NULL DEFAULT NULL,
  `updated_at` timestamp NULL DEFAULT NULL
) ENGINE=InnoDB DEFAULT CHARSET=utf8mb4 COLLATE=utf8mb4_unicode_ci;

--
-- Dumping data for table `m2_mis_head_child_i`
--

INSERT INTO `m2_mis_head_child_i` (`id`, `mis_head_id`, `credit_head_id`, `debit_head_id`, `name`, `description`, `checked`, `deleted_at`, `created_at`, `updated_at`) VALUES
(1, 4, 16, 353, 'Rice', NULL, 1, NULL, '2020-02-11 02:19:33', '2020-02-13 06:13:11'),
(2, 5, 353, 37, 'Electrical Equipment', NULL, 0, NULL, '2020-02-11 02:19:33', '2020-02-13 06:44:44'),
(3, 4, 16, 353, 'Fish', NULL, 1, NULL, '2020-02-11 02:19:33', '2020-02-13 06:13:11'),
(4, 4, 16, 353, 'Spices (Moshla)', NULL, 1, NULL, '2020-02-11 02:19:33', '2020-02-13 06:13:11'),
(5, 4, 16, 353, 'Meat', NULL, 1, NULL, '2020-02-11 02:19:33', '2020-02-13 06:13:11'),
(6, 4, 16, 353, 'Soft Drinks', NULL, 1, NULL, '2020-02-11 02:19:34', '2020-02-13 06:13:11'),
(7, 4, 16, 353, 'Vegetables', NULL, 1, NULL, '2020-02-11 02:19:34', '2020-02-13 06:13:11'),
(8, 4, 16, 353, 'Minaral Water', NULL, 1, NULL, '2020-02-11 02:19:34', '2020-02-13 06:13:11'),
(9, 4, 16, 353, 'Snacks', NULL, 1, NULL, '2020-02-11 02:19:34', '2020-02-13 06:13:11'),
(10, 4, 16, 353, 'Curds', NULL, 1, NULL, '2020-02-11 02:19:34', '2020-02-13 06:13:11'),
(11, 4, 16, 353, 'Dal', NULL, 1, NULL, '2020-02-11 02:19:34', '2020-02-13 06:13:11'),
(12, 4, 16, 353, 'Oil', NULL, 1, NULL, '2020-02-11 02:19:34', '2020-02-13 06:13:11'),
(13, 4, 163, 353, 'Tissue', NULL, 0, NULL, '2020-02-11 02:19:34', '2020-02-13 06:15:30'),
(14, 4, 16, 353, 'Ata & Moyda', NULL, 1, NULL, '2020-02-11 02:19:34', '2020-02-13 06:13:11'),
(15, 4, 16, 353, 'Milk', NULL, 1, NULL, '2020-02-11 02:19:34', '2020-02-13 06:13:11'),
(16, 4, 16, 353, 'Tea', NULL, 1, NULL, '2020-02-11 02:19:34', '2020-02-13 06:13:11'),
(17, 4, 16, 353, 'Suger', NULL, 1, NULL, '2020-02-11 02:19:34', '2020-02-13 06:13:11'),
(18, 4, 16, 353, 'Salt', NULL, 1, NULL, '2020-02-11 02:19:34', '2020-02-13 06:13:11'),
(19, 4, 163, 353, 'Soap', NULL, 0, NULL, '2020-02-11 02:19:34', '2020-02-13 06:15:31'),
(20, 4, 163, 353, 'Aerosol', NULL, 0, NULL, '2020-02-11 02:19:34', '2020-02-13 06:15:31'),
(21, 4, 16, 353, 'Egg', NULL, 1, NULL, '2020-02-11 02:19:34', '2020-02-13 06:13:11'),
(22, 4, 163, 353, 'Air Freshner', NULL, 0, NULL, '2020-02-11 02:19:34', '2020-02-13 06:15:31'),
(23, 4, 163, 353, 'Washing Powder', NULL, 0, NULL, '2020-02-11 02:19:34', '2020-02-13 06:15:31'),
(24, 4, 16, 353, 'Others', NULL, 1, NULL, '2020-02-11 02:19:34', '2020-02-13 06:13:11'),
(25, 4, 16, 353, 'Wood (Lakri)', NULL, 1, NULL, '2020-02-11 02:19:34', '2020-02-13 06:13:11'),
(26, 4, 163, 353, 'Harpic', NULL, 0, NULL, '2020-02-11 02:19:34', '2020-02-13 06:15:31'),
(27, 4, 163, 353, 'Tooth brush and Tooth paste', NULL, 0, NULL, '2020-02-11 02:19:34', '2020-02-13 06:15:31'),
(28, 4, 80, 353, 'Disel', NULL, 0, NULL, '2020-02-11 02:19:34', '2020-02-13 06:15:31'),
(29, 4, 16, 353, 'Muri', NULL, 1, NULL, '2020-02-11 02:19:34', '2020-02-13 06:13:11'),
(30, 4, 16, 353, 'Biscuits', NULL, 1, NULL, '2020-02-11 02:19:34', '2020-02-13 06:13:11'),
(31, 4, 16, 353, 'Coffee', NULL, 1, NULL, '2020-02-11 02:19:34', '2020-02-13 06:13:11'),
(32, 5, 353, 26, 'Furniture', NULL, 0, NULL, '2020-02-11 02:19:34', '2020-02-13 06:25:36'),
(33, 5, 353, 456, 'Office Equipment', NULL, 0, NULL, '2020-02-11 02:19:34', '2020-02-13 06:44:44'),
(34, 5, 168, 353, 'Cookeries-Expenses', NULL, 0, NULL, '2020-02-11 02:19:34', '2020-02-25 10:41:43'),
(35, 4, 163, 353, 'Shampoo', NULL, 0, NULL, '2020-02-11 02:19:35', '2020-02-13 06:13:34'),
(36, 4, 16, 353, 'test', NULL, 1, '2020-02-22 04:30:00', '2020-02-22 04:28:59', '2020-02-22 04:30:00'),
(37, 4, 16, 353, 'Sweet', NULL, 1, NULL, '2020-02-23 09:58:03', '2020-02-23 09:58:03'),
(38, 4, 16, 353, 'Fruit', NULL, 1, NULL, '2020-02-23 10:06:38', '2020-02-23 10:06:38'),
(39, 4, 16, 353, 'Truth Pic', NULL, 1, NULL, '2020-03-03 06:43:57', '2020-03-03 06:43:57'),
(40, 4, 16, 353, 'Ghee', NULL, 1, NULL, '2020-07-17 06:59:39', '2020-07-17 06:59:39'),
(41, 4, 16, 353, 'Koyel', NULL, 1, NULL, '2020-07-17 09:43:14', '2020-07-17 09:43:14'),
(42, 4, 16, 353, 'Sandel', NULL, 1, NULL, '2020-07-17 12:38:52', '2020-07-17 12:38:52'),
(46, 4, 16, 353, 'hello', NULL, 1, '2021-05-01 13:54:10', '2021-05-01 13:44:57', '2021-05-01 13:54:10');

-- --------------------------------------------------------

--
-- Table structure for table `m3_mis_ledger_heads`
--

CREATE TABLE `m3_mis_ledger_heads` (
  `id` int(10) UNSIGNED NOT NULL,
  `mis_head_id` int(10) UNSIGNED NOT NULL,
  `name` varchar(191) COLLATE utf8mb4_unicode_ci NOT NULL,
  `credit_head_id` int(10) UNSIGNED DEFAULT NULL,
  `debit_head_id` int(10) UNSIGNED DEFAULT NULL,
  `code` int(10) UNSIGNED NOT NULL,
  `amount` double(14,2) NOT NULL DEFAULT 0.00,
  `description` text COLLATE utf8mb4_unicode_ci DEFAULT NULL,
  `unit_type_id` int(10) UNSIGNED DEFAULT NULL,
  `ledgerable_id` int(11) NOT NULL,
  `ledgerable_type` varchar(191) COLLATE utf8mb4_unicode_ci NOT NULL,
  `checked` tinyint(1) NOT NULL DEFAULT 1,
  `deleted_at` timestamp NULL DEFAULT NULL,
  `created_at` timestamp NULL DEFAULT NULL,
  `updated_at` timestamp NULL DEFAULT NULL
) ENGINE=InnoDB DEFAULT CHARSET=utf8mb4 COLLATE=utf8mb4_unicode_ci;

--
-- Dumping data for table `m3_mis_ledger_heads`
--

INSERT INTO `m3_mis_ledger_heads` (`id`, `mis_head_id`, `name`, `credit_head_id`, `debit_head_id`, `code`, `amount`, `description`, `unit_type_id`, `ledgerable_id`, `ledgerable_type`, `checked`, `deleted_at`, `created_at`, `updated_at`) VALUES
(1, 1, 'Room', 14, 353, 1000, 0.00, NULL, NULL, 1, 'App\\MISHead', 1, NULL, NULL, '2021-04-20 10:07:44'),
(2, 2, 'Venue', 5, 353, 1100, 0.00, NULL, NULL, 2, 'App\\MISHead', 1, NULL, NULL, '2021-04-20 10:07:44'),
(3, 3, 'Restaurant', 8, 353, 1200, 0.00, NULL, NULL, 3, 'App\\MISHead', 1, NULL, NULL, '2021-04-20 10:07:44'),
(4, 6, 'Discount', 353, 96, 1300, 0.00, NULL, NULL, 6, 'App\\MISHead', 1, NULL, NULL, '2021-04-26 08:56:24'),
(5, 4, 'Normal Rice', 16, 353, 1400, 0.00, NULL, 1, 1, 'App\\MISHeadChild_I', 1, NULL, '2020-02-11 02:19:33', '2021-05-04 00:20:35'),
(6, 4, 'Khichuri Rice', 16, 353, 1500, 0.00, NULL, 1, 1, 'App\\MISHeadChild_I', 1, NULL, '2020-02-11 02:19:33', '2020-02-25 08:55:50'),
(7, 4, 'Polaw Rice', 16, 353, 1600, 0.00, NULL, 1, 1, 'App\\MISHeadChild_I', 1, NULL, '2020-02-11 02:19:33', '2020-02-19 15:31:18'),
(8, 4, 'Basmoti Rice', 16, 353, 1700, 0.00, NULL, 1, 1, 'App\\MISHeadChild_I', 1, '2020-03-09 09:14:19', '2020-02-11 02:19:33', '2020-03-09 09:14:19'),
(9, 5, 'Table Fan', 353, 37, 1800, 0.00, NULL, 1, 2, 'App\\MISHeadChild_I', 0, NULL, '2020-02-11 02:19:33', '2020-02-25 10:41:43'),
(10, 5, 'Ceiling Fan', 353, 37, 1900, 0.00, NULL, 1, 2, 'App\\MISHeadChild_I', 0, NULL, '2020-02-11 02:19:33', '2020-02-25 10:41:43'),
(11, 5, 'Computer System', 353, 37, 2000, 0.00, NULL, 1, 2, 'App\\MISHeadChild_I', 0, NULL, '2020-02-11 02:19:33', '2020-02-25 10:41:43'),
(12, 5, 'Television', 353, 37, 2100, 0.00, NULL, 1, 2, 'App\\MISHeadChild_I', 0, NULL, '2020-02-11 02:19:33', '2020-02-25 10:41:43'),
(13, 5, 'Refrigerator', 353, 37, 2200, 0.00, NULL, 1, 2, 'App\\MISHeadChild_I', 0, NULL, '2020-02-11 02:19:33', '2020-02-25 10:41:43'),
(14, 5, 'Air Conditioner', 353, 37, 2300, 0.00, NULL, 1, 2, 'App\\MISHeadChild_I', 0, NULL, '2020-02-11 02:19:33', '2020-02-25 10:41:43'),
(15, 5, 'Veceom Cleaner', 353, 37, 2400, 0.00, NULL, 1, 2, 'App\\MISHeadChild_I', 0, NULL, '2020-02-11 02:19:33', '2020-02-25 10:41:43'),
(16, 5, 'Sound System', 353, 37, 2500, 0.00, NULL, 1, 2, 'App\\MISHeadChild_I', 0, NULL, '2020-02-11 02:19:33', '2020-02-25 10:41:43'),
(17, 5, 'AC/DC Motors & Feetings', 353, 37, 2600, 0.00, NULL, 1, 2, 'App\\MISHeadChild_I', 0, NULL, '2020-02-11 02:19:33', '2021-05-01 10:52:34'),
(18, 5, 'Oven', 353, 37, 2700, 0.00, NULL, 1, 2, 'App\\MISHeadChild_I', 0, NULL, '2020-02-11 02:19:33', '2020-02-25 10:41:43'),
(19, 5, 'Stand Fan', 353, 37, 2800, 0.00, NULL, 1, 2, 'App\\MISHeadChild_I', 0, NULL, '2020-02-11 02:19:33', '2020-02-25 10:41:43'),
(20, 4, 'Bual', 16, 353, 2900, 0.00, NULL, 4, 3, 'App\\MISHeadChild_I', 1, NULL, '2020-02-11 02:19:33', '2021-05-01 05:52:00'),
(21, 4, 'Hilsha', 16, 353, 3000, 0.00, NULL, 1, 3, 'App\\MISHeadChild_I', 1, NULL, '2020-02-11 02:19:33', '2020-02-13 06:15:30'),
(22, 4, 'Katla', 16, 353, 3100, 0.00, NULL, 1, 3, 'App\\MISHeadChild_I', 1, NULL, '2020-02-11 02:19:33', '2020-02-13 06:15:30'),
(23, 4, 'Rui', 16, 353, 3200, 0.00, NULL, 1, 3, 'App\\MISHeadChild_I', 1, NULL, '2020-02-11 02:19:33', '2020-02-25 09:10:30'),
(24, 4, 'Pabda', 16, 353, 3300, 0.00, NULL, 1, 3, 'App\\MISHeadChild_I', 1, NULL, '2020-02-11 02:19:33', '2020-02-13 06:15:30'),
(25, 4, 'Batai', 16, 353, 3400, 0.00, NULL, 1, 3, 'App\\MISHeadChild_I', 1, NULL, '2020-02-11 02:19:33', '2020-02-25 09:11:09'),
(26, 4, 'Mola', 16, 353, 3500, 0.00, NULL, 1, 3, 'App\\MISHeadChild_I', 1, NULL, '2020-02-11 02:19:33', '2020-02-13 06:15:30'),
(27, 4, 'Cingri', 16, 353, 3600, 0.00, NULL, 1, 3, 'App\\MISHeadChild_I', 1, NULL, '2020-02-11 02:19:33', '2020-02-25 09:10:51'),
(28, 4, 'Shoil', 16, 353, 3700, 0.00, NULL, 1, 3, 'App\\MISHeadChild_I', 1, NULL, '2020-02-11 02:19:33', '2020-02-13 06:15:30'),
(29, 4, 'Bam', 16, 353, 3800, 0.00, NULL, 3, 3, 'App\\MISHeadChild_I', 1, NULL, '2020-02-11 02:19:33', '2021-05-01 05:52:00'),
(30, 4, 'Taki', 16, 353, 3900, 0.00, NULL, 1, 3, 'App\\MISHeadChild_I', 1, NULL, '2020-02-11 02:19:33', '2020-02-13 06:15:30'),
(31, 4, 'Telapia', 16, 353, 4000, 0.00, NULL, 1, 3, 'App\\MISHeadChild_I', 1, NULL, '2020-02-11 02:19:33', '2020-02-13 06:15:30'),
(32, 4, 'Dry Fish', 16, 353, 4100, 0.00, NULL, 1, 3, 'App\\MISHeadChild_I', 1, NULL, '2020-02-11 02:19:33', '2020-02-13 06:15:30'),
(33, 4, 'Elachi', 16, 353, 4200, 0.00, NULL, 1, 4, 'App\\MISHeadChild_I', 1, NULL, '2020-02-11 02:19:33', '2020-02-19 15:38:33'),
(34, 4, 'Darchini', 16, 353, 4300, 0.00, NULL, 1, 4, 'App\\MISHeadChild_I', 1, NULL, '2020-02-11 02:19:33', '2020-02-19 15:38:46'),
(35, 4, 'Alo Bukra', 16, 353, 4400, 0.00, NULL, 1, 4, 'App\\MISHeadChild_I', 1, NULL, '2020-02-11 02:19:33', '2020-02-13 06:15:30'),
(36, 4, 'Chilly Powder', 16, 353, 4500, 0.00, NULL, 1, 4, 'App\\MISHeadChild_I', 1, NULL, '2020-02-11 02:19:33', '2020-02-13 06:15:30'),
(37, 4, 'Jira', 16, 353, 4600, 0.00, NULL, 1, 4, 'App\\MISHeadChild_I', 1, NULL, '2020-02-11 02:19:33', '2020-02-19 15:39:06'),
(38, 4, 'Sada Golmorich', 16, 353, 4700, 0.00, NULL, 1, 4, 'App\\MISHeadChild_I', 1, NULL, '2020-02-11 02:19:33', '2020-02-13 06:15:30'),
(39, 4, 'Kalo Golmorich', 16, 353, 4800, 0.00, NULL, 1, 4, 'App\\MISHeadChild_I', 1, NULL, '2020-02-11 02:19:33', '2020-02-13 06:15:30'),
(40, 4, 'Joktik', 16, 353, 4900, 0.00, NULL, 1, 4, 'App\\MISHeadChild_I', 1, NULL, '2020-02-11 02:19:33', '2020-02-13 06:15:30'),
(41, 4, 'Joifol', 16, 353, 5000, 0.00, NULL, 1, 4, 'App\\MISHeadChild_I', 1, NULL, '2020-02-11 02:19:33', '2020-02-13 06:15:30'),
(42, 4, 'Postodana', 16, 353, 5100, 0.00, NULL, 1, 4, 'App\\MISHeadChild_I', 1, NULL, '2020-02-11 02:19:33', '2020-02-13 06:15:30'),
(43, 4, 'Kismis', 16, 353, 5200, 0.00, NULL, 1, 4, 'App\\MISHeadChild_I', 1, NULL, '2020-02-11 02:19:33', '2020-02-13 06:15:30'),
(44, 4, 'Soa Soch', 16, 353, 5300, 0.00, NULL, 1, 4, 'App\\MISHeadChild_I', 1, NULL, '2020-02-11 02:19:33', '2020-02-13 06:15:30'),
(45, 4, 'Kera Jol', 16, 353, 5400, 0.00, NULL, 1, 4, 'App\\MISHeadChild_I', 1, NULL, '2020-02-11 02:19:33', '2020-02-13 06:15:30'),
(46, 4, 'Ada', 16, 353, 5500, 0.00, NULL, 1, 4, 'App\\MISHeadChild_I', 1, NULL, '2020-02-11 02:19:33', '2020-02-19 15:37:39'),
(47, 4, 'Tomato Soch', 16, 353, 5600, 0.00, NULL, 1, 4, 'App\\MISHeadChild_I', 1, NULL, '2020-02-11 02:19:33', '2020-02-13 06:15:30'),
(48, 4, 'Venegar', 16, 353, 5700, 0.00, NULL, 1, 4, 'App\\MISHeadChild_I', 1, NULL, '2020-02-11 02:19:33', '2020-02-13 06:15:30'),
(49, 4, 'Tespata', 16, 353, 5800, 0.00, NULL, 1, 4, 'App\\MISHeadChild_I', 1, NULL, '2020-02-11 02:19:33', '2020-02-19 15:55:22'),
(50, 4, 'Halud', 16, 353, 5900, 0.00, NULL, 1, 4, 'App\\MISHeadChild_I', 1, NULL, '2020-02-11 02:19:33', '2020-02-25 10:06:43'),
(51, 4, 'Chilly', 16, 353, 6000, 0.00, NULL, 1, 4, 'App\\MISHeadChild_I', 1, NULL, '2020-02-11 02:19:33', '2020-02-19 15:40:03'),
(52, 4, 'Peaj', 16, 353, 6100, 0.00, NULL, 1, 4, 'App\\MISHeadChild_I', 1, NULL, '2020-02-11 02:19:33', '2020-02-19 15:36:49'),
(53, 4, 'Rashun', 16, 353, 6200, 0.00, NULL, 1, 4, 'App\\MISHeadChild_I', 1, NULL, '2020-02-11 02:19:33', '2020-02-19 15:38:18'),
(54, 4, 'Pach Poron', 16, 353, 6300, 0.00, NULL, 1, 4, 'App\\MISHeadChild_I', 1, NULL, '2020-02-11 02:19:33', '2020-02-13 06:15:30'),
(55, 4, 'Badam', 16, 353, 6400, 0.00, NULL, 1, 4, 'App\\MISHeadChild_I', 1, NULL, '2020-02-11 02:19:33', '2020-02-13 06:15:30'),
(56, 4, 'Lobongo', 16, 353, 6500, 0.00, NULL, 1, 4, 'App\\MISHeadChild_I', 1, NULL, '2020-02-11 02:19:33', '2020-02-13 06:15:30'),
(57, 4, 'Ghee', 16, 353, 6600, 0.00, NULL, 1, 4, 'App\\MISHeadChild_I', 1, NULL, '2020-02-11 02:19:33', '2020-02-13 06:15:30'),
(58, 4, 'Mutton', 16, 353, 6700, 0.00, NULL, 1, 5, 'App\\MISHeadChild_I', 1, NULL, '2020-02-11 02:19:33', '2020-02-13 06:15:30'),
(59, 4, 'Beaf', 16, 353, 6800, 0.00, NULL, 1, 5, 'App\\MISHeadChild_I', 1, NULL, '2020-02-11 02:19:34', '2020-02-13 06:15:30'),
(60, 4, 'Chiken (deshi)', 16, 353, 6900, 0.00, NULL, 1, 5, 'App\\MISHeadChild_I', 1, NULL, '2020-02-11 02:19:34', '2020-02-13 06:15:30'),
(61, 4, 'Chiken (Coak)', 16, 353, 7000, 0.00, NULL, 1, 5, 'App\\MISHeadChild_I', 1, NULL, '2020-02-11 02:19:34', '2020-02-19 15:34:29'),
(62, 4, 'Chiken (Farm)', 16, 353, 7100, 0.00, NULL, 1, 5, 'App\\MISHeadChild_I', 1, NULL, '2020-02-11 02:19:34', '2020-02-13 06:15:30'),
(63, 4, 'Duck', 16, 353, 7200, 0.00, NULL, 1, 5, 'App\\MISHeadChild_I', 1, NULL, '2020-02-11 02:19:34', '2020-02-13 06:15:30'),
(64, 4, 'Pigeon (kobutor)', 16, 353, 7300, 0.00, NULL, 1, 5, 'App\\MISHeadChild_I', 1, NULL, '2020-02-11 02:19:34', '2020-02-13 06:15:30'),
(65, 4, 'Quail', 16, 353, 7400, 0.00, NULL, 1, 5, 'App\\MISHeadChild_I', 1, NULL, '2020-02-11 02:19:34', '2020-02-13 06:15:30'),
(66, 4, 'Soft Drinks-(250ml)', 16, 353, 7500, 0.00, NULL, 3, 6, 'App\\MISHeadChild_I', 1, NULL, '2020-02-11 02:19:34', '2020-02-19 15:52:18'),
(67, 4, 'Soft Drinks (500ml)', 16, 353, 7600, 0.00, NULL, 3, 6, 'App\\MISHeadChild_I', 1, NULL, '2020-02-11 02:19:34', '2020-02-19 15:52:18'),
(68, 4, 'Alo', 16, 353, 7700, 0.00, NULL, 1, 7, 'App\\MISHeadChild_I', 1, NULL, '2020-02-11 02:19:34', '2020-02-13 06:15:30'),
(69, 4, 'Pepe', 16, 353, 7800, 0.00, NULL, 1, 7, 'App\\MISHeadChild_I', 1, NULL, '2020-02-11 02:19:34', '2020-02-13 06:15:30'),
(70, 4, 'Fulcopy', 16, 353, 7900, 0.00, NULL, 1, 7, 'App\\MISHeadChild_I', 1, NULL, '2020-02-11 02:19:34', '2020-02-13 06:15:30'),
(71, 4, 'Patacopy', 16, 353, 8000, 0.00, NULL, 3, 7, 'App\\MISHeadChild_I', 1, NULL, '2020-02-11 02:19:34', '2020-03-09 05:22:20'),
(72, 4, 'Lemon', 16, 353, 8100, 0.00, NULL, 3, 7, 'App\\MISHeadChild_I', 1, NULL, '2020-02-11 02:19:34', '2020-02-23 09:34:05'),
(73, 4, 'Sosha', 16, 353, 8200, 0.00, NULL, 1, 7, 'App\\MISHeadChild_I', 1, NULL, '2020-02-11 02:19:34', '2020-02-13 06:15:30'),
(74, 4, 'Derosh', 16, 353, 8300, 0.00, NULL, 1, 7, 'App\\MISHeadChild_I', 1, NULL, '2020-02-11 02:19:34', '2020-02-13 06:15:30'),
(75, 4, 'Chichinga', 16, 353, 8400, 0.00, NULL, 1, 7, 'App\\MISHeadChild_I', 1, NULL, '2020-02-11 02:19:34', '2020-02-13 06:15:30'),
(76, 4, 'Gajor', 16, 353, 8500, 0.00, NULL, 1, 7, 'App\\MISHeadChild_I', 1, NULL, '2020-02-11 02:19:34', '2020-02-13 06:15:30'),
(77, 4, 'Sweet Kumra', 16, 353, 8600, 0.00, NULL, 3, 7, 'App\\MISHeadChild_I', 1, NULL, '2020-02-11 02:19:34', '2020-02-23 09:34:05'),
(78, 4, 'Lao', 16, 353, 8700, 0.00, NULL, 3, 7, 'App\\MISHeadChild_I', 1, NULL, '2020-02-11 02:19:34', '2020-02-23 09:34:05'),
(79, 4, 'Vegetables', 16, 353, 8800, 0.00, NULL, 1, 7, 'App\\MISHeadChild_I', 1, NULL, '2020-02-11 02:19:34', '2020-02-13 06:15:30'),
(80, 4, 'Sim', 16, 353, 8900, 0.00, NULL, 1, 7, 'App\\MISHeadChild_I', 1, NULL, '2020-02-11 02:19:34', '2020-02-13 06:15:30'),
(81, 4, 'Begun', 16, 353, 9000, 0.00, NULL, 1, 7, 'App\\MISHeadChild_I', 1, NULL, '2020-02-11 02:19:34', '2020-02-13 06:15:30'),
(82, 4, 'Tomato', 16, 353, 9100, 0.00, NULL, 1, 7, 'App\\MISHeadChild_I', 1, NULL, '2020-02-11 02:19:34', '2020-02-13 06:15:30'),
(83, 4, 'Korolla', 16, 353, 9200, 0.00, NULL, 1, 7, 'App\\MISHeadChild_I', 1, NULL, '2020-02-11 02:19:34', '2020-02-13 06:15:30'),
(84, 4, 'Borboti', 16, 353, 9300, 0.00, NULL, 1, 7, 'App\\MISHeadChild_I', 1, NULL, '2020-02-11 02:19:34', '2020-02-13 06:15:30'),
(85, 4, 'Salgom', 16, 353, 9400, 0.00, NULL, 1, 7, 'App\\MISHeadChild_I', 1, NULL, '2020-02-11 02:19:34', '2020-02-13 06:15:30'),
(86, 4, 'Mula', 16, 353, 9500, 0.00, NULL, 1, 7, 'App\\MISHeadChild_I', 1, NULL, '2020-02-11 02:19:34', '2020-02-13 06:15:30'),
(87, 4, 'Capsicum', 16, 353, 9600, 0.00, NULL, 1, 7, 'App\\MISHeadChild_I', 1, NULL, '2020-02-11 02:19:34', '2020-02-13 06:15:30'),
(88, 4, 'Motor Shuti', 16, 353, 9700, 0.00, NULL, 1, 7, 'App\\MISHeadChild_I', 1, NULL, '2020-02-11 02:19:34', '2020-02-13 06:15:30'),
(89, 4, 'Kakrol', 16, 353, 9800, 0.00, NULL, 1, 7, 'App\\MISHeadChild_I', 1, NULL, '2020-02-11 02:19:34', '2020-02-13 06:15:30'),
(90, 4, 'kochu', 16, 353, 9900, 0.00, NULL, 1, 7, 'App\\MISHeadChild_I', 1, NULL, '2020-02-11 02:19:34', '2020-02-13 06:15:30'),
(91, 4, 'Data', 16, 353, 10000, 0.00, NULL, 3, 7, 'App\\MISHeadChild_I', 1, NULL, '2020-02-11 02:19:34', '2020-07-17 02:08:10'),
(92, 4, 'Minarel Water (330ml)', 16, 353, 10100, 0.00, NULL, 3, 8, 'App\\MISHeadChild_I', 1, NULL, '2020-02-11 02:19:34', '2020-02-19 15:54:07'),
(93, 4, 'Minarel Water (500ml)', 16, 353, 10200, 0.00, NULL, 3, 8, 'App\\MISHeadChild_I', 1, NULL, '2020-02-11 02:19:34', '2020-02-19 15:54:07'),
(94, 4, 'Minarel Water (1000ml)', 16, 353, 10300, 0.00, NULL, 3, 8, 'App\\MISHeadChild_I', 1, NULL, '2020-02-11 02:19:34', '2020-02-19 15:54:07'),
(95, 4, 'Minarel Water (1500ml)', 16, 353, 10400, 0.00, NULL, 3, 8, 'App\\MISHeadChild_I', 1, NULL, '2020-02-11 02:19:34', '2020-02-19 15:54:07'),
(96, 4, 'Minarel Water (2000ml)', 16, 353, 10500, 0.00, NULL, 3, 8, 'App\\MISHeadChild_I', 1, NULL, '2020-02-11 02:19:34', '2020-02-19 15:54:07'),
(97, 4, 'Fruit', 16, 353, 10600, 0.00, NULL, 1, 9, 'App\\MISHeadChild_I', 1, '2020-02-23 10:05:10', '2020-02-11 02:19:34', '2020-02-23 10:05:10'),
(98, 4, 'Sweet', 16, 353, 10700, 0.00, NULL, 1, 9, 'App\\MISHeadChild_I', 1, '2020-02-23 09:57:50', '2020-02-11 02:19:34', '2020-02-23 09:57:50'),
(99, 4, 'Chanachur', 16, 353, 10800, 0.00, NULL, 1, 9, 'App\\MISHeadChild_I', 1, NULL, '2020-02-11 02:19:34', '2020-02-13 06:15:30'),
(100, 4, 'Banana', 16, 353, 10900, 0.00, NULL, 1, 9, 'App\\MISHeadChild_I', 1, '2020-02-23 10:05:16', '2020-02-11 02:19:34', '2020-02-23 10:05:16'),
(101, 4, 'Apple', 16, 353, 11000, 0.00, NULL, 1, 9, 'App\\MISHeadChild_I', 1, '2020-02-23 10:06:04', '2020-02-11 02:19:34', '2020-02-23 10:06:04'),
(102, 4, 'Orange', 16, 353, 11100, 0.00, NULL, 1, 9, 'App\\MISHeadChild_I', 1, '2020-02-23 10:06:14', '2020-02-11 02:19:34', '2020-02-23 10:06:14'),
(103, 4, 'Grapes', 16, 353, 11200, 0.00, NULL, 1, 9, 'App\\MISHeadChild_I', 1, '2020-02-23 10:06:29', '2020-02-11 02:19:34', '2020-02-23 10:06:29'),
(104, 4, 'Singara', 16, 353, 11300, 0.00, NULL, 3, 9, 'App\\MISHeadChild_I', 1, NULL, '2020-02-11 02:19:34', '2020-03-03 05:43:14'),
(105, 4, 'Somocha', 16, 353, 11400, 0.00, NULL, 3, 9, 'App\\MISHeadChild_I', 1, NULL, '2020-02-11 02:19:34', '2020-03-03 05:43:14'),
(106, 4, 'Vegetabe Roll', 16, 353, 11500, 0.00, NULL, 3, 9, 'App\\MISHeadChild_I', 1, NULL, '2020-02-11 02:19:34', '2020-03-03 07:23:13'),
(107, 4, 'Chicken Roll', 16, 353, 11600, 0.00, NULL, 3, 9, 'App\\MISHeadChild_I', 1, NULL, '2020-02-11 02:19:34', '2020-03-03 05:43:14'),
(108, 4, 'Sweet Curds(Cup)', 16, 353, 11700, 0.00, NULL, 3, 10, 'App\\MISHeadChild_I', 1, NULL, '2020-02-11 02:19:34', '2020-11-20 09:54:02'),
(109, 4, 'Sour Curds', 16, 353, 11800, 0.00, NULL, 1, 10, 'App\\MISHeadChild_I', 1, NULL, '2020-02-11 02:19:34', '2020-02-13 06:15:30'),
(110, 4, 'Sweet Curds (Patil)', 16, 353, 11900, 0.00, NULL, 1, 10, 'App\\MISHeadChild_I', 1, NULL, '2020-02-11 02:19:34', '2020-02-13 06:15:30'),
(111, 4, 'Mug Dal', 16, 353, 12000, 0.00, NULL, 1, 11, 'App\\MISHeadChild_I', 1, NULL, '2020-02-11 02:19:34', '2020-02-13 06:15:30'),
(112, 4, 'Mosur Dal', 16, 353, 12100, 0.00, NULL, 1, 11, 'App\\MISHeadChild_I', 1, NULL, '2020-02-11 02:19:34', '2020-02-19 15:36:22'),
(113, 4, 'Mash-kalai Dal', 16, 353, 12200, 0.00, NULL, 1, 11, 'App\\MISHeadChild_I', 1, NULL, '2020-02-11 02:19:34', '2020-02-13 06:15:30'),
(114, 4, 'But Dal', 16, 353, 12300, 0.00, NULL, 1, 11, 'App\\MISHeadChild_I', 1, NULL, '2020-02-11 02:19:34', '2020-02-19 15:36:22'),
(115, 4, 'Khasari Dal', 16, 353, 12400, 0.00, NULL, 1, 11, 'App\\MISHeadChild_I', 1, NULL, '2020-02-11 02:19:34', '2020-02-13 06:15:30'),
(116, 4, 'Soyabin Oil', 16, 353, 12500, 0.00, NULL, 2, 12, 'App\\MISHeadChild_I', 1, NULL, '2020-02-11 02:19:34', '2020-02-19 15:35:41'),
(117, 4, 'Sorisha Oil', 16, 353, 12600, 0.00, NULL, 2, 12, 'App\\MISHeadChild_I', 1, NULL, '2020-02-11 02:19:34', '2020-02-19 15:43:27'),
(118, 4, 'Facial Tissue', 163, 353, 12700, 0.00, NULL, 3, 13, 'App\\MISHeadChild_I', 0, NULL, '2020-02-11 02:19:34', '2020-02-19 15:51:04'),
(119, 4, 'Toilet Tissue', 163, 353, 12800, 0.00, NULL, 3, 13, 'App\\MISHeadChild_I', 0, NULL, '2020-02-11 02:19:34', '2020-02-19 15:51:04'),
(120, 4, 'Ata', 16, 353, 12900, 0.00, NULL, 1, 14, 'App\\MISHeadChild_I', 1, NULL, '2020-02-11 02:19:34', '2020-02-19 15:37:06'),
(121, 4, 'Moyda', 16, 353, 13000, 0.00, NULL, 1, 14, 'App\\MISHeadChild_I', 1, NULL, '2020-02-11 02:19:34', '2020-02-13 06:15:31'),
(122, 4, 'Danish Condenced', 16, 353, 13100, 0.00, NULL, 3, 15, 'App\\MISHeadChild_I', 1, NULL, '2020-02-11 02:19:34', '2020-02-25 10:19:30'),
(123, 4, 'Powder Milk', 16, 353, 13200, 0.00, NULL, 3, 15, 'App\\MISHeadChild_I', 1, NULL, '2020-02-11 02:19:34', '2020-02-19 15:47:17'),
(124, 4, 'Pran powder milk 400 gm', 16, 353, 13300, 0.00, NULL, 3, 15, 'App\\MISHeadChild_I', 1, NULL, '2020-02-11 02:19:34', '2020-02-19 15:46:58'),
(125, 4, 'Tea Pata', 16, 353, 13400, 0.00, NULL, 1, 16, 'App\\MISHeadChild_I', 1, NULL, '2020-02-11 02:19:34', '2020-02-19 15:49:02'),
(126, 4, 'Tea Bag', 16, 353, 13500, 0.00, NULL, 3, 16, 'App\\MISHeadChild_I', 1, NULL, '2020-02-11 02:19:34', '2020-02-19 15:49:02'),
(127, 4, 'Suger', 16, 353, 13600, 0.00, NULL, 1, 17, 'App\\MISHeadChild_I', 1, NULL, '2020-02-11 02:19:34', '2020-02-19 15:37:29'),
(128, 4, 'Normal Salt', 16, 353, 13700, 0.00, NULL, 1, 18, 'App\\MISHeadChild_I', 1, NULL, '2020-02-11 02:19:34', '2020-02-19 15:37:17'),
(129, 4, 'Bit Salt', 16, 353, 13800, 0.00, NULL, 1, 18, 'App\\MISHeadChild_I', 1, NULL, '2020-02-11 02:19:34', '2020-02-13 06:15:31'),
(130, 4, 'Testy Salt', 16, 353, 13900, 0.00, NULL, 1, 18, 'App\\MISHeadChild_I', 1, NULL, '2020-02-11 02:19:34', '2020-02-13 06:15:31'),
(131, 4, 'Soap', 163, 353, 14000, 0.00, NULL, 3, 19, 'App\\MISHeadChild_I', 0, NULL, '2020-02-11 02:19:34', '2020-02-19 15:49:34'),
(132, 4, 'Vim Soap', 163, 353, 14100, 0.00, NULL, 3, 19, 'App\\MISHeadChild_I', 0, NULL, '2020-02-11 02:19:34', '2020-02-19 15:54:26'),
(133, 4, 'Vim Liquid', 163, 353, 14200, 0.00, NULL, 2, 19, 'App\\MISHeadChild_I', 0, NULL, '2020-02-11 02:19:34', '2020-02-19 15:57:40'),
(134, 4, 'Glass Cleaneer', 163, 353, 14300, 0.00, NULL, 3, 19, 'App\\MISHeadChild_I', 0, NULL, '2020-02-11 02:19:34', '2020-02-19 15:57:40'),
(135, 4, 'Hand Wash', 163, 353, 14400, 0.00, NULL, 2, 19, 'App\\MISHeadChild_I', 0, NULL, '2020-02-11 02:19:34', '2020-02-19 15:57:40'),
(136, 4, 'Floor Cleaner', 163, 353, 14500, 0.00, NULL, 2, 19, 'App\\MISHeadChild_I', 0, NULL, '2020-02-11 02:19:34', '2020-02-19 15:57:40'),
(137, 4, 'Aerol', 163, 353, 14600, 0.00, NULL, 3, 20, 'App\\MISHeadChild_I', 0, NULL, '2020-02-11 02:19:34', '2020-02-19 15:51:19'),
(138, 4, 'Egg', 16, 353, 14700, 0.00, NULL, 3, 21, 'App\\MISHeadChild_I', 1, NULL, '2020-02-11 02:19:34', '2020-02-19 15:53:02'),
(139, 4, 'Air Freshner', 163, 353, 14800, 0.00, NULL, 3, 22, 'App\\MISHeadChild_I', 0, NULL, '2020-02-11 02:19:34', '2020-02-19 15:51:39'),
(140, 4, 'Washing Powder', 163, 353, 14900, 0.00, NULL, 1, 23, 'App\\MISHeadChild_I', 0, NULL, '2020-02-11 02:19:34', '2020-02-13 06:15:31'),
(141, 4, 'Wood (Lakri)', 16, 353, 15000, 0.00, NULL, 1, 25, 'App\\MISHeadChild_I', 1, NULL, '2020-02-11 02:19:34', '2020-02-19 15:56:18'),
(142, 4, 'Harpic', 163, 353, 15100, 0.00, NULL, 3, 26, 'App\\MISHeadChild_I', 0, NULL, '2020-02-11 02:19:34', '2020-02-19 15:55:39'),
(143, 4, 'Tooth Brush', 163, 353, 15200, 0.00, NULL, 3, 27, 'App\\MISHeadChild_I', 0, NULL, '2020-02-11 02:19:34', '2020-02-19 16:01:15'),
(144, 4, 'Tooth Paste', 163, 353, 15300, 0.00, NULL, 3, 27, 'App\\MISHeadChild_I', 0, NULL, '2020-02-11 02:19:34', '2020-02-19 16:01:15'),
(145, 4, 'Disel', 80, 353, 15400, 0.00, NULL, 1, 28, 'App\\MISHeadChild_I', 0, NULL, '2020-02-11 02:19:34', '2020-02-13 06:15:31'),
(146, 4, 'Muri', 16, 353, 15500, 0.00, NULL, 1, 29, 'App\\MISHeadChild_I', 1, NULL, '2020-02-11 02:19:34', '2020-02-13 06:15:31'),
(147, 4, 'Lexus Biscuit', 16, 353, 15600, 0.00, NULL, 3, 30, 'App\\MISHeadChild_I', 1, NULL, '2020-02-11 02:19:34', '2020-02-19 15:58:46'),
(148, 4, 'Bekari Biscuits', 16, 353, 15700, 0.00, NULL, 1, 30, 'App\\MISHeadChild_I', 1, NULL, '2020-02-11 02:19:34', '2020-02-13 06:15:31'),
(149, 4, 'Coffee (Jar)', 16, 353, 15800, 0.00, NULL, 1, 31, 'App\\MISHeadChild_I', 1, NULL, '2020-02-11 02:19:34', '2020-02-13 06:15:31'),
(150, 4, 'Coffee (Packet)', 16, 353, 15900, 0.00, NULL, 3, 31, 'App\\MISHeadChild_I', 1, NULL, '2020-02-11 02:19:34', '2020-02-19 15:59:25'),
(151, 5, 'Almirah', 353, 26, 16000, 0.00, NULL, 1, 32, 'App\\MISHeadChild_I', 0, NULL, '2020-02-11 02:19:34', '2020-02-25 10:41:43'),
(152, 5, 'Big Khat', 353, 26, 16100, 0.00, NULL, 1, 32, 'App\\MISHeadChild_I', 0, NULL, '2020-02-11 02:19:34', '2020-02-25 10:41:43'),
(153, 5, 'Single Khat', 353, 26, 16200, 0.00, NULL, 1, 32, 'App\\MISHeadChild_I', 0, NULL, '2020-02-11 02:19:34', '2020-02-25 10:41:43'),
(154, 5, 'Seme-Double Khat', 353, 26, 16300, 0.00, NULL, 1, 32, 'App\\MISHeadChild_I', 0, NULL, '2020-02-11 02:19:34', '2020-02-25 10:41:43'),
(155, 5, 'Big Table', 353, 26, 16400, 0.00, NULL, 1, 32, 'App\\MISHeadChild_I', 0, NULL, '2020-02-11 02:19:34', '2020-02-25 10:41:43'),
(156, 5, 'Tea Table', 353, 26, 16500, 0.00, NULL, 1, 32, 'App\\MISHeadChild_I', 0, NULL, '2020-02-11 02:19:34', '2020-02-25 10:41:43'),
(157, 5, 'Round Table', 353, 26, 16600, 0.00, NULL, 1, 32, 'App\\MISHeadChild_I', 0, NULL, '2020-02-11 02:19:34', '2020-02-25 10:41:43'),
(158, 5, 'Small Table', 353, 26, 16700, 0.00, NULL, 1, 32, 'App\\MISHeadChild_I', 0, NULL, '2020-02-11 02:19:34', '2020-02-25 10:41:43'),
(159, 5, 'Dining Table', 353, 26, 16800, 0.00, NULL, 1, 32, 'App\\MISHeadChild_I', 0, NULL, '2020-02-11 02:19:34', '2020-02-25 10:41:43'),
(160, 5, 'Alna', 353, 26, 16900, 0.00, NULL, 1, 32, 'App\\MISHeadChild_I', 0, NULL, '2020-02-11 02:19:34', '2020-02-25 10:41:43'),
(161, 5, 'Sofa', 353, 26, 17000, 0.00, NULL, 1, 32, 'App\\MISHeadChild_I', 0, NULL, '2020-02-11 02:19:34', '2020-02-25 10:41:43'),
(162, 5, 'Chair With Hand', 353, 26, 17100, 0.00, NULL, 1, 32, 'App\\MISHeadChild_I', 0, NULL, '2020-02-11 02:19:34', '2020-02-25 10:41:43'),
(163, 5, 'Chair Without Hand', 353, 26, 17200, 0.00, NULL, 1, 32, 'App\\MISHeadChild_I', 0, NULL, '2020-02-11 02:19:34', '2020-02-25 10:41:43'),
(164, 5, 'Easy Chair', 353, 26, 17300, 0.00, NULL, 1, 32, 'App\\MISHeadChild_I', 0, NULL, '2020-02-11 02:19:34', '2020-02-25 10:41:43'),
(165, 5, 'Training Chair', 353, 26, 17400, 0.00, NULL, 1, 32, 'App\\MISHeadChild_I', 0, NULL, '2020-02-11 02:19:34', '2020-02-25 10:41:43'),
(166, 5, 'Dining Chair', 353, 26, 17500, 0.00, NULL, 1, 32, 'App\\MISHeadChild_I', 0, NULL, '2020-02-11 02:19:34', '2020-02-25 10:41:43'),
(167, 5, 'Computer Table', 353, 26, 17600, 0.00, NULL, 1, 32, 'App\\MISHeadChild_I', 0, NULL, '2020-02-11 02:19:34', '2020-02-25 10:41:43'),
(168, 5, 'T.V Troli', 353, 26, 17700, 0.00, NULL, 1, 32, 'App\\MISHeadChild_I', 0, NULL, '2020-02-11 02:19:34', '2020-02-25 10:41:43'),
(169, 5, 'Telephone Set', 353, 456, 17800, 0.00, NULL, 1, 33, 'App\\MISHeadChild_I', 0, NULL, '2020-02-11 02:19:34', '2020-02-25 10:41:43'),
(170, 5, 'Video Camera', 353, 456, 17900, 0.00, NULL, 1, 33, 'App\\MISHeadChild_I', 0, NULL, '2020-02-11 02:19:34', '2020-02-25 10:41:43'),
(171, 5, 'Multimedia And Overhead Projector', 353, 456, 18000, 0.00, NULL, 1, 33, 'App\\MISHeadChild_I', 0, NULL, '2020-02-11 02:19:34', '2020-02-25 10:41:43'),
(172, 5, 'Fire extinguisher', 353, 456, 18100, 0.00, NULL, 1, 33, 'App\\MISHeadChild_I', 0, NULL, '2020-02-11 02:19:34', '2020-02-25 10:41:43'),
(173, 5, 'Glass', 168, 353, 18200, 0.00, NULL, 3, 34, 'App\\MISHeadChild_I', 0, NULL, '2020-02-11 02:19:34', '2020-02-25 10:41:43'),
(174, 5, 'Peyala Plige', 168, 353, 18300, 0.00, NULL, 3, 34, 'App\\MISHeadChild_I', 0, NULL, '2020-02-11 02:19:34', '2020-02-25 10:41:43'),
(175, 5, 'Patil', 168, 353, 18400, 0.00, NULL, 3, 34, 'App\\MISHeadChild_I', 0, NULL, '2020-02-11 02:19:34', '2020-02-25 10:41:43'),
(176, 5, 'Korai', 168, 353, 18500, 0.00, NULL, 3, 34, 'App\\MISHeadChild_I', 0, NULL, '2020-02-11 02:19:34', '2020-02-25 10:41:43'),
(177, 5, 'Sospen', 168, 353, 18600, 0.00, NULL, 3, 34, 'App\\MISHeadChild_I', 0, NULL, '2020-02-11 02:19:34', '2020-02-25 10:41:43'),
(178, 5, 'Sospen-Dakna', 168, 353, 18700, 0.00, NULL, 3, 34, 'App\\MISHeadChild_I', 0, NULL, '2020-02-11 02:19:34', '2020-02-25 10:41:43'),
(179, 5, 'Gas Cylinder', 168, 353, 18800, 0.00, NULL, 3, 34, 'App\\MISHeadChild_I', 0, NULL, '2020-02-11 02:19:34', '2020-02-25 10:41:43'),
(180, 5, 'Shil Pata', 168, 353, 18900, 0.00, NULL, 3, 34, 'App\\MISHeadChild_I', 0, NULL, '2020-02-11 02:19:34', '2020-02-25 10:41:43'),
(181, 5, 'Da-Boti', 168, 353, 19000, 0.00, NULL, 3, 34, 'App\\MISHeadChild_I', 0, NULL, '2020-02-11 02:19:34', '2020-02-25 10:41:43'),
(182, 5, 'Rannar Hatol', 168, 353, 19100, 0.00, NULL, 3, 34, 'App\\MISHeadChild_I', 0, NULL, '2020-02-11 02:19:34', '2020-02-25 10:41:43'),
(183, 5, 'Machh Chhakna', 168, 353, 19200, 0.00, NULL, 3, 34, 'App\\MISHeadChild_I', 0, NULL, '2020-02-11 02:19:34', '2020-02-25 10:41:43'),
(184, 5, 'Rice Plate', 168, 353, 19300, 0.00, NULL, 3, 34, 'App\\MISHeadChild_I', 0, NULL, '2020-02-11 02:19:34', '2020-02-25 10:41:43'),
(185, 5, 'Rice Dish', 168, 353, 19400, 0.00, NULL, 3, 34, 'App\\MISHeadChild_I', 0, NULL, '2020-02-11 02:19:35', '2020-02-25 10:41:43'),
(186, 5, 'Bati', 168, 353, 19500, 0.00, NULL, 3, 34, 'App\\MISHeadChild_I', 0, NULL, '2020-02-11 02:19:35', '2020-02-25 10:41:43'),
(187, 5, 'Bhorn Plate', 168, 353, 19600, 0.00, NULL, 3, 34, 'App\\MISHeadChild_I', 0, NULL, '2020-02-11 02:19:35', '2020-02-25 10:41:43'),
(188, 5, 'Curry Bati', 168, 353, 19700, 0.00, NULL, 3, 34, 'App\\MISHeadChild_I', 0, NULL, '2020-02-11 02:19:35', '2020-02-25 10:41:43'),
(189, 5, 'Salad Plate', 168, 353, 19800, 0.00, NULL, 3, 34, 'App\\MISHeadChild_I', 0, NULL, '2020-02-11 02:19:35', '2020-02-25 10:41:43'),
(190, 5, 'Tray', 168, 353, 19900, 0.00, NULL, 3, 34, 'App\\MISHeadChild_I', 0, NULL, '2020-02-11 02:19:35', '2020-02-25 10:41:43'),
(191, 5, 'Rice Spoon', 168, 353, 20000, 0.00, NULL, 3, 34, 'App\\MISHeadChild_I', 0, NULL, '2020-02-11 02:19:35', '2020-02-25 10:41:43'),
(192, 5, 'Curry Spoon', 168, 353, 20100, 0.00, NULL, 3, 34, 'App\\MISHeadChild_I', 0, NULL, '2020-02-11 02:19:35', '2020-02-25 10:41:43'),
(193, 5, 'Half Plate', 168, 353, 20200, 0.00, NULL, 3, 34, 'App\\MISHeadChild_I', 0, NULL, '2020-02-11 02:19:35', '2020-02-25 10:41:43'),
(194, 5, 'Tea Cup', 168, 353, 20300, 0.00, NULL, 3, 34, 'App\\MISHeadChild_I', 0, NULL, '2020-02-11 02:19:35', '2020-02-25 10:41:43'),
(195, 4, 'Shampoo (3ml)-Small Packet', 163, 353, 20400, 0.00, NULL, 3, 35, 'App\\MISHeadChild_I', 0, NULL, '2020-02-11 02:19:35', '2020-02-19 16:00:30'),
(196, 4, 'Shampoo (6ml)-Standard Packet', 163, 353, 20500, 0.00, NULL, 3, 35, 'App\\MISHeadChild_I', 0, NULL, '2020-02-11 02:19:35', '2020-02-19 16:00:30'),
(197, 4, 'Miniket Rice', 16, 353, 20600, 0.00, NULL, 1, 1, 'App\\MISHeadChild_I', 1, '2020-03-09 09:14:28', '2020-02-19 15:29:17', '2020-03-09 09:14:28'),
(198, 4, 'Chilly-Kacha', 16, 353, 20700, 0.00, NULL, 1, 4, 'App\\MISHeadChild_I', 1, NULL, '2020-02-19 15:42:22', '2020-02-19 15:42:47'),
(199, 4, 'Dhoniya', 16, 353, 20800, 0.00, NULL, 1, 4, 'App\\MISHeadChild_I', 1, NULL, '2020-02-19 15:44:54', '2020-02-25 10:16:09'),
(200, 4, 'Dhoniya-Pata', 16, 353, 20900, 0.00, NULL, 1, 4, 'App\\MISHeadChild_I', 1, NULL, '2020-02-19 15:45:10', '2020-02-19 15:45:10'),
(201, 4, 'Hand Towal Tissue', 163, 353, 21000, 0.00, NULL, 3, 13, 'App\\MISHeadChild_I', 1, NULL, '2020-02-19 15:50:33', '2020-02-19 15:51:04'),
(202, 4, 'Tea Cup', 16, 353, 21100, 0.00, NULL, 3, 16, 'App\\MISHeadChild_I', 1, NULL, '2020-02-19 16:01:43', '2020-02-19 16:02:06'),
(203, 4, 'heloo', 16, 353, 21200, 0.00, NULL, 1, 36, 'App\\MISHeadChild_I', 1, '2020-02-22 04:29:42', '2020-02-22 04:29:28', '2020-02-22 04:29:42'),
(204, 4, 'One Time Coffee Cup', 16, 353, 21300, 0.00, NULL, 3, 31, 'App\\MISHeadChild_I', 1, NULL, '2020-02-23 08:34:28', '2020-02-23 08:34:28'),
(205, 4, 'Chilly Powder', 16, 353, 21400, 0.00, NULL, 1, 4, 'App\\MISHeadChild_I', 1, NULL, '2020-02-23 08:40:39', '2020-02-23 08:40:39'),
(206, 4, 'Halud Powder', 16, 353, 21500, 0.00, NULL, 1, 4, 'App\\MISHeadChild_I', 1, NULL, '2020-02-23 08:41:11', '2020-02-23 08:41:11'),
(207, 4, 'Malaikari', 16, 353, 21600, 0.00, NULL, 1, 37, 'App\\MISHeadChild_I', 1, NULL, '2020-02-23 09:58:27', '2020-02-23 09:58:27'),
(208, 4, 'Sweet-Lencha', 16, 353, 21700, 0.00, NULL, 1, 37, 'App\\MISHeadChild_I', 1, NULL, '2020-02-23 09:58:42', '2020-02-23 09:58:42'),
(209, 4, 'Sweet', 16, 353, 21800, 0.00, NULL, 1, 37, 'App\\MISHeadChild_I', 1, NULL, '2020-02-23 09:58:55', '2020-02-23 09:58:55'),
(210, 4, 'Banana', 16, 353, 21900, 0.00, NULL, 3, 38, 'App\\MISHeadChild_I', 1, NULL, '2020-02-23 10:06:55', '2020-02-23 10:06:55'),
(211, 4, 'Apple', 16, 353, 22000, 0.00, NULL, 1, 38, 'App\\MISHeadChild_I', 1, NULL, '2020-02-23 10:07:10', '2020-02-23 10:07:10'),
(212, 4, 'Orange', 16, 353, 22100, 0.00, NULL, 1, 38, 'App\\MISHeadChild_I', 1, NULL, '2020-02-23 10:07:30', '2020-02-23 10:07:30'),
(213, 4, 'Guova', 16, 353, 22200, 0.00, NULL, 1, 38, 'App\\MISHeadChild_I', 1, NULL, '2020-02-23 10:07:47', '2020-02-23 10:07:47'),
(214, 4, 'Chilly-Dry', 16, 353, 22300, 0.00, NULL, 1, 4, 'App\\MISHeadChild_I', 1, NULL, '2020-02-23 10:19:14', '2020-02-23 10:19:14'),
(215, 4, 'Plaine Cake', 16, 353, 22400, 0.00, NULL, 3, 9, 'App\\MISHeadChild_I', 1, NULL, '2020-02-23 10:33:29', '2020-02-23 10:33:29'),
(216, 4, 'Lal Shak', 16, 353, 22500, 0.00, NULL, 1, 7, 'App\\MISHeadChild_I', 1, NULL, '2020-02-25 04:51:04', '2020-02-25 04:51:04'),
(217, 4, 'Grapes', 16, 353, 22600, 0.00, NULL, 1, 38, 'App\\MISHeadChild_I', 1, NULL, '2020-02-25 05:00:11', '2020-02-25 05:00:11'),
(218, 4, 'Boroi', 16, 353, 22700, 0.00, NULL, 1, 38, 'App\\MISHeadChild_I', 1, NULL, '2020-02-25 12:20:16', '2020-02-25 12:20:16'),
(219, 4, 'Truth Pic', 16, 353, 22800, 0.00, NULL, 3, 24, 'App\\MISHeadChild_I', 1, NULL, '2020-03-03 06:47:23', '2020-03-03 06:47:23'),
(220, 4, 'Food Cake', 16, 353, 22900, 0.00, NULL, 3, 9, 'App\\MISHeadChild_I', 1, NULL, '2020-03-03 06:53:58', '2020-03-03 06:53:58'),
(221, 4, 'Kacha Kola', 16, 353, 23000, 0.00, NULL, 3, 7, 'App\\MISHeadChild_I', 1, NULL, '2020-03-03 07:30:31', '2020-03-03 07:30:47'),
(222, 4, 'Birani Mosla', 16, 353, 23100, 0.00, NULL, 2, 24, 'App\\MISHeadChild_I', 1, NULL, '2020-03-05 06:10:11', '2021-05-01 05:52:00'),
(223, 4, 'Achar', 16, 353, 23200, 0.00, NULL, 3, 24, 'App\\MISHeadChild_I', 1, NULL, '2020-03-05 06:30:25', '2020-03-05 06:30:25'),
(224, 4, 'Chicken Burger', 16, 353, 23300, 0.00, NULL, 3, 9, 'App\\MISHeadChild_I', 1, NULL, '2020-03-07 03:28:06', '2020-03-07 03:28:06'),
(225, 4, 'Jafran Bug', 16, 353, 23400, 0.00, NULL, 1, 37, 'App\\MISHeadChild_I', 1, NULL, '2020-03-07 03:45:14', '2020-03-07 03:45:14'),
(226, 4, 'Sorisha', 16, 353, 23500, 0.00, NULL, 1, 4, 'App\\MISHeadChild_I', 1, NULL, '2020-03-07 03:54:06', '2020-03-07 03:54:06'),
(227, 4, 'Harpik', 163, 353, 23600, 0.00, NULL, 3, 19, 'App\\MISHeadChild_I', 1, NULL, '2020-03-07 04:13:45', '2020-03-07 04:13:45'),
(228, 4, 'Toilet Cleaner', 163, 353, 23700, 0.00, NULL, 2, 19, 'App\\MISHeadChild_I', 1, NULL, '2020-03-07 04:15:02', '2020-03-07 04:15:02'),
(229, 4, 'Khejurer Gur', 16, 353, 23800, 0.00, NULL, 1, 37, 'App\\MISHeadChild_I', 1, NULL, '2020-03-07 06:00:38', '2020-03-07 06:00:38'),
(230, 4, 'Milk', 16, 353, 23900, 0.00, NULL, 2, 15, 'App\\MISHeadChild_I', 1, NULL, '2020-03-07 06:09:25', '2020-03-07 06:09:25'),
(231, 4, 'Normal Cake', 16, 353, 24000, 0.00, NULL, 3, 9, 'App\\MISHeadChild_I', 1, NULL, '2020-03-07 06:11:40', '2020-03-07 06:11:40'),
(232, 4, 'Sandwich', 16, 353, 24100, 0.00, NULL, 3, 9, 'App\\MISHeadChild_I', 1, NULL, '2020-03-07 06:29:31', '2020-03-07 06:29:31'),
(233, 4, 'Sammi Kabab', 16, 353, 24200, 0.00, NULL, 3, 9, 'App\\MISHeadChild_I', 1, NULL, '2020-03-07 06:48:06', '2020-03-07 06:48:06'),
(234, 4, 'Sos', 16, 353, 24300, 0.00, NULL, 3, 9, 'App\\MISHeadChild_I', 1, NULL, '2020-03-09 08:26:31', '2020-03-09 08:26:31'),
(235, 4, 'Kacha SharISHA', 16, 353, 24400, 0.00, NULL, 1, 4, 'App\\MISHeadChild_I', 1, '2020-03-09 08:55:05', '2020-03-09 08:50:15', '2020-03-09 08:55:05'),
(236, 4, 'Jam Alo', 16, 353, 24500, 0.00, NULL, 1, 7, 'App\\MISHeadChild_I', 1, NULL, '2020-03-09 09:57:42', '2020-03-09 09:57:42'),
(237, 5, 'Tea-Flags', 168, 353, 24600, 0.00, NULL, 3, 34, 'App\\MISHeadChild_I', 1, NULL, '2020-03-09 10:20:59', '2020-03-09 10:20:59'),
(238, 5, 'Piller (Shosha Katar Machine)', 168, 353, 24700, 0.00, NULL, 3, 34, 'App\\MISHeadChild_I', 1, NULL, '2020-03-09 10:22:02', '2020-03-09 10:22:02'),
(239, 5, 'One Time Coffee Cup', 168, 353, 24800, 0.00, NULL, 3, 34, 'App\\MISHeadChild_I', 1, NULL, '2020-03-09 10:26:07', '2020-03-09 10:26:07'),
(240, 4, 'Suji', 16, 353, 24900, 0.00, NULL, 1, 14, 'App\\MISHeadChild_I', 1, NULL, '2020-03-10 01:48:40', '2020-03-10 01:48:40'),
(241, 4, 'Dry-Cake', 16, 353, 25000, 0.00, NULL, 1, 9, 'App\\MISHeadChild_I', 1, NULL, '2020-03-10 03:02:57', '2020-03-10 03:02:57'),
(242, 4, 'Lao Shak', 16, 353, 25100, 0.00, NULL, 1, 7, 'App\\MISHeadChild_I', 1, NULL, '2020-03-10 05:11:01', '2020-03-10 05:11:01'),
(243, 4, 'Pattish', 16, 353, 25200, 0.00, NULL, 3, 9, 'App\\MISHeadChild_I', 1, NULL, '2020-03-10 07:15:17', '2020-03-10 07:15:17'),
(244, 4, 'Tengra', 16, 353, 25300, 0.00, NULL, 1, 3, 'App\\MISHeadChild_I', 1, NULL, '2020-03-10 08:05:55', '2020-03-10 08:05:55'),
(245, 4, 'Muri', 16, 353, 25400, 0.00, NULL, 1, 9, 'App\\MISHeadChild_I', 1, NULL, '2020-03-10 08:44:35', '2020-03-10 08:44:35'),
(246, 4, 'Chisingga', 16, 353, 25500, 0.00, NULL, 1, 7, 'App\\MISHeadChild_I', 1, NULL, '2020-03-10 11:27:23', '2020-03-10 11:27:23'),
(247, 5, 'Kata Chamos', 168, 353, 25600, 0.00, NULL, 3, 34, 'App\\MISHeadChild_I', 1, NULL, '2020-03-10 11:45:39', '2020-03-10 11:45:39'),
(248, 5, 'SS Chamos', 168, 353, 25700, 0.00, NULL, 3, 34, 'App\\MISHeadChild_I', 1, NULL, '2020-03-10 11:45:59', '2020-03-10 11:45:59'),
(249, 5, 'Salt Pot', 168, 353, 25800, 0.00, NULL, 3, 34, 'App\\MISHeadChild_I', 1, NULL, '2020-03-10 11:46:40', '2020-03-10 11:46:40'),
(250, 4, 'Halud,Moris,Doniya Banganu', 16, 353, 25900, 0.00, NULL, 1, 24, 'App\\MISHeadChild_I', 1, NULL, '2020-03-11 03:51:53', '2020-03-11 03:51:53'),
(251, 3, 'Restaurant (Personal)', 8, 353, 26000, 0.00, NULL, NULL, 3, 'App\\MISHead', 0, NULL, NULL, '2021-04-20 10:07:44'),
(252, 4, 'Sobji Bora', 16, 353, 26100, 0.00, NULL, 3, 9, 'App\\MISHeadChild_I', 1, NULL, '2020-03-11 04:56:31', '2020-03-11 04:56:31'),
(253, 4, 'Coconut', 16, 353, 26200, 0.00, NULL, 3, 38, 'App\\MISHeadChild_I', 1, NULL, '2020-03-14 01:24:29', '2020-03-14 01:24:29'),
(254, 4, 'Facial Tissue-Small', 163, 353, 26300, 0.00, NULL, 3, 13, 'App\\MISHeadChild_I', 1, NULL, '2020-03-14 01:42:51', '2020-03-14 01:42:51'),
(255, 5, 'Sugar', 353, 37, 26400, 0.00, 'For Office use', 1, 2, 'App\\MISHeadChild_I', 1, NULL, '2020-03-18 05:36:43', '2020-03-18 05:36:43'),
(256, 4, 'Teheri Moshola', 16, 353, 26500, 0.00, NULL, 3, 4, 'App\\MISHeadChild_I', 1, NULL, '2020-07-17 01:31:17', '2020-07-17 01:31:17'),
(257, 4, 'Gulsha', 16, 353, 26600, 0.00, NULL, 1, 3, 'App\\MISHeadChild_I', 1, NULL, '2020-07-17 02:17:15', '2020-07-17 02:17:15'),
(258, 4, 'Mutton Head', 16, 353, 26700, 0.00, NULL, 3, 5, 'App\\MISHeadChild_I', 1, NULL, '2020-07-17 06:06:24', '2020-07-17 06:06:24'),
(259, 4, 'Palong Shak', 16, 353, 26800, 0.00, NULL, 1, 7, 'App\\MISHeadChild_I', 1, NULL, '2020-07-17 06:21:52', '2020-07-17 06:21:52'),
(260, 4, 'Ghee', 16, 353, 26900, 0.00, NULL, 1, 40, 'App\\MISHeadChild_I', 1, NULL, '2020-07-17 07:00:21', '2020-07-17 07:00:21'),
(261, 4, 'Chocolate', 16, 353, 27000, 0.00, NULL, 3, 24, 'App\\MISHeadChild_I', 1, NULL, '2020-07-17 07:06:56', '2020-07-17 07:08:00'),
(262, 4, 'Bidhan', 16, 353, 27100, 0.00, NULL, 3, 4, 'App\\MISHeadChild_I', 1, NULL, '2020-07-17 09:23:54', '2020-07-17 09:25:33'),
(263, 4, 'Moshar Koyel', 16, 353, 27200, 0.00, NULL, 3, 41, 'App\\MISHeadChild_I', 1, NULL, '2020-07-17 09:43:42', '2020-07-17 09:43:42'),
(264, 4, 'Sandel', 16, 353, 27300, 0.00, NULL, 4, 42, 'App\\MISHeadChild_I', 1, NULL, '2020-07-17 12:39:53', '2020-07-17 12:39:53'),
(265, 4, 'Poishak', 16, 353, 27400, 0.00, NULL, 1, 7, 'App\\MISHeadChild_I', 1, NULL, '2020-07-21 05:52:15', '2020-07-21 05:52:15'),
(273, 4, 'Rebecca LutsFer', 16, 353, 27500, 0.00, NULL, 3, 46, 'App\\MISHeadChild_I', 1, '2021-05-01 13:45:51', '2021-05-01 13:45:30', '2021-05-01 13:45:51');

-- --------------------------------------------------------

--
-- Table structure for table `m4_mis_vouchers_i`
--

CREATE TABLE `m4_mis_vouchers_i` (
  `id` int(10) UNSIGNED NOT NULL,
  `mis_head_id` int(10) UNSIGNED NOT NULL,
  `ledger_head_id` int(10) UNSIGNED NOT NULL,
  `date_id` int(10) UNSIGNED NOT NULL,
  `voucher_id` int(10) UNSIGNED NOT NULL,
  `deleted_at` timestamp NULL DEFAULT NULL,
  `created_at` timestamp NULL DEFAULT NULL,
  `updated_at` timestamp NULL DEFAULT NULL
) ENGINE=InnoDB DEFAULT CHARSET=utf8mb4 COLLATE=utf8mb4_unicode_ci;

-- --------------------------------------------------------

--
-- Table structure for table `migrations`
--

CREATE TABLE `migrations` (
  `id` int(10) UNSIGNED NOT NULL,
  `migration` varchar(191) COLLATE utf8mb4_unicode_ci NOT NULL,
  `batch` int(11) NOT NULL
) ENGINE=InnoDB DEFAULT CHARSET=utf8mb4 COLLATE=utf8mb4_unicode_ci;

--
-- Dumping data for table `migrations`
--

INSERT INTO `migrations` (`id`, `migration`, `batch`) VALUES
(1, '2019_07_03_100000_create_a1_account_heads_table', 1),
(2, '2019_07_03_200000_create_a2_account_head_child_i', 1),
(3, '2019_07_03_300000_create_a3_account_head_child_ii', 1),
(4, '2019_07_03_400000_create_a4_account_head_child_iii', 1),
(5, '2019_07_03_500000_create_a5_account_head_child_iv', 1),
(6, '2019_07_03_600000_create_a6_transaction_heads_table', 1),
(7, '2019_08_13_100000_create_aa1_roles_table', 1),
(8, '2019_08_13_200000_create_aa2_users_table', 1),
(9, '2019_08_13_300000_create_aa3_password_resets_table', 1),
(10, '2019_08_16_160615_create_v1_venues_table', 1),
(11, '2019_09_01_000139_create_h1_building_types_table', 1),
(12, '2019_09_01_100139_create_h2_buildings_table', 1),
(13, '2019_09_01_200139_create_h3_floor_types_table', 1),
(14, '2019_09_01_300139_create_h4_floors_table', 1),
(15, '2019_09_01_400139_create_h5_room_categories_table', 1),
(16, '2019_09_01_500139_create_h6_rooms_table', 1),
(17, '2019_09_04_033048_create_e1_departments_table', 1),
(18, '2019_09_04_133048_create_e2_employee_designations_table', 1),
(19, '2019_09_04_233048_create_e3_salary_grades_table', 1),
(20, '2019_09_04_333048_create_e4_employees_table', 1),
(21, '2019_09_04_433048_create_e5_leave_categories_table', 1),
(22, '2019_09_04_533048_create_e6_leaves_table', 1),
(23, '2019_09_08_500157_create_r5_meal_types_table', 1),
(24, '2019_09_08_600157_create_r6_meal_items_table', 1),
(25, '2019_09_08_700157_create_r7_menu_types_table', 1),
(26, '2019_11_11_100000_create_vv1_voucher_types_table', 1),
(35, '2019_12_12_113448_create_configurations_table', 1),
(42, '2020_01_08_040625_create_suppliers_table', 1),
(43, '2020_01_20_063023_create_r9_food_menu_table', 1),
(44, '2020_01_20_080808_create_r10_food_menu_items_table', 1),
(46, '2020_01_30_041614_create_general_infos_table', 1),
(47, '2020_02_02_060733_create_m1_mis_heads_table', 1),
(48, '2020_02_02_063939_create_m2_mis_head_child_i_table', 1),
(49, '2020_02_02_064016_create_m3_mis_ledger_heads_table', 1),
(51, '2020_02_02_064130_create_s1_unit_types_table', 1),
(52, '2020_02_02_064157_create_s2_units_table', 1),
(53, '2019_11_11_200000_create_vv2_vouchers_table', 2),
(55, '2019_11_11_500000_create_vv5_dates_table', 2),
(56, '2019_11_11_600000_create_vv6_voucher_groups_table', 2),
(57, '2019_11_11_700000_create_vv7_voucher_update_histories_table', 2),
(58, '2019_11_24_400000_create_m4_mis_current_stocks_table', 2),
(59, '2019_11_24_600000_create_m6_purchases_table', 2),
(60, '2019_11_24_700000_create_m7_purchase_groups_table', 2),
(61, '2019_12_23_041801_create_guests_table', 2),
(62, '2019_12_23_041836_create_bookings_table', 2),
(63, '2019_12_23_050024_create_billings_table', 2),
(64, '2019_12_28_090517_create_visitors_table', 2),
(65, '2019_12_30_040536_create_payments_table', 2),
(66, '2020_01_07_055304_create_deliveries_table', 2),
(67, '2020_01_20_102033_create_r11_food_sales_table', 2),
(68, '2020_02_02_064050_create_m4_mis_vouchers_i_table', 2),
(69, '2019_11_11_300000_create_vv3_current_balance_table', 3);

-- --------------------------------------------------------

--
-- Table structure for table `mis_current_stocks`
--

CREATE TABLE `mis_current_stocks` (
  `id` int(10) UNSIGNED NOT NULL,
  `stock_id` int(10) UNSIGNED NOT NULL,
  `date_id` int(10) UNSIGNED NOT NULL,
  `quantity_cr` double(10,3) NOT NULL DEFAULT 0.000,
  `quantity_dr` double(10,3) NOT NULL DEFAULT 0.000,
  `created_at` timestamp NULL DEFAULT NULL,
  `updated_at` timestamp NULL DEFAULT NULL
) ENGINE=InnoDB DEFAULT CHARSET=utf8mb4 COLLATE=utf8mb4_unicode_ci;

--
-- Dumping data for table `mis_current_stocks`
--

INSERT INTO `mis_current_stocks` (`id`, `stock_id`, `date_id`, `quantity_cr`, `quantity_dr`, `created_at`, `updated_at`) VALUES
(1, 223, 1, 0.000, 0.000, '2021-05-04 01:23:55', '2021-05-04 01:23:55'),
(2, 46, 1, 0.000, 0.000, '2021-05-04 01:23:55', '2021-05-04 01:23:55'),
(3, 137, 1, 0.000, 0.000, '2021-05-04 01:23:55', '2021-05-04 01:23:55'),
(4, 139, 1, 0.000, 0.000, '2021-05-04 01:23:55', '2021-05-04 01:23:55'),
(5, 68, 1, 0.000, 0.000, '2021-05-04 01:23:55', '2021-05-04 01:23:55'),
(6, 35, 1, 0.000, 0.000, '2021-05-04 01:23:55', '2021-05-04 01:23:55'),
(7, 211, 1, 0.000, 0.000, '2021-05-04 01:23:55', '2021-05-04 01:23:55'),
(8, 120, 1, 0.000, 0.000, '2021-05-04 01:23:55', '2021-05-04 01:23:55'),
(9, 55, 1, 0.000, 0.000, '2021-05-04 01:23:55', '2021-05-04 01:23:55'),
(10, 29, 1, 0.000, 0.000, '2021-05-04 01:23:55', '2021-05-04 01:23:55'),
(11, 210, 1, 0.000, 0.000, '2021-05-04 01:23:55', '2021-05-04 01:23:55'),
(12, 25, 1, 0.000, 0.000, '2021-05-04 01:23:55', '2021-05-04 01:23:55'),
(13, 59, 1, 0.000, 0.000, '2021-05-04 01:23:55', '2021-05-04 01:23:55'),
(14, 81, 1, 0.000, 0.000, '2021-05-04 01:23:55', '2021-05-04 01:23:55'),
(15, 148, 1, 0.000, 0.000, '2021-05-04 01:23:55', '2021-05-04 01:23:55'),
(16, 262, 1, 0.000, 0.000, '2021-05-04 01:23:55', '2021-05-04 01:23:55'),
(17, 222, 1, 0.000, 0.000, '2021-05-04 01:23:55', '2021-05-04 01:23:55'),
(18, 129, 1, 0.000, 0.000, '2021-05-04 01:23:55', '2021-05-04 01:23:55'),
(19, 84, 1, 0.000, 0.000, '2021-05-04 01:23:55', '2021-05-04 01:23:55'),
(20, 218, 1, 0.000, 0.000, '2021-05-04 01:23:55', '2021-05-04 01:23:55'),
(21, 20, 1, 0.000, 0.000, '2021-05-04 01:23:55', '2021-05-04 01:23:55'),
(22, 114, 1, 0.000, 0.000, '2021-05-04 01:23:55', '2021-05-04 01:23:55'),
(23, 87, 1, 0.000, 0.000, '2021-05-04 01:23:55', '2021-05-04 01:23:55'),
(24, 99, 1, 0.000, 0.000, '2021-05-04 01:23:55', '2021-05-04 01:23:55'),
(25, 75, 1, 0.000, 0.000, '2021-05-04 01:23:55', '2021-05-04 01:23:55'),
(26, 224, 1, 0.000, 0.000, '2021-05-04 01:23:55', '2021-05-04 01:23:55'),
(27, 107, 1, 0.000, 0.000, '2021-05-04 01:23:55', '2021-05-04 01:23:55'),
(28, 61, 1, 0.000, 0.000, '2021-05-04 01:23:55', '2021-05-04 01:23:55'),
(29, 60, 1, 0.000, 0.000, '2021-05-04 01:23:55', '2021-05-04 01:23:55'),
(30, 62, 1, 0.000, 0.000, '2021-05-04 01:23:55', '2021-05-04 01:23:55'),
(31, 51, 1, 0.000, 0.000, '2021-05-04 01:23:55', '2021-05-04 01:23:55'),
(32, 36, 1, 0.000, 0.000, '2021-05-04 01:23:55', '2021-05-04 01:23:55'),
(33, 205, 1, 0.000, 0.000, '2021-05-04 01:23:55', '2021-05-04 01:23:55'),
(34, 214, 1, 0.000, 0.000, '2021-05-04 01:23:55', '2021-05-04 01:23:55'),
(35, 198, 1, 0.000, 0.000, '2021-05-04 01:23:55', '2021-05-04 01:23:55'),
(36, 246, 1, 0.000, 0.000, '2021-05-04 01:23:55', '2021-05-04 01:23:55'),
(37, 261, 1, 0.000, 0.000, '2021-05-04 01:23:55', '2021-05-04 01:23:55'),
(38, 27, 1, 0.000, 0.000, '2021-05-04 01:23:55', '2021-05-04 01:23:55'),
(39, 253, 1, 0.000, 0.000, '2021-05-04 01:23:55', '2021-05-04 01:23:55'),
(40, 149, 1, 0.000, 0.000, '2021-05-04 01:23:55', '2021-05-04 01:23:55'),
(41, 150, 1, 0.000, 0.000, '2021-05-04 01:23:55', '2021-05-04 01:23:55'),
(42, 122, 1, 0.000, 0.000, '2021-05-04 01:23:55', '2021-05-04 01:23:55'),
(43, 34, 1, 0.000, 0.000, '2021-05-04 01:23:55', '2021-05-04 01:23:55'),
(44, 91, 1, 0.000, 0.000, '2021-05-04 01:23:55', '2021-05-04 01:23:55'),
(45, 74, 1, 0.000, 0.000, '2021-05-04 01:23:55', '2021-05-04 01:23:55'),
(46, 199, 1, 0.000, 0.000, '2021-05-04 01:23:55', '2021-05-04 01:23:55'),
(47, 200, 1, 0.000, 0.000, '2021-05-04 01:23:55', '2021-05-04 01:23:55'),
(48, 145, 1, 0.000, 0.000, '2021-05-04 01:23:55', '2021-05-04 01:23:55'),
(49, 32, 1, 0.000, 0.000, '2021-05-04 01:23:55', '2021-05-04 01:23:55'),
(50, 241, 1, 0.000, 0.000, '2021-05-04 01:23:55', '2021-05-04 01:23:55'),
(51, 63, 1, 0.000, 0.000, '2021-05-04 01:23:55', '2021-05-04 01:23:55'),
(52, 138, 1, 0.000, 0.000, '2021-05-04 01:23:55', '2021-05-04 01:23:55'),
(53, 33, 1, 0.000, 0.000, '2021-05-04 01:23:55', '2021-05-04 01:23:55'),
(54, 118, 1, 0.000, 0.000, '2021-05-04 01:23:55', '2021-05-04 01:23:55'),
(55, 254, 1, 0.000, 0.000, '2021-05-04 01:23:55', '2021-05-04 01:23:55'),
(56, 136, 1, 0.000, 0.000, '2021-05-04 01:23:55', '2021-05-04 01:23:55'),
(57, 220, 1, 0.000, 0.000, '2021-05-04 01:23:55', '2021-05-04 01:23:55'),
(58, 70, 1, 0.000, 0.000, '2021-05-04 01:23:55', '2021-05-04 01:23:55'),
(59, 76, 1, 0.000, 0.000, '2021-05-04 01:23:55', '2021-05-04 01:23:55'),
(60, 260, 1, 0.000, 0.000, '2021-05-04 01:23:55', '2021-05-04 01:23:55'),
(61, 57, 1, 0.000, 0.000, '2021-05-04 01:23:55', '2021-05-04 01:23:55'),
(62, 134, 1, 0.000, 0.000, '2021-05-04 01:23:55', '2021-05-04 01:23:55'),
(63, 217, 1, 0.000, 0.000, '2021-05-04 01:23:55', '2021-05-04 01:23:55'),
(64, 257, 1, 0.000, 0.000, '2021-05-04 01:23:55', '2021-05-04 01:23:55'),
(65, 213, 1, 0.000, 0.000, '2021-05-04 01:23:55', '2021-05-04 01:23:55'),
(66, 50, 1, 0.000, 0.000, '2021-05-04 01:23:55', '2021-05-04 01:23:55'),
(67, 206, 1, 0.000, 0.000, '2021-05-04 01:23:55', '2021-05-04 01:23:55'),
(68, 250, 1, 0.000, 0.000, '2021-05-04 01:23:55', '2021-05-04 01:23:55'),
(69, 201, 1, 0.000, 0.000, '2021-05-04 01:23:55', '2021-05-04 01:23:55'),
(70, 135, 1, 0.000, 0.000, '2021-05-04 01:23:55', '2021-05-04 01:23:55'),
(71, 142, 1, 0.000, 0.000, '2021-05-04 01:23:55', '2021-05-04 01:23:55'),
(72, 227, 1, 0.000, 0.000, '2021-05-04 01:23:55', '2021-05-04 01:23:55'),
(73, 21, 1, 0.000, 0.000, '2021-05-04 01:23:55', '2021-05-04 01:23:55'),
(74, 225, 1, 0.000, 0.000, '2021-05-04 01:23:55', '2021-05-04 01:23:55'),
(75, 236, 1, 0.000, 0.000, '2021-05-04 01:23:55', '2021-05-04 01:23:55'),
(76, 37, 1, 0.000, 0.000, '2021-05-04 01:23:55', '2021-05-04 01:23:55'),
(77, 41, 1, 0.000, 0.000, '2021-05-04 01:23:55', '2021-05-04 01:23:55'),
(78, 40, 1, 0.000, 0.000, '2021-05-04 01:23:55', '2021-05-04 01:23:55'),
(79, 221, 1, 0.000, 0.000, '2021-05-04 01:23:55', '2021-05-04 01:23:55'),
(80, 89, 1, 0.000, 0.000, '2021-05-04 01:23:55', '2021-05-04 01:23:55'),
(81, 39, 1, 0.000, 0.000, '2021-05-04 01:23:55', '2021-05-04 01:23:55'),
(82, 22, 1, 0.000, 0.000, '2021-05-04 01:23:55', '2021-05-04 01:23:55'),
(83, 45, 1, 0.000, 0.000, '2021-05-04 01:23:55', '2021-05-04 01:23:55'),
(84, 115, 1, 0.000, 0.000, '2021-05-04 01:23:55', '2021-05-04 01:23:55'),
(85, 229, 1, 0.000, 0.000, '2021-05-04 01:23:55', '2021-05-04 01:23:55'),
(86, 6, 1, 0.000, 0.000, '2021-05-04 01:23:55', '2021-05-04 01:23:55'),
(87, 43, 1, 0.000, 0.000, '2021-05-04 01:23:55', '2021-05-04 01:23:55'),
(88, 90, 1, 0.000, 0.000, '2021-05-04 01:23:55', '2021-05-04 01:23:55'),
(89, 83, 1, 0.000, 0.000, '2021-05-04 01:23:55', '2021-05-04 01:23:55'),
(90, 216, 1, 0.000, 0.000, '2021-05-04 01:23:55', '2021-05-04 01:23:55'),
(91, 78, 1, 0.000, 0.000, '2021-05-04 01:23:55', '2021-05-04 01:23:55'),
(92, 242, 1, 0.000, 0.000, '2021-05-04 01:23:55', '2021-05-04 01:23:55'),
(93, 72, 1, 0.000, 0.000, '2021-05-04 01:23:55', '2021-05-04 01:23:55'),
(94, 147, 1, 0.000, 0.000, '2021-05-04 01:23:55', '2021-05-04 01:23:55'),
(95, 56, 1, 0.000, 0.000, '2021-05-04 01:23:55', '2021-05-04 01:23:55'),
(96, 207, 1, 0.000, 0.000, '2021-05-04 01:23:55', '2021-05-04 01:23:55'),
(97, 113, 1, 0.000, 0.000, '2021-05-04 01:23:55', '2021-05-04 01:23:55'),
(98, 230, 1, 0.000, 0.000, '2021-05-04 01:23:55', '2021-05-04 01:23:55'),
(99, 94, 1, 0.000, 0.000, '2021-05-04 01:23:55', '2021-05-04 01:23:55'),
(100, 95, 1, 0.000, 0.000, '2021-05-04 01:23:55', '2021-05-04 01:23:55'),
(101, 96, 1, 0.000, 0.000, '2021-05-04 01:23:55', '2021-05-04 01:23:55'),
(102, 92, 1, 0.000, 0.000, '2021-05-04 01:23:55', '2021-05-04 01:23:55'),
(103, 93, 1, 0.000, 0.000, '2021-05-04 01:23:55', '2021-05-04 01:23:55'),
(104, 26, 1, 0.000, 0.000, '2021-05-04 01:23:55', '2021-05-04 01:23:55'),
(105, 263, 1, 0.000, 0.000, '2021-05-04 01:23:55', '2021-05-04 01:23:55'),
(106, 112, 1, 0.000, 0.000, '2021-05-04 01:23:55', '2021-05-04 01:23:55'),
(107, 88, 1, 0.000, 0.000, '2021-05-04 01:23:55', '2021-05-04 01:23:55'),
(108, 121, 1, 0.000, 0.000, '2021-05-04 01:23:55', '2021-05-04 01:23:55'),
(109, 111, 1, 0.000, 0.000, '2021-05-04 01:23:55', '2021-05-04 01:23:55'),
(110, 86, 1, 0.000, 0.000, '2021-05-04 01:23:55', '2021-05-04 01:23:55'),
(111, 146, 1, 0.000, 0.000, '2021-05-04 01:23:55', '2021-05-04 01:23:55'),
(112, 245, 1, 0.000, 0.000, '2021-05-04 01:23:55', '2021-05-04 01:23:55'),
(113, 58, 1, 0.000, 0.000, '2021-05-04 01:23:55', '2021-05-04 01:23:55'),
(114, 258, 1, 0.000, 0.000, '2021-05-04 01:23:55', '2021-05-04 01:23:55'),
(115, 231, 1, 0.000, 0.000, '2021-05-04 01:23:55', '2021-05-04 01:23:55'),
(116, 5, 1, 0.000, 0.000, '2021-05-04 01:23:55', '2021-05-04 01:23:55'),
(117, 128, 1, 0.000, 0.000, '2021-05-04 01:23:56', '2021-05-04 01:23:56'),
(118, 204, 1, 0.000, 0.000, '2021-05-04 01:23:56', '2021-05-04 01:23:56'),
(119, 212, 1, 0.000, 0.000, '2021-05-04 01:23:56', '2021-05-04 01:23:56'),
(120, 24, 1, 0.000, 0.000, '2021-05-04 01:23:56', '2021-05-04 01:23:56'),
(121, 54, 1, 0.000, 0.000, '2021-05-04 01:23:56', '2021-05-04 01:23:56'),
(122, 259, 1, 0.000, 0.000, '2021-05-04 01:23:56', '2021-05-04 01:23:56'),
(123, 71, 1, 0.000, 0.000, '2021-05-04 01:23:56', '2021-05-04 01:23:56'),
(124, 243, 1, 0.000, 0.000, '2021-05-04 01:23:56', '2021-05-04 01:23:56'),
(125, 52, 1, 0.000, 0.000, '2021-05-04 01:23:56', '2021-05-04 01:23:56'),
(126, 69, 1, 0.000, 0.000, '2021-05-04 01:23:56', '2021-05-04 01:23:56'),
(127, 64, 1, 0.000, 0.000, '2021-05-04 01:23:56', '2021-05-04 01:23:56'),
(128, 215, 1, 0.000, 0.000, '2021-05-04 01:23:56', '2021-05-04 01:23:56'),
(129, 265, 1, 0.000, 0.000, '2021-05-04 01:23:56', '2021-05-04 01:23:56'),
(130, 7, 1, 0.000, 0.000, '2021-05-04 01:23:56', '2021-05-04 01:23:56'),
(131, 42, 1, 0.000, 0.000, '2021-05-04 01:23:56', '2021-05-04 01:23:56'),
(132, 123, 1, 0.000, 0.000, '2021-05-04 01:23:56', '2021-05-04 01:23:56'),
(133, 124, 1, 0.000, 0.000, '2021-05-04 01:23:56', '2021-05-04 01:23:56'),
(134, 65, 1, 0.000, 0.000, '2021-05-04 01:23:56', '2021-05-04 01:23:56'),
(135, 53, 1, 0.000, 0.000, '2021-05-04 01:23:56', '2021-05-04 01:23:56'),
(136, 23, 1, 0.000, 0.000, '2021-05-04 01:23:56', '2021-05-04 01:23:56'),
(137, 38, 1, 0.000, 0.000, '2021-05-04 01:23:56', '2021-05-04 01:23:56'),
(138, 85, 1, 0.000, 0.000, '2021-05-04 01:23:56', '2021-05-04 01:23:56'),
(139, 233, 1, 0.000, 0.000, '2021-05-04 01:23:56', '2021-05-04 01:23:56'),
(140, 264, 1, 0.000, 0.000, '2021-05-04 01:23:56', '2021-05-04 01:23:56'),
(141, 232, 1, 0.000, 0.000, '2021-05-04 01:23:56', '2021-05-04 01:23:56'),
(142, 195, 1, 0.000, 0.000, '2021-05-04 01:23:56', '2021-05-04 01:23:56'),
(143, 196, 1, 0.000, 0.000, '2021-05-04 01:23:56', '2021-05-04 01:23:56'),
(144, 28, 1, 0.000, 0.000, '2021-05-04 01:23:56', '2021-05-04 01:23:56'),
(145, 80, 1, 0.000, 0.000, '2021-05-04 01:23:56', '2021-05-04 01:23:56'),
(146, 104, 1, 0.000, 0.000, '2021-05-04 01:23:56', '2021-05-04 01:23:56'),
(147, 44, 1, 0.000, 0.000, '2021-05-04 01:23:56', '2021-05-04 01:23:56'),
(148, 131, 1, 0.000, 0.000, '2021-05-04 01:23:56', '2021-05-04 01:23:56'),
(149, 252, 1, 0.000, 0.000, '2021-05-04 01:23:56', '2021-05-04 01:23:56'),
(150, 67, 1, 0.000, 0.000, '2021-05-04 01:23:56', '2021-05-04 01:23:56'),
(151, 66, 1, 0.000, 0.000, '2021-05-04 01:24:15', '2021-05-04 01:24:15'),
(152, 105, 1, 0.000, 0.000, '2021-05-04 01:24:15', '2021-05-04 01:24:15'),
(153, 226, 1, 0.000, 0.000, '2021-05-04 01:24:15', '2021-05-04 01:24:15'),
(154, 117, 1, 0.000, 0.000, '2021-05-04 01:24:15', '2021-05-04 01:24:15'),
(155, 234, 1, 0.000, 0.000, '2021-05-04 01:24:15', '2021-05-04 01:24:15'),
(156, 73, 1, 0.000, 0.000, '2021-05-04 01:24:15', '2021-05-04 01:24:15'),
(157, 109, 1, 0.000, 0.000, '2021-05-04 01:24:15', '2021-05-04 01:24:15'),
(158, 116, 1, 0.000, 0.000, '2021-05-04 01:24:15', '2021-05-04 01:24:15'),
(159, 127, 1, 0.000, 0.000, '2021-05-04 01:24:15', '2021-05-04 01:24:15'),
(160, 240, 1, 0.000, 0.000, '2021-05-04 01:24:15', '2021-05-04 01:24:15'),
(161, 209, 1, 0.000, 0.000, '2021-05-04 01:24:15', '2021-05-04 01:24:15'),
(162, 110, 1, 0.000, 0.000, '2021-05-04 01:24:15', '2021-05-04 01:24:15'),
(163, 108, 1, 0.000, 0.000, '2021-05-04 01:24:15', '2021-05-04 01:24:15'),
(164, 77, 1, 0.000, 0.000, '2021-05-04 01:24:15', '2021-05-04 01:24:15'),
(165, 208, 1, 0.000, 0.000, '2021-05-04 01:24:15', '2021-05-04 01:24:15'),
(166, 30, 1, 0.000, 0.000, '2021-05-04 01:24:15', '2021-05-04 01:24:15'),
(167, 126, 1, 0.000, 0.000, '2021-05-04 01:24:15', '2021-05-04 01:24:15'),
(168, 202, 1, 0.000, 0.000, '2021-05-04 01:24:15', '2021-05-04 01:24:15'),
(169, 125, 1, 0.000, 0.000, '2021-05-04 01:24:15', '2021-05-04 01:24:15'),
(170, 256, 1, 0.000, 0.000, '2021-05-04 01:24:15', '2021-05-04 01:24:15'),
(171, 31, 1, 0.000, 0.000, '2021-05-04 01:24:15', '2021-05-04 01:24:15'),
(172, 244, 1, 0.000, 0.000, '2021-05-04 01:24:15', '2021-05-04 01:24:15'),
(173, 49, 1, 0.000, 0.000, '2021-05-04 01:24:15', '2021-05-04 01:24:15'),
(174, 130, 1, 0.000, 0.000, '2021-05-04 01:24:15', '2021-05-04 01:24:15'),
(175, 228, 1, 0.000, 0.000, '2021-05-04 01:24:15', '2021-05-04 01:24:15'),
(176, 119, 1, 0.000, 0.000, '2021-05-04 01:24:15', '2021-05-04 01:24:15'),
(177, 82, 1, 0.000, 0.000, '2021-05-04 01:24:15', '2021-05-04 01:24:15'),
(178, 47, 1, 0.000, 0.000, '2021-05-04 01:24:15', '2021-05-04 01:24:15'),
(179, 143, 1, 0.000, 0.000, '2021-05-04 01:24:15', '2021-05-04 01:24:15'),
(180, 144, 1, 0.000, 0.000, '2021-05-04 01:24:15', '2021-05-04 01:24:15'),
(181, 219, 1, 0.000, 0.000, '2021-05-04 01:24:15', '2021-05-04 01:24:15'),
(182, 106, 1, 0.000, 0.000, '2021-05-04 01:24:15', '2021-05-04 01:24:15'),
(183, 79, 1, 0.000, 0.000, '2021-05-04 01:24:15', '2021-05-04 01:24:15'),
(184, 48, 1, 0.000, 0.000, '2021-05-04 01:24:15', '2021-05-04 01:24:15'),
(185, 133, 1, 0.000, 0.000, '2021-05-04 01:24:15', '2021-05-04 01:24:15'),
(186, 132, 1, 0.000, 0.000, '2021-05-04 01:24:15', '2021-05-04 01:24:15'),
(187, 140, 1, 0.000, 0.000, '2021-05-04 01:24:15', '2021-05-04 01:24:15'),
(188, 141, 1, 0.000, 0.000, '2021-05-04 01:24:15', '2021-05-04 01:24:15'),
(189, 17, 1, 0.000, 0.000, '2021-05-04 01:25:42', '2021-05-04 01:25:42'),
(190, 14, 1, 0.000, 0.000, '2021-05-04 01:25:42', '2021-05-04 01:25:42'),
(191, 151, 1, 0.000, 0.000, '2021-05-04 01:25:42', '2021-05-04 01:25:42'),
(192, 160, 1, 0.000, 0.000, '2021-05-04 01:25:42', '2021-05-04 01:25:42'),
(193, 186, 1, 0.000, 0.000, '2021-05-04 01:25:42', '2021-05-04 01:25:42'),
(194, 187, 1, 0.000, 0.000, '2021-05-04 01:25:42', '2021-05-04 01:25:42'),
(195, 152, 1, 0.000, 0.000, '2021-05-04 01:25:42', '2021-05-04 01:25:42'),
(196, 155, 1, 0.000, 0.000, '2021-05-04 01:25:42', '2021-05-04 01:25:42'),
(197, 10, 1, 0.000, 0.000, '2021-05-04 01:25:42', '2021-05-04 01:25:42'),
(198, 162, 1, 0.000, 0.000, '2021-05-04 01:25:42', '2021-05-04 01:25:42'),
(199, 163, 1, 0.000, 0.000, '2021-05-04 01:25:42', '2021-05-04 01:25:42'),
(200, 11, 1, 0.000, 0.000, '2021-05-04 01:25:42', '2021-05-04 01:25:42'),
(201, 167, 1, 0.000, 0.000, '2021-05-04 01:25:42', '2021-05-04 01:25:42'),
(202, 188, 1, 0.000, 0.000, '2021-05-04 01:25:42', '2021-05-04 01:25:42'),
(203, 192, 1, 0.000, 0.000, '2021-05-04 01:25:42', '2021-05-04 01:25:42'),
(204, 181, 1, 0.000, 0.000, '2021-05-04 01:25:42', '2021-05-04 01:25:42'),
(205, 166, 1, 0.000, 0.000, '2021-05-04 01:25:42', '2021-05-04 01:25:42'),
(206, 159, 1, 0.000, 0.000, '2021-05-04 01:25:42', '2021-05-04 01:25:42'),
(207, 164, 1, 0.000, 0.000, '2021-05-04 01:25:42', '2021-05-04 01:25:42'),
(208, 172, 1, 0.000, 0.000, '2021-05-04 01:25:42', '2021-05-04 01:25:42'),
(209, 179, 1, 0.000, 0.000, '2021-05-04 01:25:42', '2021-05-04 01:25:42'),
(210, 173, 1, 0.000, 0.000, '2021-05-04 01:25:42', '2021-05-04 01:25:42'),
(211, 193, 1, 0.000, 0.000, '2021-05-04 01:25:42', '2021-05-04 01:25:42'),
(212, 247, 1, 0.000, 0.000, '2021-05-04 01:25:42', '2021-05-04 01:25:42'),
(213, 176, 1, 0.000, 0.000, '2021-05-04 01:25:42', '2021-05-04 01:25:42'),
(214, 183, 1, 0.000, 0.000, '2021-05-04 01:25:42', '2021-05-04 01:25:42'),
(215, 171, 1, 0.000, 0.000, '2021-05-04 01:25:42', '2021-05-04 01:25:42'),
(216, 239, 1, 0.000, 0.000, '2021-05-04 01:25:42', '2021-05-04 01:25:42'),
(217, 18, 1, 0.000, 0.000, '2021-05-04 01:25:42', '2021-05-04 01:25:42'),
(218, 175, 1, 0.000, 0.000, '2021-05-04 01:25:42', '2021-05-04 01:25:42'),
(219, 174, 1, 0.000, 0.000, '2021-05-04 01:25:42', '2021-05-04 01:25:42'),
(220, 238, 1, 0.000, 0.000, '2021-05-04 01:25:42', '2021-05-04 01:25:42'),
(221, 182, 1, 0.000, 0.000, '2021-05-04 01:25:42', '2021-05-04 01:25:42'),
(222, 13, 1, 0.000, 0.000, '2021-05-04 01:25:42', '2021-05-04 01:25:42'),
(223, 185, 1, 0.000, 0.000, '2021-05-04 01:25:42', '2021-05-04 01:25:42'),
(224, 184, 1, 0.000, 0.000, '2021-05-04 01:25:42', '2021-05-04 01:25:42'),
(225, 191, 1, 0.000, 0.000, '2021-05-04 01:25:43', '2021-05-04 01:25:43'),
(226, 157, 1, 0.000, 0.000, '2021-05-04 01:25:43', '2021-05-04 01:25:43'),
(227, 189, 1, 0.000, 0.000, '2021-05-04 01:25:43', '2021-05-04 01:25:43'),
(228, 249, 1, 0.000, 0.000, '2021-05-04 01:25:43', '2021-05-04 01:25:43'),
(229, 154, 1, 0.000, 0.000, '2021-05-04 01:25:43', '2021-05-04 01:25:43'),
(230, 180, 1, 0.000, 0.000, '2021-05-04 01:25:43', '2021-05-04 01:25:43'),
(231, 153, 1, 0.000, 0.000, '2021-05-04 01:25:43', '2021-05-04 01:25:43'),
(232, 158, 1, 0.000, 0.000, '2021-05-04 01:25:43', '2021-05-04 01:25:43'),
(233, 161, 1, 0.000, 0.000, '2021-05-04 01:25:43', '2021-05-04 01:25:43'),
(234, 177, 1, 0.000, 0.000, '2021-05-04 01:25:43', '2021-05-04 01:25:43'),
(235, 178, 1, 0.000, 0.000, '2021-05-04 01:25:43', '2021-05-04 01:25:43'),
(236, 16, 1, 0.000, 0.000, '2021-05-04 01:25:43', '2021-05-04 01:25:43'),
(237, 248, 1, 0.000, 0.000, '2021-05-04 01:25:43', '2021-05-04 01:25:43'),
(238, 19, 1, 0.000, 0.000, '2021-05-04 01:25:43', '2021-05-04 01:25:43'),
(239, 255, 1, 0.000, 0.000, '2021-05-04 01:25:43', '2021-05-04 01:25:43'),
(240, 168, 1, 0.000, 0.000, '2021-05-04 01:25:43', '2021-05-04 01:25:43'),
(241, 9, 1, 0.000, 0.000, '2021-05-04 01:25:43', '2021-05-04 01:25:43'),
(242, 194, 1, 0.000, 0.000, '2021-05-04 01:25:43', '2021-05-04 01:25:43'),
(243, 156, 1, 0.000, 0.000, '2021-05-04 01:25:43', '2021-05-04 01:25:43'),
(244, 237, 1, 0.000, 0.000, '2021-05-04 01:25:43', '2021-05-04 01:25:43'),
(245, 169, 1, 0.000, 0.000, '2021-05-04 01:25:43', '2021-05-04 01:25:43'),
(246, 12, 1, 0.000, 0.000, '2021-05-04 01:25:43', '2021-05-04 01:25:43'),
(247, 165, 1, 0.000, 0.000, '2021-05-04 01:25:43', '2021-05-04 01:25:43'),
(248, 190, 1, 0.000, 0.000, '2021-05-04 01:25:43', '2021-05-04 01:25:43'),
(249, 15, 1, 0.000, 0.000, '2021-05-04 01:25:43', '2021-05-04 01:25:43'),
(250, 170, 1, 0.000, 0.000, '2021-05-04 01:25:43', '2021-05-04 01:25:43');

-- --------------------------------------------------------

--
-- Table structure for table `password_resets`
--

CREATE TABLE `password_resets` (
  `email` varchar(30) COLLATE utf8mb4_unicode_ci NOT NULL,
  `token` varchar(191) COLLATE utf8mb4_unicode_ci NOT NULL,
  `created_at` timestamp NULL DEFAULT NULL
) ENGINE=InnoDB DEFAULT CHARSET=utf8mb4 COLLATE=utf8mb4_unicode_ci;

-- --------------------------------------------------------

--
-- Table structure for table `payments`
--

CREATE TABLE `payments` (
  `id` int(10) UNSIGNED NOT NULL,
  `billing_id` int(10) UNSIGNED NOT NULL,
  `payment_type` varchar(191) COLLATE utf8mb4_unicode_ci DEFAULT NULL,
  `amount` double(14,2) NOT NULL DEFAULT 0.00,
  `note` text COLLATE utf8mb4_unicode_ci DEFAULT NULL,
  `mis_voucher_id` int(10) UNSIGNED NOT NULL,
  `deleted_at` timestamp NULL DEFAULT NULL,
  `created_at` timestamp NULL DEFAULT NULL,
  `updated_at` timestamp NULL DEFAULT NULL
) ENGINE=InnoDB DEFAULT CHARSET=utf8mb4 COLLATE=utf8mb4_unicode_ci;

-- --------------------------------------------------------

--
-- Table structure for table `purchases`
--

CREATE TABLE `purchases` (
  `id` int(10) UNSIGNED NOT NULL,
  `mis_voucher_id` int(10) UNSIGNED NOT NULL,
  `date_id` int(10) UNSIGNED NOT NULL,
  `purchase_group_id` int(10) UNSIGNED NOT NULL,
  `current_stock_id` int(10) UNSIGNED NOT NULL,
  `stock_id` int(10) UNSIGNED NOT NULL,
  `amount` double(14,2) NOT NULL DEFAULT 0.00,
  `unit_id` int(10) UNSIGNED NOT NULL,
  `supplier_id` int(10) UNSIGNED NOT NULL,
  `receiver_id` int(10) UNSIGNED NOT NULL,
  `deleted_at` timestamp NULL DEFAULT NULL,
  `created_at` timestamp NULL DEFAULT NULL,
  `updated_at` timestamp NULL DEFAULT NULL
) ENGINE=InnoDB DEFAULT CHARSET=utf8mb4 COLLATE=utf8mb4_unicode_ci;

-- --------------------------------------------------------

--
-- Table structure for table `purchase_groups`
--

CREATE TABLE `purchase_groups` (
  `id` int(10) UNSIGNED NOT NULL,
  `mis_head_id` int(10) UNSIGNED NOT NULL,
  `date_id` int(10) UNSIGNED NOT NULL,
  `user_id` int(10) UNSIGNED NOT NULL,
  `note` text COLLATE utf8mb4_unicode_ci DEFAULT NULL,
  `deleted_at` timestamp NULL DEFAULT NULL,
  `created_at` timestamp NULL DEFAULT NULL,
  `updated_at` timestamp NULL DEFAULT NULL
) ENGINE=InnoDB DEFAULT CHARSET=utf8mb4 COLLATE=utf8mb4_unicode_ci;

-- --------------------------------------------------------

--
-- Table structure for table `r5_meal_types`
--

CREATE TABLE `r5_meal_types` (
  `id` int(10) UNSIGNED NOT NULL,
  `name` varchar(100) COLLATE utf8mb4_unicode_ci NOT NULL,
  `description` varchar(255) COLLATE utf8mb4_unicode_ci DEFAULT NULL,
  `created_at` timestamp NULL DEFAULT NULL,
  `updated_at` timestamp NULL DEFAULT NULL
) ENGINE=InnoDB DEFAULT CHARSET=utf8mb4 COLLATE=utf8mb4_unicode_ci;

--
-- Dumping data for table `r5_meal_types`
--

INSERT INTO `r5_meal_types` (`id`, `name`, `description`, `created_at`, `updated_at`) VALUES
(1, 'Fish', 'fish', '2019-12-02 15:58:46', NULL),
(2, 'Rice', 'Rice', '2019-12-02 15:59:37', NULL),
(3, 'Meat', 'Meat', '2019-12-02 15:59:46', NULL),
(4, 'Drinks', 'Drinks', '2019-12-02 15:59:55', NULL),
(6, 'Water', 'Water', '2020-01-20 01:36:12', NULL),
(7, 'Fruit', 'Fruit', '2020-01-20 02:53:45', NULL),
(8, 'Sweet', 'Sweet', '2020-01-20 02:54:02', NULL),
(9, 'Fastfood Item', 'Fastfood Item', '2020-01-20 02:54:30', NULL),
(10, 'Vegetables', 'Vegetables', '2020-01-20 02:55:20', NULL),
(11, 'Biriani', 'Biriani', '2020-01-20 03:10:09', NULL),
(12, 'Egg', 'Egg', '2020-01-20 03:14:51', NULL),
(13, 'Ruti', 'Ruti', '2020-01-20 04:08:47', NULL),
(14, 'Tea', 'Tea', '2020-01-20 04:09:47', NULL),
(15, 'Dal', 'Dal', '2020-01-20 04:10:09', NULL),
(16, 'Salad', 'Salad', '2020-01-20 04:18:59', NULL),
(17, 'Biscuits', 'Biscuits', '2020-01-20 22:11:14', NULL),
(18, 'Curds (Doi)', 'Curds (Doi)', '2020-01-20 22:17:59', NULL);

-- --------------------------------------------------------

--
-- Table structure for table `r6_meal_items`
--

CREATE TABLE `r6_meal_items` (
  `id` int(10) UNSIGNED NOT NULL,
  `name` varchar(100) COLLATE utf8mb4_unicode_ci NOT NULL,
  `price` int(11) NOT NULL,
  `meal_type_id` int(10) UNSIGNED NOT NULL,
  `description` varchar(255) COLLATE utf8mb4_unicode_ci DEFAULT NULL,
  `created_at` timestamp NULL DEFAULT NULL,
  `updated_at` timestamp NULL DEFAULT NULL
) ENGINE=InnoDB DEFAULT CHARSET=utf8mb4 COLLATE=utf8mb4_unicode_ci;

--
-- Dumping data for table `r6_meal_items`
--

INSERT INTO `r6_meal_items` (`id`, `name`, `price`, `meal_type_id`, `description`, `created_at`, `updated_at`) VALUES
(1, 'Plain Rice', 30, 2, NULL, '2019-12-02 21:00:47', NULL),
(2, 'Polau Rice', 60, 2, NULL, '2019-12-02 21:01:05', NULL),
(3, 'Hilsa Fish (Ilish)', 160, 1, NULL, '2019-12-02 21:01:21', NULL),
(4, 'Prawn (Chingri) Standard', 160, 1, NULL, '2019-12-02 21:01:41', NULL),
(6, 'Khichuri', 30, 2, NULL, '2020-01-20 08:14:25', NULL),
(7, 'Egg Curry', 25, 12, NULL, '2020-01-20 08:17:41', NULL),
(8, 'Egg Korma', 35, 12, NULL, '2020-01-20 08:17:51', NULL),
(9, 'Egg Mamlet', 20, 12, NULL, '2020-01-20 08:18:19', NULL),
(10, 'Chiken Biriani (Full)', 240, 11, NULL, '2020-01-20 08:26:53', NULL),
(11, 'Mutton Kacchi Biriyani (Full)', 320, 11, NULL, '2020-01-20 08:32:41', NULL),
(12, 'Teheri (Full)', 300, 11, NULL, '2020-01-20 08:33:42', NULL),
(13, '.5 Litre water', 15, 6, NULL, '2020-01-20 08:55:26', NULL),
(14, '1 litre water', 20, 6, NULL, '2020-01-20 08:56:04', NULL),
(15, 'Ruti', 15, 13, NULL, '2020-01-20 09:09:31', NULL),
(16, 'Dal', 20, 15, NULL, '2020-01-20 09:10:30', NULL),
(17, 'Tea', 10, 14, NULL, '2020-01-20 09:10:54', NULL),
(18, 'Salad', 10, 16, NULL, '2020-01-20 09:19:25', NULL),
(19, 'Singra', 10, 9, NULL, '2020-01-21 03:10:34', NULL),
(20, 'Biscuits', 10, 17, NULL, '2020-01-21 03:11:55', NULL),
(21, 'Mixed Vagetables', 30, 10, NULL, '2020-01-21 03:14:33', NULL),
(22, 'Mutton Curry', 150, 3, NULL, '2020-01-21 03:15:41', NULL),
(23, 'Rui Fish Curry', 110, 1, NULL, '2020-01-21 03:16:17', NULL),
(24, 'Mogh Dal', 20, 15, NULL, '2020-01-21 03:16:43', NULL),
(25, 'Curds (Doi)', 25, 18, NULL, '2020-01-21 03:18:19', NULL),
(26, 'All time Cake', 15, 9, NULL, '2020-01-21 03:28:46', NULL),
(27, 'Plain Cake', 25, 9, NULL, '2020-01-21 03:29:24', NULL),
(28, 'Banana', 10, 7, NULL, '2020-01-21 03:29:47', NULL),
(29, 'Coffee', 40, 14, NULL, '2020-01-21 03:32:06', NULL),
(30, 'Begun Vazi 1pcs', 10, 10, NULL, '2020-01-21 05:37:45', NULL),
(31, 'Beef Curry', 120, 3, NULL, '2020-01-21 05:38:12', NULL),
(32, 'Begun Vazi 2 Pcs', 20, 10, NULL, '2020-01-21 05:38:41', NULL),
(33, 'Begun Vorta', 20, 10, NULL, '2020-01-21 05:39:20', NULL),
(34, 'Banana Vorta', 20, 10, NULL, '2020-01-21 05:40:23', NULL),
(35, 'Taki Fish Vorta', 25, 1, NULL, '2020-01-21 05:40:51', NULL),
(36, 'Somocha', 10, 9, NULL, '2020-01-29 07:28:41', NULL),
(37, 'Shol Fish Curry', 160, 1, NULL, '2020-01-29 07:33:56', NULL),
(38, 'Chicken Curry', 110, 3, NULL, '2020-02-08 04:39:50', NULL),
(39, 'Mineral Water (330ml)', 10, 6, '2000ml for 4 person', '2020-02-08 04:41:07', NULL),
(40, 'Mineral Water (500ml)', 15, 6, NULL, '2020-02-08 04:41:18', NULL),
(41, 'Mineral Water (1000ml)', 20, 6, NULL, '2020-02-08 04:41:29', NULL),
(42, 'Mineral Water (1500ml)', 25, 6, NULL, '2020-02-08 04:41:42', NULL),
(43, 'Mineral Water (2000ml)', 30, 6, NULL, '2020-02-08 04:44:17', NULL),
(44, 'Dal Vorta', 20, 15, NULL, '2020-02-08 04:57:42', NULL),
(45, 'Batai Fish Curry', 110, 1, NULL, '2020-02-08 04:59:06', NULL),
(46, 'Bowal Fish Curry', 160, 1, NULL, '2020-02-08 04:59:35', NULL),
(48, 'Sweet', 30, 8, NULL, '2020-02-08 05:14:18', NULL),
(49, 'Salad for breakfast', 5, 16, NULL, '2020-02-16 09:56:46', NULL),
(50, 'Vegetable With Small Chingri', 40, 10, NULL, '2020-02-17 10:47:47', NULL),
(51, 'Apple', 30, 7, NULL, '2020-02-17 10:48:40', NULL),
(52, 'Soft Drinks (250ml)', 25, 4, NULL, '2020-02-17 11:22:28', NULL),
(53, 'Sprite (250ml)', 25, 4, NULL, '2020-02-17 11:23:45', NULL),
(54, '7 Up (250ml)', 20, 4, NULL, '2020-02-17 11:24:14', NULL),
(55, 'Beef Curry 1 Piece', 60, 3, NULL, '2020-02-17 11:29:14', NULL),
(56, 'Duck Meat Curry', 160, 3, NULL, '2020-02-25 12:32:03', NULL),
(57, 'Lal Shak', 25, 10, NULL, '2020-02-25 12:47:19', NULL),
(58, 'Apple Cool (Boroi)', 20, 7, NULL, '2020-02-25 12:54:47', NULL),
(59, 'Lal Shak With Chingri', 40, 10, NULL, '2020-03-03 08:26:18', NULL),
(60, 'Piece Cake', 20, 9, NULL, '2020-03-03 08:37:31', NULL),
(61, 'Beef Curry-3PCS', 180, 3, NULL, '2020-03-03 09:56:53', NULL),
(62, 'Vegetable Roll', 45, 9, NULL, '2020-03-07 08:21:22', NULL),
(63, 'Singara 2 Piece', 20, 9, NULL, '2020-03-09 07:23:01', NULL),
(64, 'Sandwich', 60, 9, NULL, '2020-03-09 08:22:06', NULL),
(65, 'Sos', 5, 9, NULL, '2020-03-09 08:24:07', NULL),
(66, 'Korolla Bhazi With Chingri Fish', 50, 1, NULL, '2020-03-10 02:24:20', NULL),
(67, 'Patil Doi', 40, 18, NULL, '2020-03-10 02:28:23', NULL),
(68, 'Dry Cake', 20, 17, NULL, '2020-03-10 05:00:10', NULL),
(69, 'Pattish', 30, 9, NULL, '2020-03-10 07:15:42', NULL),
(70, 'Kaschi Biriyani-Half', 160, 11, NULL, '2020-03-10 11:39:21', NULL),
(71, 'Kaschi Biriyani Full', 320, 11, NULL, '2020-03-10 14:04:47', NULL),
(72, 'Chicken Curry-Deshi', 160, 3, NULL, '2020-03-10 15:03:25', NULL),
(73, 'Egg Buna', 20, 12, NULL, '2020-03-11 07:34:30', NULL),
(74, 'Chatni', 10, 9, NULL, '2020-03-11 07:52:11', NULL),
(75, 'Boter Dal With Fish', 50, 15, NULL, '2020-03-11 07:58:27', NULL),
(76, 'Khejur Payes', 50, 8, NULL, '2020-03-11 08:06:20', NULL),
(77, 'Chilly Vorta', 10, 10, NULL, '2020-03-14 03:33:40', NULL),
(78, 'Grapes', 40, 7, NULL, '2020-03-14 05:37:06', NULL),
(79, 'Burger', 60, 9, NULL, '2020-03-14 05:39:20', NULL),
(80, 'Chingri fish with lao', 50, 1, NULL, '2020-07-16 09:29:46', NULL),
(81, 'Chicken Biriyani (Half)', 170, 2, NULL, '2020-07-17 08:19:04', NULL),
(82, 'Parcel Box', 5, 2, NULL, '2020-07-21 03:58:43', NULL);

-- --------------------------------------------------------

--
-- Table structure for table `r7_menu_types`
--

CREATE TABLE `r7_menu_types` (
  `id` int(10) UNSIGNED NOT NULL,
  `name` varchar(100) COLLATE utf8mb4_unicode_ci NOT NULL,
  `description` varchar(255) COLLATE utf8mb4_unicode_ci DEFAULT NULL,
  `created_at` timestamp NULL DEFAULT NULL,
  `updated_at` timestamp NULL DEFAULT NULL
) ENGINE=InnoDB DEFAULT CHARSET=utf8mb4 COLLATE=utf8mb4_unicode_ci;

--
-- Dumping data for table `r7_menu_types`
--

INSERT INTO `r7_menu_types` (`id`, `name`, `description`, `created_at`, `updated_at`) VALUES
(1, 'Breakfast', NULL, '2019-12-02 15:53:51', NULL),
(2, 'Lunch', NULL, '2019-12-02 15:54:02', NULL),
(4, 'Morning Snacks', NULL, '2020-01-20 04:11:28', NULL),
(5, 'Dinner', NULL, '2020-01-20 22:46:17', NULL),
(6, 'Evening Snacks', 'Evening Snacks', '2020-01-20 22:47:17', NULL);

-- --------------------------------------------------------

--
-- Table structure for table `r9_food_menu`
--

CREATE TABLE `r9_food_menu` (
  `id` int(10) UNSIGNED NOT NULL,
  `menu_type_id` int(10) UNSIGNED NOT NULL,
  `name` varchar(191) COLLATE utf8mb4_unicode_ci NOT NULL,
  `price` double(10,2) NOT NULL DEFAULT 0.00,
  `created_at` timestamp NULL DEFAULT NULL,
  `updated_at` timestamp NULL DEFAULT NULL
) ENGINE=InnoDB DEFAULT CHARSET=utf8mb4 COLLATE=utf8mb4_unicode_ci;

--
-- Dumping data for table `r9_food_menu`
--

INSERT INTO `r9_food_menu` (`id`, `menu_type_id`, `name`, `price`, `created_at`, `updated_at`) VALUES
(1, 1, 'Breakfast (R)', 70.00, '2020-01-20 09:24:31', '2020-01-20 09:24:31'),
(2, 1, 'Morining Snaks 1', 30.00, '2020-01-21 03:14:52', '2020-01-21 03:14:52'),
(5, 4, 'Extra Coffee', 40.00, '2020-01-21 03:39:03', '2020-01-21 03:39:03'),
(6, 6, 'Evening Snacks', 35.00, '2020-01-21 03:48:25', '2020-01-21 03:48:25'),
(12, 5, 'Dinner', 200.00, '2020-01-29 07:25:24', '2020-01-29 07:25:39'),
(14, 1, 'Breakfast(SK+F)', 145.00, '2020-02-08 04:56:11', '2020-02-08 04:56:11'),
(16, 6, 'Evening Snacks', 40.00, '2020-02-08 05:15:15', '2020-02-08 05:15:15'),
(17, 1, 'Breakfast(Kh)', 70.00, '2020-02-16 09:57:50', '2020-02-17 09:21:45'),
(18, 4, 'Morning Snacks (B+T)', 20.00, '2020-02-16 09:59:00', '2020-02-17 09:21:26'),
(19, 2, 'Lunch', 260.00, '2020-02-16 10:00:51', '2020-02-16 10:00:51'),
(20, 2, 'Lunch (SK+F)', 505.00, '2020-02-17 10:30:16', '2020-02-17 10:30:16'),
(21, 2, 'Lunch (R)', 9360.00, '2020-02-17 10:38:21', '2020-02-17 10:38:21'),
(22, 6, 'Evening Snacks', 30.00, '2020-02-17 10:49:15', '2020-02-17 10:49:15'),
(23, 2, 'Lunch(Z)', 245.00, '2020-02-17 11:08:54', '2020-02-17 11:08:54'),
(26, 1, 'Breakfast(Kh)', 55.00, '2020-02-17 11:36:18', '2020-02-17 11:36:18'),
(27, 2, 'Lunch(Akij)', 430.00, '2020-02-17 11:37:11', '2020-02-17 11:37:11'),
(28, 4, 'Evening Snacks', 10.00, '2020-02-17 11:37:31', '2020-02-17 11:37:31'),
(29, 2, 'Lunch(Popular)', 280.00, '2020-02-25 12:14:29', '2020-02-25 12:14:29'),
(30, 2, 'Lunch(Popular)', 335.00, '2020-02-25 12:16:44', '2020-02-25 12:16:44'),
(31, 2, 'Lunch(ACI)', 220.00, '2020-02-25 12:35:47', '2020-02-25 12:35:47'),
(32, 6, 'Evening Snacks(T)', 10.00, '2020-02-25 12:36:45', '2020-02-25 12:36:45'),
(33, 4, 'Morning Snacks(P+T)', 35.00, '2020-02-25 12:44:43', '2020-02-25 12:44:43'),
(34, 2, 'Lunch', 255.00, '2020-02-25 12:49:47', '2020-02-25 12:49:47'),
(35, 6, 'Evening Snacks', 45.00, '2020-02-25 12:56:43', '2020-02-25 12:56:43'),
(36, 2, 'L01', 235.00, '2020-02-26 06:03:39', '2020-02-26 06:03:39'),
(37, 2, 'L02', 480.00, '2020-02-26 06:05:12', '2020-02-26 06:05:12'),
(38, 2, 'L03', 340.00, '2020-02-26 06:06:40', '2020-02-26 06:06:40'),
(39, 2, 'Lunch', 180.00, '2020-03-01 12:14:37', '2020-03-01 12:14:37'),
(40, 2, 'Lunch', 230.00, '2020-03-01 12:30:36', '2020-03-01 12:30:36'),
(41, 6, 'Evening Snacks (B+T)', 20.00, '2020-03-03 06:24:57', '2020-03-03 06:24:57'),
(43, 6, 'Evening Snacks Coffee', 40.00, '2020-03-03 06:30:32', '2020-03-03 06:30:32'),
(44, 1, 'Breakfast', 60.00, '2020-03-03 08:23:06', '2020-03-03 08:23:06'),
(45, 2, 'Lunch', 355.00, '2020-03-03 08:31:34', '2020-03-03 08:31:34'),
(46, 5, 'Dinner', 355.00, '2020-03-03 08:32:53', '2020-03-03 08:32:53'),
(47, 6, 'Evening Snacks', 30.00, '2020-03-03 08:39:13', '2020-03-03 08:39:13'),
(48, 4, 'Morning Snacks', 40.00, '2020-03-03 09:53:56', '2020-03-03 09:53:56'),
(49, 2, 'Lunch', 260.00, '2020-03-03 09:58:23', '2020-03-03 09:58:23'),
(50, 2, 'Lunch', 250.00, '2020-03-05 03:07:42', '2020-03-05 03:07:42'),
(51, 4, 'Morning Snacks', 10.00, '2020-03-05 03:09:03', '2020-03-05 03:09:03'),
(52, 2, 'Lunch', 240.00, '2020-03-05 05:37:01', '2020-03-05 05:37:01'),
(53, 6, 'Evening Snacks', 30.00, '2020-03-05 05:37:37', '2020-03-05 05:37:37'),
(54, 2, 'Lunch', 240.00, '2020-03-05 05:53:08', '2020-03-05 05:53:08'),
(55, 4, 'morning Snacks', 65.00, '2020-03-07 08:25:18', '2020-03-07 08:25:18'),
(56, 2, 'Lunch', 375.00, '2020-03-07 08:27:16', '2020-03-07 08:27:16'),
(57, 2, 'Lunch', 325.00, '2020-03-07 08:39:05', '2020-03-07 08:39:05'),
(58, 1, 'Lunch', 375.00, '2020-03-09 02:10:52', '2020-03-09 02:10:52'),
(59, 2, 'Lunch', 15.00, '2020-03-09 02:22:54', '2020-03-09 02:22:54'),
(60, 5, 'Dinner', 180.00, '2020-03-09 02:32:55', '2020-03-09 02:32:55'),
(61, 4, 'Morning Snacks', 30.00, '2020-03-09 07:24:17', '2020-03-09 07:24:17'),
(62, 2, 'Lunch', 310.00, '2020-03-09 07:28:36', '2020-03-09 07:28:36'),
(63, 1, 'Breakfast', 70.00, '2020-03-10 02:10:15', '2020-03-10 02:10:15'),
(64, 2, 'Lunch', 400.00, '2020-03-10 02:20:13', '2020-03-10 02:20:13'),
(65, 2, 'Lunch', 90.00, '2020-03-10 02:29:36', '2020-03-10 02:29:36'),
(66, 2, 'Lunch', 35.00, '2020-03-10 02:32:33', '2020-03-10 02:32:33'),
(67, 2, 'Lunch', 25.00, '2020-03-10 02:33:02', '2020-03-10 02:33:02'),
(68, 6, 'Evening Snacks', 40.00, '2020-03-10 02:34:39', '2020-03-10 02:34:39'),
(69, 4, 'Morning Snacks', 40.00, '2020-03-10 04:58:12', '2020-03-10 04:58:12'),
(70, 6, 'Evening Snacks', 30.00, '2020-03-10 05:03:17', '2020-03-10 05:03:17'),
(71, 2, 'Lunch', 190.00, '2020-03-10 06:52:23', '2020-03-10 06:52:23'),
(72, 4, 'Morning Snacks', 50.00, '2020-03-10 07:13:17', '2020-03-10 07:13:17'),
(73, 2, 'Lunch', 355.00, '2020-03-10 07:14:30', '2020-03-10 07:14:30'),
(74, 4, 'Evening Snacks', 40.00, '2020-03-10 07:16:15', '2020-03-10 07:16:15'),
(75, 2, 'Lunch', 335.00, '2020-03-10 07:17:29', '2020-03-10 07:17:29'),
(76, 2, 'Lunch (W)', 15.00, '2020-03-10 08:04:03', '2020-03-10 08:04:03'),
(77, 4, 'Morning Snacks', 85.00, '2020-03-10 08:32:30', '2020-03-10 08:32:30'),
(78, 2, 'Lunch', 210.00, '2020-03-10 12:02:17', '2020-03-10 12:02:17'),
(79, 2, 'Lunch', 190.00, '2020-03-10 12:22:14', '2020-03-10 12:22:14'),
(80, 2, 'Lunch W', 25.00, '2020-03-10 12:22:41', '2020-03-10 12:22:41'),
(81, 2, 'Lunch B', 110.00, '2020-03-10 12:23:10', '2020-03-10 12:23:10'),
(82, 1, 'Breakfast', 115.00, '2020-03-10 14:02:55', '2020-03-10 14:02:55'),
(83, 2, 'Lunch', 465.00, '2020-03-10 14:06:31', '2020-03-10 14:06:31'),
(84, 6, 'Evening Snacks', 85.00, '2020-03-10 14:07:57', '2020-03-10 14:07:57'),
(86, 4, 'Morning Snacks', 115.00, '2020-03-10 15:05:54', '2020-03-10 15:05:54'),
(87, 2, 'Lunch', 430.00, '2020-03-10 15:07:40', '2020-03-10 15:07:40'),
(88, 1, 'Breakfast', 120.00, '2020-03-11 07:37:39', '2020-03-11 07:37:39'),
(89, 2, 'Lunch', 470.00, '2020-03-11 07:39:06', '2020-03-11 07:39:06'),
(90, 6, 'Evening Snacks', 85.00, '2020-03-11 07:40:07', '2020-03-11 07:40:07'),
(91, 2, 'Lunch', 170.00, '2020-03-11 07:46:30', '2020-03-11 07:46:30'),
(92, 5, 'Dinner', 300.00, '2020-03-11 07:50:13', '2020-03-11 07:50:13'),
(93, 1, 'Breakfast', 95.00, '2020-03-11 07:54:06', '2020-03-11 07:54:06'),
(94, 4, 'Morning Snacks', 50.00, '2020-03-11 07:55:59', '2020-03-11 07:55:59'),
(95, 2, 'Lunch', 475.00, '2020-03-11 08:08:16', '2020-03-11 08:08:16'),
(96, 2, 'Lunch', 485.00, '2020-03-11 08:17:12', '2020-03-11 08:17:12'),
(97, 6, 'Evening Snacks', 40.00, '2020-03-14 03:11:55', '2020-03-14 03:11:55'),
(98, 6, 'Evening Snacks', 10.00, '2020-03-14 03:12:23', '2020-03-14 03:12:23'),
(99, 6, 'Evening Snacks W', 25.00, '2020-03-14 03:13:17', '2020-03-14 03:13:17'),
(100, 1, 'Breakfast', 80.00, '2020-03-14 03:34:52', '2020-03-14 03:34:52'),
(101, 6, 'Morning Snacks,Lunch & Evening Snacks', 670.00, '2020-03-14 05:45:26', '2020-03-14 05:45:26'),
(102, 2, 'Lunch', 405.00, '2020-07-16 09:32:44', '2020-07-16 09:32:44'),
(103, 2, 'Lunch', 170.00, '2020-07-17 08:20:47', '2020-07-17 08:20:47'),
(104, 2, 'lunch', 520.00, '2020-07-17 08:35:50', '2020-07-17 08:35:50'),
(105, 2, 'Lunch', 290.00, '2020-07-18 02:50:35', '2020-07-18 02:50:35'),
(106, 2, 'Lunch', 240.00, '2020-07-20 03:12:46', '2020-07-20 03:12:46'),
(107, 2, 'Lunch', 170.00, '2020-07-21 03:55:39', '2020-07-21 03:55:39'),
(108, 2, 'Lunch', 5.00, '2020-07-21 03:59:30', '2020-07-21 03:59:30'),
(109, 2, 'Lunch', 15.00, '2020-07-21 04:00:01', '2020-07-21 04:00:01');

-- --------------------------------------------------------

--
-- Table structure for table `r10_food_menu_items`
--

CREATE TABLE `r10_food_menu_items` (
  `id` int(10) UNSIGNED NOT NULL,
  `food_menu_id` int(10) UNSIGNED NOT NULL,
  `meal_item_id` int(10) UNSIGNED NOT NULL,
  `quantity` smallint(6) NOT NULL DEFAULT 0,
  `created_at` timestamp NULL DEFAULT NULL,
  `updated_at` timestamp NULL DEFAULT NULL
) ENGINE=InnoDB DEFAULT CHARSET=utf8mb4 COLLATE=utf8mb4_unicode_ci;

--
-- Dumping data for table `r10_food_menu_items`
--

INSERT INTO `r10_food_menu_items` (`id`, `food_menu_id`, `meal_item_id`, `quantity`, `created_at`, `updated_at`) VALUES
(1, 1, 9, 1, '2020-01-20 09:24:31', '2020-01-20 09:24:31'),
(2, 1, 15, 1, '2020-01-20 09:24:31', '2020-01-20 09:24:31'),
(3, 1, 16, 1, '2020-01-20 09:24:31', '2020-01-20 09:24:31'),
(4, 1, 17, 1, '2020-01-20 09:24:31', '2020-01-20 09:24:31'),
(5, 2, 20, 1, '2020-01-21 03:14:52', '2020-01-21 03:14:52'),
(6, 2, 17, 1, '2020-01-21 03:14:52', '2020-01-21 03:14:52'),
(7, 2, 19, 1, '2020-01-21 03:14:52', '2020-01-21 03:14:52'),
(15, 5, 29, 1, '2020-01-21 03:39:03', '2020-01-21 03:39:03'),
(16, 6, 26, 1, '2020-01-21 03:48:25', '2020-01-21 03:48:25'),
(17, 6, 28, 1, '2020-01-21 03:48:25', '2020-01-21 03:48:25'),
(18, 6, 17, 1, '2020-01-21 03:48:25', '2020-01-21 03:48:25'),
(52, 12, 1, 1, '2020-01-29 07:25:24', '2020-01-29 07:25:24'),
(53, 12, 21, 1, '2020-01-29 07:25:24', '2020-01-29 07:25:24'),
(54, 12, 23, 1, '2020-01-29 07:25:24', '2020-01-29 07:25:24'),
(55, 12, 16, 1, '2020-01-29 07:25:24', '2020-01-29 07:25:24'),
(56, 12, 18, 1, '2020-01-29 07:25:24', '2020-01-29 07:25:24'),
(61, 14, 15, 1, '2020-02-08 04:56:11', '2020-02-08 04:56:11'),
(62, 14, 38, 1, '2020-02-08 04:56:11', '2020-02-08 04:56:11'),
(63, 14, 39, 1, '2020-02-08 04:56:11', '2020-02-08 04:56:11'),
(64, 14, 17, 1, '2020-02-08 04:56:11', '2020-02-08 04:56:11'),
(72, 16, 48, 1, '2020-02-08 05:15:15', '2020-02-08 05:15:15'),
(73, 16, 20, 1, '2020-02-08 05:15:15', '2020-02-08 05:15:15'),
(74, 17, 6, 1, '2020-02-16 09:57:50', '2020-02-16 09:57:50'),
(75, 17, 7, 1, '2020-02-16 09:57:50', '2020-02-16 09:57:50'),
(76, 17, 17, 1, '2020-02-16 09:57:50', '2020-02-16 09:57:50'),
(77, 17, 49, 1, '2020-02-16 09:57:50', '2020-02-16 09:57:50'),
(78, 18, 20, 1, '2020-02-16 09:59:00', '2020-02-16 09:59:00'),
(79, 18, 17, 1, '2020-02-16 09:59:00', '2020-02-16 09:59:00'),
(80, 19, 1, 1, '2020-02-16 10:00:51', '2020-02-16 10:00:51'),
(81, 19, 35, 1, '2020-02-16 10:00:51', '2020-02-16 10:00:51'),
(82, 19, 21, 1, '2020-02-16 10:00:51', '2020-02-16 10:00:51'),
(83, 19, 31, 1, '2020-02-16 10:00:51', '2020-02-16 10:00:51'),
(84, 19, 16, 1, '2020-02-16 10:00:51', '2020-02-16 10:00:51'),
(85, 19, 18, 1, '2020-02-16 10:00:51', '2020-02-16 10:00:51'),
(86, 19, 25, 1, '2020-02-16 10:00:51', '2020-02-16 10:00:51'),
(87, 20, 1, 1, '2020-02-17 10:30:16', '2020-02-17 10:30:16'),
(88, 20, 44, 1, '2020-02-17 10:30:16', '2020-02-17 10:30:16'),
(89, 20, 45, 1, '2020-02-17 10:30:16', '2020-02-17 10:30:16'),
(90, 20, 46, 1, '2020-02-17 10:30:16', '2020-02-17 10:30:16'),
(91, 20, 22, 1, '2020-02-17 10:30:16', '2020-02-17 10:30:16'),
(92, 20, 18, 1, '2020-02-17 10:30:16', '2020-02-17 10:30:16'),
(93, 20, 25, 1, '2020-02-17 10:30:16', '2020-02-17 10:30:16'),
(94, 21, 2, 14, '2020-02-17 10:38:21', '2020-02-17 10:38:21'),
(95, 21, 22, 24, '2020-02-17 10:38:21', '2020-02-17 10:38:21'),
(96, 21, 31, 41, '2020-02-17 10:38:21', '2020-02-17 10:38:21'),
(97, 22, 51, 1, '2020-02-17 10:49:15', '2020-02-17 10:49:15'),
(98, 23, 1, 1, '2020-02-17 11:08:54', '2020-02-17 11:08:54'),
(99, 23, 50, 1, '2020-02-17 11:08:54', '2020-02-17 11:08:54'),
(100, 23, 31, 1, '2020-02-17 11:08:54', '2020-02-17 11:08:54'),
(101, 23, 16, 1, '2020-02-17 11:08:54', '2020-02-17 11:08:54'),
(102, 23, 18, 1, '2020-02-17 11:08:54', '2020-02-17 11:08:54'),
(103, 23, 25, 1, '2020-02-17 11:08:54', '2020-02-17 11:08:54'),
(121, 26, 6, 1, '2020-02-17 11:36:18', '2020-02-17 11:36:18'),
(122, 26, 7, 1, '2020-02-17 11:36:18', '2020-02-17 11:36:18'),
(123, 27, 1, 1, '2020-02-17 11:37:11', '2020-02-17 11:37:11'),
(124, 27, 30, 1, '2020-02-17 11:37:11', '2020-02-17 11:37:11'),
(125, 27, 31, 1, '2020-02-17 11:37:11', '2020-02-17 11:37:11'),
(126, 27, 16, 1, '2020-02-17 11:37:11', '2020-02-17 11:37:11'),
(127, 27, 54, 1, '2020-02-17 11:37:11', '2020-02-17 11:37:11'),
(128, 28, 17, 1, '2020-02-17 11:37:31', '2020-02-17 11:37:31'),
(129, 29, 1, 1, '2020-02-25 12:14:29', '2020-02-25 12:14:29'),
(130, 29, 45, 1, '2020-02-25 12:14:29', '2020-02-25 12:14:29'),
(131, 29, 31, 1, '2020-02-25 12:14:29', '2020-02-25 12:14:29'),
(132, 29, 16, 1, '2020-02-25 12:14:29', '2020-02-25 12:14:29'),
(133, 30, 1, 1, '2020-02-25 12:16:44', '2020-02-25 12:16:44'),
(134, 30, 21, 1, '2020-02-25 12:16:44', '2020-02-25 12:16:44'),
(135, 30, 23, 1, '2020-02-25 12:16:44', '2020-02-25 12:16:44'),
(136, 30, 31, 1, '2020-02-25 12:16:44', '2020-02-25 12:16:44'),
(137, 30, 16, 1, '2020-02-25 12:16:44', '2020-02-25 12:16:44'),
(138, 30, 25, 1, '2020-02-25 12:16:44', '2020-02-25 12:16:44'),
(139, 31, 1, 1, '2020-02-25 12:35:47', '2020-02-25 12:35:47'),
(140, 31, 30, 1, '2020-02-25 12:35:47', '2020-02-25 12:35:47'),
(141, 31, 56, 1, '2020-02-25 12:35:47', '2020-02-25 12:35:47'),
(142, 31, 16, 1, '2020-02-25 12:35:47', '2020-02-25 12:35:47'),
(143, 32, 17, 1, '2020-02-25 12:36:45', '2020-02-25 12:36:45'),
(144, 33, 27, 1, '2020-02-25 12:44:43', '2020-02-25 12:44:43'),
(145, 34, 1, 1, '2020-02-25 12:49:47', '2020-02-25 12:49:47'),
(146, 34, 57, 1, '2020-02-25 12:49:47', '2020-02-25 12:49:47'),
(147, 34, 56, 1, '2020-02-25 12:49:47', '2020-02-25 12:49:47'),
(148, 34, 16, 1, '2020-02-25 12:49:47', '2020-02-25 12:49:47'),
(149, 34, 39, 1, '2020-02-25 12:49:47', '2020-02-25 12:49:47'),
(150, 34, 18, 1, '2020-02-25 12:49:47', '2020-02-25 12:49:47'),
(151, 35, 58, 1, '2020-02-25 12:56:43', '2020-02-25 12:56:43'),
(152, 35, 27, 1, '2020-02-25 12:56:43', '2020-02-25 12:56:43'),
(153, 36, 1, 1, '2020-02-26 06:03:39', '2020-02-26 06:03:39'),
(154, 36, 35, 1, '2020-02-26 06:03:39', '2020-02-26 06:03:39'),
(155, 36, 21, 1, '2020-02-26 06:03:39', '2020-02-26 06:03:39'),
(156, 36, 31, 1, '2020-02-26 06:03:39', '2020-02-26 06:03:39'),
(157, 36, 16, 1, '2020-02-26 06:03:39', '2020-02-26 06:03:39'),
(158, 36, 18, 1, '2020-02-26 06:03:39', '2020-02-26 06:03:39'),
(159, 37, 1, 1, '2020-02-26 06:05:12', '2020-02-26 06:05:12'),
(160, 37, 44, 1, '2020-02-26 06:05:12', '2020-02-26 06:05:12'),
(161, 37, 45, 1, '2020-02-26 06:05:12', '2020-02-26 06:05:12'),
(162, 37, 46, 1, '2020-02-26 06:05:12', '2020-02-26 06:05:12'),
(163, 37, 22, 1, '2020-02-26 06:05:12', '2020-02-26 06:05:12'),
(164, 37, 18, 1, '2020-02-26 06:05:12', '2020-02-26 06:05:12'),
(165, 38, 1, 1, '2020-02-26 06:06:40', '2020-02-26 06:06:40'),
(166, 38, 4, 1, '2020-02-26 06:06:41', '2020-02-26 06:06:41'),
(167, 38, 31, 1, '2020-02-26 06:06:41', '2020-02-26 06:06:41'),
(168, 38, 16, 1, '2020-02-26 06:06:41', '2020-02-26 06:06:41'),
(169, 38, 18, 1, '2020-02-26 06:06:41', '2020-02-26 06:06:41'),
(170, 39, 1, 1, '2020-03-01 12:14:37', '2020-03-01 12:14:37'),
(171, 39, 30, 1, '2020-03-01 12:14:37', '2020-03-01 12:14:37'),
(172, 39, 38, 1, '2020-03-01 12:14:37', '2020-03-01 12:14:37'),
(173, 39, 16, 1, '2020-03-01 12:14:37', '2020-03-01 12:14:37'),
(174, 39, 18, 1, '2020-03-01 12:14:37', '2020-03-01 12:14:37'),
(175, 40, 1, 1, '2020-03-01 12:30:36', '2020-03-01 12:30:36'),
(176, 40, 23, 1, '2020-03-01 12:30:36', '2020-03-01 12:30:36'),
(177, 40, 55, 1, '2020-03-01 12:30:36', '2020-03-01 12:30:36'),
(178, 40, 16, 1, '2020-03-01 12:30:36', '2020-03-01 12:30:36'),
(179, 40, 18, 1, '2020-03-01 12:30:36', '2020-03-01 12:30:36'),
(180, 41, 20, 1, '2020-03-03 06:24:57', '2020-03-03 06:24:57'),
(181, 41, 17, 1, '2020-03-03 06:24:57', '2020-03-03 06:24:57'),
(183, 43, 29, 1, '2020-03-03 06:30:32', '2020-03-03 06:30:32'),
(184, 44, 6, 1, '2020-03-03 08:23:06', '2020-03-03 08:23:06'),
(185, 44, 7, 1, '2020-03-03 08:23:06', '2020-03-03 08:23:06'),
(186, 44, 49, 1, '2020-03-03 08:23:06', '2020-03-03 08:23:06'),
(187, 45, 1, 1, '2020-03-03 08:31:34', '2020-03-03 08:31:34'),
(188, 45, 59, 1, '2020-03-03 08:31:34', '2020-03-03 08:31:34'),
(189, 45, 45, 1, '2020-03-03 08:31:34', '2020-03-03 08:31:34'),
(190, 45, 31, 1, '2020-03-03 08:31:34', '2020-03-03 08:31:34'),
(191, 45, 16, 1, '2020-03-03 08:31:34', '2020-03-03 08:31:34'),
(192, 45, 18, 1, '2020-03-03 08:31:34', '2020-03-03 08:31:34'),
(193, 45, 25, 1, '2020-03-03 08:31:34', '2020-03-03 08:31:34'),
(194, 46, 1, 1, '2020-03-03 08:32:53', '2020-03-03 08:32:53'),
(195, 46, 59, 1, '2020-03-03 08:32:53', '2020-03-03 08:32:53'),
(196, 46, 31, 1, '2020-03-03 08:32:53', '2020-03-03 08:32:53'),
(197, 46, 45, 1, '2020-03-03 08:32:53', '2020-03-03 08:32:53'),
(198, 46, 16, 1, '2020-03-03 08:32:53', '2020-03-03 08:32:53'),
(199, 46, 18, 1, '2020-03-03 08:32:53', '2020-03-03 08:32:53'),
(200, 46, 25, 1, '2020-03-03 08:32:53', '2020-03-03 08:32:53'),
(201, 47, 60, 1, '2020-03-03 08:39:13', '2020-03-03 08:39:13'),
(202, 47, 17, 1, '2020-03-03 08:39:13', '2020-03-03 08:39:13'),
(203, 48, 51, 1, '2020-03-03 09:53:56', '2020-03-03 09:53:56'),
(204, 48, 20, 1, '2020-03-03 09:53:56', '2020-03-03 09:53:56'),
(205, 49, 1, 1, '2020-03-03 09:58:23', '2020-03-03 09:58:23'),
(206, 49, 21, 1, '2020-03-03 09:58:23', '2020-03-03 09:58:23'),
(207, 49, 61, 1, '2020-03-03 09:58:23', '2020-03-03 09:58:23'),
(208, 49, 16, 1, '2020-03-03 09:58:23', '2020-03-03 09:58:23'),
(209, 50, 30, 1, '2020-03-05 03:07:42', '2020-03-05 03:07:42'),
(210, 50, 38, 1, '2020-03-05 03:07:42', '2020-03-05 03:07:42'),
(211, 50, 8, 1, '2020-03-05 03:07:42', '2020-03-05 03:07:42'),
(212, 50, 18, 1, '2020-03-05 03:07:42', '2020-03-05 03:07:42'),
(213, 50, 2, 1, '2020-03-05 03:07:42', '2020-03-05 03:07:42'),
(214, 51, 17, 1, '2020-03-05 03:09:03', '2020-03-05 03:09:03'),
(215, 52, 1, 1, '2020-03-05 05:37:01', '2020-03-05 05:37:01'),
(216, 52, 30, 1, '2020-03-05 05:37:01', '2020-03-05 05:37:01'),
(217, 52, 35, 1, '2020-03-05 05:37:01', '2020-03-05 05:37:01'),
(218, 52, 16, 1, '2020-03-05 05:37:01', '2020-03-05 05:37:01'),
(219, 52, 18, 1, '2020-03-05 05:37:01', '2020-03-05 05:37:01'),
(220, 52, 52, 1, '2020-03-05 05:37:01', '2020-03-05 05:37:01'),
(221, 52, 31, 1, '2020-03-05 05:37:01', '2020-03-05 05:37:01'),
(222, 53, 48, 1, '2020-03-05 05:37:37', '2020-03-05 05:37:37'),
(223, 54, 10, 1, '2020-03-05 05:53:08', '2020-03-05 05:53:08'),
(224, 55, 62, 1, '2020-03-07 08:25:18', '2020-03-07 08:25:18'),
(225, 55, 39, 1, '2020-03-07 08:25:18', '2020-03-07 08:25:18'),
(226, 55, 17, 1, '2020-03-07 08:25:18', '2020-03-07 08:25:18'),
(227, 56, 1, 1, '2020-03-07 08:27:16', '2020-03-07 08:27:16'),
(228, 56, 21, 1, '2020-03-07 08:27:16', '2020-03-07 08:27:16'),
(229, 56, 22, 1, '2020-03-07 08:27:16', '2020-03-07 08:27:16'),
(230, 56, 23, 1, '2020-03-07 08:27:16', '2020-03-07 08:27:16'),
(231, 56, 16, 1, '2020-03-07 08:27:16', '2020-03-07 08:27:16'),
(232, 56, 18, 1, '2020-03-07 08:27:16', '2020-03-07 08:27:16'),
(233, 56, 25, 1, '2020-03-07 08:27:16', '2020-03-07 08:27:16'),
(234, 57, 2, 1, '2020-03-07 08:39:05', '2020-03-07 08:39:05'),
(235, 57, 21, 1, '2020-03-07 08:39:05', '2020-03-07 08:39:05'),
(236, 57, 22, 1, '2020-03-07 08:39:05', '2020-03-07 08:39:05'),
(237, 57, 8, 1, '2020-03-07 08:39:05', '2020-03-07 08:39:05'),
(238, 57, 52, 1, '2020-03-07 08:39:05', '2020-03-07 08:39:05'),
(239, 57, 18, 1, '2020-03-07 08:39:05', '2020-03-07 08:39:05'),
(240, 57, 17, 1, '2020-03-07 08:39:05', '2020-03-07 08:39:05'),
(241, 57, 49, 1, '2020-03-07 08:39:05', '2020-03-07 08:39:05'),
(242, 58, 1, 1, '2020-03-09 02:10:52', '2020-03-09 02:10:52'),
(243, 58, 18, 1, '2020-03-09 02:10:52', '2020-03-09 02:10:52'),
(244, 58, 33, 1, '2020-03-09 02:10:52', '2020-03-09 02:10:52'),
(245, 58, 3, 1, '2020-03-09 02:10:52', '2020-03-09 02:10:52'),
(246, 58, 38, 1, '2020-03-09 02:10:52', '2020-03-09 02:10:52'),
(247, 58, 16, 1, '2020-03-09 02:10:52', '2020-03-09 02:10:52'),
(248, 58, 25, 1, '2020-03-09 02:10:52', '2020-03-09 02:10:52'),
(249, 59, 40, 1, '2020-03-09 02:22:54', '2020-03-09 02:22:54'),
(250, 60, 1, 1, '2020-03-09 02:32:55', '2020-03-09 02:32:55'),
(251, 60, 33, 1, '2020-03-09 02:32:55', '2020-03-09 02:32:55'),
(252, 60, 23, 1, '2020-03-09 02:32:55', '2020-03-09 02:32:55'),
(253, 60, 16, 1, '2020-03-09 02:32:55', '2020-03-09 02:32:55'),
(254, 61, 63, 1, '2020-03-09 07:24:17', '2020-03-09 07:24:17'),
(255, 61, 17, 1, '2020-03-09 07:24:17', '2020-03-09 07:24:17'),
(256, 62, 1, 1, '2020-03-09 07:28:36', '2020-03-09 07:28:36'),
(257, 62, 21, 1, '2020-03-09 07:28:36', '2020-03-09 07:28:36'),
(258, 62, 31, 1, '2020-03-09 07:28:36', '2020-03-09 07:28:36'),
(259, 62, 23, 1, '2020-03-09 07:28:36', '2020-03-09 07:28:36'),
(260, 62, 16, 1, '2020-03-09 07:28:36', '2020-03-09 07:28:36'),
(261, 63, 6, 1, '2020-03-10 02:10:15', '2020-03-10 02:10:15'),
(262, 63, 7, 1, '2020-03-10 02:10:15', '2020-03-10 02:10:15'),
(263, 63, 49, 1, '2020-03-10 02:10:15', '2020-03-10 02:10:15'),
(264, 64, 1, 1, '2020-03-10 02:20:13', '2020-03-10 02:20:13'),
(265, 64, 21, 1, '2020-03-10 02:20:13', '2020-03-10 02:20:13'),
(266, 64, 3, 1, '2020-03-10 02:20:13', '2020-03-10 02:20:13'),
(267, 64, 31, 1, '2020-03-10 02:20:13', '2020-03-10 02:20:13'),
(268, 64, 16, 1, '2020-03-10 02:20:13', '2020-03-10 02:20:13'),
(269, 64, 34, 1, '2020-03-10 02:20:13', '2020-03-10 02:20:13'),
(270, 64, 30, 1, '2020-03-10 02:20:13', '2020-03-10 02:20:13'),
(271, 65, 66, 1, '2020-03-10 02:29:36', '2020-03-10 02:29:36'),
(272, 65, 67, 1, '2020-03-10 02:29:36', '2020-03-10 02:29:36'),
(273, 66, 40, 1, '2020-03-10 02:32:33', '2020-03-10 02:32:33'),
(274, 66, 41, 1, '2020-03-10 02:32:33', '2020-03-10 02:32:33'),
(275, 67, 25, 1, '2020-03-10 02:33:02', '2020-03-10 02:33:02'),
(276, 68, 29, 1, '2020-03-10 02:34:39', '2020-03-10 02:34:39'),
(277, 69, 19, 1, '2020-03-10 04:58:12', '2020-03-10 04:58:12'),
(278, 69, 36, 1, '2020-03-10 04:58:12', '2020-03-10 04:58:12'),
(279, 69, 28, 1, '2020-03-10 04:58:12', '2020-03-10 04:58:12'),
(280, 69, 17, 1, '2020-03-10 04:58:12', '2020-03-10 04:58:12'),
(281, 70, 68, 1, '2020-03-10 05:03:17', '2020-03-10 05:03:17'),
(282, 70, 17, 1, '2020-03-10 05:03:17', '2020-03-10 05:03:17'),
(283, 71, 1, 1, '2020-03-10 06:52:23', '2020-03-10 06:52:23'),
(284, 71, 21, 1, '2020-03-10 06:52:23', '2020-03-10 06:52:23'),
(285, 71, 38, 1, '2020-03-10 06:52:23', '2020-03-10 06:52:23'),
(286, 71, 16, 1, '2020-03-10 06:52:23', '2020-03-10 06:52:23'),
(287, 72, 51, 1, '2020-03-10 07:13:17', '2020-03-10 07:13:17'),
(288, 72, 36, 1, '2020-03-10 07:13:17', '2020-03-10 07:13:17'),
(289, 72, 17, 1, '2020-03-10 07:13:17', '2020-03-10 07:13:17'),
(290, 73, 1, 1, '2020-03-10 07:14:30', '2020-03-10 07:14:30'),
(291, 73, 30, 1, '2020-03-10 07:14:30', '2020-03-10 07:14:30'),
(292, 73, 45, 1, '2020-03-10 07:14:30', '2020-03-10 07:14:30'),
(293, 73, 22, 1, '2020-03-10 07:14:30', '2020-03-10 07:14:30'),
(294, 73, 16, 1, '2020-03-10 07:14:30', '2020-03-10 07:14:30'),
(295, 73, 18, 1, '2020-03-10 07:14:30', '2020-03-10 07:14:30'),
(296, 73, 25, 1, '2020-03-10 07:14:30', '2020-03-10 07:14:30'),
(297, 74, 69, 1, '2020-03-10 07:16:15', '2020-03-10 07:16:15'),
(298, 74, 17, 1, '2020-03-10 07:16:15', '2020-03-10 07:16:15'),
(299, 75, 1, 1, '2020-03-10 07:17:29', '2020-03-10 07:17:29'),
(300, 75, 21, 1, '2020-03-10 07:17:29', '2020-03-10 07:17:29'),
(301, 75, 23, 1, '2020-03-10 07:17:29', '2020-03-10 07:17:29'),
(302, 75, 38, 1, '2020-03-10 07:17:30', '2020-03-10 07:17:30'),
(303, 75, 16, 1, '2020-03-10 07:17:30', '2020-03-10 07:17:30'),
(304, 75, 25, 1, '2020-03-10 07:17:30', '2020-03-10 07:17:30'),
(305, 75, 39, 1, '2020-03-10 07:17:30', '2020-03-10 07:17:30'),
(306, 76, 40, 1, '2020-03-10 08:04:03', '2020-03-10 08:04:03'),
(307, 77, 62, 1, '2020-03-10 08:32:30', '2020-03-10 08:32:30'),
(308, 77, 48, 1, '2020-03-10 08:32:30', '2020-03-10 08:32:30'),
(309, 77, 17, 1, '2020-03-10 08:32:30', '2020-03-10 08:32:30'),
(310, 78, 1, 1, '2020-03-10 12:02:17', '2020-03-10 12:02:17'),
(311, 78, 21, 1, '2020-03-10 12:02:17', '2020-03-10 12:02:17'),
(312, 78, 38, 1, '2020-03-10 12:02:17', '2020-03-10 12:02:17'),
(313, 78, 16, 1, '2020-03-10 12:02:17', '2020-03-10 12:02:17'),
(314, 78, 20, 1, '2020-03-10 12:02:17', '2020-03-10 12:02:17'),
(315, 78, 39, 1, '2020-03-10 12:02:17', '2020-03-10 12:02:17'),
(316, 79, 1, 1, '2020-03-10 12:22:14', '2020-03-10 12:22:14'),
(317, 79, 21, 1, '2020-03-10 12:22:14', '2020-03-10 12:22:14'),
(318, 79, 38, 1, '2020-03-10 12:22:14', '2020-03-10 12:22:14'),
(319, 79, 16, 1, '2020-03-10 12:22:14', '2020-03-10 12:22:14'),
(320, 80, 42, 1, '2020-03-10 12:22:41', '2020-03-10 12:22:41'),
(321, 81, 45, 1, '2020-03-10 12:23:10', '2020-03-10 12:23:10'),
(322, 82, 6, 1, '2020-03-10 14:02:55', '2020-03-10 14:02:55'),
(323, 82, 9, 1, '2020-03-10 14:02:55', '2020-03-10 14:02:55'),
(324, 82, 30, 1, '2020-03-10 14:02:55', '2020-03-10 14:02:55'),
(325, 82, 21, 1, '2020-03-10 14:02:55', '2020-03-10 14:02:55'),
(326, 82, 39, 1, '2020-03-10 14:02:55', '2020-03-10 14:02:55'),
(327, 82, 17, 1, '2020-03-10 14:02:55', '2020-03-10 14:02:55'),
(328, 82, 49, 1, '2020-03-10 14:02:55', '2020-03-10 14:02:55'),
(329, 83, 71, 1, '2020-03-10 14:06:31', '2020-03-10 14:06:31'),
(330, 83, 38, 1, '2020-03-10 14:06:31', '2020-03-10 14:06:31'),
(331, 83, 39, 1, '2020-03-10 14:06:31', '2020-03-10 14:06:31'),
(332, 83, 52, 1, '2020-03-10 14:06:31', '2020-03-10 14:06:31'),
(333, 84, 62, 1, '2020-03-10 14:07:57', '2020-03-10 14:07:57'),
(334, 84, 48, 1, '2020-03-10 14:07:57', '2020-03-10 14:07:57'),
(335, 84, 17, 1, '2020-03-10 14:07:57', '2020-03-10 14:07:57'),
(340, 86, 51, 1, '2020-03-10 15:05:54', '2020-03-10 15:05:54'),
(341, 86, 64, 1, '2020-03-10 15:05:54', '2020-03-10 15:05:54'),
(342, 86, 17, 1, '2020-03-10 15:05:54', '2020-03-10 15:05:54'),
(343, 86, 40, 1, '2020-03-10 15:05:54', '2020-03-10 15:05:54'),
(344, 87, 1, 1, '2020-03-10 15:07:40', '2020-03-10 15:07:40'),
(345, 87, 3, 1, '2020-03-10 15:07:40', '2020-03-10 15:07:40'),
(346, 87, 72, 1, '2020-03-10 15:07:40', '2020-03-10 15:07:40'),
(347, 87, 30, 1, '2020-03-10 15:07:40', '2020-03-10 15:07:40'),
(348, 87, 18, 1, '2020-03-10 15:07:40', '2020-03-10 15:07:40'),
(349, 87, 16, 1, '2020-03-10 15:07:40', '2020-03-10 15:07:40'),
(350, 87, 25, 1, '2020-03-10 15:07:40', '2020-03-10 15:07:40'),
(351, 87, 40, 1, '2020-03-10 15:07:40', '2020-03-10 15:07:40'),
(352, 88, 6, 1, '2020-03-11 07:37:39', '2020-03-11 07:37:39'),
(353, 88, 73, 1, '2020-03-11 07:37:39', '2020-03-11 07:37:39'),
(354, 88, 30, 1, '2020-03-11 07:37:39', '2020-03-11 07:37:39'),
(355, 88, 21, 1, '2020-03-11 07:37:39', '2020-03-11 07:37:39'),
(356, 88, 41, 1, '2020-03-11 07:37:39', '2020-03-11 07:37:39'),
(357, 89, 71, 1, '2020-03-11 07:39:06', '2020-03-11 07:39:06'),
(358, 89, 38, 1, '2020-03-11 07:39:06', '2020-03-11 07:39:06'),
(359, 89, 40, 1, '2020-03-11 07:39:06', '2020-03-11 07:39:06'),
(360, 90, 62, 1, '2020-03-11 07:40:07', '2020-03-11 07:40:07'),
(361, 90, 48, 1, '2020-03-11 07:40:07', '2020-03-11 07:40:07'),
(362, 90, 17, 1, '2020-03-11 07:40:07', '2020-03-11 07:40:07'),
(363, 91, 1, 1, '2020-03-11 07:46:30', '2020-03-11 07:46:30'),
(364, 91, 23, 1, '2020-03-11 07:46:30', '2020-03-11 07:46:30'),
(365, 91, 16, 1, '2020-03-11 07:46:30', '2020-03-11 07:46:30'),
(366, 91, 18, 1, '2020-03-11 07:46:30', '2020-03-11 07:46:30'),
(367, 92, 1, 1, '2020-03-11 07:50:13', '2020-03-11 07:50:13'),
(368, 92, 38, 1, '2020-03-11 07:50:13', '2020-03-11 07:50:13'),
(369, 92, 16, 1, '2020-03-11 07:50:13', '2020-03-11 07:50:13'),
(370, 92, 18, 1, '2020-03-11 07:50:13', '2020-03-11 07:50:13'),
(371, 92, 33, 1, '2020-03-11 07:50:13', '2020-03-11 07:50:13'),
(372, 93, 6, 1, '2020-03-11 07:54:06', '2020-03-11 07:54:06'),
(373, 93, 74, 1, '2020-03-11 07:54:06', '2020-03-11 07:54:06'),
(374, 93, 7, 1, '2020-03-11 07:54:06', '2020-03-11 07:54:06'),
(375, 93, 32, 1, '2020-03-11 07:54:06', '2020-03-11 07:54:06'),
(376, 94, 48, 1, '2020-03-11 07:55:59', '2020-03-11 07:55:59'),
(377, 94, 36, 1, '2020-03-11 07:55:59', '2020-03-11 07:55:59'),
(378, 94, 17, 1, '2020-03-11 07:55:59', '2020-03-11 07:55:59'),
(379, 95, 1, 1, '2020-03-11 08:08:16', '2020-03-11 08:08:16'),
(380, 95, 46, 1, '2020-03-11 08:08:16', '2020-03-11 08:08:16'),
(381, 95, 22, 1, '2020-03-11 08:08:16', '2020-03-11 08:08:16'),
(382, 95, 35, 1, '2020-03-11 08:08:16', '2020-03-11 08:08:16'),
(383, 95, 75, 1, '2020-03-11 08:08:16', '2020-03-11 08:08:16'),
(384, 95, 18, 1, '2020-03-11 08:08:16', '2020-03-11 08:08:16'),
(385, 95, 76, 1, '2020-03-11 08:08:16', '2020-03-11 08:08:16'),
(386, 96, 1, 1, '2020-03-11 08:17:12', '2020-03-11 08:17:12'),
(387, 96, 21, 1, '2020-03-11 08:17:12', '2020-03-11 08:17:12'),
(388, 96, 34, 1, '2020-03-11 08:17:12', '2020-03-11 08:17:12'),
(389, 96, 46, 1, '2020-03-11 08:17:12', '2020-03-11 08:17:12'),
(390, 96, 22, 1, '2020-03-11 08:17:12', '2020-03-11 08:17:12'),
(391, 96, 75, 1, '2020-03-11 08:17:12', '2020-03-11 08:17:12'),
(392, 96, 18, 1, '2020-03-11 08:17:12', '2020-03-11 08:17:12'),
(393, 96, 25, 1, '2020-03-11 08:17:12', '2020-03-11 08:17:12'),
(394, 96, 39, 1, '2020-03-11 08:17:12', '2020-03-11 08:17:12'),
(395, 97, 29, 1, '2020-03-14 03:11:55', '2020-03-14 03:11:55'),
(396, 98, 30, 1, '2020-03-14 03:12:23', '2020-03-14 03:12:23'),
(397, 99, 42, 1, '2020-03-14 03:13:17', '2020-03-14 03:13:17'),
(398, 100, 6, 1, '2020-03-14 03:34:52', '2020-03-14 03:34:52'),
(399, 100, 7, 1, '2020-03-14 03:34:52', '2020-03-14 03:34:52'),
(400, 100, 77, 1, '2020-03-14 03:34:52', '2020-03-14 03:34:52'),
(401, 100, 49, 1, '2020-03-14 03:34:52', '2020-03-14 03:34:52'),
(402, 101, 78, 1, '2020-03-14 05:45:26', '2020-03-14 05:45:26'),
(403, 101, 79, 1, '2020-03-14 05:45:26', '2020-03-14 05:45:26'),
(404, 101, 17, 1, '2020-03-14 05:45:26', '2020-03-14 05:45:26'),
(405, 101, 40, 1, '2020-03-14 05:45:26', '2020-03-14 05:45:26'),
(406, 101, 1, 1, '2020-03-14 05:45:26', '2020-03-14 05:45:26'),
(407, 101, 21, 1, '2020-03-14 05:45:26', '2020-03-14 05:45:26'),
(408, 101, 3, 1, '2020-03-14 05:45:26', '2020-03-14 05:45:26'),
(409, 101, 72, 1, '2020-03-14 05:45:26', '2020-03-14 05:45:26'),
(410, 101, 35, 1, '2020-03-14 05:45:26', '2020-03-14 05:45:26'),
(411, 101, 18, 1, '2020-03-14 05:45:26', '2020-03-14 05:45:26'),
(412, 101, 16, 1, '2020-03-14 05:45:26', '2020-03-14 05:45:26'),
(413, 101, 25, 1, '2020-03-14 05:45:26', '2020-03-14 05:45:26'),
(414, 101, 40, 1, '2020-03-14 05:45:26', '2020-03-14 05:45:26'),
(415, 101, 48, 1, '2020-03-14 05:45:26', '2020-03-14 05:45:26'),
(416, 101, 17, 1, '2020-03-14 05:45:26', '2020-03-14 05:45:26'),
(417, 101, 1, 1, '2020-03-14 05:45:26', '2020-03-14 05:45:26'),
(418, 102, 1, 1, '2020-07-16 09:32:44', '2020-07-16 09:32:44'),
(419, 102, 80, 1, '2020-07-16 09:32:44', '2020-07-16 09:32:44'),
(420, 102, 46, 1, '2020-07-16 09:32:44', '2020-07-16 09:32:44'),
(421, 102, 31, 1, '2020-07-16 09:32:44', '2020-07-16 09:32:44'),
(422, 102, 16, 1, '2020-07-16 09:32:44', '2020-07-16 09:32:44'),
(423, 102, 25, 1, '2020-07-16 09:32:44', '2020-07-16 09:32:44'),
(424, 103, 81, 1, '2020-07-17 08:20:47', '2020-07-17 08:20:47'),
(425, 104, 1, 1, '2020-07-17 08:35:50', '2020-07-17 08:35:50'),
(426, 104, 44, 1, '2020-07-17 08:35:50', '2020-07-17 08:35:50'),
(427, 104, 45, 1, '2020-07-17 08:35:50', '2020-07-17 08:35:50'),
(428, 104, 46, 1, '2020-07-17 08:35:50', '2020-07-17 08:35:50'),
(429, 104, 22, 1, '2020-07-17 08:35:50', '2020-07-17 08:35:50'),
(430, 104, 18, 1, '2020-07-17 08:35:50', '2020-07-17 08:35:50'),
(431, 104, 40, 1, '2020-07-17 08:35:50', '2020-07-17 08:35:50'),
(432, 104, 25, 1, '2020-07-17 08:35:50', '2020-07-17 08:35:50'),
(433, 105, 1, 1, '2020-07-18 02:50:35', '2020-07-18 02:50:35'),
(434, 105, 30, 1, '2020-07-18 02:50:35', '2020-07-18 02:50:35'),
(435, 105, 23, 1, '2020-07-18 02:50:35', '2020-07-18 02:50:35'),
(436, 105, 31, 1, '2020-07-18 02:50:35', '2020-07-18 02:50:35'),
(437, 105, 16, 1, '2020-07-18 02:50:35', '2020-07-18 02:50:35'),
(438, 106, 1, 1, '2020-07-20 03:12:46', '2020-07-20 03:12:46'),
(439, 106, 30, 1, '2020-07-20 03:12:46', '2020-07-20 03:12:46'),
(440, 106, 35, 1, '2020-07-20 03:12:46', '2020-07-20 03:12:46'),
(441, 106, 31, 1, '2020-07-20 03:12:46', '2020-07-20 03:12:46'),
(442, 106, 16, 1, '2020-07-20 03:12:46', '2020-07-20 03:12:46'),
(443, 106, 18, 1, '2020-07-20 03:12:46', '2020-07-20 03:12:46'),
(444, 106, 52, 1, '2020-07-20 03:12:46', '2020-07-20 03:12:46'),
(445, 107, 81, 1, '2020-07-21 03:55:39', '2020-07-21 03:55:39'),
(446, 108, 82, 1, '2020-07-21 03:59:30', '2020-07-21 03:59:30'),
(447, 109, 40, 1, '2020-07-21 04:00:01', '2020-07-21 04:00:01');

-- --------------------------------------------------------

--
-- Table structure for table `r11_food_sales`
--

CREATE TABLE `r11_food_sales` (
  `id` int(10) UNSIGNED NOT NULL,
  `billing_id` int(10) UNSIGNED NOT NULL,
  `date_id` int(10) UNSIGNED NOT NULL,
  `menu_id` int(10) UNSIGNED NOT NULL,
  `quantity` tinyint(3) UNSIGNED NOT NULL DEFAULT 0,
  `bill` double(12,2) NOT NULL DEFAULT 0.00,
  `discount` double(14,2) NOT NULL DEFAULT 0.00,
  `vat` tinyint(3) UNSIGNED NOT NULL DEFAULT 0,
  `service_charge` tinyint(3) UNSIGNED NOT NULL DEFAULT 0,
  `deleted_at` timestamp NULL DEFAULT NULL,
  `created_at` timestamp NULL DEFAULT NULL,
  `updated_at` timestamp NULL DEFAULT NULL
) ENGINE=InnoDB DEFAULT CHARSET=utf8mb4 COLLATE=utf8mb4_unicode_ci;

-- --------------------------------------------------------

--
-- Table structure for table `roles`
--

CREATE TABLE `roles` (
  `id` int(10) UNSIGNED NOT NULL,
  `name` varchar(191) COLLATE utf8mb4_unicode_ci NOT NULL,
  `description` varchar(191) COLLATE utf8mb4_unicode_ci NOT NULL,
  `parent_id` int(11) NOT NULL,
  `created_at` timestamp NULL DEFAULT NULL,
  `updated_at` timestamp NULL DEFAULT NULL
) ENGINE=InnoDB DEFAULT CHARSET=utf8mb4 COLLATE=utf8mb4_unicode_ci;

--
-- Dumping data for table `roles`
--

INSERT INTO `roles` (`id`, `name`, `description`, `parent_id`, `created_at`, `updated_at`) VALUES
(1, 'Super Admin', 'super admin', 0, NULL, NULL),
(2, 'Admin', 'admin', 1, NULL, NULL);

-- --------------------------------------------------------

--
-- Table structure for table `s1_unit_types`
--

CREATE TABLE `s1_unit_types` (
  `id` int(10) UNSIGNED NOT NULL,
  `name` varchar(191) COLLATE utf8mb4_unicode_ci NOT NULL,
  `short_name` varchar(191) COLLATE utf8mb4_unicode_ci NOT NULL,
  `description` text COLLATE utf8mb4_unicode_ci DEFAULT NULL,
  `deleted_at` timestamp NULL DEFAULT NULL,
  `created_at` timestamp NULL DEFAULT NULL,
  `updated_at` timestamp NULL DEFAULT NULL
) ENGINE=InnoDB DEFAULT CHARSET=utf8mb4 COLLATE=utf8mb4_unicode_ci;

--
-- Dumping data for table `s1_unit_types`
--

INSERT INTO `s1_unit_types` (`id`, `name`, `short_name`, `description`, `deleted_at`, `created_at`, `updated_at`) VALUES
(1, 'KG', 'kg', NULL, NULL, '2020-02-08 16:20:12', '2020-02-08 16:20:12'),
(2, 'Liter', 'liter', NULL, NULL, '2020-02-08 16:21:24', '2020-02-08 16:21:24'),
(3, 'Piece', 'piece', NULL, NULL, '2020-02-08 16:22:16', '2020-02-08 16:22:16'),
(4, 'Dozon', 'dozon', NULL, NULL, '2020-02-08 16:22:43', '2020-02-08 16:22:43');

-- --------------------------------------------------------

--
-- Table structure for table `s2_units`
--

CREATE TABLE `s2_units` (
  `id` int(10) UNSIGNED NOT NULL,
  `unit_type_id` int(10) UNSIGNED NOT NULL,
  `name` varchar(191) COLLATE utf8mb4_unicode_ci NOT NULL,
  `short_name` varchar(191) COLLATE utf8mb4_unicode_ci NOT NULL,
  `description` text COLLATE utf8mb4_unicode_ci DEFAULT NULL,
  `multiply_by` double(14,6) NOT NULL DEFAULT 1.000000,
  `deleted_at` timestamp NULL DEFAULT NULL,
  `created_at` timestamp NULL DEFAULT NULL,
  `updated_at` timestamp NULL DEFAULT NULL
) ENGINE=InnoDB DEFAULT CHARSET=utf8mb4 COLLATE=utf8mb4_unicode_ci;

--
-- Dumping data for table `s2_units`
--

INSERT INTO `s2_units` (`id`, `unit_type_id`, `name`, `short_name`, `description`, `multiply_by`, `deleted_at`, `created_at`, `updated_at`) VALUES
(1, 1, 'kg', 'kg', NULL, 1.000000, NULL, '2020-02-08 16:20:23', '2020-02-08 16:20:23'),
(2, 1, 'Gram', 'gm', NULL, 1000.000000, NULL, '2020-02-08 16:20:56', '2020-02-08 16:20:56'),
(3, 1, 'Miligram', 'mg', NULL, 1000000.000000, NULL, '2020-02-08 16:21:13', '2020-02-08 16:21:13'),
(4, 2, 'Liter', 'liter', NULL, 1.000000, NULL, '2020-02-08 16:21:37', '2020-02-08 16:21:37'),
(5, 2, 'Mililiter', 'ml', NULL, 1000.000000, NULL, '2020-02-08 16:21:59', '2020-02-08 16:21:59'),
(6, 3, 'piece', 'piece', NULL, 1.000000, NULL, '2020-02-08 16:22:29', '2020-02-08 16:22:29'),
(7, 4, 'dozon', 'dzn', NULL, 1.000000, NULL, '2020-02-08 16:23:16', '2020-02-08 16:23:16'),
(8, 4, 'Hali', 'hali', NULL, 3.000000, NULL, '2020-02-08 16:23:40', '2020-02-08 16:23:40');

-- --------------------------------------------------------

--
-- Table structure for table `staff`
--

CREATE TABLE `staff` (
  `id` int(10) UNSIGNED NOT NULL,
  `type_id` enum('3','5') COLLATE utf8mb4_unicode_ci NOT NULL,
  `name` varchar(100) COLLATE utf8mb4_unicode_ci NOT NULL,
  `phone_no` varchar(15) COLLATE utf8mb4_unicode_ci DEFAULT NULL,
  `address` varchar(255) COLLATE utf8mb4_unicode_ci DEFAULT NULL,
  `created_at` timestamp NULL DEFAULT NULL,
  `updated_at` timestamp NULL DEFAULT NULL
) ENGINE=InnoDB DEFAULT CHARSET=utf8mb4 COLLATE=utf8mb4_unicode_ci;

--
-- Dumping data for table `staff`
--

INSERT INTO `staff` (`id`, `type_id`, `name`, `phone_no`, `address`, `created_at`, `updated_at`) VALUES
(1, '5', 'Claudine L. Blue', '+44 1632 960379', 'Brownsville, Kentucky(KY), 42210', '2019-12-10 21:26:02', '2019-12-10 21:26:02'),
(2, '5', 'Irene J McClure', '337-255-9859', 'Lafayette, Louisiana(LA), 70501', '2019-12-10 21:27:33', '2019-12-10 21:27:33'),
(3, '3', 'Kelli I Zimmerman', '813-625-1485', 'Tampa, Florida(FL), 33610', '2019-12-10 21:28:40', '2019-12-10 21:28:40'),
(4, '3', 'Liam Hemsworth', ' 256-652-9521', '1883 Strother Street', '2019-12-10 21:31:09', '2019-12-10 21:31:09');

-- --------------------------------------------------------

--
-- Table structure for table `suppliers`
--

CREATE TABLE `suppliers` (
  `id` int(10) UNSIGNED NOT NULL,
  `name` varchar(191) COLLATE utf8mb4_unicode_ci NOT NULL,
  `contact_no` varchar(191) COLLATE utf8mb4_unicode_ci NOT NULL,
  `address` text COLLATE utf8mb4_unicode_ci DEFAULT NULL,
  `designation` text COLLATE utf8mb4_unicode_ci DEFAULT NULL,
  `created_at` timestamp NULL DEFAULT NULL,
  `updated_at` timestamp NULL DEFAULT NULL
) ENGINE=InnoDB DEFAULT CHARSET=utf8mb4 COLLATE=utf8mb4_unicode_ci;

--
-- Dumping data for table `suppliers`
--

INSERT INTO `suppliers` (`id`, `name`, `contact_no`, `address`, `designation`, `created_at`, `updated_at`) VALUES
(1, 'Shestro Enterprise', '01711486808', 'Kistro pur sadar Mymensingh', 'Shopkeeper', '2020-02-10 18:02:36', '2020-03-03 10:17:04'),
(2, 'Sumon Broiler House', '01725060417', 'Mechua Bazar,Mymensingh', 'Shopkeeper', '2020-02-20 02:49:50', '2020-02-20 02:49:50'),
(3, 'M/S Al-Amin Store', '01677614762', 'Mechua Bazar,Mymensingh', 'Shopkeeper', '2020-02-20 03:10:26', '2020-02-20 03:10:26'),
(4, 'M/S Arnob Trade Link', '0171890312', '96/3 S.K Road, Mymensingh', 'Shopkeeper', '2020-02-23 08:17:44', '2020-02-23 08:17:44'),
(5, 'M/S Kazi Enterprise', '01748312426', 'Akuya,Mymensingh', NULL, '2020-02-23 08:24:59', '2020-02-26 06:29:30'),
(6, 'Moni Misttanno Vander', '01713565332', 'BAU Mor,Mymensingh', 'Supplier', '2020-02-23 08:29:27', '2020-02-23 08:29:27'),
(7, 'Mohadeb Store', '01700000000', 'Sodeshi Bazar,Mymensingh', 'Supplier', '2020-02-23 08:33:24', '2020-02-23 08:33:24'),
(8, 'Unknown', '09100000000', 'Mymensingh', 'Sales Man', '2020-02-23 08:37:03', '2020-02-23 08:37:03'),
(9, 'Sumon Store', '01921821240', 'Hasmat market,Charpara,Mymensingh', 'Shopkeeper', '2020-02-23 09:26:39', '2020-02-23 09:26:39'),
(10, 'Humayun Mangso Ghor', '01716075714', 'Charpara Bazar,Mymensingh', 'Supplier', '2020-02-23 09:38:22', '2020-02-23 09:38:22'),
(11, 'Dhaka Misti Mokh', '01746475869', 'Charpara Bazar,Mymensingh', 'Shopkeeper', '2020-02-23 09:55:37', '2020-02-23 09:55:37'),
(12, 'Ruma Confectionary and Presty Shop', '01799999999', 'Charpara Bazar,Mymensingh', 'Shopkeeper', '2020-02-23 10:30:59', '2020-02-23 10:30:59'),
(13, 'Nazrul & Brother\'s', '01712474777', 'Mesoa Bazar Mymensingh', 'Shop Kipar', '2020-02-25 04:24:28', '2020-02-25 04:24:28'),
(14, 'Nate Rasul (SM) Dim Arod', '01717097807', 'Mesoa Bazar Mymensingh', 'Dukandar', '2020-02-25 04:27:47', '2020-02-25 04:27:47'),
(15, 'Romania Food & Vebarage Ltd.', '8827441', 'Mymensingh', 'Company', '2020-02-25 04:54:53', '2020-02-25 04:54:53'),
(16, 'Squer Co.Ltd', '9859007', 'Mymensingh', 'Saplire', '2020-02-25 05:11:17', '2020-02-25 05:11:17'),
(17, 'Janani Paper House', '01711585429', 'Mymensingh', 'Company', '2020-02-25 05:11:25', '2020-02-25 05:11:25'),
(18, 'M/S Sharmi Enterprise', '01718885854', 'Charpara Mor Mymensingh', 'Shopkeepar', '2020-02-25 05:19:10', '2020-02-25 05:19:10'),
(19, 'Josho Madhab Bhander', '01911237846', 'Soto Bazer Mymensingh', 'Shop keeper', '2020-02-25 05:21:25', '2020-02-25 05:21:25'),
(20, 'ACI Conjumar Brands Ltd', '9859007', 'Mymensingh', 'Saplire', '2020-02-25 12:32:44', '2020-02-25 12:32:44'),
(21, 'Pran Sales Department', '01704134745', 'Mymensingh Sadar,mymensingh', 'Supplier', '2020-03-01 06:57:28', '2020-03-01 06:57:28'),
(22, 'M/S Haque Enterprise', '01715110958', 'Hakkani Keowatkhali Mymensingh', 'Shopkeeper', '2020-03-01 07:00:03', '2020-03-01 07:00:03'),
(23, 'Shukkur Ali Lakri Shop', '01720298592', 'Digarkandha,Hridoy mor Mymensingh', 'Shopkeeper', '2020-03-03 05:00:07', '2020-03-03 05:00:07'),
(24, 'M.N Distribution Co.Ltd', '01768598896', '29 C.K. Gosh Road,Mymensingh', 'Supplier', '2020-03-03 05:04:38', '2020-03-03 05:04:38'),
(25, 'Bkash Chandra Dhor', '01708559667', 'Mesoa Bazar Mymensingh', 'Shopkeeper', '2020-03-03 05:11:49', '2020-03-03 05:11:49'),
(26, 'M/S Three Star Foods Garden', '01716123064', '77/B Bagmara Road, Mymensingh', 'Shopkeeper', '2020-03-03 05:34:45', '2020-03-03 05:34:45'),
(27, 'Sarinda Lights & Electric', '01705695558', '21/B Rambabu Road,Mymensingh', 'Shopkeeper', '2020-03-03 05:57:09', '2020-03-03 05:57:09'),
(28, 'Shamim Cookarise', '01996080191', 'Somir Plaza Charpara', 'Shopkeeper', '2020-03-03 06:00:52', '2020-03-03 06:00:52'),
(29, 'kashem Industrial Ltd', '01990744472', 'Mymensingh Sadar,mymensingh', 'Supplier', '2020-03-03 06:09:03', '2020-03-03 06:09:03'),
(30, 'Amin Traders', '01947802459', 'Mesoa Bazar Mymensingh', 'Shopkeeper', '2020-03-03 06:34:43', '2020-03-03 06:34:43'),
(31, 'M/S Nur Enterprise', '01724734911', 'Soto Bazar Mymensingh', 'Shopkeeper', '2020-03-03 10:12:27', '2020-03-03 10:12:27'),
(32, 'Newbie Enterprise', '01790828180', 'Sadar, Mymensingh', 'Supplire', '2020-03-07 03:36:03', '2020-03-07 03:36:03'),
(33, 'Matri Oli Mils', '01733288027', 'Mesoa Bazar Mymensingh', 'Shopkeepar', '2020-03-07 05:26:34', '2020-03-07 05:26:34'),
(34, 'Milon Bala Paul', '01711682384', 'Dal Potri Mymensingh', 'Shopkeepar', '2020-03-07 06:36:56', '2020-03-07 06:36:56'),
(35, 'M.F.C Fast Food', '01740904174', 'BAU Mymensingh', 'Shopkeepar', '2020-03-07 06:44:08', '2020-03-07 06:44:08'),
(36, 'Sarinda Restaurent', '01712121434', 'CK Gosh Road Mymensungh', 'Shopkeepar', '2020-03-07 06:49:40', '2020-03-07 06:49:40'),
(37, 'test001', '78678678', NULL, NULL, '2020-03-07 08:47:36', '2020-03-07 08:47:36'),
(38, 'Bai Bon Store', '01943628139', 'Hasmot Market,Corpara Bazar, Mymensingh.', 'Shop keeper', '2020-03-09 05:15:17', '2020-03-09 05:15:17'),
(39, 'Shakil Boiler House', '01942355139', 'Chorpara,Mymensingh', 'Shop keeper', '2020-03-09 05:27:20', '2020-03-09 05:27:20'),
(40, 'Ispahani Tea Limeted', '01937900378', 'Mymensingh', 'Company', '2020-03-09 05:38:34', '2020-03-09 05:38:34'),
(41, 'M/S Motaleb Meat Store', '01767619552', 'BAU Mor,Mymensingh', 'Supplier', '2020-03-09 08:34:00', '2020-03-09 08:34:00'),
(42, 'M/S Hirendo Chandra Paul', '017116074643', 'Mechua Bazar,Mymensingh', 'Shopkeeper', '2020-03-09 08:44:29', '2020-03-09 08:44:29'),
(43, 'Tonmoy Kokaris', '01711384490', 'Sodasy Bazar,Mymensingh', 'Shop keeper', '2020-03-09 09:36:03', '2020-03-09 09:36:03'),
(44, 'Kashem Industries Ltd.', '01914561646', NULL, NULL, '2020-03-09 10:13:47', '2020-03-09 10:13:47'),
(45, 'Mistry Kanon', '01811293239', NULL, NULL, '2020-03-10 03:07:02', '2020-03-10 03:07:02'),
(46, 'Zillur Broiler House', '01982532298', NULL, NULL, '2020-03-10 05:15:28', '2020-03-10 05:15:28'),
(47, 'MA-Baba Poltry Fram', '01715667200', NULL, NULL, '2020-03-10 08:00:06', '2020-03-10 08:00:06'),
(48, 'SMC Enterprise Ltd.', '091-66655', NULL, NULL, '2020-03-10 08:03:30', '2020-03-10 08:03:30'),
(49, 'Sels Department Oder Collaction', '8833076', NULL, NULL, '2020-03-10 08:55:37', '2020-03-10 08:55:37'),
(50, 'Shudir Gosh', '01725061307', NULL, NULL, '2020-03-10 10:37:21', '2020-03-10 10:37:21'),
(51, 'M/S Mushfik Enterprise', '01712939612', NULL, NULL, '2020-03-10 15:31:17', '2020-03-10 15:31:17'),
(52, 'M/S Soyed Saiduzzaman', '01768598896', '29,C.K Gosh Road.Mymensingh.', 'Shopkeepar', '2020-03-11 02:08:57', '2020-03-11 02:08:57'),
(53, 'Nur Enterprise', '01724734911', NULL, NULL, '2020-03-11 03:46:31', '2020-03-11 03:46:31'),
(54, 'DIPOK & BROTHERS', '01713571650', NULL, NULL, '2020-03-11 04:00:12', '2020-03-11 04:00:12'),
(55, 'Hazi MD. Chan Mia', '01719528594', 'Charpara Mor Mymensingh', 'Shopkeepar', '2020-03-11 08:51:30', '2020-03-11 08:51:30'),
(56, 'SMC Enterprise', '01310355344', 'Mymensingh', 'Sales Man', '2020-07-17 00:29:20', '2020-07-17 00:29:20'),
(57, 'Ma-Baba Polty Farm', '01630724449', 'Digharkanda,Mymensingh', 'Sales Man', '2020-07-17 00:31:44', '2020-07-17 00:31:44'),
(58, 'Al-ami Store', '01677614762', 'Mechuya Bazar,Mymensingh', 'Sales Man', '2020-07-17 00:34:33', '2020-07-17 00:34:33'),
(59, 'Raju Varaities Store & Moni Misttanno Vander', '10713565332', 'B.K.U Mor,Zamtola,Mymensingh', 'Sales Man', '2020-07-17 00:47:12', '2020-07-17 00:47:12'),
(60, 'M/S Salah Uddin Cookarige', '01716241503', 'Sodeshi Bazar,Mymensingh', 'Sales Man', '2020-07-17 02:42:59', '2020-07-17 02:42:59'),
(61, 'Nayem Shoe Store', '01726559467', NULL, NULL, '2020-07-17 12:41:55', '2020-07-17 12:41:55'),
(62, 'Arko Traders', '01717563823', NULL, NULL, '2020-07-20 06:21:33', '2020-07-20 06:21:33'),
(63, 'M/S Shresto Enterprise', '01711486808', NULL, NULL, '2020-07-20 06:35:11', '2020-07-20 06:35:11');

-- --------------------------------------------------------

--
-- Table structure for table `transaction_heads`
--

CREATE TABLE `transaction_heads` (
  `id` int(10) UNSIGNED NOT NULL,
  `ac_head_id` int(10) UNSIGNED NOT NULL,
  `name` varchar(191) COLLATE utf8mb4_unicode_ci NOT NULL,
  `debit` decimal(14,2) NOT NULL DEFAULT 0.00,
  `credit` decimal(14,2) NOT NULL DEFAULT 0.00,
  `amount` decimal(14,2) NOT NULL DEFAULT 0.00,
  `code` varchar(191) COLLATE utf8mb4_unicode_ci NOT NULL,
  `transactionable_id` int(11) NOT NULL,
  `transactionable_type` varchar(191) COLLATE utf8mb4_unicode_ci NOT NULL,
  `created_at` timestamp NULL DEFAULT NULL,
  `updated_at` timestamp NULL DEFAULT NULL
) ENGINE=InnoDB DEFAULT CHARSET=utf8mb4 COLLATE=utf8mb4_unicode_ci;

--
-- Dumping data for table `transaction_heads`
--

INSERT INTO `transaction_heads` (`id`, `ac_head_id`, `name`, `debit`, `credit`, `amount`, `code`, `transactionable_id`, `transactionable_type`, `created_at`, `updated_at`) VALUES
(1, 3, 'MFMSF', '0.00', '0.00', '0.00', '7701', 15, 'App\\AccountHeadChild_I', NULL, '2021-05-04 02:25:09'),
(2, 3, 'UPP', '0.00', '0.00', '0.00', '7702', 15, 'App\\AccountHeadChild_I', NULL, '2021-05-04 02:25:09'),
(3, 3, 'FSP', '0.00', '0.00', '0.00', '7703', 15, 'App\\AccountHeadChild_I', NULL, '2021-05-04 02:25:09'),
(4, 3, 'Enrich', '0.00', '0.00', '0.00', '7704', 15, 'App\\AccountHeadChild_I', NULL, '2021-05-04 02:25:09'),
(5, 3, 'Training venue Charge', '0.00', '0.00', '0.00', '4501', 18, 'App\\AccountHeadChild_I', NULL, '2021-05-04 02:25:09'),
(6, 3, 'Conference Room Fare', '0.00', '0.00', '0.00', '4502', 18, 'App\\AccountHeadChild_I', NULL, '2021-05-04 02:25:09'),
(7, 3, 'Accommodation', '0.00', '0.00', '0.00', '4503', 18, 'App\\AccountHeadChild_I', NULL, '2021-05-04 02:25:09'),
(8, 3, 'Food Bill received', '0.00', '0.00', '0.00', '4504', 18, 'App\\AccountHeadChild_I', NULL, '2021-05-04 02:25:09'),
(9, 3, 'Training Service Charge Received', '0.00', '0.00', '0.00', '4505', 18, 'App\\AccountHeadChild_I', NULL, '2021-05-04 02:25:09'),
(10, 3, 'Training matirials Bill', '0.00', '0.00', '0.00', '4506', 18, 'App\\AccountHeadChild_I', NULL, '2021-05-04 02:25:09'),
(11, 3, 'Facilitators Honorarirum', '0.00', '0.00', '0.00', '4507', 18, 'App\\AccountHeadChild_I', NULL, '2021-05-04 02:25:09'),
(12, 3, 'Equipment Charge', '0.00', '0.00', '0.00', '4508', 18, 'App\\AccountHeadChild_I', NULL, '2021-05-04 02:25:09'),
(13, 3, 'Tranees convence received', '0.00', '0.00', '0.00', '4509', 18, 'App\\AccountHeadChild_I', NULL, '2021-05-04 02:25:09'),
(14, 3, 'Residence Personal', '0.00', '0.00', '0.00', '4510', 18, 'App\\AccountHeadChild_I', NULL, '2021-05-04 02:25:09'),
(15, 3, 'Food bill Received (Personal)', '0.00', '0.00', '0.00', '4511', 18, 'App\\AccountHeadChild_I', NULL, '2021-05-04 02:25:09'),
(16, 4, 'Food cost', '0.00', '0.00', '0.00', '5701', 19, 'App\\AccountHeadChild_I', NULL, '2021-05-04 02:25:09'),
(17, 4, 'Special Allawonces', '0.00', '0.00', '0.00', '5703', 19, 'App\\AccountHeadChild_I', NULL, '2021-05-04 02:25:09'),
(18, 4, 'Supporting Staff cost for cook', '0.00', '0.00', '0.00', '5705', 19, 'App\\AccountHeadChild_I', NULL, '2021-05-04 02:25:09'),
(19, 4, 'Training matirials cost', '0.00', '0.00', '0.00', '5706', 19, 'App\\AccountHeadChild_I', NULL, '2021-05-04 02:25:09'),
(20, 4, 'Trainees Convyence cost', '0.00', '0.00', '0.00', '5707', 19, 'App\\AccountHeadChild_I', NULL, '2021-05-04 02:25:09'),
(21, 4, 'RESO. Person H cost', '0.00', '0.00', '0.00', '5708', 19, 'App\\AccountHeadChild_I', NULL, '2021-05-04 02:25:09'),
(22, 4, 'Extra Service Sttaf Cost', '0.00', '0.00', '0.00', '5709', 19, 'App\\AccountHeadChild_I', NULL, '2021-05-04 02:25:09'),
(23, 3, 'Dining Charge', '0.00', '0.00', '0.00', '4512', 18, 'App\\AccountHeadChild_I', NULL, '2021-05-04 02:25:09'),
(26, 1, 'Furniture', '0.00', '0.00', '0.00', '1201', 2, 'App\\AccountHeadChild_II', NULL, '2021-05-04 02:25:06'),
(28, 1, 'Spiral Machine', '0.00', '0.00', '0.00', '1252', 3, 'App\\AccountHeadChild_II', NULL, '2021-05-04 02:25:07'),
(29, 1, 'Photo copier', '0.00', '0.00', '0.00', '1253', 3, 'App\\AccountHeadChild_II', NULL, '2021-05-04 02:25:07'),
(30, 1, 'Video Camera', '0.00', '0.00', '0.00', '1255', 3, 'App\\AccountHeadChild_II', NULL, '2021-05-04 02:25:07'),
(31, 1, 'Vehical A/C', '0.00', '0.00', '0.00', '1301', 4, 'App\\AccountHeadChild_II', NULL, '2021-05-04 02:25:07'),
(32, 1, 'Motor Cycle', '0.00', '0.00', '0.00', '1302', 4, 'App\\AccountHeadChild_II', NULL, '2021-05-04 02:25:07'),
(33, 1, 'Computer System', '0.00', '0.00', '0.00', '1351', 5, 'App\\AccountHeadChild_II', NULL, '2021-05-04 02:25:07'),
(34, 1, 'Television', '0.00', '0.00', '0.00', '1352', 5, 'App\\AccountHeadChild_II', NULL, '2021-05-04 02:25:07'),
(35, 1, 'Generator', '0.00', '0.00', '0.00', '1353', 5, 'App\\AccountHeadChild_II', NULL, '2021-05-04 02:25:07'),
(36, 1, 'Refrigerator', '0.00', '0.00', '0.00', '1354', 5, 'App\\AccountHeadChild_II', NULL, '2021-05-04 02:25:07'),
(37, 1, 'Electric Fan', '0.00', '0.00', '0.00', '1355', 5, 'App\\AccountHeadChild_II', NULL, '2021-05-04 02:25:07'),
(38, 1, 'Solar System', '0.00', '0.00', '0.00', '1356', 5, 'App\\AccountHeadChild_II', NULL, '2021-05-04 02:25:07'),
(39, 1, 'Air Conditioner', '0.00', '0.00', '0.00', '1357', 5, 'App\\AccountHeadChild_II', NULL, '2021-05-04 02:25:07'),
(40, 1, 'Server', '0.00', '0.00', '0.00', '1401', 6, 'App\\AccountHeadChild_II', NULL, '2021-05-04 02:25:07'),
(41, 1, 'Microcredit Software', '0.00', '0.00', '0.00', '1402', 6, 'App\\AccountHeadChild_II', NULL, '2021-05-04 02:25:07'),
(42, 1, 'Loan A/C With members -JAGARON', '0.00', '0.00', '0.00', '1901', 7, 'App\\AccountHeadChild_II', NULL, '2021-05-04 02:25:07'),
(43, 1, 'Loan A/C With members -AGRASHOR', '0.00', '0.00', '0.00', '1902', 7, 'App\\AccountHeadChild_II', NULL, '2021-05-04 02:25:07'),
(44, 1, 'Loan A/C With members -BUNIAD', '0.00', '0.00', '0.00', '1903', 7, 'App\\AccountHeadChild_II', NULL, '2021-05-04 02:25:07'),
(45, 1, 'Loan A/C With members -SUFALON', '0.00', '0.00', '0.00', '1904', 7, 'App\\AccountHeadChild_II', NULL, '2021-05-04 02:25:07'),
(46, 1, 'Loan A/C With members -MFMSF', '0.00', '0.00', '0.00', '1905', 7, 'App\\AccountHeadChild_II', NULL, '2021-05-04 02:25:07'),
(47, 1, 'Loan A/C With members -EFRRAP', '0.00', '0.00', '0.00', '1906', 7, 'App\\AccountHeadChild_II', NULL, '2021-05-04 02:25:07'),
(48, 1, 'By Cycle Loan (staff)', '0.00', '0.00', '0.00', '2002', 8, 'App\\AccountHeadChild_II', NULL, '2021-05-04 02:25:07'),
(49, 1, 'Rain Coat', '0.00', '0.00', '0.00', '2005', 8, 'App\\AccountHeadChild_II', NULL, '2021-05-04 02:25:07'),
(50, 1, 'LLPI', '0.00', '0.00', '0.00', '2301', 10, 'App\\AccountHeadChild_II', NULL, '2021-05-04 02:25:07'),
(51, 1, 'DMFI', '0.00', '0.00', '0.00', '2302', 10, 'App\\AccountHeadChild_II', NULL, '2021-05-04 02:25:07'),
(52, 2, 'JAGARON (SS)', '0.00', '0.00', '0.00', '3141', 18, 'App\\AccountHeadChild_II', NULL, '2021-05-04 02:25:08'),
(53, 2, 'Monthly Savings(DPS)', '0.00', '0.00', '0.00', '3151', 21, 'App\\AccountHeadChild_II', NULL, '2021-05-04 02:25:08'),
(54, 2, 'RMC (PKSF) Principal', '0.00', '0.00', '0.00', '3351', 11, 'App\\AccountHeadChild_II', NULL, '2021-05-04 02:25:08'),
(55, 2, 'UMC (PKSF) Principal', '0.00', '0.00', '0.00', '3352', 11, 'App\\AccountHeadChild_II', NULL, '2021-05-04 02:25:08'),
(56, 2, 'ME (PKSF) Principal', '0.00', '0.00', '0.00', '3353', 11, 'App\\AccountHeadChild_II', NULL, '2021-05-04 02:25:08'),
(57, 2, 'JAGARON (PKSF) Principal', '0.00', '0.00', '0.00', '3354', 11, 'App\\AccountHeadChild_II', NULL, '2021-05-04 02:25:08'),
(58, 2, 'AGRASHOR (PKSF) Principal', '0.00', '0.00', '0.00', '3355', 11, 'App\\AccountHeadChild_II', NULL, '2021-05-04 02:25:08'),
(59, 2, 'SUFALON (PKSF) Principal', '0.00', '0.00', '0.00', '3356', 11, 'App\\AccountHeadChild_II', NULL, '2021-05-04 02:25:08'),
(60, 3, 'Other Income', '0.00', '0.00', '0.00', '4256', 12, 'App\\AccountHeadChild_II', NULL, '2021-05-04 02:25:09'),
(61, 3, 'Income from Training Center', '0.00', '0.00', '0.00', '4259', 12, 'App\\AccountHeadChild_II', NULL, '2021-05-04 02:25:09'),
(62, 3, 'ENRICH Project Income', '0.00', '0.00', '0.00', '4260', 12, 'App\\AccountHeadChild_II', NULL, '2021-05-04 02:25:09'),
(63, 3, 'ENRICH Project Grant Income', '0.00', '0.00', '0.00', '4261', 12, 'App\\AccountHeadChild_II', NULL, '2021-05-04 02:25:09'),
(64, 3, 'Sale of pass book (DPS)', '0.00', '0.00', '0.00', '4262', 12, 'App\\AccountHeadChild_II', NULL, '2021-05-04 02:25:09'),
(65, 3, 'FK norway project', '0.00', '0.00', '0.00', '4263', 12, 'App\\AccountHeadChild_II', NULL, '2021-05-04 02:25:09'),
(66, 3, 'Bad Debts', '0.00', '0.00', '0.00', '4264', 12, 'App\\AccountHeadChild_II', NULL, '2021-05-04 02:25:09'),
(67, 3, 'Income for vahicle sale', '0.00', '0.00', '0.00', '4265', 12, 'App\\AccountHeadChild_II', NULL, '2021-05-04 02:25:09'),
(68, 3, 'Bank Interest', '0.00', '0.00', '0.00', '4301', 13, 'App\\AccountHeadChild_II', NULL, '2021-05-04 02:25:09'),
(69, 3, 'Bank Interest?FDR', '0.00', '0.00', '0.00', '4302', 13, 'App\\AccountHeadChild_II', NULL, '2021-05-04 02:25:09'),
(70, 3, 'Bank Interest?LLP', '0.00', '0.00', '0.00', '4303', 13, 'App\\AccountHeadChild_II', NULL, '2021-05-04 02:25:09'),
(71, 3, 'Bank Interest?DMF', '0.00', '0.00', '0.00', '4304', 13, 'App\\AccountHeadChild_II', NULL, '2021-05-04 02:25:09'),
(72, 3, 'Bank Interest?DF', '0.00', '0.00', '0.00', '4305', 13, 'App\\AccountHeadChild_II', NULL, '2021-05-04 02:25:09'),
(73, 4, 'RMC Service Charge paid to HO', '0.00', '0.00', '0.00', '5221', 14, 'App\\AccountHeadChild_II', NULL, '2021-05-04 02:25:10'),
(74, 4, 'UMC Service Charge paid to HO', '0.00', '0.00', '0.00', '5222', 14, 'App\\AccountHeadChild_II', NULL, '2021-05-04 02:25:10'),
(75, 4, 'ME Service Charge paid to HO', '0.00', '0.00', '0.00', '5223', 14, 'App\\AccountHeadChild_II', NULL, '2021-05-04 02:25:10'),
(76, 4, 'UPP Service Charge paid to HO', '0.00', '0.00', '0.00', '5224', 14, 'App\\AccountHeadChild_II', NULL, '2021-05-04 02:25:10'),
(77, 4, 'SL Service Charge paid to HO', '0.00', '0.00', '0.00', '5225', 14, 'App\\AccountHeadChild_II', NULL, '2021-05-04 02:25:10'),
(78, 4, 'ASMP  Service Charge paid to HO', '0.00', '0.00', '0.00', '5226', 14, 'App\\AccountHeadChild_II', NULL, '2021-05-04 02:25:10'),
(79, 4, 'Printing & Stationery', '0.00', '0.00', '0.00', '5451', 16, 'App\\AccountHeadChild_II', NULL, '2021-05-04 02:25:10'),
(80, 4, 'Fuel Cost', '0.00', '0.00', '0.00', '5452', 16, 'App\\AccountHeadChild_II', NULL, '2021-05-04 02:25:10'),
(81, 4, 'Office Rent', '0.00', '0.00', '0.00', '5453', 16, 'App\\AccountHeadChild_II', NULL, '2021-05-04 02:25:10'),
(82, 4, 'Postage & Telephone', '0.00', '0.00', '0.00', '5454', 16, 'App\\AccountHeadChild_II', NULL, '2021-05-04 02:25:10'),
(83, 4, 'Electricity Bill', '0.00', '0.00', '0.00', '5455', 16, 'App\\AccountHeadChild_II', NULL, '2021-05-04 02:25:10'),
(84, 4, 'Entertainment Cost', '0.00', '0.00', '0.00', '5456', 16, 'App\\AccountHeadChild_II', NULL, '2021-05-04 02:25:10'),
(85, 4, 'Repair & Maintenance Cost', '0.00', '0.00', '0.00', '5457', 16, 'App\\AccountHeadChild_II', NULL, '2021-05-04 02:25:10'),
(86, 4, 'Gas bill & installation', '0.00', '0.00', '0.00', '5458', 16, 'App\\AccountHeadChild_II', NULL, '2021-05-04 02:25:10'),
(87, 4, 'Advertisement', '0.00', '0.00', '0.00', '5459', 16, 'App\\AccountHeadChild_II', NULL, '2021-05-04 02:25:10'),
(88, 4, 'VAT/TAX', '0.00', '0.00', '0.00', '5460', 16, 'App\\AccountHeadChild_II', NULL, '2021-05-04 02:25:10'),
(89, 4, 'Audit & Professional Fee', '0.00', '0.00', '0.00', '5461', 16, 'App\\AccountHeadChild_II', NULL, '2021-05-04 02:25:10'),
(90, 4, 'Training Allowance', '0.00', '0.00', '0.00', '5462', 16, 'App\\AccountHeadChild_II', NULL, '2021-05-04 02:25:10'),
(91, 4, 'Software Cost', '0.00', '0.00', '0.00', '5463', 16, 'App\\AccountHeadChild_II', NULL, '2021-05-04 02:25:10'),
(92, 4, 'LLPE', '0.00', '0.00', '0.00', '5464', 16, 'App\\AccountHeadChild_II', NULL, '2021-05-04 02:25:10'),
(93, 4, 'DMFE', '0.00', '0.00', '0.00', '5465', 16, 'App\\AccountHeadChild_II', NULL, '2021-05-04 02:25:10'),
(94, 4, 'Depricaition', '0.00', '0.00', '0.00', '5466', 16, 'App\\AccountHeadChild_II', NULL, '2021-05-04 02:25:10'),
(95, 4, 'Legal Expense', '0.00', '0.00', '0.00', '5467', 16, 'App\\AccountHeadChild_II', NULL, '2021-05-04 02:25:10'),
(96, 4, 'Miscellaneous Expense', '0.00', '0.00', '0.00', '5468', 16, 'App\\AccountHeadChild_II', NULL, '2021-05-04 02:25:10'),
(97, 4, 'Honorarium fee', '0.00', '0.00', '0.00', '5469', 16, 'App\\AccountHeadChild_II', NULL, '2021-05-04 02:25:10'),
(98, 4, 'Service Charge Paid to PKSF (RMC)', '0.00', '0.00', '0.00', '5131', 19, 'App\\AccountHeadChild_II', NULL, '2021-05-04 02:25:10'),
(99, 4, 'Service Charge Paid to PKSF (UMC)', '0.00', '0.00', '0.00', '5132', 19, 'App\\AccountHeadChild_II', NULL, '2021-05-04 02:25:10'),
(100, 4, 'Service Charge Paid to PKSF (ME)', '0.00', '0.00', '0.00', '5133', 19, 'App\\AccountHeadChild_II', NULL, '2021-05-04 02:25:10'),
(101, 4, 'Service Charge Paid to PKSF (UPP)', '0.00', '0.00', '0.00', '5134', 19, 'App\\AccountHeadChild_II', NULL, '2021-05-04 02:25:10'),
(102, 4, 'Service Charge Paid to PKSF (ID loan)', '0.00', '0.00', '0.00', '5135', 19, 'App\\AccountHeadChild_II', NULL, '2021-05-04 02:25:10'),
(103, 4, 'Service Charge Paid to PKSF (JAGARON)', '0.00', '0.00', '0.00', '5136', 19, 'App\\AccountHeadChild_II', NULL, '2021-05-04 02:25:10'),
(104, 4, 'Service Charge Paid to PKSF (AGRASHOR)', '0.00', '0.00', '0.00', '5137', 19, 'App\\AccountHeadChild_II', NULL, '2021-05-04 02:25:10'),
(105, 4, 'Service Charge Paid to PKSF (BUNIAD)', '0.00', '0.00', '0.00', '5138', 19, 'App\\AccountHeadChild_II', NULL, '2021-05-04 02:25:10'),
(106, 4, 'Interest on Group Savings', '0.00', '0.00', '0.00', '5121', 20, 'App\\AccountHeadChild_II', NULL, '2021-05-04 02:25:10'),
(107, 2, 'Emergency Fund JAGARON', '0.00', '0.00', '0.00', '3161', 22, 'App\\AccountHeadChild_II', NULL, '2021-05-04 02:25:08'),
(108, 3, 'Service Charge A/C JAGARON', '0.00', '0.00', '0.00', '4151', 23, 'App\\AccountHeadChild_II', NULL, '2021-05-04 02:25:09'),
(109, 3, 'Service Charge A/C AGRASHOR', '0.00', '0.00', '0.00', '4152', 23, 'App\\AccountHeadChild_II', NULL, '2021-05-04 02:25:09'),
(110, 3, 'Service Charge A/C BUNIAD', '0.00', '0.00', '0.00', '4153', 23, 'App\\AccountHeadChild_II', NULL, '2021-05-04 02:25:09'),
(111, 3, 'Service Charge A/C  SUFOLON', '0.00', '0.00', '0.00', '4154', 23, 'App\\AccountHeadChild_II', NULL, '2021-05-04 02:25:09'),
(112, 3, 'Service Charge A/C EFRRAP', '0.00', '0.00', '0.00', '4155', 23, 'App\\AccountHeadChild_II', NULL, '2021-05-04 02:25:09'),
(113, 3, 'Service Charge A/C  MFMSF', '0.00', '0.00', '0.00', '4156', 23, 'App\\AccountHeadChild_II', NULL, '2021-05-04 02:25:09'),
(114, 4, 'Staff Salary & Allowance', '0.00', '0.00', '0.00', '5311', 15, 'App\\AccountHeadChild_II', NULL, '2021-05-04 02:25:10'),
(115, 4, 'Traveling Cost/ Conveyance', '0.00', '0.00', '0.00', '5471', 16, 'App\\AccountHeadChild_II', NULL, '2021-05-04 02:25:10'),
(116, 4, 'Bank/D.D/T.T Charge & comm;.', '0.00', '0.00', '0.00', '5501', 24, 'App\\AccountHeadChild_II', NULL, '2021-05-04 02:25:10'),
(117, 2, 'Current Account Principal (HO & Branch)RMC', '0.00', '0.00', '0.00', '3421', 26, 'App\\AccountHeadChild_II', NULL, '2021-05-04 02:25:08'),
(118, 2, 'Current Account Principal (HO & Branch)UMC', '0.00', '0.00', '0.00', '3422', 26, 'App\\AccountHeadChild_II', NULL, '2021-05-04 02:25:08'),
(119, 2, 'Current Account Principal (Branch & HO)ME', '0.00', '0.00', '0.00', '3423', 26, 'App\\AccountHeadChild_II', NULL, '2021-05-04 02:25:08'),
(120, 2, 'Current Account Principal (Branch & HO)UPP', '0.00', '0.00', '0.00', '3424', 26, 'App\\AccountHeadChild_II', NULL, '2021-05-04 02:25:08'),
(121, 2, 'Current Account Principal (Branch & HO)SL', '0.00', '0.00', '0.00', '3425', 26, 'App\\AccountHeadChild_II', NULL, '2021-05-04 02:25:08'),
(122, 2, 'Current Account Principal (Branch & HO)JAGARON', '0.00', '0.00', '0.00', '3426', 26, 'App\\AccountHeadChild_II', NULL, '2021-05-04 02:25:08'),
(123, 2, 'Current Account Principal (Branch & HO)AGRASHOR', '0.00', '0.00', '0.00', '3427', 26, 'App\\AccountHeadChild_II', NULL, '2021-05-04 02:25:08'),
(124, 2, 'Current Account Principal (Branch & HO)MFMSF', '0.00', '0.00', '0.00', '3428', 26, 'App\\AccountHeadChild_II', NULL, '2021-05-04 02:25:08'),
(125, 2, 'Loan Loss Provision Fund (LLP)', '0.00', '0.00', '0.00', '3521', 27, 'App\\AccountHeadChild_II', NULL, '2021-05-04 02:25:08'),
(126, 2, 'Disaster Management Fund (DMF)', '0.00', '0.00', '0.00', '3522', 27, 'App\\AccountHeadChild_II', NULL, '2021-05-04 02:25:08'),
(127, 2, 'Accumulated Depreciation', '0.00', '0.00', '0.00', '3523', 27, 'App\\AccountHeadChild_II', NULL, '2021-05-04 02:25:08'),
(128, 2, 'Provision for Expenses', '0.00', '0.00', '0.00', '3524', 27, 'App\\AccountHeadChild_II', NULL, '2021-05-04 02:25:08'),
(129, 2, 'Payable for Savings Interest', '0.00', '0.00', '0.00', '3525', 27, 'App\\AccountHeadChild_II', NULL, '2021-05-04 02:25:08'),
(130, 2, 'Retained Surplus/Deficit', '0.00', '0.00', '0.00', '3621', 28, 'App\\AccountHeadChild_II', NULL, '2021-05-04 02:25:08'),
(131, 1, 'Building/Office Construction', '0.00', '0.00', '0.00', '1153', 1, 'App\\AccountHeadChild_II', NULL, '2021-05-04 02:25:07'),
(132, 1, 'Veceom Cleaner', '0.00', '0.00', '0.00', '1358', 5, 'App\\AccountHeadChild_II', NULL, '2021-05-04 02:25:07'),
(133, 1, 'Sound System', '0.00', '0.00', '0.00', '1359', 5, 'App\\AccountHeadChild_II', NULL, '2021-05-04 02:25:07'),
(134, 1, 'AC/DC Motors & Feetings', '0.00', '0.00', '0.00', '1360', 5, 'App\\AccountHeadChild_II', NULL, '2021-05-04 02:25:07'),
(135, 1, 'Lift', '0.00', '0.00', '0.00', '1361', 5, 'App\\AccountHeadChild_II', NULL, '2021-05-04 02:25:07'),
(136, 1, 'IPS', '0.00', '0.00', '0.00', '1362', 5, 'App\\AccountHeadChild_II', NULL, '2021-05-04 02:25:07'),
(137, 1, 'Oven', '0.00', '0.00', '0.00', '1363', 5, 'App\\AccountHeadChild_II', NULL, '2021-05-04 02:25:07'),
(138, 1, 'Multimedia And Overhead Projector', '0.00', '0.00', '0.00', '1254', 3, 'App\\AccountHeadChild_II', NULL, '2021-05-04 02:25:07'),
(139, 1, 'Fire extinguisher', '0.00', '0.00', '0.00', '1256', 3, 'App\\AccountHeadChild_II', NULL, '2021-05-04 02:25:07'),
(140, 1, 'DFI', '0.00', '0.00', '0.00', '2303', 10, 'App\\AccountHeadChild_II', NULL, '2021-05-04 02:25:07'),
(141, 1, 'Savings FDR', '0.00', '0.00', '0.00', '2304', 10, 'App\\AccountHeadChild_II', NULL, '2021-05-04 02:25:07'),
(142, 1, 'Other Savings FDR', '0.00', '0.00', '0.00', '2305', 10, 'App\\AccountHeadChild_II', NULL, '2021-05-04 02:25:07'),
(143, 2, 'AGRASHOR (SS)', '0.00', '0.00', '0.00', '3142', 18, 'App\\AccountHeadChild_II', NULL, '2021-05-04 02:25:08'),
(144, 2, 'BUNIAD (SS)', '0.00', '0.00', '0.00', '3143', 18, 'App\\AccountHeadChild_II', NULL, '2021-05-04 02:25:08'),
(145, 2, 'MFMSF (SS)', '0.00', '0.00', '0.00', '3144', 18, 'App\\AccountHeadChild_II', NULL, '2021-05-04 02:25:08'),
(146, 2, 'SUFALON (SS)', '0.00', '0.00', '0.00', '3145', 18, 'App\\AccountHeadChild_II', NULL, '2021-05-04 02:25:08'),
(147, 2, 'Emergency Fund AGRASOR', '0.00', '0.00', '0.00', '3162', 22, 'App\\AccountHeadChild_II', NULL, '2021-05-04 02:25:08'),
(148, 2, 'Emergency Fund BUNIAD', '0.00', '0.00', '0.00', '3163', 22, 'App\\AccountHeadChild_II', NULL, '2021-05-04 02:25:08'),
(149, 2, 'Emergency fund SUFALON', '0.00', '0.00', '0.00', '3164', 22, 'App\\AccountHeadChild_II', NULL, '2021-05-04 02:25:08'),
(150, 2, 'Emergency Fund FSP', '0.00', '0.00', '0.00', '3165', 22, 'App\\AccountHeadChild_II', NULL, '2021-05-04 02:25:08'),
(151, 2, 'Emergency Fund EFRRAP', '0.00', '0.00', '0.00', '3166', 22, 'App\\AccountHeadChild_II', NULL, '2021-05-04 02:25:08'),
(152, 2, 'Health Insurance', '0.00', '0.00', '0.00', '3167', 22, 'App\\AccountHeadChild_II', NULL, '2021-05-04 02:25:08'),
(153, 4, 'Service Charge Paid to PKSF (SUFOLON)', '0.00', '0.00', '0.00', '5139', 19, 'App\\AccountHeadChild_II', NULL, '2021-05-04 02:25:10'),
(154, 4, 'Daily Allowance', '0.00', '0.00', '0.00', '5472', 16, 'App\\AccountHeadChild_II', NULL, '2021-05-04 02:25:10'),
(155, 4, 'Meeting Expenses', '0.00', '0.00', '0.00', '5473', 16, 'App\\AccountHeadChild_II', NULL, '2021-05-04 02:25:10'),
(156, 4, 'Festival Allowance', '0.00', '0.00', '0.00', '5474', 15, 'App\\AccountHeadChild_II', NULL, '2021-05-04 02:25:10'),
(157, 4, 'News Paper Bill', '0.00', '0.00', '0.00', '5476', 16, 'App\\AccountHeadChild_II', NULL, '2021-05-04 02:25:10'),
(158, 4, 'Registration Fees', '0.00', '0.00', '0.00', '5477', 16, 'App\\AccountHeadChild_II', NULL, '2021-05-04 02:25:10'),
(159, 4, 'Insurance Fee', '0.00', '0.00', '0.00', '5478', 16, 'App\\AccountHeadChild_II', NULL, '2021-05-04 02:25:10'),
(160, 4, 'Scholarship Fee', '0.00', '0.00', '0.00', '5479', 16, 'App\\AccountHeadChild_II', NULL, '2021-05-04 02:25:10'),
(161, 4, 'Donation', '0.00', '0.00', '0.00', '5480', 16, 'App\\AccountHeadChild_II', NULL, '2021-05-04 02:25:10'),
(162, 4, 'Incentive DPS', '0.00', '0.00', '0.00', '5481', 16, 'App\\AccountHeadChild_II', NULL, '2021-05-04 02:25:10'),
(163, 4, 'Office Maintenance', '0.00', '0.00', '0.00', '5482', 16, 'App\\AccountHeadChild_II', NULL, '2021-05-04 02:25:10'),
(164, 4, 'Project Profile', '0.00', '0.00', '0.00', '5483', 16, 'App\\AccountHeadChild_II', NULL, '2021-05-04 02:25:10'),
(165, 4, 'FK norway project expenses', '0.00', '0.00', '0.00', '5484', 16, 'App\\AccountHeadChild_II', NULL, '2021-05-04 02:25:10'),
(166, 4, 'Expenses for Training Center', '0.00', '0.00', '0.00', '5485', 16, 'App\\AccountHeadChild_II', NULL, '2021-05-04 02:25:10'),
(167, 4, 'City Allowance', '0.00', '0.00', '0.00', '5486', 16, 'App\\AccountHeadChild_II', NULL, '2021-05-04 02:25:10'),
(168, 4, 'Cookarige', '0.00', '0.00', '0.00', '5487', 16, 'App\\AccountHeadChild_II', NULL, '2021-05-04 02:25:10'),
(169, 4, 'Security Guard Allowance', '0.00', '0.00', '0.00', '5488', 16, 'App\\AccountHeadChild_II', NULL, '2021-05-04 02:25:10'),
(170, 4, 'Annual/Special Program', '0.00', '0.00', '0.00', '5489', 16, 'App\\AccountHeadChild_II', NULL, '2021-05-04 02:25:10'),
(171, 4, 'Service Charge Rebate', '0.00', '0.00', '0.00', '5491', 16, 'App\\AccountHeadChild_II', NULL, '2021-05-04 02:25:10'),
(172, 4, 'Bank Charge of LLP', '0.00', '0.00', '0.00', '5502', 24, 'App\\AccountHeadChild_II', NULL, '2021-05-04 02:25:10'),
(173, 4, 'Bank Charge of DMF', '0.00', '0.00', '0.00', '5503', 24, 'App\\AccountHeadChild_II', NULL, '2021-05-04 02:25:10'),
(174, 3, 'Income From Sale of Land', '0.00', '0.00', '0.00', '4266', 12, 'App\\AccountHeadChild_II', NULL, '2021-05-04 02:25:09'),
(175, 4, 'Imterest Paid on Bank Loan', '0.00', '0.00', '0.00', '5492', 16, 'App\\AccountHeadChild_II', NULL, '2021-05-04 02:25:10'),
(176, 4, 'Interest on Savings(staff)', '0.00', '0.00', '0.00', '5493', 16, 'App\\AccountHeadChild_II', NULL, '2021-05-04 02:25:10'),
(177, 1, 'Advance', '0.00', '0.00', '0.00', '2101', 9, 'App\\AccountHeadChild_II', NULL, '2021-05-04 02:25:07'),
(178, 1, 'Loan A/C with Climate Change Project', '0.00', '0.00', '0.00', '1511', 29, 'App\\AccountHeadChild_II', NULL, '2021-05-04 02:25:07'),
(179, 1, 'Loan to MICR Project', '0.00', '0.00', '0.00', '1512', 29, 'App\\AccountHeadChild_II', NULL, '2021-05-04 02:25:07'),
(180, 1, 'VGD Project Loan A/C', '0.00', '0.00', '0.00', '1513', 29, 'App\\AccountHeadChild_II', NULL, '2021-05-04 02:25:07'),
(181, 1, 'Non Formal Education Project Loan A/C', '0.00', '0.00', '0.00', '1514', 29, 'App\\AccountHeadChild_II', NULL, '2021-05-04 02:25:07'),
(182, 2, 'Special Saving (Staff)', '0.00', '0.00', '0.00', '3202', 38, 'App\\AccountHeadChild_II', NULL, '2021-05-04 02:25:08'),
(183, 2, 'Current Account Principal (Branch & HO) EFRREP', '0.00', '0.00', '0.00', '3429', 26, 'App\\AccountHeadChild_II', NULL, '2021-05-04 02:25:08'),
(184, 2, 'Current Account Principal (Branch & HO) AGRICULTURE', '0.00', '0.00', '0.00', '3430', 26, 'App\\AccountHeadChild_II', NULL, '2021-05-04 02:25:08'),
(185, 2, 'Current Account Principal (Branch & HO) ID Loan(C&B)', '0.00', '0.00', '0.00', '3431', 26, 'App\\AccountHeadChild_II', NULL, '2021-05-04 02:25:08'),
(186, 2, 'Current Account Principal (Branch & HO) MFMSFP(Kachina-1)', '0.00', '0.00', '0.00', '3432', 26, 'App\\AccountHeadChild_II', NULL, '2021-05-04 02:25:08'),
(187, 2, 'Current Account Principal (Branch & HO) SUFOLON', '0.00', '0.00', '0.00', '3433', 26, 'App\\AccountHeadChild_II', NULL, '2021-05-04 02:25:08'),
(188, 2, 'payable for Organization cotribution', '0.00', '0.00', '0.00', '3551', 30, 'App\\AccountHeadChild_II', NULL, '2021-05-04 02:25:08'),
(189, 2, 'payable to Gratuity Fund', '0.00', '0.00', '0.00', '3552', 30, 'App\\AccountHeadChild_II', NULL, '2021-05-04 02:25:08'),
(190, 2, 'Advance against sale of Land', '0.00', '0.00', '0.00', '3553', 30, 'App\\AccountHeadChild_II', NULL, '2021-05-04 02:25:08'),
(191, 2, 'Motorcycle Installment Collection', '0.00', '0.00', '0.00', '3554', 30, 'App\\AccountHeadChild_II', NULL, '2021-05-04 02:25:08'),
(192, 2, 'Advance Grant for ENRICH pro.', '0.00', '0.00', '0.00', '3555', 30, 'App\\AccountHeadChild_II', NULL, '2021-05-04 02:25:08'),
(193, 2, 'payable to PF Contribution', '0.00', '0.00', '0.00', '3556', 30, 'App\\AccountHeadChild_II', NULL, '2021-05-04 02:25:08'),
(194, 2, 'payable to PF Loan A/C', '0.00', '0.00', '0.00', '3534', 30, 'App\\AccountHeadChild_II', NULL, '2021-05-04 02:25:08'),
(195, 2, 'payable to PF Service A/C', '0.00', '0.00', '0.00', '3557', 30, 'App\\AccountHeadChild_II', NULL, '2021-05-04 02:25:08'),
(196, 2, 'payable to Salary Tax', '0.00', '0.00', '0.00', '3558', 30, 'App\\AccountHeadChild_II', NULL, '2021-05-04 02:25:08'),
(197, 2, 'ED Loan', '0.00', '0.00', '0.00', '3559', 30, 'App\\AccountHeadChild_II', NULL, '2021-05-04 02:25:08'),
(198, 3, 'Admission fees A/C', '0.00', '0.00', '0.00', '4267', 12, 'App\\AccountHeadChild_II', NULL, '2021-05-04 02:25:09'),
(199, 3, 'Sale of Passbook ( Member)', '0.00', '0.00', '0.00', '4268', 12, 'App\\AccountHeadChild_II', NULL, '2021-05-04 02:25:09'),
(200, 3, 'Sale Of Form Fee', '0.00', '0.00', '0.00', '4269', 12, 'App\\AccountHeadChild_II', NULL, '2021-05-04 02:25:09'),
(201, 1, 'Office Security', '0.00', '0.00', '0.00', '1551', 31, 'App\\AccountHeadChild_II', NULL, '2021-05-04 02:25:07'),
(202, 1, 'Suspense A/C', '0.00', '0.00', '0.00', '1552', 31, 'App\\AccountHeadChild_II', NULL, '2021-05-04 02:25:07'),
(203, 2, 'Current Account Principal (Branch & HO) Training Academy Mymensingh Loan', '0.00', '0.00', '0.00', '3434', 26, 'App\\AccountHeadChild_II', NULL, '2021-05-04 02:25:08'),
(204, 2, 'Bank Loan (southeast)', '0.00', '0.00', '0.00', '3560', 30, 'App\\AccountHeadChild_II', NULL, '2021-05-04 02:25:08'),
(205, 2, 'Provident Fund (PF)', '0.00', '0.00', '0.00', '3526', 27, 'App\\AccountHeadChild_II', NULL, '2021-05-04 02:25:08'),
(206, 4, 'JAGORON Service Charge paid to HO', '0.00', '0.00', '0.00', '2526', 14, 'App\\AccountHeadChild_II', NULL, '2021-05-04 02:25:10'),
(207, 4, 'AGROSOR Service Charge paid to HO', '0.00', '0.00', '0.00', '2527', 14, 'App\\AccountHeadChild_II', NULL, '2021-05-04 02:25:10'),
(208, 3, 'Income from Training fee', '0.00', '0.00', '0.00', '4270', 12, 'App\\AccountHeadChild_II', NULL, '2021-05-04 02:25:09'),
(209, 3, 'Sale of Passbook ( security savings)', '0.00', '0.00', '0.00', '4271', 12, 'App\\AccountHeadChild_II', NULL, '2021-05-04 02:25:09'),
(210, 1, 'Mobile Set', '0.00', '0.00', '0.00', '1257', 3, 'App\\AccountHeadChild_II', NULL, '2021-05-04 02:25:07'),
(211, 4, 'EFRRAP Service Charge Paid to HO', '0.00', '0.00', '0.00', '2528', 14, 'App\\AccountHeadChild_II', NULL, '2021-05-04 02:25:10'),
(212, 2, 'Capital fund', '0.00', '0.00', '0.00', '3602', 32, 'App\\AccountHeadChild_II', NULL, '2021-05-04 02:25:08'),
(213, 4, 'MFMSF Service charge paid to H/O', '0.00', '0.00', '0.00', '3537', 14, 'App\\AccountHeadChild_II', NULL, '2021-05-04 02:25:10'),
(214, 4, 'SUFOLON service charge paid to H/O', '0.00', '0.00', '0.00', '3539', 14, 'App\\AccountHeadChild_II', NULL, '2021-05-04 02:25:10'),
(215, 2, 'ENRICH Pro. (ACL)', '0.00', '0.00', '0.00', '3357', 11, 'App\\AccountHeadChild_II', NULL, '2021-05-04 02:25:08'),
(216, 2, 'ENRICH Pro. (IGA)', '0.00', '0.00', '0.00', '3358', 11, 'App\\AccountHeadChild_II', NULL, '2021-05-04 02:25:08'),
(217, 2, 'ENRICH Pro. (LIL)', '0.00', '0.00', '0.00', '3359', 11, 'App\\AccountHeadChild_II', NULL, '2021-05-04 02:25:08'),
(218, 1, 'Fund A/C With Branch- RMC', '0.00', '0.00', '0.00', '1601', 33, 'App\\AccountHeadChild_II', NULL, '2021-05-04 02:25:07'),
(219, 1, 'Fund A/C With Branch- UMC', '0.00', '0.00', '0.00', '1602', 33, 'App\\AccountHeadChild_II', NULL, '2021-05-04 02:25:07'),
(220, 1, 'Fund A/C With Branch- ME', '0.00', '0.00', '0.00', '1603', 33, 'App\\AccountHeadChild_II', NULL, '2021-05-04 02:25:07'),
(221, 1, 'Fund A/C With Branch- MFMSF', '0.00', '0.00', '0.00', '1604', 33, 'App\\AccountHeadChild_II', NULL, '2021-05-04 02:25:07'),
(222, 1, 'Fund A/C With Branch- UPP', '0.00', '0.00', '0.00', '1605', 33, 'App\\AccountHeadChild_II', NULL, '2021-05-04 02:25:07'),
(223, 1, 'Fund A/C With Branch- JAGORAN', '0.00', '0.00', '0.00', '1606', 33, 'App\\AccountHeadChild_II', NULL, '2021-05-04 02:25:07'),
(224, 1, 'Fund A/C With Branch- AGRASHOR', '0.00', '0.00', '0.00', '1607', 33, 'App\\AccountHeadChild_II', NULL, '2021-05-04 02:25:07'),
(225, 1, 'Fund A/C With Branch- SUFOLON', '0.00', '0.00', '0.00', '1608', 33, 'App\\AccountHeadChild_II', NULL, '2021-05-04 02:25:07'),
(226, 1, 'Fund A/C With Branch- AGRICULTURE', '0.00', '0.00', '0.00', '1609', 33, 'App\\AccountHeadChild_II', NULL, '2021-05-04 02:25:07'),
(227, 1, 'Fund A/C With Branch- SEASONAL', '0.00', '0.00', '0.00', '1610', 33, 'App\\AccountHeadChild_II', NULL, '2021-05-04 02:25:07'),
(228, 1, 'Fund A/C With Branch- EFRRAP', '0.00', '0.00', '0.00', '1611', 33, 'App\\AccountHeadChild_II', NULL, '2021-05-04 02:25:07'),
(229, 3, 'Service charge from Branch- MFMSF', '0.00', '0.00', '0.00', '4404', 34, 'App\\AccountHeadChild_II', NULL, '2021-05-04 02:25:09'),
(230, 1, 'Fund A/C With Branch-FSP', '0.00', '0.00', '0.00', '1612', 33, 'App\\AccountHeadChild_II', NULL, '2021-05-04 02:25:07'),
(231, 1, 'Fund A/C With Branch ID Loan (C&B)', '0.00', '0.00', '0.00', '1613', 33, 'App\\AccountHeadChild_II', NULL, '2021-05-04 02:25:07'),
(232, 1, 'Fund A/C With Branch MFMSFP (Kachina-01)', '0.00', '0.00', '0.00', '1614', 33, 'App\\AccountHeadChild_II', NULL, '2021-05-04 02:25:07'),
(233, 1, 'Fund A/C With Branch ENRICH (IGA PRO.)', '0.00', '0.00', '0.00', '1615', 33, 'App\\AccountHeadChild_II', NULL, '2021-05-04 02:25:07'),
(234, 1, 'Fund A/C With Branch ENRICH (Livelihood impro.)', '0.00', '0.00', '0.00', '1616', 33, 'App\\AccountHeadChild_II', NULL, '2021-05-04 02:25:07'),
(235, 1, 'Fund A/C With Branch ENRICH (Asset creation.)', '0.00', '0.00', '0.00', '1617', 33, 'App\\AccountHeadChild_II', NULL, '2021-05-04 02:25:07'),
(236, 2, 'Emergency Fund MFMSF', '0.00', '0.00', '0.00', '3168', 22, 'App\\AccountHeadChild_II', NULL, '2021-05-04 02:25:08'),
(237, 2, 'Other Branch Loan A/C', '0.00', '0.00', '0.00', '3565', 30, 'App\\AccountHeadChild_II', NULL, '2021-05-04 02:25:08'),
(238, 4, 'BUNIAD Service Charge Paid HO', '0.00', '0.00', '0.00', '3540', 14, 'App\\AccountHeadChild_II', NULL, '2021-05-04 02:25:10'),
(239, 4, 'Expenses for training to Beneficiaries', '0.00', '0.00', '0.00', '5494', 16, 'App\\AccountHeadChild_II', NULL, '2021-05-04 02:25:10'),
(240, 2, 'Current Account Principle ( Branch & h/O ) -FSP', '0.00', '0.00', '0.00', '3435', 26, 'App\\AccountHeadChild_II', NULL, '2021-05-04 02:25:09'),
(241, 2, 'Current Account Principle ( Branch & h/O ) ENRICH (LIL)', '0.00', '0.00', '0.00', '3436', 26, 'App\\AccountHeadChild_II', NULL, '2021-05-04 02:25:09'),
(242, 2, 'Current Account Principle ( Branch & h/O ) ENRICH ( ACL)', '0.00', '0.00', '0.00', '3437', 26, 'App\\AccountHeadChild_II', NULL, '2021-05-04 02:25:09'),
(243, 1, 'Loan A/C With members - FSP', '0.00', '0.00', '0.00', '1907', 7, 'App\\AccountHeadChild_II', NULL, '2021-05-04 02:25:07'),
(244, 1, 'Loan A/C With members - LRP', '0.00', '0.00', '0.00', '1908', 7, 'App\\AccountHeadChild_II', NULL, '2021-05-04 02:25:07'),
(245, 3, 'Service Charge A/C FSP', '0.00', '0.00', '0.00', '4157', 23, 'App\\AccountHeadChild_II', NULL, '2021-05-04 02:25:09'),
(246, 3, 'Service Charge A/C DMF   [4158]', '0.00', '0.00', '0.00', '4158', 23, 'App\\AccountHeadChild_II', NULL, '2021-05-04 02:25:09'),
(247, 4, 'FSP Service Charge Paid HO', '0.00', '0.00', '0.00', '3541', 14, 'App\\AccountHeadChild_II', NULL, '2021-05-04 02:25:10'),
(248, 4, 'Bank Charge DF', '0.00', '0.00', '0.00', '5504', 24, 'App\\AccountHeadChild_II', NULL, '2021-05-04 02:25:10'),
(249, 4, 'Decoration Fee', '0.00', '0.00', '0.00', '5495', 16, 'App\\AccountHeadChild_II', NULL, '2021-05-04 02:25:10'),
(250, 4, 'Field Day', '0.00', '0.00', '0.00', '5496', 16, 'App\\AccountHeadChild_II', NULL, '2021-05-04 02:25:10'),
(251, 4, 'Project Contribution', '0.00', '0.00', '0.00', '5498', 16, 'App\\AccountHeadChild_II', NULL, '2021-05-04 02:25:10'),
(252, 1, 'Reserve Fund FDR', '0.00', '0.00', '0.00', '2306', 10, 'App\\AccountHeadChild_II', NULL, '2021-05-04 02:25:07'),
(253, 2, 'Bank Loan (Midland )', '0.00', '0.00', '0.00', '3561', 30, 'App\\AccountHeadChild_II', NULL, '2021-05-04 02:25:09'),
(254, 3, 'Service Charge A/C - LRP', '0.00', '0.00', '0.00', '4159', 23, 'App\\AccountHeadChild_II', NULL, '2021-05-04 02:25:09'),
(255, 2, 'ED', '0.00', '0.00', '0.00', '3711', 35, 'App\\AccountHeadChild_II', NULL, '2021-05-04 02:25:09'),
(256, 2, 'PF', '0.00', '0.00', '0.00', '3712', 35, 'App\\AccountHeadChild_II', NULL, '2021-05-04 02:25:07'),
(257, 2, 'DMF', '0.00', '0.00', '0.00', '3713', 35, 'App\\AccountHeadChild_II', NULL, '2021-05-04 02:25:07'),
(258, 2, 'Current Account Principle ( Branch & h/O ) LRP', '0.00', '0.00', '0.00', '3439', 26, 'App\\AccountHeadChild_II', NULL, '2021-05-04 02:25:07'),
(259, 4, 'Work Shop', '0.00', '0.00', '0.00', '5497', 16, 'App\\AccountHeadChild_II', NULL, '2021-05-04 02:25:09'),
(260, 3, 'Bank Interest-FDR', '0.00', '0.00', '0.00', '4397', 13, 'App\\AccountHeadChild_II', NULL, '2021-05-04 02:25:09'),
(261, 1, 'By Cycle', '0.00', '0.00', '0.00', '1303', 4, 'App\\AccountHeadChild_II', NULL, '2021-05-04 02:25:06'),
(262, 4, 'Abnormal Loss', '0.00', '0.00', '0.00', '5470', 16, 'App\\AccountHeadChild_II', NULL, '2021-05-04 02:25:09'),
(263, 1, 'Loan A/C with Member-DMF', '0.00', '0.00', '0.00', '1909', 7, 'App\\AccountHeadChild_II', NULL, '2021-05-04 02:25:06'),
(264, 2, 'Current Account Principle(Branch & H/O)-DMF', '0.00', '0.00', '0.00', '3440', 26, 'App\\AccountHeadChild_II', NULL, '2021-05-04 02:25:07'),
(265, 1, 'Loan A/C With members -IGA', '0.00', '0.00', '0.00', '1910', 7, 'App\\AccountHeadChild_II', NULL, '2021-05-04 02:25:06'),
(266, 1, 'Loan A/C With members -LIL', '0.00', '0.00', '0.00', '1911', 7, 'App\\AccountHeadChild_II', NULL, '2021-05-04 02:25:06'),
(267, 1, 'Loan A/C With members -ACL', '0.00', '0.00', '0.00', '1912', 7, 'App\\AccountHeadChild_II', NULL, '2021-05-04 02:25:06'),
(268, 3, 'Service Charge A/C IGA', '0.00', '0.00', '0.00', '4160', 23, 'App\\AccountHeadChild_II', NULL, '2021-05-04 02:25:09'),
(269, 3, 'Service Charge A/C LIL', '0.00', '0.00', '0.00', '4161', 23, 'App\\AccountHeadChild_II', NULL, '2021-05-04 02:25:09'),
(270, 3, 'Service Charge A/C ACL', '0.00', '0.00', '0.00', '4162', 23, 'App\\AccountHeadChild_II', NULL, '2021-05-04 02:25:09'),
(271, 2, 'DD Admin', '0.00', '0.00', '0.00', '3715', 35, 'App\\AccountHeadChild_II', NULL, '2021-05-04 02:25:07'),
(272, 3, 'Office Rent Receive', '0.00', '0.00', '0.00', '4272', 12, 'App\\AccountHeadChild_II', NULL, '2021-05-04 02:25:09'),
(273, 1, 'Mobile Loan', '0.00', '0.00', '0.00', '2006', 8, 'App\\AccountHeadChild_II', NULL, '2021-05-04 02:25:06'),
(274, 4, 'DMF Service Charge Paid HO', '0.00', '0.00', '0.00', '3542', 14, 'App\\AccountHeadChild_II', NULL, '2021-05-04 02:25:09'),
(275, 2, 'Emergency Fund Enrich (IGA)', '0.00', '0.00', '0.00', '3169', 22, 'App\\AccountHeadChild_II', NULL, '2021-05-04 02:25:07'),
(276, 2, 'Emergency Fund Enrich (LIL)', '0.00', '0.00', '0.00', '3170', 22, 'App\\AccountHeadChild_II', NULL, '2021-05-04 02:25:07'),
(277, 2, 'Emergency Fund Enrich (ACL)', '0.00', '0.00', '0.00', '3171', 22, 'App\\AccountHeadChild_II', NULL, '2021-05-04 02:25:07'),
(278, 4, 'Enrich Project Expenses', '0.00', '0.00', '0.00', '5499', 16, 'App\\AccountHeadChild_II', NULL, '2021-05-04 02:25:09'),
(279, 4, 'Bad Debts Expenditure', '0.00', '0.00', '0.00', '5651', 36, 'App\\AccountHeadChild_II', NULL, '2021-05-04 02:25:09'),
(280, 4, 'Training Center Service Charge Paid to HO', '0.00', '0.00', '0.00', '3543', 14, 'App\\AccountHeadChild_II', NULL, '2021-05-04 02:25:09'),
(281, 3, 'Income for Motorcycle sale', '0.00', '0.00', '0.00', '4273', 12, 'App\\AccountHeadChild_II', NULL, '2021-05-04 02:25:09'),
(282, 3, 'Income for Air Condition sale', '0.00', '0.00', '0.00', '4274', 12, 'App\\AccountHeadChild_II', NULL, '2021-05-04 02:25:09'),
(283, 3, 'FK Narway project Income', '0.00', '0.00', '0.00', '4275', 12, 'App\\AccountHeadChild_II', NULL, '2021-05-04 02:25:09'),
(284, 4, 'Provident Fund Expenses', '0.00', '0.00', '0.00', '5475', 16, 'App\\AccountHeadChild_II', NULL, '2021-05-04 02:25:09'),
(285, 4, 'Gratuity Fund Expenses', '0.00', '0.00', '0.00', '5490', 16, 'App\\AccountHeadChild_II', NULL, '2021-05-04 02:25:09'),
(286, 2, 'Seasonal  (PKSF) Principal', '0.00', '0.00', '0.00', '3361', 11, 'App\\AccountHeadChild_II', NULL, '2021-05-04 02:25:07'),
(287, 2, 'MFMSF  (PKSF) Principal', '0.00', '0.00', '0.00', '3362', 11, 'App\\AccountHeadChild_II', NULL, '2021-05-04 02:25:07'),
(288, 2, 'EFRRAP  (PKSF) Principal', '0.00', '0.00', '0.00', '3363', 11, 'App\\AccountHeadChild_II', NULL, '2021-05-04 02:25:08'),
(289, 2, 'MEP  (PKSF) Principal', '0.00', '0.00', '0.00', '3364', 11, 'App\\AccountHeadChild_II', NULL, '2021-05-04 02:25:08'),
(290, 2, 'FSP  (PKSF) Principal', '0.00', '0.00', '0.00', '3365', 11, 'App\\AccountHeadChild_II', NULL, '2021-05-04 02:25:08'),
(291, 2, 'LRP  (PKSF) Principal', '0.00', '0.00', '0.00', '3366', 11, 'App\\AccountHeadChild_II', NULL, '2021-05-04 02:25:08'),
(292, 2, 'Agriculture  (PKSF) Principal', '0.00', '0.00', '0.00', '3367', 11, 'App\\AccountHeadChild_II', NULL, '2021-05-04 02:25:08'),
(293, 2, 'UPP  (PKSF) Principal', '0.00', '0.00', '0.00', '3368', 11, 'App\\AccountHeadChild_II', NULL, '2021-05-04 02:25:08'),
(294, 2, 'ID  (PKSF) Principal', '0.00', '0.00', '0.00', '3369', 11, 'App\\AccountHeadChild_II', NULL, '2021-05-04 02:25:08'),
(295, 4, 'Service Charge Paid to PKSF (Seasonal)', '0.00', '0.00', '0.00', '5140', 19, 'App\\AccountHeadChild_II', NULL, '2021-05-04 02:25:09'),
(296, 4, 'Service Charge Paid to PKSF (Agriculture)', '0.00', '0.00', '0.00', '5141', 19, 'App\\AccountHeadChild_II', NULL, '2021-05-04 02:25:09'),
(297, 4, 'Service Charge Paid to PKSF (MFMSF)', '0.00', '0.00', '0.00', '5142', 19, 'App\\AccountHeadChild_II', NULL, '2021-05-04 02:25:09'),
(298, 4, 'Service Charge Paid to PKSF (EFRRAP)', '0.00', '0.00', '0.00', '5143', 19, 'App\\AccountHeadChild_II', NULL, '2021-05-04 02:25:09'),
(299, 4, 'Service Charge Paid to PKSF (MEP)', '0.00', '0.00', '0.00', '5144', 19, 'App\\AccountHeadChild_II', NULL, '2021-05-04 02:25:09'),
(300, 4, 'Service Charge Paid to PKSF (FSP)', '0.00', '0.00', '0.00', '5145', 19, 'App\\AccountHeadChild_II', NULL, '2021-05-04 02:25:09'),
(301, 4, 'Service Charge Paid to PKSF (LRP)', '0.00', '0.00', '0.00', '5146', 19, 'App\\AccountHeadChild_II', NULL, '2021-05-04 02:25:09'),
(302, 2, 'Current Account Principal (Branch & HO) Training Center Trishal Loan', '0.00', '0.00', '0.00', '3441', 26, 'App\\AccountHeadChild_II', NULL, '2021-05-04 02:25:08'),
(303, 3, 'House Rent', '0.00', '0.00', '0.00', '4255', 12, 'App\\AccountHeadChild_II', NULL, '2021-05-04 02:25:09'),
(304, 1, 'Project Security A/C', '0.00', '0.00', '0.00', '1553', 31, 'App\\AccountHeadChild_II', NULL, '2021-05-04 02:25:07'),
(305, 1, 'Washing Machine', '0.00', '0.00', '0.00', '1366', 5, 'App\\AccountHeadChild_II', NULL, '2021-05-04 02:25:07'),
(306, 4, 'Service Charge Paid to PKSF ENRICH(IGA)', '0.00', '0.00', '0.00', '5147', 19, 'App\\AccountHeadChild_II', NULL, '2021-05-04 02:25:09'),
(307, 4, 'Service Charge Paid to PKSF ENRICH(LIL)', '0.00', '0.00', '0.00', '5148', 19, 'App\\AccountHeadChild_II', NULL, '2021-05-04 02:25:09'),
(308, 4, 'Service Charge Paid to PKSF ENRICH(ACL)', '0.00', '0.00', '0.00', '5149', 19, 'App\\AccountHeadChild_II', NULL, '2021-05-04 02:25:09'),
(309, 3, 'Income for Generatar sale', '0.00', '0.00', '0.00', '4276', 12, 'App\\AccountHeadChild_II', NULL, '2021-05-04 02:25:09'),
(310, 1, 'Grihayan Project Loan', '0.00', '0.00', '0.00', '1554', 31, 'App\\AccountHeadChild_II', NULL, '2021-05-04 02:25:07'),
(311, 2, 'Mutual Trust Bank Loan A/C', '0.00', '0.00', '0.00', '3562', 30, 'App\\AccountHeadChild_II', NULL, '2021-05-04 02:25:08'),
(312, 2, 'NRB Bank Loan A/C', '0.00', '0.00', '0.00', '3563', 30, 'App\\AccountHeadChild_II', NULL, '2021-05-04 02:25:08'),
(313, 3, 'Vat Received', '0.00', '0.00', '0.00', '4277', 12, 'App\\AccountHeadChild_II', NULL, '2021-05-04 02:25:09'),
(314, 3, 'Tax Received', '0.00', '0.00', '0.00', '4278', 12, 'App\\AccountHeadChild_II', NULL, '2021-05-04 02:25:09'),
(315, 4, 'Vat Paid', '0.00', '0.00', '0.00', '5975', 16, 'App\\AccountHeadChild_II', NULL, '2021-05-04 02:25:09'),
(316, 4, 'Tax Paid', '0.00', '0.00', '0.00', '5976', 16, 'App\\AccountHeadChild_II', NULL, '2021-05-04 02:25:09'),
(317, 1, 'FDR Interest Receivable A/C', '0.00', '0.00', '0.00', '2307', 10, 'App\\AccountHeadChild_II', NULL, '2021-05-04 02:25:07'),
(318, 1, 'FK Norway Project Loan', '0.00', '0.00', '0.00', '1516', 29, 'App\\AccountHeadChild_II', NULL, '2021-05-04 02:25:07'),
(319, 3, 'Income from Computer Sale', '0.00', '0.00', '0.00', '4257', 12, 'App\\AccountHeadChild_II', NULL, '2021-05-04 02:25:09'),
(320, 4, 'Incentive Allowance', '0.00', '0.00', '0.00', '5977', 16, 'App\\AccountHeadChild_II', NULL, '2021-05-04 02:25:09'),
(321, 1, 'Security For Land', '0.00', '0.00', '0.00', '1556', 31, 'App\\AccountHeadChild_II', NULL, '2021-05-04 02:25:07'),
(322, 1, 'Motor Cycle Loan A/C (staff)', '0.00', '0.00', '0.00', '2007', 8, 'App\\AccountHeadChild_II', NULL, '2021-05-04 02:25:07'),
(323, 4, 'HardShip Allowance(ED)', '0.00', '0.00', '0.00', '5978', 16, 'App\\AccountHeadChild_II', NULL, '2021-05-04 02:25:09'),
(324, 2, 'Capitat Gain From Motorcycle', '0.00', '0.00', '0.00', '3603', 32, 'App\\AccountHeadChild_II', NULL, '2021-05-04 02:25:08'),
(325, 2, 'Project Security Received', '0.00', '0.00', '0.00', '3527', 27, 'App\\AccountHeadChild_II', NULL, '2021-05-04 02:25:08'),
(326, 1, 'Blood Pressur Machine', '0.00', '0.00', '0.00', '1258', 3, 'App\\AccountHeadChild_II', NULL, '2021-05-04 02:25:07'),
(327, 4, 'Loss On Asset', '0.00', '0.00', '0.00', '5652', 36, 'App\\AccountHeadChild_II', NULL, '2021-05-04 02:25:09'),
(328, 4, 'Pension Expenses', '0.00', '0.00', '0.00', '5979', 16, 'App\\AccountHeadChild_II', NULL, '2021-05-04 02:25:10'),
(329, 2, 'Health Savings (staff)', '0.00', '0.00', '0.00', '3203', 38, 'App\\AccountHeadChild_II', NULL, '2021-05-04 02:25:08'),
(330, 4, 'Loss On Sale Of Land', '0.00', '0.00', '0.00', '5653', 36, 'App\\AccountHeadChild_II', NULL, '2021-05-04 02:25:10'),
(331, 1, 'Vehical Loan A/C (ED)', '0.00', '0.00', '0.00', '2008', 8, 'App\\AccountHeadChild_II', NULL, '2021-05-04 02:25:07'),
(332, 2, 'Health Project A/C', '0.00', '0.00', '0.00', '3528', 27, 'App\\AccountHeadChild_II', NULL, '2021-05-04 02:25:08'),
(333, 2, 'Advance Grant for Probin Kormosuchi', '0.00', '0.00', '0.00', '3564', 30, 'App\\AccountHeadChild_II', NULL, '2021-05-04 02:25:08'),
(334, 3, 'Probin Kormosuchi Grant Income', '0.00', '0.00', '0.00', '4280', 12, 'App\\AccountHeadChild_II', NULL, '2021-05-04 02:25:09'),
(335, 4, 'Probin Kormosuchi Expenses', '0.00', '0.00', '0.00', '5980', 16, 'App\\AccountHeadChild_II', NULL, '2021-05-04 02:25:10'),
(336, 4, 'Interest on FGS Savings', '0.00', '0.00', '0.00', '5122', 20, 'App\\AccountHeadChild_II', NULL, '2021-05-04 02:25:10'),
(337, 1, 'DI Project Loan', '0.00', '0.00', '0.00', '1555', 31, 'App\\AccountHeadChild_II', NULL, '2021-05-04 02:25:07'),
(338, 4, 'Adolescent Confurance', '0.00', '0.00', '0.00', '5981', 16, 'App\\AccountHeadChild_II', NULL, '2021-05-04 02:25:10'),
(339, 1, 'Advance For Building', '0.00', '0.00', '0.00', '2102', 9, 'App\\AccountHeadChild_II', NULL, '2021-05-04 02:25:07'),
(340, 1, 'Loan A/C With members - EDUCATION', '0.00', '0.00', '0.00', '1913', 7, 'App\\AccountHeadChild_II', NULL, '2021-05-04 02:25:07'),
(341, 3, 'Service Charge A/C EDUCATION', '0.00', '0.00', '0.00', '4163', 23, 'App\\AccountHeadChild_II', NULL, '2021-05-04 02:25:09'),
(342, 2, 'Staff Welfare', '0.00', '0.00', '0.00', '3208', 40, 'App\\AccountHeadChild_II', NULL, '2021-05-04 02:25:08'),
(343, 1, 'Advance Income Tax', '0.00', '0.00', '0.00', '2103', 9, 'App\\AccountHeadChild_II', NULL, '2021-05-04 02:25:07'),
(344, 2, 'Advance against Training', '0.00', '0.00', '0.00', '3566', 30, 'App\\AccountHeadChild_II', NULL, '2021-05-04 02:25:08'),
(345, 4, 'Other Expenses', '0.00', '0.00', '0.00', '5982', 16, 'App\\AccountHeadChild_II', NULL, '2021-05-04 02:25:10'),
(346, 3, 'Sale of Pass Book (FGS)', '0.00', '0.00', '0.00', '4279', 12, 'App\\AccountHeadChild_II', NULL, '2021-05-04 02:25:09'),
(347, 3, 'Income From Sale Of Furniture', '0.00', '0.00', '0.00', '4254', 12, 'App\\AccountHeadChild_II', NULL, '2021-05-04 02:25:09'),
(348, 2, 'JAGARON (GS)', '0.00', '0.00', '0.00', '3121', 3, 'App\\AccountHeadChild_III', NULL, '2021-05-04 02:25:08'),
(349, 2, 'AGRASHOR (GS)', '0.00', '0.00', '0.00', '3122', 4, 'App\\AccountHeadChild_III', NULL, '2021-05-04 02:25:08'),
(350, 2, 'BUNIAD (GS)', '0.00', '0.00', '0.00', '3123', 5, 'App\\AccountHeadChild_III', NULL, '2021-05-04 02:25:08'),
(351, 2, 'MFMSF (GS)', '0.00', '0.00', '0.00', '3124', 6, 'App\\AccountHeadChild_III', NULL, '2021-05-04 02:25:08'),
(352, 2, 'SUFALON (GS)', '0.00', '0.00', '0.00', '3125', 7, 'App\\AccountHeadChild_III', NULL, '2021-05-04 02:25:08'),
(353, 1, 'Cash in hand', '0.00', '0.00', '0.00', '1751', 1, 'App\\AccountHeadChild_III', NULL, '2021-05-04 02:25:07'),
(373, 2, 'EFRRAP (GS)', '0.00', '0.00', '0.00', '3126', 8, 'App\\AccountHeadChild_III', NULL, '2021-05-04 02:25:08'),
(376, 2, 'FSP (GS)', '0.00', '0.00', '0.00', '3127', 9, 'App\\AccountHeadChild_III', NULL, '2021-05-04 02:25:08'),
(419, 2, 'Enrich IGA (GS)', '0.00', '0.00', '0.00', '3128', 10, 'App\\AccountHeadChild_III', NULL, '2021-05-04 02:25:08'),
(420, 2, 'Enrich LIL (GS)', '0.00', '0.00', '0.00', '3129', 11, 'App\\AccountHeadChild_III', NULL, '2021-05-04 02:25:08'),
(421, 2, 'Enrich ACL (GS)', '0.00', '0.00', '0.00', '3130', 3, 'App\\AccountHeadChild_III', NULL, '2021-05-04 02:25:08'),
(431, 1, 'Prime Bank, T.A - Mymensingh Branch, C/A-17431030009729', '0.00', '0.00', '0.00', '1875', 2, 'App\\AccountHeadChild_III', NULL, '2021-05-04 02:25:07'),
(432, 1, 'Sunaly Bank, T.A - Matsha Gabeshana Institute Branch, C/A-3301200006064', '0.00', '0.00', '0.00', '1876', 2, 'App\\AccountHeadChild_III', NULL, '2021-05-04 02:25:07'),
(440, 2, 'Jagaron (H.S)', '0.00', '0.00', '0.00', '3181', 3, 'App\\AccountHeadChild_III', NULL, '2021-05-04 02:25:08'),
(441, 2, 'Agroshor (H.S)', '0.00', '0.00', '0.00', '3182', 4, 'App\\AccountHeadChild_III', NULL, '2021-05-04 02:25:08'),
(442, 2, 'Sufolon (H.S)', '0.00', '0.00', '0.00', '3183', 7, 'App\\AccountHeadChild_III', NULL, '2021-05-04 02:25:08'),
(448, 2, 'JAGARON (FGS)', '0.00', '0.00', '0.00', '3191', 3, 'App\\AccountHeadChild_III', NULL, '2021-05-04 02:25:08'),
(449, 2, 'AGRASHOR (FGS)', '0.00', '0.00', '0.00', '3192', 4, 'App\\AccountHeadChild_III', NULL, '2021-05-04 02:25:08'),
(450, 2, 'SUFALON (FGS)', '0.00', '0.00', '0.00', '3193', 7, 'App\\AccountHeadChild_III', NULL, '2021-05-04 02:25:08'),
(453, 2, 'EDUCATION (GS)', '0.00', '0.00', '0.00', '3131', 13, 'App\\AccountHeadChild_III', NULL, '2021-05-04 02:25:08'),
(455, 1, 'Account Head', '0.00', '0.00', '0.00', '000', 1, 'App\\AccountHeadChild_II', '2020-01-17 12:56:47', '2021-05-04 02:25:07'),
(456, 1, 'Office Equipment', '0.00', '0.00', '0.00', '1259', 3, 'App\\AccountHeadChild_II', '2020-02-13 06:42:01', '2021-05-04 02:25:07'),
(460, 1, 'Telephone Set', '0.00', '0.00', '0.00', '1251', 3, 'App\\AccountHeadChild_II', '2020-03-16 06:19:24', '2021-05-04 02:25:07');

-- --------------------------------------------------------

--
-- Table structure for table `users`
--

CREATE TABLE `users` (
  `id` int(10) UNSIGNED NOT NULL,
  `name` varchar(50) COLLATE utf8mb4_unicode_ci NOT NULL,
  `role_id` int(10) UNSIGNED NOT NULL,
  `email` varchar(30) COLLATE utf8mb4_unicode_ci NOT NULL,
  `email_verified_at` timestamp NULL DEFAULT NULL,
  `password` varchar(191) COLLATE utf8mb4_unicode_ci NOT NULL,
  `remember_token` varchar(100) COLLATE utf8mb4_unicode_ci DEFAULT NULL,
  `created_at` timestamp NULL DEFAULT NULL,
  `updated_at` timestamp NULL DEFAULT NULL
) ENGINE=InnoDB DEFAULT CHARSET=utf8mb4 COLLATE=utf8mb4_unicode_ci;

--
-- Dumping data for table `users`
--

INSERT INTO `users` (`id`, `name`, `role_id`, `email`, `email_verified_at`, `password`, `remember_token`, `created_at`, `updated_at`) VALUES
(1, 'mtcadmin01', 1, 'mtcadmin01@gmail.com', NULL, '$2y$10$JsIPV2aJAK8tDJ7TQphz.enBRWkqEH90COX5hFN9JzupbJOnjzl0O', 'feMxvVZ1UOVHhlKwxNt5G6n1FGtXLM1ce6QClJUEQ52XbRm2lXkgyWOmypTE', '2019-08-14 14:30:21', '2019-08-14 14:30:21'),
(2, 'farhan', 1, 'faru@gmail.com', NULL, '$2y$10$.iwzTL10vX9zGNzjOEoV0uASk0.yGAwjR6TX1YB4wQyF.HphFhFJ.', NULL, '2019-09-15 12:04:04', NULL);

-- --------------------------------------------------------

--
-- Table structure for table `v1_venues`
--

CREATE TABLE `v1_venues` (
  `id` int(10) UNSIGNED NOT NULL,
  `name` varchar(191) COLLATE utf8mb4_unicode_ci NOT NULL,
  `location` varchar(191) COLLATE utf8mb4_unicode_ci NOT NULL,
  `price` varchar(191) COLLATE utf8mb4_unicode_ci NOT NULL,
  `feature` varchar(191) COLLATE utf8mb4_unicode_ci NOT NULL,
  `created_at` timestamp NULL DEFAULT NULL,
  `updated_at` timestamp NULL DEFAULT NULL
) ENGINE=InnoDB DEFAULT CHARSET=utf8mb4 COLLATE=utf8mb4_unicode_ci;

--
-- Dumping data for table `v1_venues`
--

INSERT INTO `v1_venues` (`id`, `name`, `location`, `price`, `feature`, `created_at`, `updated_at`) VALUES
(50, 'VIP Venue-400', '4th floor (Extension)', '28000', 'Capacity of upto 800 persons.\r\nSurround Sound Systems.\r\nAir conditioned.', NULL, NULL),
(51, 'Training  Venue-200', '2nd floor', '18000', 'Capacity of upto 350 persons.\r\nSurround Sound Systems.\r\nAir Conditioned.', NULL, NULL),
(52, 'Venue-401', '4th floor (Extension)', '16000', 'Capacity of upto 120 persons. Surround Sound Systems. Air Conditioned.', NULL, NULL),
(53, 'Executive Meeting  Room -500', '5th floor', '12000', 'Capacity of upto 100 persons. Surround Sound Systems. Air Conditioned.', NULL, NULL),
(54, 'Training Venue-(200)', '2nd floor', '15000', 'Hall Room Capacity-100-150', NULL, NULL),
(55, 'Training Venue-(200B)', '1st floor', '4000', 'Dining. Capacity-40', NULL, NULL),
(57, 'Training Venue-(102)', '1st floor', '5000', 'Hall Room Capacity 30-55', NULL, NULL),
(58, 'Training  Venue-(200C)', '2nd Floor', '2500', 'Capacity 15-25', NULL, NULL),
(59, 'Training Venue-200A', '2nd Floor', '10000', 'Capacity: 50-150', NULL, NULL),
(60, 'Executive Meeting Room Ac With Sound System', '4th floor', '7000', 'Capacity: 40-60', NULL, NULL);

-- --------------------------------------------------------

--
-- Table structure for table `visitors`
--

CREATE TABLE `visitors` (
  `id` int(10) UNSIGNED NOT NULL,
  `guest_id` int(10) UNSIGNED NOT NULL,
  `booking_id` int(10) UNSIGNED NOT NULL,
  `name` varchar(191) COLLATE utf8mb4_unicode_ci NOT NULL,
  `contact_no` varchar(191) COLLATE utf8mb4_unicode_ci DEFAULT NULL,
  `address` text COLLATE utf8mb4_unicode_ci DEFAULT NULL,
  `appearance` int(10) UNSIGNED NOT NULL DEFAULT 1,
  `created_at` timestamp NULL DEFAULT NULL,
  `updated_at` timestamp NULL DEFAULT NULL
) ENGINE=InnoDB DEFAULT CHARSET=utf8mb4 COLLATE=utf8mb4_unicode_ci;

-- --------------------------------------------------------

--
-- Table structure for table `vouchers`
--

CREATE TABLE `vouchers` (
  `id` int(10) UNSIGNED NOT NULL,
  `v_group_id` int(10) UNSIGNED NOT NULL,
  `date_id` int(10) UNSIGNED NOT NULL,
  `debit_head_id` int(10) UNSIGNED NOT NULL,
  `credit_head_id` int(10) UNSIGNED NOT NULL,
  `amount` double(14,2) NOT NULL,
  `note` text COLLATE utf8mb4_unicode_ci DEFAULT NULL,
  `deleted_at` timestamp NULL DEFAULT NULL,
  `created_at` timestamp NULL DEFAULT NULL,
  `updated_at` timestamp NULL DEFAULT NULL
) ENGINE=InnoDB DEFAULT CHARSET=utf8mb4 COLLATE=utf8mb4_unicode_ci;

-- --------------------------------------------------------

--
-- Table structure for table `voucher_groups`
--

CREATE TABLE `voucher_groups` (
  `id` int(10) UNSIGNED NOT NULL,
  `date_id` int(10) UNSIGNED NOT NULL,
  `type_id` int(10) UNSIGNED NOT NULL,
  `note` text COLLATE utf8mb4_unicode_ci DEFAULT NULL,
  `code` text COLLATE utf8mb4_unicode_ci NOT NULL,
  `user_id` int(10) UNSIGNED NOT NULL,
  `deleted_at` timestamp NULL DEFAULT NULL,
  `created_at` timestamp NULL DEFAULT NULL,
  `updated_at` timestamp NULL DEFAULT NULL
) ENGINE=InnoDB DEFAULT CHARSET=utf8mb4 COLLATE=utf8mb4_unicode_ci;

-- --------------------------------------------------------

--
-- Table structure for table `voucher_types`
--

CREATE TABLE `voucher_types` (
  `id` int(10) UNSIGNED NOT NULL,
  `name` varchar(191) COLLATE utf8mb4_unicode_ci NOT NULL,
  `short_name` varchar(191) COLLATE utf8mb4_unicode_ci DEFAULT NULL,
  `created_at` timestamp NULL DEFAULT NULL,
  `updated_at` timestamp NULL DEFAULT NULL
) ENGINE=InnoDB DEFAULT CHARSET=utf8mb4 COLLATE=utf8mb4_unicode_ci;

--
-- Dumping data for table `voucher_types`
--

INSERT INTO `voucher_types` (`id`, `name`, `short_name`, `created_at`, `updated_at`) VALUES
(1, 'Payment', 'pv', NULL, NULL),
(2, 'Receipt', 'rv', NULL, NULL),
(3, 'Journal', 'jr', NULL, NULL),
(4, 'Contra', 'cr', NULL, NULL),
(5, 'Hotel Receipt', 'rv', NULL, NULL),
(6, 'Venue Receipt', 'rv', NULL, NULL),
(7, 'Restaurant Receipt', 'rv', NULL, NULL),
(8, 'Restaurant Payment', 'pv', NULL, NULL),
(9, 'Inventory Payment', 'pv', NULL, NULL),
(10, 'Auto Receipt', 'rv', NULL, NULL),
(11, 'Auto Payment', 'pv', NULL, NULL);

-- --------------------------------------------------------

--
-- Table structure for table `voucher_update_histories`
--

CREATE TABLE `voucher_update_histories` (
  `id` int(10) UNSIGNED NOT NULL,
  `voucher_id` int(10) UNSIGNED NOT NULL,
  `date_id` int(10) UNSIGNED NOT NULL,
  `user_id` int(10) UNSIGNED NOT NULL,
  `amount` double(14,2) NOT NULL DEFAULT 0.00,
  `note` text COLLATE utf8mb4_unicode_ci DEFAULT NULL,
  `created_at` timestamp NULL DEFAULT NULL,
  `updated_at` timestamp NULL DEFAULT NULL
) ENGINE=InnoDB DEFAULT CHARSET=utf8mb4 COLLATE=utf8mb4_unicode_ci;

--
-- Indexes for dumped tables
--

--
-- Indexes for table `account_heads`
--
ALTER TABLE `account_heads`
  ADD PRIMARY KEY (`id`),
  ADD UNIQUE KEY `account_heads_code_unique` (`code`);

--
-- Indexes for table `account_head_child_i`
--
ALTER TABLE `account_head_child_i`
  ADD PRIMARY KEY (`id`),
  ADD KEY `account_head_child_i_ac_head_id_index` (`ac_head_id`);

--
-- Indexes for table `account_head_child_ii`
--
ALTER TABLE `account_head_child_ii`
  ADD PRIMARY KEY (`id`),
  ADD KEY `account_head_child_ii_ac_head_child_i_id_index` (`ac_head_child_i_id`);

--
-- Indexes for table `account_head_child_iii`
--
ALTER TABLE `account_head_child_iii`
  ADD PRIMARY KEY (`id`),
  ADD KEY `account_head_child_iii_ac_head_child_ii_id_index` (`ac_head_child_ii_id`);

--
-- Indexes for table `account_head_child_iv`
--
ALTER TABLE `account_head_child_iv`
  ADD PRIMARY KEY (`id`),
  ADD KEY `account_head_child_iv_ac_head_child_iii_id_index` (`ac_head_child_iii_id`);

--
-- Indexes for table `billings`
--
ALTER TABLE `billings`
  ADD PRIMARY KEY (`id`),
  ADD KEY `billings_guest_id_index` (`guest_id`),
  ADD KEY `billings_date_id_index` (`date_id`),
  ADD KEY `billings_mis_voucher_id_index` (`mis_voucher_id`);

--
-- Indexes for table `bookings`
--
ALTER TABLE `bookings`
  ADD PRIMARY KEY (`id`),
  ADD KEY `bookings_guest_id_index` (`guest_id`),
  ADD KEY `bookings_billing_id_index` (`billing_id`),
  ADD KEY `bookings_room_id_index` (`room_id`);

--
-- Indexes for table `configurations`
--
ALTER TABLE `configurations`
  ADD PRIMARY KEY (`id`);

--
-- Indexes for table `current_balance`
--
ALTER TABLE `current_balance`
  ADD PRIMARY KEY (`id`),
  ADD KEY `current_balance_thead_id_index` (`thead_id`);

--
-- Indexes for table `dates`
--
ALTER TABLE `dates`
  ADD PRIMARY KEY (`id`);

--
-- Indexes for table `deliveries`
--
ALTER TABLE `deliveries`
  ADD PRIMARY KEY (`id`),
  ADD KEY `deliveries_current_stock_id_index` (`current_stock_id`),
  ADD KEY `deliveries_stock_id_index` (`stock_id`),
  ADD KEY `deliveries_date_id_index` (`date_id`),
  ADD KEY `deliveries_unit_id_index` (`unit_id`);

--
-- Indexes for table `e1_departments`
--
ALTER TABLE `e1_departments`
  ADD PRIMARY KEY (`id`);

--
-- Indexes for table `e2_employee_designations`
--
ALTER TABLE `e2_employee_designations`
  ADD PRIMARY KEY (`id`);

--
-- Indexes for table `e3_salary_grades`
--
ALTER TABLE `e3_salary_grades`
  ADD PRIMARY KEY (`id`);

--
-- Indexes for table `e4_employees`
--
ALTER TABLE `e4_employees`
  ADD PRIMARY KEY (`id`),
  ADD KEY `e4_employees_department_id_index` (`department_id`),
  ADD KEY `e4_employees_designation_id_index` (`designation_id`),
  ADD KEY `e4_employees_salary_grade_id_index` (`salary_grade_id`);

--
-- Indexes for table `e5_leave_categories`
--
ALTER TABLE `e5_leave_categories`
  ADD PRIMARY KEY (`id`);

--
-- Indexes for table `e6_leaves`
--
ALTER TABLE `e6_leaves`
  ADD PRIMARY KEY (`id`),
  ADD KEY `e6_leaves_leave_category_id_foreign` (`leave_category_id`);

--
-- Indexes for table `general_infos`
--
ALTER TABLE `general_infos`
  ADD PRIMARY KEY (`id`);

--
-- Indexes for table `guests`
--
ALTER TABLE `guests`
  ADD PRIMARY KEY (`id`);

--
-- Indexes for table `h1_building_types`
--
ALTER TABLE `h1_building_types`
  ADD PRIMARY KEY (`id`);

--
-- Indexes for table `h2_buildings`
--
ALTER TABLE `h2_buildings`
  ADD PRIMARY KEY (`id`),
  ADD KEY `h2_buildings_building_type_foreign` (`building_type`);

--
-- Indexes for table `h3_floor_types`
--
ALTER TABLE `h3_floor_types`
  ADD PRIMARY KEY (`id`);

--
-- Indexes for table `h4_floors`
--
ALTER TABLE `h4_floors`
  ADD PRIMARY KEY (`id`),
  ADD KEY `h4_floors_building_id_foreign` (`building_id`),
  ADD KEY `h4_floors_floor_type_foreign` (`floor_type`);

--
-- Indexes for table `h5_room_categories`
--
ALTER TABLE `h5_room_categories`
  ADD PRIMARY KEY (`id`);

--
-- Indexes for table `h6_rooms`
--
ALTER TABLE `h6_rooms`
  ADD PRIMARY KEY (`id`),
  ADD KEY `h6_rooms_floor_id_foreign` (`floor_id`),
  ADD KEY `h6_rooms_category_id_foreign` (`category_id`);

--
-- Indexes for table `m1_mis_heads`
--
ALTER TABLE `m1_mis_heads`
  ADD PRIMARY KEY (`id`),
  ADD KEY `m1_mis_heads_voucher_type_id_index` (`voucher_type_id`),
  ADD KEY `m1_mis_heads_credit_head_id_index` (`credit_head_id`),
  ADD KEY `m1_mis_heads_debit_head_id_index` (`debit_head_id`);

--
-- Indexes for table `m2_mis_head_child_i`
--
ALTER TABLE `m2_mis_head_child_i`
  ADD PRIMARY KEY (`id`),
  ADD KEY `m2_mis_head_child_i_mis_head_id_index` (`mis_head_id`),
  ADD KEY `m2_mis_head_child_i_credit_head_id_index` (`credit_head_id`),
  ADD KEY `m2_mis_head_child_i_debit_head_id_index` (`debit_head_id`);

--
-- Indexes for table `m3_mis_ledger_heads`
--
ALTER TABLE `m3_mis_ledger_heads`
  ADD PRIMARY KEY (`id`),
  ADD UNIQUE KEY `m3_mis_ledger_heads_code_unique` (`code`),
  ADD KEY `m3_mis_ledger_heads_mis_head_id_index` (`mis_head_id`),
  ADD KEY `m3_mis_ledger_heads_unit_type_id_index` (`unit_type_id`);

--
-- Indexes for table `m4_mis_vouchers_i`
--
ALTER TABLE `m4_mis_vouchers_i`
  ADD PRIMARY KEY (`id`),
  ADD KEY `m4_mis_vouchers_i_mis_head_id_index` (`mis_head_id`),
  ADD KEY `m4_mis_vouchers_i_ledger_head_id_index` (`ledger_head_id`),
  ADD KEY `m4_mis_vouchers_i_date_id_index` (`date_id`),
  ADD KEY `m4_mis_vouchers_i_voucher_id_index` (`voucher_id`);

--
-- Indexes for table `migrations`
--
ALTER TABLE `migrations`
  ADD PRIMARY KEY (`id`);

--
-- Indexes for table `mis_current_stocks`
--
ALTER TABLE `mis_current_stocks`
  ADD PRIMARY KEY (`id`),
  ADD KEY `mis_current_stocks_stock_id_index` (`stock_id`),
  ADD KEY `mis_current_stocks_date_id_index` (`date_id`);

--
-- Indexes for table `password_resets`
--
ALTER TABLE `password_resets`
  ADD KEY `password_resets_email_index` (`email`);

--
-- Indexes for table `payments`
--
ALTER TABLE `payments`
  ADD PRIMARY KEY (`id`),
  ADD KEY `payments_billing_id_index` (`billing_id`),
  ADD KEY `payments_mis_voucher_id_index` (`mis_voucher_id`);

--
-- Indexes for table `purchases`
--
ALTER TABLE `purchases`
  ADD PRIMARY KEY (`id`),
  ADD KEY `purchases_mis_voucher_id_index` (`mis_voucher_id`),
  ADD KEY `purchases_date_id_index` (`date_id`),
  ADD KEY `purchases_purchase_group_id_index` (`purchase_group_id`),
  ADD KEY `purchases_current_stock_id_index` (`current_stock_id`),
  ADD KEY `purchases_stock_id_index` (`stock_id`),
  ADD KEY `purchases_unit_id_index` (`unit_id`),
  ADD KEY `purchases_supplier_id_index` (`supplier_id`),
  ADD KEY `purchases_receiver_id_index` (`receiver_id`);

--
-- Indexes for table `purchase_groups`
--
ALTER TABLE `purchase_groups`
  ADD PRIMARY KEY (`id`),
  ADD KEY `purchase_groups_mis_head_id_index` (`mis_head_id`),
  ADD KEY `purchase_groups_date_id_index` (`date_id`),
  ADD KEY `purchase_groups_user_id_index` (`user_id`);

--
-- Indexes for table `r5_meal_types`
--
ALTER TABLE `r5_meal_types`
  ADD PRIMARY KEY (`id`);

--
-- Indexes for table `r6_meal_items`
--
ALTER TABLE `r6_meal_items`
  ADD PRIMARY KEY (`id`),
  ADD KEY `r6_meal_items_meal_type_id_foreign` (`meal_type_id`);

--
-- Indexes for table `r7_menu_types`
--
ALTER TABLE `r7_menu_types`
  ADD PRIMARY KEY (`id`);

--
-- Indexes for table `r9_food_menu`
--
ALTER TABLE `r9_food_menu`
  ADD PRIMARY KEY (`id`),
  ADD KEY `r9_food_menu_menu_type_id_index` (`menu_type_id`);

--
-- Indexes for table `r10_food_menu_items`
--
ALTER TABLE `r10_food_menu_items`
  ADD PRIMARY KEY (`id`),
  ADD KEY `r10_food_menu_items_food_menu_id_index` (`food_menu_id`),
  ADD KEY `r10_food_menu_items_meal_item_id_index` (`meal_item_id`);

--
-- Indexes for table `r11_food_sales`
--
ALTER TABLE `r11_food_sales`
  ADD PRIMARY KEY (`id`),
  ADD KEY `r11_food_sales_billing_id_index` (`billing_id`),
  ADD KEY `r11_food_sales_date_id_index` (`date_id`),
  ADD KEY `r11_food_sales_menu_id_index` (`menu_id`);

--
-- Indexes for table `roles`
--
ALTER TABLE `roles`
  ADD PRIMARY KEY (`id`);

--
-- Indexes for table `s1_unit_types`
--
ALTER TABLE `s1_unit_types`
  ADD PRIMARY KEY (`id`);

--
-- Indexes for table `s2_units`
--
ALTER TABLE `s2_units`
  ADD PRIMARY KEY (`id`),
  ADD KEY `s2_units_unit_type_id_index` (`unit_type_id`);

--
-- Indexes for table `staff`
--
ALTER TABLE `staff`
  ADD PRIMARY KEY (`id`);

--
-- Indexes for table `suppliers`
--
ALTER TABLE `suppliers`
  ADD PRIMARY KEY (`id`);

--
-- Indexes for table `transaction_heads`
--
ALTER TABLE `transaction_heads`
  ADD PRIMARY KEY (`id`),
  ADD UNIQUE KEY `transaction_heads_code_unique` (`code`),
  ADD KEY `transaction_heads_ac_head_id_index` (`ac_head_id`);

--
-- Indexes for table `users`
--
ALTER TABLE `users`
  ADD PRIMARY KEY (`id`),
  ADD UNIQUE KEY `users_email_unique` (`email`),
  ADD KEY `users_role_id_foreign` (`role_id`);

--
-- Indexes for table `v1_venues`
--
ALTER TABLE `v1_venues`
  ADD PRIMARY KEY (`id`);

--
-- Indexes for table `visitors`
--
ALTER TABLE `visitors`
  ADD PRIMARY KEY (`id`),
  ADD KEY `visitors_guest_id_index` (`guest_id`),
  ADD KEY `visitors_booking_id_index` (`booking_id`);

--
-- Indexes for table `vouchers`
--
ALTER TABLE `vouchers`
  ADD PRIMARY KEY (`id`),
  ADD KEY `vouchers_v_group_id_index` (`v_group_id`),
  ADD KEY `vouchers_date_id_index` (`date_id`),
  ADD KEY `vouchers_debit_head_id_index` (`debit_head_id`),
  ADD KEY `vouchers_credit_head_id_index` (`credit_head_id`);

--
-- Indexes for table `voucher_groups`
--
ALTER TABLE `voucher_groups`
  ADD PRIMARY KEY (`id`),
  ADD KEY `voucher_groups_date_id_index` (`date_id`),
  ADD KEY `voucher_groups_type_id_index` (`type_id`),
  ADD KEY `voucher_groups_user_id_index` (`user_id`);

--
-- Indexes for table `voucher_types`
--
ALTER TABLE `voucher_types`
  ADD PRIMARY KEY (`id`);

--
-- Indexes for table `voucher_update_histories`
--
ALTER TABLE `voucher_update_histories`
  ADD PRIMARY KEY (`id`),
  ADD KEY `voucher_update_histories_voucher_id_index` (`voucher_id`),
  ADD KEY `voucher_update_histories_date_id_index` (`date_id`),
  ADD KEY `voucher_update_histories_user_id_index` (`user_id`);

--
-- AUTO_INCREMENT for dumped tables
--

--
-- AUTO_INCREMENT for table `account_heads`
--
ALTER TABLE `account_heads`
  MODIFY `id` int(10) UNSIGNED NOT NULL AUTO_INCREMENT, AUTO_INCREMENT=6;

--
-- AUTO_INCREMENT for table `account_head_child_i`
--
ALTER TABLE `account_head_child_i`
  MODIFY `id` int(10) UNSIGNED NOT NULL AUTO_INCREMENT, AUTO_INCREMENT=24;

--
-- AUTO_INCREMENT for table `account_head_child_ii`
--
ALTER TABLE `account_head_child_ii`
  MODIFY `id` int(10) UNSIGNED NOT NULL AUTO_INCREMENT, AUTO_INCREMENT=42;

--
-- AUTO_INCREMENT for table `account_head_child_iii`
--
ALTER TABLE `account_head_child_iii`
  MODIFY `id` int(10) UNSIGNED NOT NULL AUTO_INCREMENT, AUTO_INCREMENT=14;

--
-- AUTO_INCREMENT for table `account_head_child_iv`
--
ALTER TABLE `account_head_child_iv`
  MODIFY `id` int(10) UNSIGNED NOT NULL AUTO_INCREMENT;

--
-- AUTO_INCREMENT for table `billings`
--
ALTER TABLE `billings`
  MODIFY `id` int(10) UNSIGNED NOT NULL AUTO_INCREMENT;

--
-- AUTO_INCREMENT for table `bookings`
--
ALTER TABLE `bookings`
  MODIFY `id` int(10) UNSIGNED NOT NULL AUTO_INCREMENT;

--
-- AUTO_INCREMENT for table `configurations`
--
ALTER TABLE `configurations`
  MODIFY `id` int(10) UNSIGNED NOT NULL AUTO_INCREMENT, AUTO_INCREMENT=5;

--
-- AUTO_INCREMENT for table `current_balance`
--
ALTER TABLE `current_balance`
  MODIFY `id` int(10) UNSIGNED NOT NULL AUTO_INCREMENT, AUTO_INCREMENT=368;

--
-- AUTO_INCREMENT for table `dates`
--
ALTER TABLE `dates`
  MODIFY `id` int(10) UNSIGNED NOT NULL AUTO_INCREMENT, AUTO_INCREMENT=2;

--
-- AUTO_INCREMENT for table `deliveries`
--
ALTER TABLE `deliveries`
  MODIFY `id` int(10) UNSIGNED NOT NULL AUTO_INCREMENT;

--
-- AUTO_INCREMENT for table `e1_departments`
--
ALTER TABLE `e1_departments`
  MODIFY `id` int(10) UNSIGNED NOT NULL AUTO_INCREMENT, AUTO_INCREMENT=6;

--
-- AUTO_INCREMENT for table `e2_employee_designations`
--
ALTER TABLE `e2_employee_designations`
  MODIFY `id` int(10) UNSIGNED NOT NULL AUTO_INCREMENT, AUTO_INCREMENT=10;

--
-- AUTO_INCREMENT for table `e3_salary_grades`
--
ALTER TABLE `e3_salary_grades`
  MODIFY `id` int(10) UNSIGNED NOT NULL AUTO_INCREMENT, AUTO_INCREMENT=2;

--
-- AUTO_INCREMENT for table `e4_employees`
--
ALTER TABLE `e4_employees`
  MODIFY `id` int(10) UNSIGNED NOT NULL AUTO_INCREMENT, AUTO_INCREMENT=8;

--
-- AUTO_INCREMENT for table `e5_leave_categories`
--
ALTER TABLE `e5_leave_categories`
  MODIFY `id` int(10) UNSIGNED NOT NULL AUTO_INCREMENT, AUTO_INCREMENT=3;

--
-- AUTO_INCREMENT for table `e6_leaves`
--
ALTER TABLE `e6_leaves`
  MODIFY `id` int(10) UNSIGNED NOT NULL AUTO_INCREMENT, AUTO_INCREMENT=2;

--
-- AUTO_INCREMENT for table `general_infos`
--
ALTER TABLE `general_infos`
  MODIFY `id` int(10) UNSIGNED NOT NULL AUTO_INCREMENT;

--
-- AUTO_INCREMENT for table `guests`
--
ALTER TABLE `guests`
  MODIFY `id` int(10) UNSIGNED NOT NULL AUTO_INCREMENT;

--
-- AUTO_INCREMENT for table `h1_building_types`
--
ALTER TABLE `h1_building_types`
  MODIFY `id` int(10) UNSIGNED NOT NULL AUTO_INCREMENT, AUTO_INCREMENT=2;

--
-- AUTO_INCREMENT for table `h2_buildings`
--
ALTER TABLE `h2_buildings`
  MODIFY `id` int(10) UNSIGNED NOT NULL AUTO_INCREMENT, AUTO_INCREMENT=2;

--
-- AUTO_INCREMENT for table `h3_floor_types`
--
ALTER TABLE `h3_floor_types`
  MODIFY `id` int(10) UNSIGNED NOT NULL AUTO_INCREMENT, AUTO_INCREMENT=3;

--
-- AUTO_INCREMENT for table `h4_floors`
--
ALTER TABLE `h4_floors`
  MODIFY `id` int(10) UNSIGNED NOT NULL AUTO_INCREMENT, AUTO_INCREMENT=6;

--
-- AUTO_INCREMENT for table `h5_room_categories`
--
ALTER TABLE `h5_room_categories`
  MODIFY `id` int(10) UNSIGNED NOT NULL AUTO_INCREMENT, AUTO_INCREMENT=18;

--
-- AUTO_INCREMENT for table `h6_rooms`
--
ALTER TABLE `h6_rooms`
  MODIFY `id` int(10) UNSIGNED NOT NULL AUTO_INCREMENT, AUTO_INCREMENT=555;

--
-- AUTO_INCREMENT for table `m1_mis_heads`
--
ALTER TABLE `m1_mis_heads`
  MODIFY `id` int(10) UNSIGNED NOT NULL AUTO_INCREMENT, AUTO_INCREMENT=7;

--
-- AUTO_INCREMENT for table `m2_mis_head_child_i`
--
ALTER TABLE `m2_mis_head_child_i`
  MODIFY `id` int(10) UNSIGNED NOT NULL AUTO_INCREMENT, AUTO_INCREMENT=47;

--
-- AUTO_INCREMENT for table `m3_mis_ledger_heads`
--
ALTER TABLE `m3_mis_ledger_heads`
  MODIFY `id` int(10) UNSIGNED NOT NULL AUTO_INCREMENT, AUTO_INCREMENT=274;

--
-- AUTO_INCREMENT for table `m4_mis_vouchers_i`
--
ALTER TABLE `m4_mis_vouchers_i`
  MODIFY `id` int(10) UNSIGNED NOT NULL AUTO_INCREMENT;

--
-- AUTO_INCREMENT for table `migrations`
--
ALTER TABLE `migrations`
  MODIFY `id` int(10) UNSIGNED NOT NULL AUTO_INCREMENT, AUTO_INCREMENT=70;

--
-- AUTO_INCREMENT for table `mis_current_stocks`
--
ALTER TABLE `mis_current_stocks`
  MODIFY `id` int(10) UNSIGNED NOT NULL AUTO_INCREMENT, AUTO_INCREMENT=251;

--
-- AUTO_INCREMENT for table `payments`
--
ALTER TABLE `payments`
  MODIFY `id` int(10) UNSIGNED NOT NULL AUTO_INCREMENT;

--
-- AUTO_INCREMENT for table `purchases`
--
ALTER TABLE `purchases`
  MODIFY `id` int(10) UNSIGNED NOT NULL AUTO_INCREMENT;

--
-- AUTO_INCREMENT for table `purchase_groups`
--
ALTER TABLE `purchase_groups`
  MODIFY `id` int(10) UNSIGNED NOT NULL AUTO_INCREMENT;

--
-- AUTO_INCREMENT for table `r5_meal_types`
--
ALTER TABLE `r5_meal_types`
  MODIFY `id` int(10) UNSIGNED NOT NULL AUTO_INCREMENT, AUTO_INCREMENT=19;

--
-- AUTO_INCREMENT for table `r6_meal_items`
--
ALTER TABLE `r6_meal_items`
  MODIFY `id` int(10) UNSIGNED NOT NULL AUTO_INCREMENT, AUTO_INCREMENT=83;

--
-- AUTO_INCREMENT for table `r7_menu_types`
--
ALTER TABLE `r7_menu_types`
  MODIFY `id` int(10) UNSIGNED NOT NULL AUTO_INCREMENT, AUTO_INCREMENT=7;

--
-- AUTO_INCREMENT for table `r9_food_menu`
--
ALTER TABLE `r9_food_menu`
  MODIFY `id` int(10) UNSIGNED NOT NULL AUTO_INCREMENT, AUTO_INCREMENT=110;

--
-- AUTO_INCREMENT for table `r10_food_menu_items`
--
ALTER TABLE `r10_food_menu_items`
  MODIFY `id` int(10) UNSIGNED NOT NULL AUTO_INCREMENT, AUTO_INCREMENT=448;

--
-- AUTO_INCREMENT for table `r11_food_sales`
--
ALTER TABLE `r11_food_sales`
  MODIFY `id` int(10) UNSIGNED NOT NULL AUTO_INCREMENT;

--
-- AUTO_INCREMENT for table `roles`
--
ALTER TABLE `roles`
  MODIFY `id` int(10) UNSIGNED NOT NULL AUTO_INCREMENT, AUTO_INCREMENT=3;

--
-- AUTO_INCREMENT for table `s1_unit_types`
--
ALTER TABLE `s1_unit_types`
  MODIFY `id` int(10) UNSIGNED NOT NULL AUTO_INCREMENT, AUTO_INCREMENT=5;

--
-- AUTO_INCREMENT for table `s2_units`
--
ALTER TABLE `s2_units`
  MODIFY `id` int(10) UNSIGNED NOT NULL AUTO_INCREMENT, AUTO_INCREMENT=9;

--
-- AUTO_INCREMENT for table `staff`
--
ALTER TABLE `staff`
  MODIFY `id` int(10) UNSIGNED NOT NULL AUTO_INCREMENT, AUTO_INCREMENT=5;

--
-- AUTO_INCREMENT for table `suppliers`
--
ALTER TABLE `suppliers`
  MODIFY `id` int(10) UNSIGNED NOT NULL AUTO_INCREMENT, AUTO_INCREMENT=64;

--
-- AUTO_INCREMENT for table `transaction_heads`
--
ALTER TABLE `transaction_heads`
  MODIFY `id` int(10) UNSIGNED NOT NULL AUTO_INCREMENT, AUTO_INCREMENT=461;

--
-- AUTO_INCREMENT for table `users`
--
ALTER TABLE `users`
  MODIFY `id` int(10) UNSIGNED NOT NULL AUTO_INCREMENT, AUTO_INCREMENT=3;

--
-- AUTO_INCREMENT for table `v1_venues`
--
ALTER TABLE `v1_venues`
  MODIFY `id` int(10) UNSIGNED NOT NULL AUTO_INCREMENT, AUTO_INCREMENT=61;

--
-- AUTO_INCREMENT for table `visitors`
--
ALTER TABLE `visitors`
  MODIFY `id` int(10) UNSIGNED NOT NULL AUTO_INCREMENT;

--
-- AUTO_INCREMENT for table `vouchers`
--
ALTER TABLE `vouchers`
  MODIFY `id` int(10) UNSIGNED NOT NULL AUTO_INCREMENT;

--
-- AUTO_INCREMENT for table `voucher_groups`
--
ALTER TABLE `voucher_groups`
  MODIFY `id` int(10) UNSIGNED NOT NULL AUTO_INCREMENT;

--
-- AUTO_INCREMENT for table `voucher_types`
--
ALTER TABLE `voucher_types`
  MODIFY `id` int(10) UNSIGNED NOT NULL AUTO_INCREMENT, AUTO_INCREMENT=12;

--
-- AUTO_INCREMENT for table `voucher_update_histories`
--
ALTER TABLE `voucher_update_histories`
  MODIFY `id` int(10) UNSIGNED NOT NULL AUTO_INCREMENT;

--
-- Constraints for dumped tables
--

--
-- Constraints for table `e6_leaves`
--
ALTER TABLE `e6_leaves`
  ADD CONSTRAINT `e6_leaves_leave_category_id_foreign` FOREIGN KEY (`leave_category_id`) REFERENCES `e5_leave_categories` (`id`) ON UPDATE CASCADE;

--
-- Constraints for table `h2_buildings`
--
ALTER TABLE `h2_buildings`
  ADD CONSTRAINT `h2_buildings_building_type_foreign` FOREIGN KEY (`building_type`) REFERENCES `h1_building_types` (`id`) ON UPDATE CASCADE;

--
-- Constraints for table `h4_floors`
--
ALTER TABLE `h4_floors`
  ADD CONSTRAINT `h4_floors_building_id_foreign` FOREIGN KEY (`building_id`) REFERENCES `h2_buildings` (`id`) ON UPDATE CASCADE,
  ADD CONSTRAINT `h4_floors_floor_type_foreign` FOREIGN KEY (`floor_type`) REFERENCES `h3_floor_types` (`id`) ON UPDATE CASCADE;

--
-- Constraints for table `h6_rooms`
--
ALTER TABLE `h6_rooms`
  ADD CONSTRAINT `h6_rooms_category_id_foreign` FOREIGN KEY (`category_id`) REFERENCES `h5_room_categories` (`id`) ON UPDATE CASCADE,
  ADD CONSTRAINT `h6_rooms_floor_id_foreign` FOREIGN KEY (`floor_id`) REFERENCES `h4_floors` (`id`) ON UPDATE CASCADE;

--
-- Constraints for table `r6_meal_items`
--
ALTER TABLE `r6_meal_items`
  ADD CONSTRAINT `r6_meal_items_meal_type_id_foreign` FOREIGN KEY (`meal_type_id`) REFERENCES `r5_meal_types` (`id`) ON UPDATE CASCADE;

--
-- Constraints for table `users`
--
ALTER TABLE `users`
  ADD CONSTRAINT `users_role_id_foreign` FOREIGN KEY (`role_id`) REFERENCES `roles` (`id`) ON UPDATE CASCADE;
COMMIT;

/*!40101 SET CHARACTER_SET_CLIENT=@OLD_CHARACTER_SET_CLIENT */;
/*!40101 SET CHARACTER_SET_RESULTS=@OLD_CHARACTER_SET_RESULTS */;
/*!40101 SET COLLATION_CONNECTION=@OLD_COLLATION_CONNECTION */;
