-- phpMyAdmin SQL Dump
-- version 4.8.3
-- https://www.phpmyadmin.net/
--
-- Host: localhost:3306
-- Generation Time: Mar 09, 2020 at 01:26 AM
-- Server version: 10.1.44-MariaDB-cll-lve
-- PHP Version: 7.2.7

SET SQL_MODE = "NO_AUTO_VALUE_ON_ZERO";
SET AUTOCOMMIT = 0;
START TRANSACTION;
SET time_zone = "+00:00";


/*!40101 SET @OLD_CHARACTER_SET_CLIENT=@@CHARACTER_SET_CLIENT */;
/*!40101 SET @OLD_CHARACTER_SET_RESULTS=@@CHARACTER_SET_RESULTS */;
/*!40101 SET @OLD_COLLATION_CONNECTION=@@COLLATION_CONNECTION */;
/*!40101 SET NAMES utf8mb4 */;

--
-- Database: `mienarzr_mtc`
--

-- --------------------------------------------------------

--
-- Table structure for table `account_heads`
--

CREATE TABLE `account_heads` (
  `id` int(10) UNSIGNED NOT NULL,
  `name` varchar(191) COLLATE utf8mb4_unicode_ci NOT NULL,
  `code` varchar(191) COLLATE utf8mb4_unicode_ci NOT NULL,
  `amount` bigint(20) NOT NULL DEFAULT '0',
  `created_at` timestamp NULL DEFAULT NULL,
  `updated_at` timestamp NULL DEFAULT NULL
) ENGINE=InnoDB DEFAULT CHARSET=utf8mb4 COLLATE=utf8mb4_unicode_ci;

--
-- Dumping data for table `account_heads`
--

INSERT INTO `account_heads` (`id`, `name`, `code`, `amount`, `created_at`, `updated_at`) VALUES
(1, 'ASSET', '1000', 0, '2019-11-23 09:18:30', '2019-11-23 09:18:30'),
(2, 'LIABILITY', '3000', 0, '2019-11-23 09:18:30', '2019-11-23 09:18:30'),
(3, 'INCOME', '4000', 0, '2019-11-23 09:18:30', '2019-11-23 09:18:30'),
(4, 'EXPENSE', '5000', 0, '2019-11-23 09:18:30', '2019-11-23 09:18:30'),
(5, 'EQUITY', '6000', 0, '2019-11-23 09:18:30', '2019-11-23 09:18:30');

-- --------------------------------------------------------

--
-- Table structure for table `account_head_child_i`
--

CREATE TABLE `account_head_child_i` (
  `id` int(10) UNSIGNED NOT NULL,
  `ac_head_id` int(10) UNSIGNED NOT NULL,
  `name` varchar(191) COLLATE utf8mb4_unicode_ci NOT NULL,
  `code` varchar(191) COLLATE utf8mb4_unicode_ci NOT NULL,
  `amount` bigint(20) NOT NULL DEFAULT '0',
  `created_at` timestamp NULL DEFAULT NULL,
  `updated_at` timestamp NULL DEFAULT NULL
) ENGINE=InnoDB DEFAULT CHARSET=utf8mb4 COLLATE=utf8mb4_unicode_ci;

--
-- Dumping data for table `account_head_child_i`
--

INSERT INTO `account_head_child_i` (`id`, `ac_head_id`, `name`, `code`, `amount`, `created_at`, `updated_at`) VALUES
(1, 1, 'Fixet Asset', '1100', 0, '2019-11-20 21:22:33', '2019-11-20 21:22:33'),
(2, 1, 'Current Asset', '1500', 0, '2019-11-20 21:22:33', '2019-11-20 21:22:33'),
(3, 2, 'Current Liability Member Savings', '3100', 0, '2019-11-20 21:22:33', '2019-11-20 21:22:33'),
(4, 2, 'Others Savings A/C', '3200', 0, '2019-11-20 21:22:33', '2019-11-20 21:22:33'),
(5, 2, 'Long Term Liability (PKSF)', '3300', 0, '2019-11-20 21:22:33', '2019-11-20 21:22:33'),
(6, 2, 'Current Account Principal (Branch & HO)', '3400', 0, '2019-11-20 21:22:33', '2019-11-20 21:22:33'),
(7, 3, 'General Income', '4100', 0, '2019-11-20 21:22:33', '2019-11-20 21:22:33'),
(8, 3, 'Others Income', '4200', 0, '2019-11-20 21:22:33', '2019-11-20 21:22:33'),
(9, 4, 'Financial Expense', '5100', 0, '2019-11-20 21:22:33', '2019-11-20 21:22:33'),
(10, 4, 'Current Account Service Charge (Branch & HO)', '5200', 0, '2019-11-20 21:22:33', '2019-11-20 21:22:33'),
(11, 4, 'Salary & Allowance', '5300', 0, '2019-11-20 21:22:33', '2019-11-20 21:22:33'),
(12, 4, 'Operating Cost', '5400', 0, '2019-11-20 21:22:33', '2019-11-20 21:22:33'),
(13, 2, 'Others Liability', '3500', 0, '2019-11-20 21:22:33', '2019-11-20 21:22:33'),
(14, 2, 'Capital Fund', '3600', 0, '2019-11-20 21:22:33', '2019-11-20 21:22:33'),
(15, 3, 'Reimbursement', '7700', 0, '2019-11-20 21:22:33', '2019-11-20 21:22:33'),
(16, 2, 'Loan A/C With Others', '3700', 0, '2019-11-20 21:22:33', '2019-11-20 21:22:33'),
(17, 4, 'Non Operating Cost', '5600', 0, '2019-11-20 21:22:33', '2019-11-20 21:22:33'),
(18, 3, 'Income from Training Operating', '4500', 0, '2019-11-20 21:22:33', '2019-11-20 21:22:33'),
(19, 4, 'Expenses for Training center', '5700', 0, '2019-11-20 21:22:33', '2019-11-20 21:22:33'),
(20, 4, 'Loss On Sale Of Land', '5001', 0, '2019-11-20 21:22:33', '2019-11-20 21:22:33'),
(21, 1, 'Black Rice', '010540', 0, '2020-01-18 01:06:44', '2020-01-18 01:06:44'),
(22, 1, 'Super Admin', '123', 0, '2020-01-18 01:07:38', '2020-01-18 01:07:38'),
(23, 1, 'ewr', '345', 0, '2020-01-18 01:12:01', '2020-01-18 01:12:01');

-- --------------------------------------------------------

--
-- Table structure for table `account_head_child_ii`
--

CREATE TABLE `account_head_child_ii` (
  `id` int(10) UNSIGNED NOT NULL,
  `ac_head_child_i_id` int(10) UNSIGNED NOT NULL,
  `name` varchar(191) COLLATE utf8mb4_unicode_ci NOT NULL,
  `code` varchar(191) COLLATE utf8mb4_unicode_ci NOT NULL,
  `amount` bigint(20) NOT NULL DEFAULT '0',
  `created_at` timestamp NULL DEFAULT NULL,
  `updated_at` timestamp NULL DEFAULT NULL
) ENGINE=InnoDB DEFAULT CHARSET=utf8mb4 COLLATE=utf8mb4_unicode_ci;

--
-- Dumping data for table `account_head_child_ii`
--

INSERT INTO `account_head_child_ii` (`id`, `ac_head_child_i_id`, `name`, `code`, `amount`, `created_at`, `updated_at`) VALUES
(1, 1, 'Land & Building', '1150', 0, '2019-11-20 21:27:57', '2019-11-20 21:27:57'),
(2, 1, 'Furniture & fixture', '1200', 0, '2019-11-20 21:27:57', '2019-11-20 21:27:57'),
(3, 1, 'Office Equipment', '1250', 0, '2019-11-20 21:27:57', '2019-11-20 21:27:57'),
(4, 1, 'Vehicles', '1300', 0, '2019-11-20 21:27:57', '2019-11-20 21:27:57'),
(5, 1, 'Electronic Equipment', '1350', 0, '2019-11-20 21:27:57', '2019-11-20 21:27:57'),
(6, 1, 'Other Fixet Assets', '1400', 0, '2019-11-20 21:27:57', '2019-11-20 21:27:57'),
(7, 2, 'Loan A/C with  Member\'s', '1900', 0, '2019-11-20 21:27:57', '2019-11-20 21:27:57'),
(8, 2, 'Others Loan', '2000', 0, '2019-11-20 21:27:57', '2019-11-20 21:27:57'),
(9, 2, 'Advance', '2100', 0, '2019-11-20 21:27:57', '2019-11-20 21:27:57'),
(10, 2, 'Others Investment', '2300', 0, '2019-11-20 21:27:57', '2019-11-20 21:27:57'),
(11, 5, 'Fund A/C With  PKSF', '3350', 0, '2019-11-20 21:27:57', '2019-11-20 21:27:57'),
(12, 8, 'Other Income', '4250', 0, '2019-11-20 21:27:57', '2019-11-20 21:27:57'),
(13, 8, 'Bank Interest', '4300', 0, '2019-11-20 21:27:57', '2019-11-20 21:27:57'),
(14, 10, 'Service Charge paid to HO', '5220', 0, '2019-11-20 21:27:57', '2019-11-20 21:27:57'),
(15, 11, 'Salary & Allowance', '5310', 0, '2019-11-20 21:27:57', '2019-11-20 21:27:57'),
(16, 12, 'Operating cost', '5450', 0, '2019-11-20 21:27:57', '2019-11-20 21:27:57'),
(17, 3, 'Genaral  Savings (GS)', '3120', 0, '2019-11-20 21:27:57', '2019-11-20 21:27:57'),
(18, 3, 'Specail Savings (SS)', '3140', 0, '2019-11-20 21:27:57', '2019-11-20 21:27:57'),
(19, 9, 'Service Charge Paid to PKSF', '5130', 0, '2019-11-20 21:27:57', '2019-11-20 21:27:57'),
(20, 9, 'Interest on Group Savings', '5120', 0, '2019-11-20 21:27:57', '2019-11-20 21:27:57'),
(21, 3, 'Monthly Savings(DPS)', '3150', 0, '2019-11-20 21:27:57', '2019-11-20 21:27:57'),
(22, 3, 'Emergemcy  Fund A/C', '3160', 0, '2019-11-20 21:27:57', '2019-11-20 21:27:57'),
(23, 7, 'Service charge A/C (member)', '4150', 0, '2019-11-20 21:27:57', '2019-11-20 21:27:57'),
(24, 12, 'Bank Charge', '5500', 0, '2019-11-20 21:27:57', '2019-11-20 21:27:57'),
(25, 2, 'Cash & Bank', '1700', 0, '2019-11-20 21:27:57', '2019-11-20 21:27:57'),
(26, 6, 'Current Account Principal InterTransaction (Branch & HO)', '3420', 0, '2019-11-20 21:27:57', '2019-11-20 21:27:57'),
(27, 13, 'Reserve & Provition', '3520', 0, '2019-11-20 21:27:57', '2019-11-20 21:27:57'),
(28, 14, 'Retained Surplus/Deficit', '3620', 0, '2019-11-20 21:27:57', '2019-11-20 21:27:57'),
(29, 2, 'Loan to project', '1510', 0, '2019-11-20 21:27:57', '2019-11-20 21:27:57'),
(30, 13, 'Others Fund', '3550', 0, '2019-11-20 21:27:57', '2019-11-20 21:27:57'),
(31, 2, 'Other Current Asset', '1550', 0, '2019-11-20 21:27:57', '2019-11-20 21:27:57'),
(32, 14, 'Capital fund', '3601', 0, '2019-11-20 21:27:57', '2019-11-20 21:27:57'),
(33, 2, 'Fund A/C With Branch', '1600', 0, '2019-11-20 21:27:57', '2019-11-20 21:27:57'),
(34, 7, 'Service charge from Branch', '4400', 0, '2019-11-20 21:27:57', '2019-11-20 21:27:57'),
(35, 16, 'Loan A/C With Others', '3710', 0, '2019-11-20 21:27:57', '2019-11-20 21:27:57'),
(36, 17, 'Non Operating Cost', '5650', 0, '2019-11-20 21:27:57', '2019-11-20 21:27:57'),
(37, 3, 'Health Savings', '3180', 0, '2019-11-20 21:27:57', '2019-11-20 21:27:57'),
(38, 4, 'Special Savings (staff)', '3201', 0, '2019-11-20 21:27:57', '2019-11-20 21:27:57'),
(39, 3, 'Fixed General savings', '3190', 0, '2019-11-20 21:27:57', '2019-11-20 21:27:57'),
(40, 4, 'Staff Welfare', '3206', 0, '2019-11-20 21:27:57', '2019-11-20 21:27:57'),
(41, 23, 'Basmati Rice', '235', 0, '2020-01-18 01:13:08', '2020-01-18 01:13:08');

-- --------------------------------------------------------

--
-- Table structure for table `account_head_child_iii`
--

CREATE TABLE `account_head_child_iii` (
  `id` int(10) UNSIGNED NOT NULL,
  `ac_head_child_ii_id` int(10) UNSIGNED NOT NULL,
  `name` varchar(191) COLLATE utf8mb4_unicode_ci NOT NULL,
  `code` varchar(191) COLLATE utf8mb4_unicode_ci NOT NULL,
  `amount` bigint(20) NOT NULL DEFAULT '0',
  `created_at` timestamp NULL DEFAULT NULL,
  `updated_at` timestamp NULL DEFAULT NULL
) ENGINE=InnoDB DEFAULT CHARSET=utf8mb4 COLLATE=utf8mb4_unicode_ci;

--
-- Dumping data for table `account_head_child_iii`
--

INSERT INTO `account_head_child_iii` (`id`, `ac_head_child_ii_id`, `name`, `code`, `amount`, `created_at`, `updated_at`) VALUES
(1, 25, 'Cash in hand', '1750', 0, '2019-11-20 21:29:08', '2019-11-20 21:29:08'),
(2, 25, 'Cash at Bank', '1800', 0, '2019-11-20 21:29:08', '2019-11-20 21:29:08'),
(3, 17, 'JAGARON', '3120.1', 0, '2019-11-20 21:29:08', '2019-11-20 21:29:08'),
(4, 17, 'AGRASHOR', '3120.2', 0, '2019-11-20 21:29:08', '2019-11-20 21:29:08'),
(5, 17, 'BUNIAD', '3120.3', 0, '2019-11-20 21:29:08', '2019-11-20 21:29:08'),
(6, 17, 'MFMSF', '3120.4', 0, '2019-11-20 21:29:08', '2019-11-20 21:29:08'),
(7, 17, 'SUFALON', '3120.5', 0, '2019-11-20 21:29:08', '2019-11-20 21:29:08'),
(8, 17, 'EFRRAP', '3120.6', 0, '2019-11-20 21:29:08', '2019-11-20 21:29:08'),
(9, 17, 'FSP', '3120.7', 0, '2019-11-20 21:29:08', '2019-11-20 21:29:08'),
(10, 17, 'Enrich IGA', '3120.8', 0, '2019-11-20 21:29:08', '2019-11-20 21:29:08'),
(11, 17, 'Enrich LIL', '3120.9', 0, '2019-11-20 21:29:08', '2019-11-20 21:29:08'),
(12, 17, 'Enrich ACL', '3120.10', 0, '2019-11-20 21:29:08', '2019-11-20 21:29:08'),
(13, 17, 'EDUCATION', '3120.11', 0, '2019-11-20 21:29:08', '2019-11-20 21:29:08');

-- --------------------------------------------------------

--
-- Table structure for table `account_head_child_iv`
--

CREATE TABLE `account_head_child_iv` (
  `id` int(10) UNSIGNED NOT NULL,
  `ac_head_child_iii_id` int(10) UNSIGNED NOT NULL,
  `name` varchar(191) COLLATE utf8mb4_unicode_ci NOT NULL,
  `code` varchar(191) COLLATE utf8mb4_unicode_ci NOT NULL,
  `amount` bigint(20) NOT NULL DEFAULT '0',
  `created_at` timestamp NULL DEFAULT NULL,
  `updated_at` timestamp NULL DEFAULT NULL
) ENGINE=InnoDB DEFAULT CHARSET=utf8mb4 COLLATE=utf8mb4_unicode_ci;

-- --------------------------------------------------------

--
-- Table structure for table `billings`
--

CREATE TABLE `billings` (
  `id` int(10) UNSIGNED NOT NULL,
  `guest_id` int(10) UNSIGNED NOT NULL,
  `date_id` int(10) UNSIGNED NOT NULL,
  `mis_voucher_id` int(10) UNSIGNED DEFAULT NULL,
  `checkout_status` tinyint(1) NOT NULL DEFAULT '0',
  `reserved` tinyint(1) NOT NULL DEFAULT '0',
  `total_bill` double(14,2) NOT NULL DEFAULT '0.00',
  `advance_paid` double(14,2) NOT NULL DEFAULT '0.00',
  `total_paid` double(14,2) NOT NULL DEFAULT '0.00',
  `discount` double(14,2) UNSIGNED NOT NULL DEFAULT '0.00',
  `note` text COLLATE utf8mb4_unicode_ci,
  `code` text COLLATE utf8mb4_unicode_ci,
  `deleted_at` timestamp NULL DEFAULT NULL,
  `created_at` timestamp NULL DEFAULT NULL,
  `updated_at` timestamp NULL DEFAULT NULL
) ENGINE=InnoDB DEFAULT CHARSET=utf8mb4 COLLATE=utf8mb4_unicode_ci;

--
-- Dumping data for table `billings`
--

INSERT INTO `billings` (`id`, `guest_id`, `date_id`, `mis_voucher_id`, `checkout_status`, `reserved`, `total_bill`, `advance_paid`, `total_paid`, `discount`, `note`, `code`, `deleted_at`, `created_at`, `updated_at`) VALUES
(1, 1, 1, 1, 1, 0, 13625.00, 0.00, 13625.00, 1000.00, NULL, 'aspada_16_02_20_001', '2020-02-17 13:18:32', '2020-02-16 16:03:04', '2020-02-17 13:18:32'),
(2, 2, 1, 5, 1, 0, 13625.00, 0.00, 13625.00, 1000.00, NULL, 'aspada_17_02_20_001', '2020-02-17 14:50:23', '2020-02-17 13:20:33', '2020-02-17 14:50:23'),
(3, 3, 1, 9, 1, 0, 12625.00, 0.00, 12625.00, 0.00, NULL, 'aspada_17_02_20_001', NULL, '2020-02-17 14:52:32', '2020-02-17 14:53:32'),
(4, 4, 1, 12, 0, 0, 9000.00, 0.00, 0.00, 0.00, NULL, 'aspada_17_02_20_002', '2020-02-17 16:41:02', '2020-02-17 15:19:15', '2020-02-17 16:41:02'),
(5, 5, 1, 13, 1, 0, 65925.00, 0.00, 65925.00, 0.00, NULL, 'aspada_17_02_20_003', NULL, '2020-02-17 16:32:42', '2020-02-17 16:33:54'),
(6, 6, 1, 16, 0, 0, 24592.00, 0.00, 0.00, 0.00, NULL, 'aspada_17_02_20_004', '2020-02-17 16:42:25', '2020-02-17 16:39:51', '2020-02-17 16:42:25'),
(7, 7, 1, 17, 1, 0, 14296.00, 0.00, 14296.00, 0.00, NULL, 'aspada_17_02_20_004', NULL, '2020-02-17 16:43:50', '2020-02-17 16:44:14'),
(8, 8, 1, 20, 0, 0, 7000.00, 0.00, 0.00, 0.00, NULL, 'aspada_17_02_20_005', '2020-02-17 17:03:47', '2020-02-17 16:55:15', '2020-02-17 17:03:47'),
(9, 9, 1, 21, 1, 0, 28631.50, 0.00, 28631.50, 0.00, NULL, 'aspada_17_02_20_005', NULL, '2020-02-17 17:10:41', '2020-02-17 17:11:58'),
(10, 10, 1, 24, 0, 0, 3500.00, 0.00, 0.00, 0.00, NULL, 'aspada_17_02_20_006', '2020-02-17 17:40:59', '2020-02-17 17:34:23', '2020-02-17 17:40:59'),
(11, 11, 1, 25, 0, 0, 4000.00, 0.00, 0.00, 0.00, NULL, 'aspada_17_02_20_007', '2020-02-17 17:40:49', '2020-02-17 17:39:05', '2020-02-17 17:40:49'),
(12, 12, 1, 26, 0, 0, 3500.00, 0.00, 0.00, 0.00, NULL, 'aspada_17_02_20_006', '2020-02-17 17:42:53', '2020-02-17 17:42:25', '2020-02-17 17:42:53'),
(13, 13, 1, 27, 1, 0, 11900.00, 0.00, 11900.00, 0.00, NULL, 'aspada_17_02_20_006', NULL, '2020-02-17 17:44:37', '2020-02-17 17:46:27'),
(14, 14, 1, 30, 1, 0, 1700.00, 0.00, 2000.00, 300.00, NULL, 'aspada_19_02_20_001', '2020-02-25 15:00:47', '2020-02-19 22:34:58', '2020-02-25 15:00:47'),
(15, 15, 1, 33, 1, 0, 2000.00, 0.00, 2000.00, 300.00, NULL, 'aspada_19_02_20_002', '2020-02-25 13:13:58', '2020-02-19 22:37:00', '2020-02-25 13:13:58'),
(16, 16, 1, 36, 1, 0, 2000.00, 0.00, 2000.00, 300.00, NULL, 'aspada_19_02_20_003', '2020-02-25 13:09:46', '2020-02-19 22:38:31', '2020-02-25 13:09:46'),
(17, 17, 1, 39, 1, 0, 2000.00, 0.00, 2000.00, 300.00, NULL, 'aspada_19_02_20_004', '2020-02-25 13:03:56', '2020-02-19 22:39:49', '2020-02-25 13:03:56'),
(18, 18, 1, 42, 1, 0, 2000.00, 0.00, 2000.00, 300.00, NULL, 'aspada_19_02_20_005', '2020-02-25 13:01:09', '2020-02-19 22:41:09', '2020-02-25 13:01:09'),
(19, 19, 1, 45, 1, 0, 1800.00, 0.00, 1800.00, 100.00, NULL, 'aspada_19_02_20_006', '2020-02-25 12:58:31', '2020-02-19 22:43:15', '2020-02-25 12:58:31'),
(20, 20, 1, 49, 0, 0, 1200.00, 0.00, 0.00, 0.00, NULL, 'aspada_19_02_20_007', '2020-02-19 22:45:49', '2020-02-19 22:45:34', '2020-02-19 22:45:49'),
(21, 21, 1, 50, 1, 0, 1800.00, 0.00, 1800.00, 100.00, NULL, 'aspada_19_02_20_007', '2020-02-25 12:45:19', '2020-02-19 22:46:41', '2020-02-25 12:45:19'),
(22, 22, 1, 54, 1, 0, 1700.00, 0.00, 1800.00, 100.00, NULL, 'aspada_19_02_20_008', '2020-02-25 12:35:16', '2020-02-19 22:48:16', '2020-02-25 12:35:16'),
(23, 23, 1, 58, 1, 0, 1200.00, 0.00, 1200.00, 0.00, NULL, 'aspada_19_02_20_009', NULL, '2020-02-19 22:49:57', '2020-02-19 22:50:03'),
(24, 24, 1, 60, 1, 0, 300.00, 0.00, 300.00, 0.00, NULL, 'aspada_19_02_20_010', NULL, '2020-02-19 22:51:36', '2020-02-19 22:51:41'),
(25, 25, 1, 62, 1, 0, 2500.00, 0.00, 2500.00, 300.00, NULL, 'aspada_19_02_20_011', '2020-02-25 12:29:35', '2020-02-19 22:53:58', '2020-02-25 12:29:35'),
(26, 26, 1, 65, 1, 0, 4300.00, 0.00, 4300.00, 500.00, NULL, 'aspada_19_02_20_012', '2020-02-25 12:19:19', '2020-02-19 22:58:26', '2020-02-25 12:19:19'),
(27, 27, 1, 68, 1, 0, 750.00, 0.00, 750.00, 0.00, NULL, 'aspada_19_02_20_013', NULL, '2020-02-19 23:00:17', '2020-02-19 23:00:28'),
(28, 28, 1, 70, 1, 0, 300.00, 0.00, 300.00, 0.00, NULL, 'aspada_19_02_20_014', NULL, '2020-02-19 23:02:14', '2020-02-19 23:02:19'),
(29, 29, 1, 72, 1, 0, 1200.00, 0.00, 1200.00, 0.00, NULL, 'aspada_19_02_20_015', NULL, '2020-02-19 23:03:35', '2020-02-19 23:03:40'),
(30, 30, 1, 74, 1, 0, 1200.00, 0.00, 1200.00, 0.00, NULL, 'aspada_19_02_20_016', NULL, '2020-02-19 23:07:15', '2020-02-19 23:07:20'),
(31, 31, 1, 76, 0, 0, 9600.00, 0.00, 0.00, 0.00, NULL, 'aspada_19_02_20_017', '2020-02-19 23:09:54', '2020-02-19 23:09:23', '2020-02-19 23:09:54'),
(32, 32, 1, 77, 1, 0, 300.00, 0.00, 300.00, 0.00, NULL, 'aspada_19_02_20_017', NULL, '2020-02-19 23:12:14', '2020-02-19 23:12:18'),
(33, 33, 1, 79, 1, 0, 300.00, 0.00, 300.00, 0.00, NULL, 'aspada_19_02_20_018', NULL, '2020-02-19 23:14:10', '2020-02-19 23:14:42'),
(34, 34, 1, 81, 1, 0, 300.00, 0.00, 300.00, 0.00, NULL, 'aspada_19_02_20_019', NULL, '2020-02-19 23:16:07', '2020-02-19 23:16:12'),
(35, 35, 1, 83, 1, 0, 1800.00, 0.00, 1800.00, 0.00, NULL, 'aspada_19_02_20_020', NULL, '2020-02-19 23:19:33', '2020-02-19 23:19:40'),
(36, 36, 1, 85, 1, 0, 300.00, 0.00, 300.00, 0.00, NULL, 'aspada_19_02_20_021', NULL, '2020-02-19 23:21:24', '2020-02-19 23:21:32'),
(37, 37, 1, 87, 0, 0, 5200.00, 0.00, 0.00, 0.00, NULL, 'aspada_19_02_20_022', '2020-02-19 23:25:52', '2020-02-19 23:23:51', '2020-02-19 23:25:52'),
(38, 38, 1, 88, 1, 0, 6900.00, 0.00, 7020.00, 20.00, NULL, 'aspada_19_02_20_022', '2020-02-25 11:52:46', '2020-02-19 23:27:01', '2020-02-25 11:52:46'),
(39, 39, 1, 171, 1, 0, 7000.00, 0.00, 7000.00, 0.00, NULL, 'aspada_25_02_20_001', NULL, '2020-02-25 12:14:12', '2020-02-25 12:15:21'),
(40, 40, 1, 174, 1, 0, 4300.00, 0.00, 4300.00, 500.00, NULL, 'aspada_25_02_20_002', '2020-02-25 15:39:08', '2020-02-25 12:24:50', '2020-02-25 15:39:08'),
(41, 41, 1, 177, 1, 0, 2200.00, 0.00, 2200.00, 0.00, NULL, 'aspada_25_02_20_003', NULL, '2020-02-25 12:32:37', '2020-02-25 12:32:50'),
(42, 42, 1, 179, 1, 0, 1700.00, 0.00, 1700.00, 0.00, NULL, 'aspada_25_02_20_004', NULL, '2020-02-25 12:38:19', '2020-02-25 12:39:27'),
(43, 43, 1, 182, 0, 0, 1545.00, 0.00, 0.00, 0.00, NULL, 'aspada_25_02_20_005', '2020-02-25 12:49:33', '2020-02-25 12:47:51', '2020-02-25 12:49:33'),
(44, 44, 1, 183, 0, 0, 1500.00, 0.00, 0.00, 0.00, NULL, 'aspada_25_02_20_005', '2020-02-25 12:51:35', '2020-02-25 12:50:34', '2020-02-25 12:51:35'),
(45, 45, 1, 184, 1, 0, 1700.00, 0.00, 1700.00, 0.00, NULL, 'aspada_25_02_20_005', NULL, '2020-02-25 12:52:58', '2020-02-25 12:53:25'),
(46, 46, 1, 187, 1, 0, 1700.00, 0.00, 1700.00, 0.00, NULL, 'aspada_25_02_20_006', NULL, '2020-02-25 12:57:15', '2020-02-25 12:57:40'),
(47, 47, 1, 190, 1, 0, 1700.00, 0.00, 1700.00, 0.00, NULL, 'aspada_25_02_20_007', NULL, '2020-02-25 13:00:23', '2020-02-25 13:00:30'),
(48, 48, 1, 192, 1, 0, 1700.00, 0.00, 1700.00, 0.00, NULL, 'aspada_25_02_20_008', NULL, '2020-02-25 13:03:29', '2020-02-25 13:03:35'),
(49, 49, 1, 194, 1, 0, 1700.00, 0.00, 1700.00, 0.00, NULL, 'aspada_25_02_20_009', NULL, '2020-02-25 13:08:53', '2020-02-25 13:09:26'),
(50, 50, 1, 196, 1, 0, 1700.00, 0.00, 1700.00, 0.00, NULL, 'aspada_25_02_20_010', NULL, '2020-02-25 13:13:33', '2020-02-25 13:13:40'),
(51, 51, 1, 199, 1, 0, 1700.00, 0.00, 1700.00, 0.00, NULL, 'aspada_25_02_20_011', NULL, '2020-02-25 13:16:21', '2020-02-25 13:17:16'),
(52, 52, 1, 201, 1, 0, 3800.00, 0.00, 3800.00, 0.00, NULL, 'aspada_25_02_20_012', NULL, '2020-02-25 15:42:13', '2020-02-25 15:42:44'),
(53, 53, 2, 216, 1, 0, 19527.00, 0.00, 19527.00, 0.00, NULL, 'aspada_25_02_20_013', NULL, '2020-02-25 18:21:48', '2020-02-25 18:27:58'),
(54, 54, 2, 234, 1, 0, 8600.00, 0.00, 8600.00, 0.00, NULL, 'aspada_25_02_20_014', NULL, '2020-02-25 18:40:13', '2020-02-25 18:42:24'),
(55, 55, 2, 237, 1, 0, 12745.00, 0.00, 12745.00, 0.00, NULL, 'aspada_25_02_20_015', NULL, '2020-02-25 18:58:41', '2020-02-25 19:01:33'),
(56, 56, 2, 240, 1, 0, 3300.00, 0.00, 3300.00, 0.00, 'NB: Three beded General room is not available.', 'aspada_25_02_20_016', NULL, '2020-02-25 19:20:33', '2020-02-25 19:20:45'),
(57, 57, 2, 242, 1, 0, 3600.00, 0.00, 3600.00, 0.00, NULL, 'aspada_25_02_20_017', NULL, '2020-02-25 19:33:09', '2020-02-25 19:33:15'),
(58, 58, 2, 244, 1, 0, 1200.00, 0.00, 1200.00, 0.00, NULL, 'aspada_25_02_20_018', NULL, '2020-02-25 19:37:18', '2020-03-01 10:20:34'),
(59, 59, 2, 245, 1, 0, 600.00, 0.00, 600.00, 0.00, NULL, 'aspada_25_02_20_019', '2020-03-01 10:19:49', '2020-02-25 19:39:42', '2020-03-01 10:19:49'),
(60, 60, 2, 247, 0, 0, -4000.00, 0.00, 0.00, 0.00, NULL, 'aspada_26_02_20_001', '2020-03-01 10:20:03', '2020-02-26 12:17:58', '2020-03-01 10:20:03'),
(61, 61, 2, 249, 0, 0, 4250.00, 0.00, 0.00, 0.00, NULL, 'aspada_01_03_20_001', '2020-03-01 11:05:13', '2020-03-01 11:01:48', '2020-03-01 11:05:13'),
(62, 62, 2, 250, 0, 0, 11130.00, 0.00, 0.00, 0.00, NULL, 'aspada_01_03_20_001', '2020-03-01 11:28:55', '2020-03-01 11:20:14', '2020-03-01 11:28:55'),
(63, 63, 2, 251, 1, 0, 4800.00, 0.00, 4800.00, 0.00, NULL, 'aspada_01_03_20_001', NULL, '2020-03-01 11:35:39', '2020-03-01 11:37:35'),
(64, 64, 3, 254, 1, 0, 1200.00, 0.00, 1200.00, 0.00, NULL, 'aspada_01_03_20_002', NULL, '2020-03-01 13:07:21', '2020-03-01 13:07:40'),
(65, 65, 3, 256, 1, 0, 2400.00, 0.00, 2400.00, 0.00, NULL, 'aspada_01_03_20_003', NULL, '2020-03-01 13:12:09', '2020-03-01 13:12:44'),
(66, 66, 3, 258, 1, 0, 1100.00, 0.00, 1100.00, 0.00, NULL, 'aspada_01_03_20_004', NULL, '2020-03-01 13:16:41', '2020-03-01 13:16:51'),
(67, 67, 3, 260, 0, 0, 2362.50, 0.00, 0.00, 0.00, NULL, 'aspada_01_03_20_005', '2020-03-01 13:25:16', '2020-03-01 13:20:44', '2020-03-01 13:25:16'),
(68, 68, 3, 261, 1, 0, 1500.00, 0.00, 1500.00, 0.00, NULL, 'aspada_01_03_20_005', NULL, '2020-03-01 13:26:39', '2020-03-01 13:26:50'),
(69, 69, 3, 263, 1, 0, 6600.00, 0.00, 6600.00, 0.00, NULL, 'aspada_01_03_20_006', NULL, '2020-03-01 13:32:39', '2020-03-01 13:33:08'),
(70, 70, 3, 265, 1, 0, 1200.00, 0.00, 1200.00, 0.00, NULL, 'aspada_01_03_20_007', NULL, '2020-03-01 13:36:20', '2020-03-01 13:36:30'),
(71, 71, 3, 267, 1, 0, 1200.00, 0.00, 1200.00, 0.00, 'Singel Room Na Thakai A/C Semi Double Deoa Hoyese.', 'aspada_01_03_20_008', NULL, '2020-03-01 13:39:17', '2020-03-01 13:39:27'),
(72, 72, 3, 269, 1, 0, 2400.00, 0.00, 2400.00, 0.00, NULL, 'aspada_01_03_20_009', '2020-03-01 15:32:03', '2020-03-01 13:44:51', '2020-03-01 15:32:03'),
(73, 73, 3, 271, 1, 0, 370.00, 0.00, 370.00, 0.00, NULL, 'aspada_01_03_20_010', NULL, '2020-03-01 13:47:25', '2020-03-01 13:49:20'),
(74, 74, 3, 274, 0, 0, 3700.00, 0.00, 0.00, 200.00, NULL, 'aspada_01_03_20_011', '2020-03-01 15:10:37', '2020-03-01 15:09:54', '2020-03-01 15:10:37'),
(75, 75, 3, 275, 1, 0, 3500.00, 0.00, 3500.00, 0.00, NULL, 'aspada_01_03_20_011', NULL, '2020-03-01 15:14:01', '2020-03-01 15:14:13'),
(76, 76, 3, 277, 0, 0, 4200.00, 0.00, 0.00, 0.00, NULL, 'aspada_01_03_20_012', '2020-03-01 15:36:51', '2020-03-01 15:35:58', '2020-03-01 15:36:51'),
(77, 77, 3, 278, 1, 0, 5600.00, 0.00, 5600.00, 0.00, NULL, 'aspada_01_03_20_012', NULL, '2020-03-01 15:38:55', '2020-03-01 15:39:25'),
(78, 78, 3, 280, 1, 0, 1500.00, 0.00, 1500.00, 0.00, NULL, 'aspada_01_03_20_013', NULL, '2020-03-01 16:30:02', '2020-03-01 16:30:20'),
(79, 79, 4, 282, 1, 0, 300.00, 0.00, 300.00, 0.00, NULL, 'aspada_01_03_20_014', NULL, '2020-03-01 17:26:42', '2020-03-01 17:26:53'),
(80, 80, 4, 284, 1, 0, 750.00, 0.00, 750.00, 0.00, NULL, 'aspada_01_03_20_015', NULL, '2020-03-01 17:28:57', '2020-03-01 17:29:04'),
(81, 81, 4, 286, 1, 0, 1200.00, 0.00, 1200.00, 0.00, NULL, 'aspada_01_03_20_016', NULL, '2020-03-01 17:46:58', '2020-03-01 17:47:08'),
(82, 82, 4, 288, 1, 0, 300.00, 0.00, 300.00, 0.00, NULL, 'aspada_01_03_20_017', NULL, '2020-03-01 17:56:14', '2020-03-01 17:56:22'),
(83, 83, 4, 290, 1, 0, 700.00, 0.00, 700.00, 0.00, NULL, 'aspada_01_03_20_018', NULL, '2020-03-01 17:57:59', '2020-03-01 17:58:07'),
(84, 84, 4, 292, 1, 0, 2400.00, 0.00, 2400.00, 0.00, NULL, 'aspada_01_03_20_019', NULL, '2020-03-01 18:04:16', '2020-03-01 18:06:30'),
(85, 85, 4, 324, 1, 0, 16744.00, 0.00, 16744.00, 0.00, NULL, 'aspada_03_03_20_001', NULL, '2020-03-03 12:21:56', '2020-03-03 12:31:26'),
(86, 86, 5, 343, 1, 0, 1600.00, 0.00, 1600.00, 0.00, NULL, 'aspada_03_03_20_002', NULL, '2020-03-03 14:16:11', '2020-03-03 14:16:23'),
(87, 87, 5, 345, 1, 0, 600.00, 0.00, 600.00, 0.00, NULL, 'aspada_03_03_20_003', NULL, '2020-03-03 14:19:00', '2020-03-03 14:19:06'),
(88, 88, 5, 347, 1, 0, 700.00, 0.00, 700.00, 0.00, NULL, 'aspada_03_03_20_004', NULL, '2020-03-03 14:20:33', '2020-03-03 14:20:37'),
(89, 89, 5, 349, 1, 0, 60396.50, 0.00, 60396.50, 0.00, NULL, 'aspada_03_03_20_005', NULL, '2020-03-03 14:35:36', '2020-03-03 14:42:25'),
(90, 90, 5, 352, 1, 0, 6950.00, 0.00, 6950.00, 0.00, NULL, 'aspada_03_03_20_006', NULL, '2020-03-03 16:01:28', '2020-03-03 16:02:20'),
(91, 91, 6, 355, 1, 0, 1200.00, 0.00, 1200.00, 0.00, NULL, 'aspada_03_03_20_007', NULL, '2020-03-03 16:10:51', '2020-03-03 16:11:04'),
(92, 92, 6, 359, 1, 0, 1200.00, 0.00, 1200.00, 0.00, NULL, 'aspada_03_03_20_008', NULL, '2020-03-03 16:18:11', '2020-03-03 16:18:20'),
(93, 93, 6, 362, 1, 0, 750.00, 0.00, 750.00, 0.00, NULL, 'aspada_03_03_20_009', NULL, '2020-03-03 16:20:15', '2020-03-03 16:20:22'),
(94, 94, 6, 364, 1, 0, 1200.00, 0.00, 1200.00, 0.00, NULL, 'aspada_03_03_20_010', NULL, '2020-03-03 16:23:21', '2020-03-03 16:23:30'),
(95, 95, 6, 366, 1, 0, 600.00, 0.00, 600.00, 0.00, NULL, 'aspada_03_03_20_011', NULL, '2020-03-03 16:25:54', '2020-03-05 10:13:54'),
(96, 96, 6, 370, 1, 0, 1050.00, 0.00, 1050.00, 0.00, NULL, 'aspada_03_03_20_012', NULL, '2020-03-03 16:28:24', '2020-03-05 10:14:05'),
(97, 97, 6, 372, 1, 0, 300.00, 0.00, 300.00, 0.00, NULL, 'aspada_03_03_20_013', NULL, '2020-03-03 16:30:07', '2020-03-03 16:30:17'),
(98, 98, 6, 374, 1, 0, 500.00, 0.00, 500.00, 0.00, NULL, 'aspada_03_03_20_014', NULL, '2020-03-03 16:33:11', '2020-03-03 16:33:26'),
(99, 99, 6, 377, 1, 0, 2100.00, 0.00, 2100.00, 0.00, NULL, 'aspada_03_03_20_015', NULL, '2020-03-03 16:35:46', '2020-03-03 16:35:56'),
(100, 100, 6, 382, 1, 0, 700.00, 0.00, 700.00, 0.00, NULL, 'aspada_03_03_20_016', NULL, '2020-03-03 16:50:08', '2020-03-03 16:50:16'),
(101, 101, 6, 384, 1, 0, 600.00, 0.00, 600.00, 0.00, NULL, 'aspada_03_03_20_017', NULL, '2020-03-03 16:52:48', '2020-03-03 16:52:53'),
(102, 102, 6, 386, 1, 0, 1300.00, 0.00, 1300.00, 0.00, NULL, 'aspada_03_03_20_018', NULL, '2020-03-03 16:57:54', '2020-03-03 16:58:00'),
(103, 103, 6, 388, 1, 0, 900.00, 0.00, 900.00, 0.00, NULL, 'aspada_03_03_20_019', NULL, '2020-03-03 17:10:02', '2020-03-03 17:10:12'),
(104, 104, 6, 390, 1, 0, 1800.00, 0.00, 1800.00, 0.00, NULL, 'aspada_03_03_20_020', NULL, '2020-03-03 17:14:14', '2020-03-03 17:14:21'),
(105, 105, 6, 392, 0, 0, 30450.00, 0.00, 0.00, 0.00, NULL, 'aspada_05_03_20_001', '2020-03-05 09:11:34', '2020-03-05 09:03:55', '2020-03-05 09:11:34'),
(106, 106, 6, 393, 1, 0, 16975.00, 0.00, 16975.00, 0.00, NULL, 'aspada_05_03_20_001', NULL, '2020-03-05 09:12:56', '2020-03-05 09:13:39'),
(107, 107, 6, 396, 1, 0, 3300.00, 0.00, 3300.00, 0.00, NULL, 'aspada_05_03_20_002', NULL, '2020-03-05 09:21:49', '2020-03-05 09:21:55'),
(108, 108, 6, 398, 1, 0, 900.00, 0.00, 900.00, 0.00, NULL, 'aspada_05_03_20_003', NULL, '2020-03-05 09:25:19', '2020-03-05 09:25:29'),
(109, 109, 6, 400, 1, 0, 2700.00, 0.00, 2700.00, 0.00, NULL, 'aspada_05_03_20_004', NULL, '2020-03-05 09:29:12', '2020-03-05 09:29:19'),
(110, 110, 6, 402, 1, 0, 2400.00, 0.00, 2400.00, 0.00, NULL, 'aspada_05_03_20_005', NULL, '2020-03-05 09:41:20', '2020-03-05 09:41:27'),
(111, 111, 6, 404, 0, 0, 300.00, 0.00, 0.00, 0.00, NULL, 'aspada_05_03_20_006', '2020-03-05 10:13:37', '2020-03-05 10:10:55', '2020-03-05 10:13:37'),
(112, 112, 8, 407, 1, 0, 300.00, 0.00, 300.00, 0.00, NULL, 'aspada_05_03_20_006', NULL, '2020-03-05 10:29:50', '2020-03-05 10:29:57'),
(113, 113, 8, 409, 1, 0, 2200.00, 0.00, 2200.00, 0.00, NULL, 'aspada_05_03_20_007', NULL, '2020-03-05 10:32:27', '2020-03-05 10:32:33'),
(114, 114, 8, 411, 1, 0, 2200.00, 0.00, 2200.00, 0.00, NULL, 'aspada_05_03_20_008', NULL, '2020-03-05 10:34:06', '2020-03-05 10:56:41'),
(115, 115, 8, 412, 1, 0, 2200.00, 0.00, 2200.00, 0.00, NULL, 'aspada_05_03_20_009', '2020-03-05 12:51:12', '2020-03-05 10:34:15', '2020-03-05 12:51:12'),
(116, 116, 8, 414, 1, 0, 600.00, 0.00, 600.00, 0.00, '308 Bed 2 Use', 'aspada_05_03_20_010', NULL, '2020-03-05 10:36:34', '2020-03-05 10:36:42'),
(117, 117, 8, 416, 1, 0, 3600.00, 0.00, 3600.00, 0.00, '505 VIP Singel Hishabe Deoa Hoi', 'aspada_05_03_20_011', NULL, '2020-03-05 10:38:57', '2020-03-05 10:39:03'),
(118, 118, 8, 418, 1, 0, 300.00, 0.00, 300.00, 0.00, NULL, 'aspada_05_03_20_012', NULL, '2020-03-05 10:40:18', '2020-03-05 10:40:23'),
(119, 119, 8, 420, 1, 0, 300.00, 0.00, 300.00, 0.00, NULL, 'aspada_05_03_20_013', NULL, '2020-03-05 10:51:50', '2020-03-05 10:51:54'),
(120, 120, 8, 422, 0, 0, 1500.00, 0.00, 0.00, 0.00, 'Singel Ac Hishabe Deoa Hoi', 'aspada_05_03_20_014', '2020-03-05 10:55:03', '2020-03-05 10:54:23', '2020-03-05 10:55:03'),
(121, 121, 8, 423, 1, 0, 1500.00, 0.00, 1500.00, 0.00, 'Singel AC Hishabe Deoa Hoi', 'aspada_05_03_20_014', NULL, '2020-03-05 10:56:16', '2020-03-05 10:56:22'),
(122, 122, 8, 426, 1, 0, 600.00, 0.00, 600.00, 0.00, '3 Bed Roome A 2 Bed Use.', 'aspada_05_03_20_015', NULL, '2020-03-05 10:58:41', '2020-03-05 10:58:45'),
(123, 123, 8, 428, 1, 0, 5250.00, 0.00, 5250.00, 0.00, NULL, 'aspada_05_03_20_016', NULL, '2020-03-05 11:02:16', '2020-03-05 11:03:50'),
(124, 124, 8, 430, 1, 0, 6400.00, 0.00, 6400.00, 0.00, NULL, 'aspada_05_03_20_017', NULL, '2020-03-05 11:08:27', '2020-03-05 11:08:40'),
(125, 125, 8, 432, 1, 0, 1950.00, 0.00, 1950.00, 0.00, NULL, 'aspada_05_03_20_018', NULL, '2020-03-05 11:22:34', '2020-03-05 11:23:04'),
(126, 126, 8, 434, 0, 0, 4000.00, 0.00, 0.00, 0.00, NULL, 'aspada_05_03_20_019', '2020-03-05 11:55:10', '2020-03-05 11:39:47', '2020-03-05 11:55:10'),
(127, 127, 8, 435, 1, 0, 23057.50, 0.00, 23057.50, 0.00, NULL, 'aspada_05_03_20_020', NULL, '2020-03-05 11:40:09', '2020-03-05 11:43:17'),
(128, 128, 8, 438, 1, 0, 9500.00, 0.00, 9500.00, 0.00, NULL, 'aspada_05_03_20_021', NULL, '2020-03-05 11:48:46', '2020-03-05 11:54:30'),
(129, 129, 9, 510, 1, 0, 1800.00, 0.00, 1800.00, 0.00, NULL, 'aspada_05_03_20_022', NULL, '2020-03-05 12:55:52', '2020-03-05 12:56:00'),
(130, 130, 9, 512, 1, 0, 2000.00, 0.00, 2000.00, 0.00, NULL, 'aspada_05_03_20_023', NULL, '2020-03-05 12:57:13', '2020-03-05 12:57:18'),
(131, 131, 9, 514, 1, 0, 300.00, 0.00, 300.00, 0.00, NULL, 'aspada_05_03_20_024', NULL, '2020-03-05 12:58:55', '2020-03-05 12:59:01'),
(132, 132, 9, 516, 1, 0, 300.00, 0.00, 300.00, 0.00, NULL, 'aspada_05_03_20_025', NULL, '2020-03-05 13:00:12', '2020-03-05 13:00:17'),
(133, 133, 9, 518, 1, 0, 2000.00, 0.00, 2000.00, 0.00, NULL, 'aspada_05_03_20_026', NULL, '2020-03-05 13:01:29', '2020-03-05 13:01:33'),
(134, 134, 9, 520, 0, 0, 8374.50, 0.00, 0.00, 0.00, NULL, 'aspada_05_03_20_027', '2020-03-05 13:08:24', '2020-03-05 13:06:25', '2020-03-05 13:08:24'),
(135, 135, 9, 521, 0, 0, 8664.25, 0.00, 0.00, 0.00, NULL, 'aspada_05_03_20_027', '2020-03-05 13:10:34', '2020-03-05 13:09:25', '2020-03-05 13:10:34'),
(136, 136, 9, 522, 1, 0, 7795.00, 0.00, 7795.00, 0.00, NULL, 'aspada_05_03_20_027', NULL, '2020-03-05 13:11:20', '2020-03-05 13:11:54'),
(137, 137, 9, 525, 1, 0, 10120.00, 0.00, 10120.00, 0.00, NULL, 'aspada_05_03_20_028', NULL, '2020-03-05 13:12:59', '2020-03-05 13:15:20'),
(138, 138, 10, 566, 1, 0, 3200.00, 0.00, 3200.00, 0.00, NULL, 'aspada_07_03_20_001', NULL, '2020-03-07 10:37:47', '2020-03-07 10:38:34'),
(139, 139, 10, 570, 1, 0, 750.00, 0.00, 750.00, 0.00, NULL, 'aspada_07_03_20_002', NULL, '2020-03-07 10:41:17', '2020-03-07 10:41:21'),
(140, 140, 10, 575, 1, 0, 8800.00, 0.00, 8800.00, 0.00, NULL, 'aspada_07_03_20_003', NULL, '2020-03-07 10:44:12', '2020-03-07 10:44:19'),
(141, 141, 10, 577, 1, 0, 3600.00, 0.00, 3600.00, 0.00, NULL, 'aspada_07_03_20_004', NULL, '2020-03-07 10:46:48', '2020-03-07 10:47:56'),
(142, 142, 10, 592, 1, 0, 1200.00, 0.00, 1200.00, 0.00, NULL, 'aspada_07_03_20_005', NULL, '2020-03-07 10:51:40', '2020-03-07 10:52:12'),
(143, 143, 10, 594, 1, 0, 4500.00, 0.00, 4500.00, 0.00, 'PKSF Sir Reference', 'aspada_07_03_20_006', NULL, '2020-03-07 10:55:26', '2020-03-07 10:55:32'),
(144, 144, 10, 596, 0, 0, 6375.00, 0.00, 0.00, 0.00, NULL, 'aspada_07_03_20_007', '2020-03-07 11:19:27', '2020-03-07 11:17:17', '2020-03-07 11:19:27'),
(145, 145, 10, 597, 1, 0, 6812.50, 0.00, 6812.50, 0.00, NULL, 'aspada_07_03_20_007', NULL, '2020-03-07 11:20:40', '2020-03-07 11:21:32'),
(146, 146, 11, 606, 1, 0, 1000.00, 0.00, 1000.00, 0.00, NULL, 'aspada_07_03_20_008', NULL, '2020-03-07 11:36:32', '2020-03-07 11:36:37'),
(147, 147, 11, 608, 1, 0, 1100.00, 0.00, 1100.00, 0.00, NULL, 'aspada_07_03_20_009', NULL, '2020-03-07 11:38:07', '2020-03-07 11:38:14'),
(148, 148, 11, 610, 1, 0, 820.00, 0.00, 820.00, 0.00, NULL, 'aspada_07_03_20_010', NULL, '2020-03-07 11:39:53', '2020-03-07 11:41:12'),
(149, 149, 12, 646, 1, 0, 1100.00, 0.00, 1100.00, 0.00, NULL, 'aspada_07_03_20_011', NULL, '2020-03-07 12:25:40', '2020-03-07 12:25:53'),
(150, 150, 12, 653, 1, 0, 600.00, 0.00, 600.00, 0.00, NULL, 'aspada_07_03_20_012', NULL, '2020-03-07 12:33:20', '2020-03-07 12:33:26'),
(151, 151, 12, 658, 1, 0, 3000.00, 0.00, 3000.00, 0.00, NULL, 'aspada_07_03_20_013', NULL, '2020-03-07 12:35:57', '2020-03-07 12:36:04'),
(152, 152, 12, 663, 1, 0, 2400.00, 0.00, 2400.00, 0.00, NULL, 'aspada_07_03_20_014', NULL, '2020-03-07 12:39:00', '2020-03-07 12:39:15'),
(153, 153, 12, 668, 0, 0, 485.00, 0.00, 0.00, 0.00, NULL, 'aspada_07_03_20_015', '2020-03-07 12:43:56', '2020-03-07 12:42:07', '2020-03-07 12:43:56'),
(154, 154, 12, 672, 1, 0, 750.00, 0.00, 750.00, 0.00, NULL, 'aspada_07_03_20_015', NULL, '2020-03-07 12:47:21', '2020-03-07 12:47:26'),
(155, 155, 12, 678, 1, 0, 1200.00, 0.00, 1200.00, 0.00, NULL, 'aspada_07_03_20_016', NULL, '2020-03-07 13:35:02', '2020-03-07 13:35:11'),
(156, 156, 12, 690, 1, 0, 1600.00, 0.00, 1600.00, 0.00, NULL, 'aspada_07_03_20_017', NULL, '2020-03-07 13:38:21', '2020-03-07 13:38:30'),
(157, 157, 12, 692, 1, 0, 500.00, 0.00, 500.00, 0.00, NULL, 'aspada_07_03_20_018', NULL, '2020-03-07 13:41:20', '2020-03-07 13:41:26'),
(158, 158, 12, 694, 1, 0, 2400.00, 0.00, 2400.00, 0.00, NULL, 'aspada_07_03_20_019', NULL, '2020-03-07 13:45:06', '2020-03-07 13:45:20'),
(159, 159, 12, 696, 0, 0, 8000.00, 0.00, 0.00, 0.00, NULL, 'aspada_07_03_20_020', '2020-03-07 14:01:25', '2020-03-07 13:48:36', '2020-03-07 14:01:25'),
(160, 160, 12, 697, 1, 0, 3000.00, 0.00, 3000.00, 0.00, NULL, 'aspada_07_03_20_021', NULL, '2020-03-07 13:51:50', '2020-03-07 13:51:56'),
(161, 161, 12, 699, 1, 0, 700.00, 0.00, 700.00, 0.00, NULL, 'aspada_07_03_20_022', NULL, '2020-03-07 13:53:50', '2020-03-07 13:53:58'),
(162, 162, 12, 701, 1, 0, 2700.00, 0.00, 2700.00, 0.00, NULL, 'aspada_07_03_20_023', NULL, '2020-03-07 13:58:38', '2020-03-07 14:01:41'),
(163, 163, 12, 703, 1, 0, 1200.00, 0.00, 1200.00, 0.00, NULL, 'aspada_07_03_20_024', NULL, '2020-03-07 14:05:46', '2020-03-07 14:06:10'),
(164, 164, 12, 705, 0, 0, 55547.50, 0.00, 0.00, 0.00, NULL, 'aspada_07_03_20_025', '2020-03-07 14:32:15', '2020-03-07 14:29:09', '2020-03-07 14:32:15'),
(165, 165, 12, 706, 1, 0, 55047.00, 0.00, 55047.00, 0.00, NULL, 'aspada_07_03_20_025', '2020-03-07 14:56:47', '2020-03-07 14:33:47', '2020-03-07 14:56:47'),
(166, 166, 12, 709, 0, 0, 105727.50, 0.00, 0.00, 0.00, NULL, 'aspada_07_03_20_025', '2020-03-07 15:01:11', '2020-03-07 14:58:49', '2020-03-07 15:01:11'),
(167, 167, 12, 710, 1, 0, 98025.00, 0.00, 98025.00, 0.00, NULL, 'aspada_07_03_20_025', NULL, '2020-03-07 15:02:16', '2020-03-07 15:03:13'),
(168, 168, 12, 713, 1, 0, 55047.00, 0.00, 55047.00, 0.00, NULL, 'aspada_07_03_20_026', NULL, '2020-03-07 15:05:51', '2020-03-07 15:06:55'),
(169, 169, 13, 718, 1, 0, 6600.00, 0.00, 6600.00, 0.00, NULL, 'aspada_07_03_20_027', NULL, '2020-03-07 15:13:57', '2020-03-07 15:14:08'),
(170, 170, 13, 724, 1, 0, 1500.00, 0.00, 1500.00, 0.00, NULL, 'aspada_07_03_20_028', NULL, '2020-03-07 15:16:39', '2020-03-07 15:16:45'),
(171, 171, 13, 731, 1, 0, 300.00, 0.00, 300.00, 0.00, NULL, 'aspada_07_03_20_029', NULL, '2020-03-07 15:19:00', '2020-03-07 15:19:05'),
(172, 172, 13, 734, 1, 0, 3900.00, 0.00, 3900.00, 0.00, NULL, 'aspada_07_03_20_030', NULL, '2020-03-07 15:31:23', '2020-03-07 15:31:30'),
(173, 173, 13, 737, 1, 0, 1050.00, 0.00, 1050.00, 0.00, NULL, 'aspada_07_03_20_031', NULL, '2020-03-07 15:37:51', '2020-03-07 15:37:57'),
(174, 174, 13, 739, 1, 0, 6600.00, 0.00, 6600.00, 0.00, NULL, 'aspada_07_03_20_032', NULL, '2020-03-07 15:40:45', '2020-03-07 15:40:51'),
(175, 175, 13, 741, 1, 0, 900.00, 0.00, 900.00, 0.00, NULL, 'aspada_07_03_20_033', NULL, '2020-03-07 15:43:19', '2020-03-07 15:43:25'),
(176, 176, 13, 743, 1, 0, 700.00, 0.00, 700.00, 0.00, NULL, 'aspada_07_03_20_034', NULL, '2020-03-07 15:46:55', '2020-03-07 15:47:03'),
(177, 177, 13, 745, 1, 0, 6600.00, 0.00, 6600.00, 0.00, NULL, 'aspada_07_03_20_035', NULL, '2020-03-07 15:49:03', '2020-03-07 15:49:08'),
(178, 178, 13, 747, 1, 0, 1200.00, 0.00, 1200.00, 0.00, NULL, 'aspada_09_03_20_001', NULL, '2020-03-09 07:57:35', '2020-03-09 07:57:41'),
(179, 179, 13, 749, 1, 0, 1700.00, 0.00, 1700.00, 0.00, NULL, 'aspada_09_03_20_002', NULL, '2020-03-09 08:00:23', '2020-03-09 08:00:37'),
(180, 180, 13, 751, 1, 0, 2200.00, 0.00, 2200.00, 0.00, NULL, 'aspada_09_03_20_003', NULL, '2020-03-09 08:03:06', '2020-03-09 08:03:41'),
(181, 181, 13, 753, 0, 0, 50.00, 0.00, 0.00, 0.00, NULL, 'aspada_09_03_20_004', '2020-03-09 08:07:11', '2020-03-09 08:06:15', '2020-03-09 08:07:11'),
(182, 182, 13, 754, 1, 0, 700.00, 0.00, 700.00, 0.00, NULL, 'aspada_09_03_20_004', NULL, '2020-03-09 08:08:48', '2020-03-09 08:08:56'),
(183, 183, 13, 756, 0, 0, 37420.00, 0.00, 0.00, 0.00, NULL, 'aspada_09_03_20_005', '2020-03-09 08:16:04', '2020-03-09 08:12:33', '2020-03-09 08:16:04'),
(184, 184, 13, 757, 1, 0, 4000.00, 0.00, 4000.00, 0.00, NULL, 'aspada_09_03_20_006', NULL, '2020-03-09 08:13:15', '2020-03-09 08:14:06'),
(185, 185, 13, 759, 1, 0, 770.00, 0.00, 770.00, 0.00, NULL, 'aspada_09_03_20_007', NULL, '2020-03-09 08:17:15', '2020-03-09 08:17:54'),
(186, 186, 13, 760, 1, 0, 21565.00, 0.00, 21565.00, 0.00, NULL, 'aspada_09_03_20_008', NULL, '2020-03-09 08:17:41', '2020-03-09 08:23:55'),
(187, 187, 13, 765, 1, 0, 1400.00, 0.00, 1400.00, 0.00, NULL, 'aspada_09_03_20_009', NULL, '2020-03-09 08:29:35', '2020-03-09 08:29:57'),
(188, 188, 13, 768, 1, 0, 600.00, 0.00, 600.00, 0.00, NULL, 'aspada_09_03_20_010', NULL, '2020-03-09 08:30:17', '2020-03-09 08:30:25'),
(189, 189, 13, NULL, 2, 0, 240.00, 0.00, 0.00, 0.00, NULL, 'aspada_09_03_20_011', NULL, '2020-03-09 08:34:09', '2020-03-09 08:34:09'),
(190, 190, 13, NULL, 2, 0, 80.00, 0.00, 0.00, 0.00, NULL, 'aspada_09_03_20_012', NULL, '2020-03-09 08:42:12', '2020-03-09 09:14:17');

-- --------------------------------------------------------

--
-- Table structure for table `bookings`
--

CREATE TABLE `bookings` (
  `id` int(10) UNSIGNED NOT NULL,
  `guest_id` int(10) UNSIGNED NOT NULL,
  `billing_id` int(10) UNSIGNED NOT NULL,
  `room_id` int(10) UNSIGNED NOT NULL,
  `booking_status` tinyint(3) UNSIGNED NOT NULL DEFAULT '2',
  `no_of_visitors` tinyint(3) UNSIGNED NOT NULL DEFAULT '0',
  `bill` double(14,2) NOT NULL DEFAULT '0.00',
  `vat` tinyint(3) UNSIGNED NOT NULL DEFAULT '0',
  `service_charge` tinyint(3) UNSIGNED NOT NULL DEFAULT '0',
  `start_date` date NOT NULL,
  `end_date` date NOT NULL,
  `discount` double(12,2) UNSIGNED NOT NULL DEFAULT '0.00',
  `deleted_at` timestamp NULL DEFAULT NULL,
  `created_at` timestamp NULL DEFAULT NULL,
  `updated_at` timestamp NULL DEFAULT NULL
) ENGINE=InnoDB DEFAULT CHARSET=utf8mb4 COLLATE=utf8mb4_unicode_ci;

--
-- Dumping data for table `bookings`
--

INSERT INTO `bookings` (`id`, `guest_id`, `billing_id`, `room_id`, `booking_status`, `no_of_visitors`, `bill`, `vat`, `service_charge`, `start_date`, `end_date`, `discount`, `deleted_at`, `created_at`, `updated_at`) VALUES
(1, 1, 1, 55, 0, 25, 4000.00, 0, 0, '2020-01-02', '2020-01-02', 0.00, '2020-02-17 13:18:32', '2020-02-16 16:03:04', '2020-02-17 13:18:32'),
(2, 2, 2, 55, 0, 25, 4000.00, 0, 0, '2020-01-02', '2020-01-02', 0.00, '2020-02-17 14:50:23', '2020-02-17 13:20:33', '2020-02-17 14:50:23'),
(3, 3, 3, 55, 0, 25, 3000.00, 0, 0, '2020-01-02', '2020-01-02', 1000.00, NULL, '2020-02-17 14:52:32', '2020-02-17 14:53:32'),
(4, 4, 4, 54, 0, 75, 9000.00, 0, 0, '2020-01-31', '2020-01-31', 1000.00, '2020-02-17 16:41:02', '2020-02-17 15:19:15', '2020-02-17 16:41:02'),
(5, 5, 5, 53, 0, 1, 9000.00, 0, 0, '2020-01-31', '2020-01-31', 3000.00, NULL, '2020-02-17 16:32:43', '2020-02-17 16:33:54'),
(6, 6, 6, 54, 0, 1, 4000.00, 0, 0, '2020-02-01', '2020-02-01', 6000.00, '2020-02-17 16:42:25', '2020-02-17 16:39:51', '2020-02-17 16:42:25'),
(7, 7, 7, 54, 0, 24, 4000.00, 0, 0, '2020-02-01', '2020-02-01', 6000.00, NULL, '2020-02-17 16:43:50', '2020-02-17 16:44:14'),
(8, 8, 8, 59, 0, 57, 7000.00, 0, 0, '2020-01-31', '2020-01-31', 3000.00, '2020-02-17 17:03:47', '2020-02-17 16:55:15', '2020-02-17 17:03:47'),
(9, 9, 9, 59, 0, 57, 7000.00, 0, 0, '2020-01-31', '2020-01-31', 3000.00, NULL, '2020-02-17 17:10:41', '2020-02-17 17:11:58'),
(10, 10, 10, 57, 0, 28, 3500.00, 0, 0, '2020-02-01', '2020-02-01', 1500.00, '2020-02-17 17:40:58', '2020-02-17 17:34:23', '2020-02-17 17:40:58'),
(11, 11, 11, 55, 0, 28, 4000.00, 0, 0, '2020-02-01', '2020-02-01', 0.00, '2020-02-17 17:40:49', '2020-02-17 17:39:05', '2020-02-17 17:40:49'),
(12, 12, 12, 57, 0, 28, 3500.00, 0, 0, '2020-02-01', '2020-02-01', 1500.00, '2020-02-17 17:42:53', '2020-02-17 17:42:25', '2020-02-17 17:42:53'),
(13, 13, 13, 57, 0, 28, 3500.00, 0, 0, '2020-02-01', '2020-02-01', 1500.00, NULL, '2020-02-17 17:44:37', '2020-02-17 17:46:27'),
(14, 14, 14, 34, 0, 1, 1700.00, 0, 0, '2020-01-30', '2020-01-31', 0.00, '2020-02-25 15:00:47', '2020-02-19 22:34:58', '2020-02-25 15:00:47'),
(15, 15, 15, 23, 0, 1, 2000.00, 0, 0, '2020-01-30', '2020-01-31', 0.00, '2020-02-25 13:13:58', '2020-02-19 22:37:00', '2020-02-25 13:13:58'),
(16, 16, 16, 22, 0, 1, 2000.00, 0, 0, '2020-01-30', '2020-01-31', 0.00, '2020-02-25 13:09:46', '2020-02-19 22:38:31', '2020-02-25 13:09:46'),
(17, 17, 17, 35, 0, 1, 2000.00, 0, 0, '2020-01-30', '2020-01-31', 0.00, '2020-02-25 13:03:56', '2020-02-19 22:39:49', '2020-02-25 13:03:56'),
(18, 18, 18, 27, 0, 1, 2000.00, 0, 0, '2020-01-30', '2020-01-31', 0.00, '2020-02-25 13:01:09', '2020-02-19 22:41:09', '2020-02-25 13:01:09'),
(19, 19, 19, 30, 0, 1, 1200.00, 0, 0, '2020-01-30', '2020-01-31', 0.00, '2020-02-25 12:58:31', '2020-02-19 22:43:15', '2020-02-25 12:58:31'),
(20, 20, 20, 33, 0, 1, 1200.00, 0, 0, '2020-01-30', '2020-01-31', 0.00, '2020-02-19 22:45:49', '2020-02-19 22:45:34', '2020-02-19 22:45:49'),
(21, 21, 21, 33, 0, 1, 1200.00, 0, 0, '2020-01-30', '2020-01-31', 0.00, '2020-02-25 12:45:19', '2020-02-19 22:46:41', '2020-02-25 12:45:19'),
(22, 22, 22, 504, 0, 1, 1100.00, 0, 0, '2020-01-30', '2020-01-31', 0.00, '2020-02-25 12:35:16', '2020-02-19 22:48:16', '2020-02-25 12:35:16'),
(23, 23, 23, 20, 0, 1, 1200.00, 0, 0, '2020-01-30', '2020-01-31', 0.00, NULL, '2020-02-19 22:49:57', '2020-02-19 22:50:03'),
(24, 24, 24, 535, 0, 1, 300.00, 0, 0, '2020-01-30', '2020-01-31', 0.00, NULL, '2020-02-19 22:51:36', '2020-02-19 22:51:41'),
(25, 25, 25, 44, 0, 1, 2500.00, 0, 0, '2020-01-30', '2020-01-31', 0.00, '2020-02-25 12:29:35', '2020-02-19 22:53:58', '2020-02-25 12:29:35'),
(26, 26, 26, 42, 0, 1, 2500.00, 0, 0, '2020-01-31', '2020-02-01', 0.00, '2020-02-25 12:19:19', '2020-02-19 22:58:26', '2020-02-25 12:19:19'),
(27, 26, 26, 24, 0, 1, 1200.00, 0, 0, '2020-01-31', '2020-02-01', 0.00, '2020-02-25 12:19:19', '2020-02-19 22:58:26', '2020-02-25 12:19:19'),
(28, 26, 26, 514, 0, 1, 300.00, 0, 0, '2020-01-31', '2020-02-01', 0.00, '2020-02-25 12:19:19', '2020-02-19 22:58:26', '2020-02-25 12:19:19'),
(29, 26, 26, 515, 0, 1, 300.00, 0, 0, '2020-01-31', '2020-02-01', 0.00, '2020-02-25 12:19:19', '2020-02-19 22:58:26', '2020-02-25 12:19:19'),
(30, 27, 27, 31, 0, 1, 750.00, 0, 0, '2020-01-31', '2020-02-01', 0.00, NULL, '2020-02-19 23:00:17', '2020-02-19 23:00:28'),
(31, 28, 28, 532, 0, 1, 300.00, 0, 0, '2020-01-31', '2020-02-01', 0.00, NULL, '2020-02-19 23:02:14', '2020-02-19 23:02:19'),
(32, 29, 29, 13, 0, 1, 1200.00, 0, 0, '2020-01-31', '2020-02-01', 0.00, NULL, '2020-02-19 23:03:35', '2020-02-19 23:03:40'),
(33, 30, 30, 535, 0, 1, 300.00, 0, 0, '2020-01-31', '2020-02-01', 0.00, NULL, '2020-02-19 23:07:15', '2020-02-19 23:07:20'),
(34, 30, 30, 536, 0, 1, 300.00, 0, 0, '2020-01-31', '2020-02-01', 0.00, NULL, '2020-02-19 23:07:15', '2020-02-19 23:07:20'),
(35, 30, 30, 511, 0, 1, 300.00, 0, 0, '2020-01-31', '2020-02-01', 0.00, NULL, '2020-02-19 23:07:15', '2020-02-19 23:07:20'),
(36, 30, 30, 512, 0, 1, 300.00, 0, 0, '2020-01-31', '2020-02-01', 0.00, NULL, '2020-02-19 23:07:15', '2020-02-19 23:07:20'),
(37, 31, 31, 534, 0, 1, 9600.00, 0, 0, '2019-12-31', '2020-02-01', 0.00, '2020-02-19 23:09:54', '2020-02-19 23:09:23', '2020-02-19 23:09:54'),
(38, 32, 32, 533, 0, 1, 300.00, 0, 0, '2020-01-31', '2020-02-01', 0.00, NULL, '2020-02-19 23:12:14', '2020-02-19 23:12:18'),
(39, 33, 33, 534, 0, 1, 300.00, 0, 0, '2020-01-31', '2020-02-01', 0.00, NULL, '2020-02-19 23:14:10', '2020-02-19 23:14:42'),
(40, 34, 34, 517, 0, 1, 300.00, 0, 0, '2020-01-31', '2020-02-01', 0.00, NULL, '2020-02-19 23:16:07', '2020-02-19 23:16:12'),
(41, 35, 35, 10, 0, 1, 900.00, 0, 0, '2020-01-31', '2020-02-01', 0.00, NULL, '2020-02-19 23:19:33', '2020-02-19 23:19:40'),
(42, 35, 35, 508, 0, 1, 300.00, 0, 0, '2020-01-31', '2020-02-01', 0.00, NULL, '2020-02-19 23:19:33', '2020-02-19 23:19:40'),
(43, 35, 35, 509, 0, 1, 300.00, 0, 0, '2020-01-31', '2020-02-01', 0.00, NULL, '2020-02-19 23:19:33', '2020-02-19 23:19:40'),
(44, 35, 35, 537, 0, 1, 300.00, 0, 0, '2020-01-31', '2020-02-01', 0.00, NULL, '2020-02-19 23:19:33', '2020-02-19 23:19:40'),
(45, 36, 36, 510, 0, 1, 300.00, 0, 0, '2020-01-31', '2020-02-01', 0.00, NULL, '2020-02-19 23:21:24', '2020-02-19 23:21:32'),
(46, 37, 37, 521, 0, 1, 4800.00, 0, 0, '2020-01-25', '2020-01-31', 0.00, '2020-02-19 23:25:52', '2020-02-19 23:23:51', '2020-02-19 23:25:52'),
(47, 38, 38, 521, 0, 1, 6480.00, 0, 0, '2020-01-25', '2020-01-31', 0.00, '2020-02-25 11:52:46', '2020-02-19 23:27:01', '2020-02-25 11:52:46'),
(48, 39, 39, 521, 0, 1, 6600.00, 0, 0, '2020-01-25', '2020-01-31', 0.00, NULL, '2020-02-25 12:14:12', '2020-02-25 12:15:21'),
(49, 40, 40, 42, 0, 1, 2500.00, 0, 0, '2020-01-31', '2020-02-01', 0.00, '2020-02-25 15:39:08', '2020-02-25 12:24:50', '2020-02-25 15:39:08'),
(50, 40, 40, 24, 0, 1, 1200.00, 0, 0, '2020-01-31', '2020-02-01', 0.00, '2020-02-25 15:39:08', '2020-02-25 12:24:50', '2020-02-25 15:39:08'),
(51, 40, 40, 514, 0, 1, 300.00, 0, 0, '2020-01-31', '2020-02-01', 0.00, '2020-02-25 15:39:08', '2020-02-25 12:24:50', '2020-02-25 15:39:08'),
(52, 40, 40, 515, 0, 1, 300.00, 0, 0, '2020-01-31', '2020-02-01', 0.00, '2020-02-25 15:39:08', '2020-02-25 12:24:50', '2020-02-25 15:39:08'),
(53, 41, 41, 44, 0, 1, 2200.00, 0, 0, '2020-01-30', '2020-01-31', 300.00, NULL, '2020-02-25 12:32:37', '2020-02-25 12:32:50'),
(54, 42, 42, 504, 0, 1, 1100.00, 0, 0, '2020-01-30', '2020-01-31', 100.00, NULL, '2020-02-25 12:38:19', '2020-02-25 12:39:27'),
(55, 43, 43, 33, 0, 1, 1200.00, 0, 0, '2020-01-30', '2020-01-31', 0.00, '2020-02-25 12:49:33', '2020-02-25 12:47:51', '2020-02-25 12:49:33'),
(56, 44, 44, 33, 0, 1, 1200.00, 0, 0, '2020-01-30', '2020-01-31', 0.00, '2020-02-25 12:51:35', '2020-02-25 12:50:34', '2020-02-25 12:51:35'),
(57, 45, 45, 33, 0, 1, 1100.00, 0, 0, '2020-01-30', '2020-01-31', 100.00, NULL, '2020-02-25 12:52:58', '2020-02-25 12:53:25'),
(58, 46, 46, 33, 0, 1, 1100.00, 0, 0, '2020-01-30', '2020-01-31', 100.00, NULL, '2020-02-25 12:57:15', '2020-02-25 12:57:40'),
(59, 47, 47, 27, 0, 1, 1700.00, 0, 0, '2020-01-30', '2020-01-31', 300.00, NULL, '2020-02-25 13:00:23', '2020-02-25 13:00:30'),
(60, 48, 48, 35, 0, 1, 1700.00, 0, 0, '2020-01-30', '2020-01-31', 300.00, NULL, '2020-02-25 13:03:29', '2020-02-25 13:03:35'),
(61, 49, 49, 22, 0, 1, 1700.00, 0, 0, '2020-01-30', '2020-01-31', 300.00, NULL, '2020-02-25 13:08:53', '2020-02-25 13:09:26'),
(62, 50, 50, 23, 0, 1, 1700.00, 0, 0, '2020-01-30', '2020-01-31', 300.00, NULL, '2020-02-25 13:13:33', '2020-02-25 13:13:40'),
(63, 51, 51, 34, 0, 1, 1700.00, 0, 0, '2020-01-30', '2020-01-31', 300.00, NULL, '2020-02-25 13:16:21', '2020-02-25 13:17:16'),
(64, 52, 52, 42, 0, 1, 2000.00, 0, 0, '2020-01-31', '2020-02-01', 500.00, NULL, '2020-02-25 15:42:13', '2020-02-25 15:42:44'),
(65, 52, 52, 24, 0, 1, 1200.00, 0, 0, '2020-01-31', '2020-02-01', 0.00, NULL, '2020-02-25 15:42:13', '2020-02-25 15:42:44'),
(66, 52, 52, 514, 0, 1, 300.00, 0, 0, '2020-01-31', '2020-02-01', 0.00, NULL, '2020-02-25 15:42:13', '2020-02-25 15:42:44'),
(67, 52, 52, 515, 0, 1, 300.00, 0, 0, '2020-01-31', '2020-02-01', 0.00, NULL, '2020-02-25 15:42:13', '2020-02-25 15:42:44'),
(68, 53, 53, 57, 0, 32, 3000.00, 0, 0, '2020-02-02', '2020-02-02', 2000.00, NULL, '2020-02-25 18:21:48', '2020-02-25 18:27:58'),
(69, 54, 54, 58, 0, 1, 2000.00, 0, 0, '2020-02-02', '2020-02-02', 500.00, NULL, '2020-02-25 18:40:13', '2020-02-25 18:42:24'),
(70, 55, 55, 59, 0, 25, 4000.00, 0, 0, '2020-02-02', '2020-02-02', 6000.00, NULL, '2020-02-25 18:58:41', '2020-02-25 19:01:33'),
(71, 56, 56, 8, 0, 3, 900.00, 0, 0, '2020-02-01', '2020-02-02', 1100.00, NULL, '2020-02-25 19:20:33', '2020-02-25 19:20:45'),
(72, 56, 56, 35, 0, 3, 900.00, 0, 0, '2020-02-01', '2020-02-02', 1100.00, NULL, '2020-02-25 19:20:33', '2020-02-25 19:20:45'),
(73, 56, 56, 514, 0, 1, 300.00, 0, 0, '2020-02-01', '2020-02-02', 0.00, NULL, '2020-02-25 19:20:33', '2020-02-25 19:20:45'),
(74, 56, 56, 515, 0, 1, 300.00, 0, 0, '2020-02-01', '2020-02-02', 0.00, NULL, '2020-02-25 19:20:33', '2020-02-25 19:20:45'),
(75, 56, 56, 34, 0, 3, 900.00, 0, 0, '2020-02-01', '2020-02-02', 1100.00, NULL, '2020-02-25 19:20:33', '2020-02-25 19:20:45'),
(76, 57, 57, 44, 0, 1, 3600.00, 0, 0, '2020-01-31', '2020-02-02', 1400.00, NULL, '2020-02-25 19:33:09', '2020-02-25 19:33:15'),
(77, 58, 58, 517, 0, 1, 600.00, 0, 0, '2020-01-31', '2020-02-02', 0.00, NULL, '2020-02-25 19:37:18', '2020-03-01 10:20:34'),
(78, 58, 58, 518, 0, 1, 600.00, 0, 0, '2020-01-31', '2020-02-02', 0.00, NULL, '2020-02-25 19:37:18', '2020-03-01 10:20:34'),
(79, 59, 59, 520, 0, 1, 600.00, 0, 0, '2020-01-31', '2020-02-02', 0.00, '2020-03-01 10:19:49', '2020-02-25 19:39:42', '2020-03-01 10:19:49'),
(80, 60, 60, 51, 0, 50, -4000.00, 0, 0, '2020-02-01', '2020-02-02', 40000.00, '2020-03-01 10:20:03', '2020-02-26 12:17:58', '2020-03-01 10:20:03'),
(81, 61, 61, 29, 0, 2, 500.00, 0, 0, '2020-02-01', '2020-02-02', 400.00, '2020-03-01 11:05:13', '2020-03-01 11:01:48', '2020-03-01 11:05:13'),
(82, 61, 61, 10, 0, 3, 600.00, 0, 0, '2020-02-01', '2020-02-02', 300.00, '2020-03-01 11:05:13', '2020-03-01 11:01:48', '2020-03-01 11:05:13'),
(83, 61, 61, 508, 0, 1, 250.00, 0, 0, '2020-02-01', '2020-02-02', 50.00, '2020-03-01 11:05:13', '2020-03-01 11:01:48', '2020-03-01 11:05:13'),
(84, 61, 61, 12, 0, 2, 500.00, 0, 0, '2020-02-01', '2020-02-02', 400.00, '2020-03-01 11:05:13', '2020-03-01 11:01:48', '2020-03-01 11:05:13'),
(85, 61, 61, 15, 0, 3, 600.00, 0, 0, '2020-02-01', '2020-02-02', 300.00, '2020-03-01 11:05:13', '2020-03-01 11:01:48', '2020-03-01 11:05:13'),
(86, 61, 61, 16, 0, 3, 600.00, 0, 0, '2020-02-01', '2020-02-02', 300.00, '2020-03-01 11:05:13', '2020-03-01 11:01:48', '2020-03-01 11:05:13'),
(87, 61, 61, 17, 0, 3, 600.00, 0, 0, '2020-02-01', '2020-02-02', 300.00, '2020-03-01 11:05:13', '2020-03-01 11:01:48', '2020-03-01 11:05:13'),
(88, 61, 61, 14, 0, 2, 600.00, 0, 0, '2020-02-01', '2020-02-02', 300.00, '2020-03-01 11:05:13', '2020-03-01 11:01:48', '2020-03-01 11:05:13'),
(89, 62, 62, 29, 0, 2, 900.00, 0, 0, '2020-02-01', '2020-02-02', 0.00, '2020-03-01 11:28:55', '2020-03-01 11:20:14', '2020-03-01 11:28:55'),
(90, 62, 62, 10, 0, 3, 700.00, 0, 0, '2020-02-01', '2020-02-02', 200.00, '2020-03-01 11:28:55', '2020-03-01 11:20:14', '2020-03-01 11:28:55'),
(91, 62, 62, 509, 0, 1, 250.00, 0, 0, '2020-02-01', '2020-02-02', 50.00, '2020-03-01 11:28:55', '2020-03-01 11:20:14', '2020-03-01 11:28:55'),
(92, 62, 62, 511, 0, 1, 250.00, 0, 0, '2020-02-01', '2020-02-02', 50.00, '2020-03-01 11:28:55', '2020-03-01 11:20:14', '2020-03-01 11:28:55'),
(93, 62, 62, 512, 0, 1, 250.00, 0, 0, '2020-02-01', '2020-02-02', 50.00, '2020-03-01 11:28:55', '2020-03-01 11:20:14', '2020-03-01 11:28:55'),
(94, 62, 62, 15, 0, 3, 600.00, 0, 0, '2020-02-01', '2020-02-02', 300.00, '2020-03-01 11:28:55', '2020-03-01 11:20:14', '2020-03-01 11:28:55'),
(95, 62, 62, 16, 0, 3, 600.00, 0, 0, '2020-02-01', '2020-02-02', 300.00, '2020-03-01 11:28:55', '2020-03-01 11:20:14', '2020-03-01 11:28:55'),
(96, 62, 62, 17, 0, 3, 600.00, 0, 0, '2020-02-01', '2020-02-02', 300.00, '2020-03-01 11:28:55', '2020-03-01 11:20:14', '2020-03-01 11:28:55'),
(97, 62, 62, 14, 0, 1, 550.00, 0, 0, '2020-02-01', '2020-02-02', 350.00, '2020-03-01 11:28:55', '2020-03-01 11:20:14', '2020-03-01 11:28:55'),
(98, 63, 63, 29, 0, 3, 900.00, 0, 0, '2020-02-01', '2020-02-02', 0.00, NULL, '2020-03-01 11:35:39', '2020-03-01 11:37:35'),
(99, 63, 63, 10, 0, 3, 700.00, 0, 0, '2020-02-01', '2020-02-02', 200.00, NULL, '2020-03-01 11:35:39', '2020-03-01 11:37:35'),
(100, 63, 63, 508, 0, 1, 250.00, 0, 0, '2020-02-01', '2020-02-02', 50.00, NULL, '2020-03-01 11:35:39', '2020-03-01 11:37:35'),
(101, 63, 63, 12, 0, 2, 500.00, 0, 0, '2020-02-01', '2020-02-02', 400.00, NULL, '2020-03-01 11:35:39', '2020-03-01 11:37:35'),
(102, 63, 63, 15, 0, 3, 600.00, 0, 0, '2020-02-01', '2020-02-02', 300.00, NULL, '2020-03-01 11:35:39', '2020-03-01 11:37:35'),
(103, 63, 63, 16, 0, 3, 600.00, 0, 0, '2020-02-01', '2020-02-02', 300.00, NULL, '2020-03-01 11:35:39', '2020-03-01 11:37:35'),
(104, 63, 63, 17, 0, 3, 700.00, 0, 0, '2020-02-01', '2020-02-02', 200.00, NULL, '2020-03-01 11:35:39', '2020-03-01 11:37:35'),
(105, 63, 63, 532, 0, 1, 300.00, 0, 0, '2020-02-01', '2020-02-02', 0.00, NULL, '2020-03-01 11:35:39', '2020-03-01 11:37:35'),
(106, 63, 63, 533, 0, 1, 250.00, 0, 0, '2020-02-01', '2020-02-02', 50.00, NULL, '2020-03-01 11:35:39', '2020-03-01 11:37:35'),
(107, 64, 64, 514, 0, 1, 1200.00, 0, 0, '2020-01-30', '2020-02-03', 0.00, NULL, '2020-03-01 13:07:21', '2020-03-01 13:07:40'),
(108, 65, 65, 504, 0, 1, 2400.00, 0, 0, '2020-02-01', '2020-02-03', 0.00, NULL, '2020-03-01 13:12:09', '2020-03-01 13:12:44'),
(109, 66, 66, 19, 0, 1, 1100.00, 0, 0, '2020-02-02', '2020-02-03', 100.00, NULL, '2020-03-01 13:16:41', '2020-03-01 13:16:51'),
(110, 67, 67, 32, 0, 1, 1500.00, 0, 0, '2020-02-01', '2020-02-03', 0.00, '2020-03-01 13:25:16', '2020-03-01 13:20:44', '2020-03-01 13:25:16'),
(111, 68, 68, 32, 0, 1, 1500.00, 0, 0, '2020-02-01', '2020-02-03', 0.00, NULL, '2020-03-01 13:26:39', '2020-03-01 13:26:50'),
(112, 69, 69, 40, 0, 1, 6600.00, 0, 0, '2020-01-31', '2020-02-03', 900.00, NULL, '2020-03-01 13:32:39', '2020-03-01 13:33:08'),
(113, 70, 70, 20, 0, 1, 1200.00, 0, 0, '2020-02-02', '2020-02-03', 0.00, NULL, '2020-03-01 13:36:20', '2020-03-01 13:36:30'),
(114, 71, 71, 22, 0, 1, 1200.00, 0, 0, '2020-02-02', '2020-02-03', 800.00, NULL, '2020-03-01 13:39:17', '2020-03-01 13:39:27'),
(115, 72, 72, 502, 0, 1, 750.00, 0, 0, '2020-02-03', '2020-02-04', 0.00, '2020-03-01 15:32:03', '2020-03-01 13:44:51', '2020-03-01 15:32:03'),
(116, 72, 72, 503, 0, 1, 750.00, 0, 0, '2020-02-03', '2020-02-04', 0.00, '2020-03-01 15:32:03', '2020-03-01 13:44:51', '2020-03-01 15:32:03'),
(117, 72, 72, 521, 0, 2, 900.00, 0, 0, '2020-02-03', '2020-02-04', 200.00, '2020-03-01 15:32:03', '2020-03-01 13:44:51', '2020-03-01 15:32:03'),
(118, 73, 73, 505, 0, 1, 300.00, 0, 0, '2020-02-02', '2020-02-03', 0.00, NULL, '2020-03-01 13:47:25', '2020-03-01 13:49:20'),
(119, 74, 74, 41, 0, 1, 2500.00, 0, 0, '2020-02-02', '2020-02-03', 0.00, '2020-03-01 15:10:37', '2020-03-01 15:09:54', '2020-03-01 15:10:37'),
(120, 74, 74, 21, 0, 1, 1200.00, 0, 0, '2020-02-02', '2020-02-03', 0.00, '2020-03-01 15:10:37', '2020-03-01 15:09:54', '2020-03-01 15:10:37'),
(121, 75, 75, 41, 0, 2, 2500.00, 0, 0, '2020-02-02', '2020-02-03', 0.00, NULL, '2020-03-01 15:14:01', '2020-03-01 15:14:13'),
(122, 75, 75, 21, 0, 1, 1000.00, 0, 0, '2020-02-02', '2020-02-03', 200.00, NULL, '2020-03-01 15:14:01', '2020-03-01 15:14:13'),
(123, 76, 76, 502, 0, 1, 2100.00, 0, 0, '2020-01-30', '2020-02-02', 150.00, '2020-03-01 15:36:51', '2020-03-01 15:35:58', '2020-03-01 15:36:51'),
(124, 76, 76, 503, 0, 1, 2100.00, 0, 0, '2020-01-30', '2020-02-02', 150.00, '2020-03-01 15:36:51', '2020-03-01 15:35:58', '2020-03-01 15:36:51'),
(125, 77, 77, 502, 0, 1, 2800.00, 0, 0, '2020-01-30', '2020-02-03', 200.00, NULL, '2020-03-01 15:38:55', '2020-03-01 15:39:25'),
(126, 77, 77, 503, 0, 1, 2800.00, 0, 0, '2020-01-30', '2020-02-03', 200.00, NULL, '2020-03-01 15:38:55', '2020-03-01 15:39:25'),
(127, 78, 78, 58, 0, 1, 1500.00, 0, 0, '2020-02-03', '2020-02-03', 1000.00, NULL, '2020-03-01 16:30:02', '2020-03-01 16:30:20'),
(128, 79, 79, 528, 0, 1, 300.00, 0, 0, '2020-02-03', '2020-02-04', 0.00, NULL, '2020-03-01 17:26:42', '2020-03-01 17:26:53'),
(129, 80, 80, 31, 0, 1, 750.00, 0, 0, '2020-02-03', '2020-02-04', 0.00, NULL, '2020-03-01 17:28:57', '2020-03-01 17:29:04'),
(130, 81, 81, 514, 0, 1, 300.00, 0, 0, '2020-02-03', '2020-02-04', 0.00, NULL, '2020-03-01 17:46:58', '2020-03-01 17:47:08'),
(131, 81, 81, 515, 0, 1, 300.00, 0, 0, '2020-02-03', '2020-02-04', 0.00, NULL, '2020-03-01 17:46:58', '2020-03-01 17:47:08'),
(132, 81, 81, 508, 0, 1, 300.00, 0, 0, '2020-02-03', '2020-02-04', 0.00, NULL, '2020-03-01 17:46:58', '2020-03-01 17:47:08'),
(133, 81, 81, 509, 0, 1, 300.00, 0, 0, '2020-02-03', '2020-02-04', 0.00, NULL, '2020-03-01 17:46:58', '2020-03-01 17:47:08'),
(134, 82, 82, 524, 0, 1, 300.00, 0, 0, '2020-02-03', '2020-02-04', 0.00, NULL, '2020-03-01 17:56:14', '2020-03-01 17:56:22'),
(135, 83, 83, 32, 0, 1, 700.00, 0, 0, '2020-02-03', '2020-02-04', 50.00, NULL, '2020-03-01 17:57:59', '2020-03-01 17:58:07'),
(136, 84, 84, 29, 0, 1, 2400.00, 0, 0, '2020-01-31', '2020-02-04', 1200.00, NULL, '2020-03-01 18:04:16', '2020-03-01 18:06:30'),
(137, 85, 85, 55, 0, 37, 3500.00, 0, 0, '2020-02-01', '2020-02-01', 500.00, NULL, '2020-03-03 12:21:56', '2020-03-03 12:31:26'),
(138, 86, 86, 15, 0, 3, 1600.00, 0, 0, '2020-02-03', '2020-02-05', 200.00, NULL, '2020-03-03 14:16:11', '2020-03-03 14:16:23'),
(139, 87, 87, 31, 0, 1, 600.00, 0, 0, '2020-02-04', '2020-02-05', 150.00, NULL, '2020-03-03 14:19:00', '2020-03-03 14:19:06'),
(140, 88, 88, 32, 0, 1, 700.00, 0, 0, '2020-02-04', '2020-02-05', 50.00, NULL, '2020-03-03 14:20:33', '2020-03-03 14:20:37'),
(141, 89, 89, 54, 0, 1, 6000.00, 0, 0, '2020-02-01', '2020-02-01', 4000.00, NULL, '2020-03-03 14:35:36', '2020-03-03 14:42:25'),
(142, 89, 89, 57, 0, 1, 4000.00, 0, 0, '2020-02-02', '2020-02-02', 1000.00, NULL, '2020-03-03 14:35:36', '2020-03-03 14:42:25'),
(143, 90, 90, 58, 0, 15, 2000.00, 0, 0, '2020-02-05', '2020-02-05', 500.00, NULL, '2020-03-03 16:01:28', '2020-03-03 16:02:20'),
(144, 91, 91, 22, 0, 1, 1200.00, 0, 0, '2020-02-05', '2020-02-06', 800.00, NULL, '2020-03-03 16:10:51', '2020-03-03 16:11:04'),
(145, 92, 92, 504, 0, 1, 1200.00, 0, 0, '2020-02-05', '2020-02-06', 0.00, NULL, '2020-03-03 16:18:11', '2020-03-03 16:18:20'),
(146, 93, 93, 503, 0, 1, 750.00, 0, 0, '2020-02-05', '2020-02-06', 0.00, NULL, '2020-03-03 16:20:15', '2020-03-03 16:20:22'),
(147, 94, 94, 20, 0, 1, 1200.00, 0, 0, '2020-02-05', '2020-02-06', 0.00, NULL, '2020-03-03 16:23:21', '2020-03-03 16:23:30'),
(148, 95, 95, 508, 0, 1, 300.00, 0, 0, '2020-02-05', '2020-02-06', 0.00, NULL, '2020-03-03 16:25:54', '2020-03-05 10:13:54'),
(149, 95, 95, 509, 0, 1, 300.00, 0, 0, '2020-02-05', '2020-02-06', 0.00, NULL, '2020-03-03 16:25:54', '2020-03-05 10:13:54'),
(150, 96, 96, 32, 0, 1, 750.00, 0, 0, '2020-02-05', '2020-02-06', 0.00, NULL, '2020-03-03 16:28:24', '2020-03-05 10:14:05'),
(151, 96, 96, 524, 0, 1, 300.00, 0, 0, '2020-02-05', '2020-02-06', 0.00, NULL, '2020-03-03 16:28:24', '2020-03-05 10:14:05'),
(152, 97, 97, 514, 0, 1, 300.00, 0, 0, '2020-02-05', '2020-02-06', 0.00, NULL, '2020-03-03 16:30:07', '2020-03-03 16:30:17'),
(153, 98, 98, 31, 0, 1, 500.00, 0, 0, '2020-02-05', '2020-02-06', 250.00, NULL, '2020-03-03 16:33:11', '2020-03-03 16:33:26'),
(154, 99, 99, 12, 0, 3, 900.00, 0, 0, '2020-02-05', '2020-02-06', 0.00, NULL, '2020-03-03 16:35:46', '2020-03-03 16:35:56'),
(155, 99, 99, 13, 0, 3, 1200.00, 0, 0, '2020-02-05', '2020-02-06', 0.00, NULL, '2020-03-03 16:35:46', '2020-03-03 16:35:56'),
(156, 100, 100, 502, 0, 1, 700.00, 0, 0, '2020-02-05', '2020-02-06', 50.00, NULL, '2020-03-03 16:50:08', '2020-03-03 16:50:16'),
(157, 101, 101, 544, 0, 1, 300.00, 0, 0, '2020-02-05', '2020-02-06', 0.00, NULL, '2020-03-03 16:52:48', '2020-03-03 16:52:53'),
(158, 101, 101, 545, 0, 1, 300.00, 0, 0, '2020-02-05', '2020-02-06', 0.00, NULL, '2020-03-03 16:52:48', '2020-03-03 16:52:53'),
(159, 102, 102, 23, 0, 1, 1300.00, 0, 0, '2020-02-05', '2020-02-06', 700.00, NULL, '2020-03-03 16:57:54', '2020-03-03 16:58:00'),
(160, 103, 103, 538, 0, 1, 900.00, 0, 0, '2020-02-03', '2020-02-06', 0.00, NULL, '2020-03-03 17:10:02', '2020-03-03 17:10:12'),
(161, 104, 104, 17, 0, 3, 1800.00, 0, 0, '2020-02-04', '2020-02-06', 0.00, NULL, '2020-03-03 17:14:14', '2020-03-03 17:14:21'),
(162, 105, 105, 57, 2, 50, 3500.00, 0, 0, '2020-02-06', '2020-02-06', 1500.00, '2020-03-05 09:11:34', '2020-03-05 09:03:55', '2020-03-05 09:11:34'),
(163, 106, 106, 57, 0, 50, 3500.00, 0, 0, '2020-02-06', '2020-02-06', 1500.00, NULL, '2020-03-05 09:12:56', '2020-03-05 09:13:39'),
(164, 107, 107, 21, 0, 1, 3300.00, 0, 0, '2020-02-03', '2020-02-06', 300.00, NULL, '2020-03-05 09:21:49', '2020-03-05 09:21:55'),
(165, 108, 108, 505, 0, 1, 900.00, 0, 0, '2020-02-03', '2020-02-06', 0.00, NULL, '2020-03-05 09:25:19', '2020-03-05 09:25:29'),
(166, 109, 109, 14, 0, 1, 2700.00, 0, 0, '2020-02-03', '2020-02-06', 0.00, NULL, '2020-03-05 09:29:12', '2020-03-05 09:29:19'),
(167, 110, 110, 16, 0, 3, 2400.00, 0, 0, '2020-02-03', '2020-02-06', 300.00, NULL, '2020-03-05 09:41:20', '2020-03-05 09:41:27'),
(168, 111, 111, 506, 2, 2, 300.00, 0, 0, '2020-02-05', '2020-02-06', 0.00, '2020-03-05 10:13:37', '2020-03-05 10:10:55', '2020-03-05 10:13:37'),
(169, 112, 112, 514, 0, 1, 300.00, 0, 0, '2020-02-05', '2020-02-06', 0.00, NULL, '2020-03-05 10:29:50', '2020-03-05 10:29:57'),
(170, 113, 113, 37, 0, 1, 2200.00, 0, 0, '2020-02-06', '2020-02-07', 300.00, NULL, '2020-03-05 10:32:27', '2020-03-05 10:32:33'),
(171, 114, 114, 43, 0, 1, 2200.00, 0, 0, '2020-02-06', '2020-02-07', 300.00, NULL, '2020-03-05 10:34:06', '2020-03-05 10:56:41'),
(172, 115, 115, 43, 0, 1, 2200.00, 0, 0, '2020-02-06', '2020-02-07', 300.00, '2020-03-05 12:51:12', '2020-03-05 10:34:15', '2020-03-05 12:51:12'),
(173, 116, 116, 15, 0, 2, 600.00, 0, 0, '2020-02-06', '2020-02-07', 300.00, NULL, '2020-03-05 10:36:34', '2020-03-05 10:36:42'),
(174, 117, 117, 44, 0, 1, 3600.00, 0, 0, '2020-02-05', '2020-02-07', 1400.00, NULL, '2020-03-05 10:38:57', '2020-03-05 10:39:03'),
(175, 118, 118, 509, 0, 1, 300.00, 0, 0, '2020-02-06', '2020-02-07', 0.00, NULL, '2020-03-05 10:40:18', '2020-03-05 10:40:23'),
(176, 119, 119, 532, 0, 1, 300.00, 0, 0, '2020-02-07', '2020-02-08', 0.00, NULL, '2020-03-05 10:51:50', '2020-03-05 10:51:54'),
(177, 120, 120, 27, 2, 1, 1500.00, 0, 0, '2020-02-07', '2020-02-08', 500.00, '2020-03-05 10:55:03', '2020-03-05 10:54:23', '2020-03-05 10:55:03'),
(178, 121, 121, 27, 0, 1, 1500.00, 0, 0, '2020-02-07', '2020-02-08', 500.00, NULL, '2020-03-05 10:56:16', '2020-03-05 10:56:22'),
(179, 122, 122, 14, 0, 2, 600.00, 0, 0, '2020-02-07', '2020-02-08', 300.00, NULL, '2020-03-05 10:58:41', '2020-03-05 10:58:45'),
(180, 123, 123, 13, 0, 3, 1200.00, 0, 0, '2020-02-07', '2020-02-08', 0.00, NULL, '2020-03-05 11:02:16', '2020-03-05 11:03:50'),
(181, 123, 123, 16, 0, 3, 900.00, 0, 0, '2020-02-07', '2020-02-08', 0.00, NULL, '2020-03-05 11:02:16', '2020-03-05 11:03:50'),
(182, 123, 123, 18, 0, 4, 1200.00, 0, 0, '2020-02-07', '2020-02-08', 0.00, NULL, '2020-03-05 11:02:16', '2020-03-05 11:03:50'),
(183, 123, 123, 24, 0, 4, 1200.00, 0, 0, '2020-02-07', '2020-02-08', 0.00, NULL, '2020-03-05 11:02:16', '2020-03-05 11:03:50'),
(184, 123, 123, 32, 0, 1, 750.00, 0, 0, '2020-02-07', '2020-02-08', 0.00, NULL, '2020-03-05 11:02:16', '2020-03-05 11:03:50'),
(185, 124, 124, 21, 0, 1, 2400.00, 0, 0, '2020-02-06', '2020-02-08', 0.00, NULL, '2020-03-05 11:08:27', '2020-03-05 11:08:40'),
(186, 124, 124, 41, 0, 1, 4000.00, 0, 0, '2020-02-06', '2020-02-08', 1000.00, NULL, '2020-03-05 11:08:27', '2020-03-05 11:08:40'),
(187, 125, 125, 30, 0, 1, 1200.00, 0, 0, '2020-02-07', '2020-02-08', 0.00, NULL, '2020-03-05 11:22:34', '2020-03-05 11:23:04'),
(188, 125, 125, 31, 0, 1, 750.00, 0, 0, '2020-02-07', '2020-02-08', 0.00, NULL, '2020-03-05 11:22:34', '2020-03-05 11:23:04'),
(189, 126, 126, 54, 2, 55, 4000.00, 0, 0, '2020-02-07', '2020-02-07', 6000.00, '2020-03-05 11:55:10', '2020-03-05 11:39:47', '2020-03-05 11:55:10'),
(190, 127, 127, 54, 0, 55, 4000.00, 0, 0, '2020-02-07', '2020-02-07', 6000.00, NULL, '2020-03-05 11:40:09', '2020-03-05 11:43:17'),
(191, 128, 128, 57, 0, 26, 3000.00, 0, 0, '2020-02-07', '2020-02-07', 2000.00, NULL, '2020-03-05 11:48:46', '2020-03-05 11:54:30'),
(192, 129, 129, 44, 0, 1, 1800.00, 0, 0, '2020-02-08', '2020-02-09', 700.00, NULL, '2020-03-05 12:55:52', '2020-03-05 12:56:00'),
(193, 130, 130, 43, 0, 1, 2000.00, 0, 0, '2020-02-08', '2020-02-09', 500.00, NULL, '2020-03-05 12:57:13', '2020-03-05 12:57:18'),
(194, 131, 131, 524, 0, 1, 300.00, 0, 0, '2020-02-08', '2020-02-09', 0.00, NULL, '2020-03-05 12:58:55', '2020-03-05 12:59:01'),
(195, 132, 132, 534, 0, 1, 300.00, 0, 0, '2020-02-08', '2020-02-09', 0.00, NULL, '2020-03-05 13:00:12', '2020-03-05 13:00:17'),
(196, 133, 133, 41, 0, 1, 2000.00, 0, 0, '2020-02-08', '2020-02-09', 500.00, NULL, '2020-03-05 13:01:29', '2020-03-05 13:01:33'),
(197, 134, 134, 58, 2, 19, 2000.00, 0, 0, '2020-02-09', '2020-02-09', 500.00, '2020-03-05 13:08:24', '2020-03-05 13:06:25', '2020-03-05 13:08:24'),
(198, 135, 135, 58, 2, 19, 2000.00, 0, 0, '2020-02-09', '2020-02-09', 500.00, '2020-03-05 13:10:34', '2020-03-05 13:09:25', '2020-03-05 13:10:34'),
(199, 136, 136, 58, 0, 19, 2000.00, 0, 0, '2020-02-09', '2020-02-09', 500.00, NULL, '2020-03-05 13:11:20', '2020-03-05 13:11:54'),
(200, 137, 137, 57, 0, 36, 4000.00, 0, 0, '2020-02-09', '2020-02-09', 1000.00, NULL, '2020-03-05 13:12:59', '2020-03-05 13:15:20'),
(201, 138, 138, 42, 0, 2, 2000.00, 0, 0, '2020-02-09', '2020-02-10', 500.00, NULL, '2020-03-07 10:37:47', '2020-03-07 10:38:34'),
(202, 138, 138, 504, 0, 1, 1200.00, 0, 0, '2020-02-09', '2020-02-10', 0.00, NULL, '2020-03-07 10:37:47', '2020-03-07 10:38:34'),
(203, 139, 139, 31, 0, 1, 750.00, 0, 0, '2020-02-09', '2020-02-10', 0.00, NULL, '2020-03-07 10:41:17', '2020-03-07 10:41:21'),
(204, 140, 140, 40, 0, 1, 8800.00, 0, 0, '2020-02-06', '2020-02-10', 1200.00, NULL, '2020-03-07 10:44:12', '2020-03-07 10:44:19'),
(205, 141, 141, 19, 0, 1, 3600.00, 0, 0, '2020-02-06', '2020-02-09', 0.00, NULL, '2020-03-07 10:46:48', '2020-03-07 10:47:56'),
(206, 142, 142, 541, 0, 1, 1200.00, 0, 0, '2020-02-06', '2020-02-10', 0.00, NULL, '2020-03-07 10:51:40', '2020-03-07 10:52:12'),
(207, 143, 143, 39, 0, 1, 4500.00, 0, 0, '2020-02-07', '2020-02-10', 3000.00, NULL, '2020-03-07 10:55:26', '2020-03-07 10:55:32'),
(208, 144, 144, 58, 2, 17, 2000.00, 0, 0, '2020-02-10', '2020-02-10', 500.00, '2020-03-07 11:19:27', '2020-03-07 11:17:17', '2020-03-07 11:19:27'),
(209, 145, 145, 58, 0, 17, 2000.00, 0, 0, '2020-02-10', '2020-02-10', 500.00, NULL, '2020-03-07 11:20:40', '2020-03-07 11:21:32'),
(210, 146, 146, 32, 0, 1, 1000.00, 0, 0, '2020-02-09', '2020-02-11', 500.00, NULL, '2020-03-07 11:36:32', '2020-03-07 11:36:37'),
(211, 147, 147, 20, 0, 1, 1100.00, 0, 0, '2020-02-10', '2020-02-11', 100.00, NULL, '2020-03-07 11:38:07', '2020-03-07 11:38:14'),
(212, 148, 148, 502, 0, 1, 750.00, 0, 0, '2020-02-10', '2020-02-11', 0.00, NULL, '2020-03-07 11:39:53', '2020-03-07 11:41:12'),
(213, 149, 149, 504, 0, 1, 1100.00, 0, 0, '2020-02-11', '2020-02-12', 100.00, NULL, '2020-03-07 12:25:40', '2020-03-07 12:25:53'),
(214, 150, 150, 536, 0, 1, 600.00, 0, 0, '2020-02-10', '2020-02-12', 0.00, NULL, '2020-03-07 12:33:20', '2020-03-07 12:33:26'),
(215, 151, 151, 27, 0, 1, 3000.00, 0, 0, '2020-02-10', '2020-02-12', 1000.00, NULL, '2020-03-07 12:35:57', '2020-03-07 12:36:04'),
(216, 152, 152, 19, 0, 1, 2400.00, 0, 0, '2020-02-10', '2020-02-12', 0.00, NULL, '2020-03-07 12:39:00', '2020-03-07 12:39:15'),
(217, 153, 153, 31, 2, 1, 485.00, 0, 0, '2020-02-11', '2020-02-12', 265.00, '2020-03-07 12:43:56', '2020-03-07 12:42:07', '2020-03-07 12:43:56'),
(218, 154, 154, 31, 0, 1, 750.00, 0, 0, '2020-02-11', '2020-02-12', 0.00, NULL, '2020-03-07 12:47:21', '2020-03-07 12:47:26'),
(219, 155, 155, 34, 0, 1, 1200.00, 0, 0, '2020-02-11', '2020-02-12', 800.00, NULL, '2020-03-07 13:35:02', '2020-03-07 13:35:11'),
(220, 156, 156, 23, 0, 1, 1600.00, 0, 0, '2020-02-11', '2020-02-12', 400.00, NULL, '2020-03-07 13:38:21', '2020-03-07 13:38:30'),
(221, 157, 157, 532, 0, 1, 500.00, 0, 0, '2020-02-10', '2020-02-12', 100.00, NULL, '2020-03-07 13:41:20', '2020-03-07 13:41:26'),
(222, 158, 158, 20, 0, 1, 2400.00, 0, 0, '2020-02-10', '2020-02-12', 0.00, NULL, '2020-03-07 13:45:06', '2020-03-07 13:45:20'),
(223, 159, 159, 53, 2, 94, 8000.00, 0, 0, '2020-02-12', '2020-02-12', 4000.00, '2020-03-07 14:01:25', '2020-03-07 13:48:36', '2020-03-07 14:01:25'),
(224, 160, 160, 44, 0, 1, 3000.00, 0, 0, '2020-02-10', '2020-02-12', 2000.00, NULL, '2020-03-07 13:51:50', '2020-03-07 13:51:56'),
(225, 161, 161, 503, 0, 1, 700.00, 0, 0, '2020-02-11', '2020-02-12', 50.00, NULL, '2020-03-07 13:53:50', '2020-03-07 13:53:58'),
(226, 162, 162, 29, 0, 1, 2700.00, 0, 0, '2020-02-09', '2020-02-12', 0.00, NULL, '2020-03-07 13:58:38', '2020-03-07 14:01:41'),
(227, 163, 163, 22, 0, 1, 1200.00, 0, 0, '2020-02-11', '2020-02-12', 800.00, NULL, '2020-03-07 14:05:46', '2020-03-07 14:06:10'),
(228, 164, 164, 53, 2, 94, 8000.00, 0, 0, '2020-02-12', '2020-02-12', 4000.00, '2020-03-07 14:32:15', '2020-03-07 14:29:09', '2020-03-07 14:32:15'),
(229, 165, 165, 53, 0, 94, 8000.00, 0, 0, '2020-02-12', '2020-02-12', 4000.00, '2020-03-07 14:56:47', '2020-03-07 14:33:47', '2020-03-07 14:56:47'),
(230, 166, 166, 53, 2, 79, 21000.00, 0, 0, '2020-02-10', '2020-02-12', 15000.00, '2020-03-07 15:01:11', '2020-03-07 14:58:49', '2020-03-07 15:01:11'),
(231, 167, 167, 53, 0, 79, 21000.00, 0, 0, '2020-02-10', '2020-02-12', 15000.00, NULL, '2020-03-07 15:02:16', '2020-03-07 15:03:13'),
(232, 168, 168, 59, 0, 1, 8000.00, 0, 0, '2020-02-12', '2020-02-12', 2000.00, NULL, '2020-03-07 15:05:51', '2020-03-07 15:06:56'),
(233, 169, 169, 43, 0, 1, 6600.00, 0, 0, '2020-02-10', '2020-02-13', 900.00, NULL, '2020-03-07 15:13:57', '2020-03-07 15:14:08'),
(234, 170, 170, 22, 0, 1, 1500.00, 0, 0, '2020-02-12', '2020-02-13', 500.00, NULL, '2020-03-07 15:16:39', '2020-03-07 15:16:45'),
(235, 171, 171, 535, 0, 1, 300.00, 0, 0, '2020-02-12', '2020-02-13', 0.00, NULL, '2020-03-07 15:19:00', '2020-03-07 15:19:05'),
(236, 172, 172, 13, 0, 1, 1200.00, 0, 0, '2020-02-12', '2020-02-13', 0.00, NULL, '2020-03-07 15:31:23', '2020-03-07 15:31:30'),
(237, 172, 172, 12, 0, 1, 900.00, 0, 0, '2020-02-12', '2020-02-13', 0.00, NULL, '2020-03-07 15:31:23', '2020-03-07 15:31:30'),
(238, 172, 172, 11, 0, 1, 900.00, 0, 0, '2020-02-12', '2020-02-13', 0.00, NULL, '2020-03-07 15:31:23', '2020-03-07 15:31:30'),
(239, 172, 172, 9, 0, 1, 900.00, 0, 0, '2020-02-12', '2020-02-13', 0.00, NULL, '2020-03-07 15:31:23', '2020-03-07 15:31:30'),
(240, 173, 173, 521, 0, 1, 1050.00, 0, 0, '2020-02-12', '2020-02-13', 50.00, NULL, '2020-03-07 15:37:51', '2020-03-07 15:37:57'),
(241, 174, 174, 39, 0, 1, 6600.00, 0, 0, '2020-02-10', '2020-02-13', 900.00, NULL, '2020-03-07 15:40:45', '2020-03-07 15:40:51'),
(242, 175, 175, 17, 0, 1, 900.00, 0, 0, '2020-02-12', '2020-02-13', 0.00, NULL, '2020-03-07 15:43:19', '2020-03-07 15:43:25'),
(243, 176, 176, 31, 0, 1, 700.00, 0, 0, '2020-02-12', '2020-02-13', 50.00, NULL, '2020-03-07 15:46:55', '2020-03-07 15:47:03'),
(244, 177, 177, 38, 0, 1, 6600.00, 0, 0, '2020-02-10', '2020-02-13', 900.00, NULL, '2020-03-07 15:49:03', '2020-03-07 15:49:08'),
(245, 178, 178, 23, 0, 1, 1200.00, 0, 0, '2020-02-12', '2020-02-13', 800.00, NULL, '2020-03-09 07:57:35', '2020-03-09 07:57:41'),
(246, 179, 179, 27, 0, 1, 1700.00, 0, 0, '2020-02-12', '2020-02-13', 300.00, NULL, '2020-03-09 08:00:23', '2020-03-09 08:00:37'),
(247, 180, 180, 41, 0, 1, 2200.00, 0, 0, '2020-02-12', '2020-02-13', 300.00, NULL, '2020-03-09 08:03:06', '2020-03-09 08:03:41'),
(248, 181, 181, 503, 2, 1, 50.00, 0, 0, '2020-02-12', '2020-02-13', 700.00, '2020-03-09 08:07:11', '2020-03-09 08:06:15', '2020-03-09 08:07:11'),
(249, 182, 182, 503, 0, 1, 700.00, 0, 0, '2020-02-12', '2020-02-13', 50.00, NULL, '2020-03-09 08:08:48', '2020-03-09 08:08:56'),
(250, 183, 183, 57, 2, 1, 5000.00, 0, 0, '2020-02-10', '2020-02-10', 0.00, '2020-03-09 08:16:04', '2020-03-09 08:12:33', '2020-03-09 08:16:04'),
(251, 184, 184, 37, 0, 1, 4000.00, 0, 0, '2020-02-11', '2020-02-13', 1000.00, NULL, '2020-03-09 08:13:15', '2020-03-09 08:14:06'),
(252, 185, 185, 30, 0, 1, 700.00, 0, 0, '2020-02-12', '2020-02-13', 500.00, NULL, '2020-03-09 08:17:15', '2020-03-09 08:17:54'),
(253, 186, 186, 57, 0, 1, 5000.00, 0, 0, '2020-02-10', '2020-02-10', 0.00, NULL, '2020-03-09 08:17:41', '2020-03-09 08:23:55'),
(254, 187, 187, 44, 0, 1, 1200.00, 0, 0, '2020-02-12', '2020-02-13', 1300.00, NULL, '2020-03-09 08:29:35', '2020-03-09 08:29:57'),
(255, 188, 188, 532, 0, 1, 600.00, 0, 0, '2020-02-10', '2020-02-13', 300.00, NULL, '2020-03-09 08:30:17', '2020-03-09 08:30:25');

-- --------------------------------------------------------

--
-- Table structure for table `checkout`
--

CREATE TABLE `checkout` (
  `id` bigint(20) UNSIGNED NOT NULL,
  `h_start_date` date DEFAULT NULL,
  `h_end_date` date DEFAULT NULL,
  `name` varchar(191) COLLATE utf8mb4_unicode_ci DEFAULT NULL,
  `contact` int(11) DEFAULT NULL,
  `room_no` int(11) DEFAULT NULL,
  `room_unit_price` int(11) DEFAULT NULL,
  `h_total_day` int(11) DEFAULT NULL,
  `h_total_bill` int(11) DEFAULT NULL,
  `v_start_date` date DEFAULT NULL,
  `v_end_date` date DEFAULT NULL,
  `venue_no` varchar(191) COLLATE utf8mb4_unicode_ci DEFAULT NULL,
  `v_unit_price` int(11) DEFAULT NULL,
  `v_total_day` int(11) DEFAULT NULL,
  `v_total_bill` int(11) DEFAULT NULL,
  `r_total_bill` int(11) DEFAULT NULL,
  `venue_booking_id` int(11) DEFAULT NULL,
  `room_booking_id` int(11) DEFAULT NULL,
  `all_total` int(11) DEFAULT NULL,
  `discount` int(11) DEFAULT NULL,
  `grand_total` int(11) DEFAULT NULL,
  `created_at` timestamp NULL DEFAULT NULL,
  `updated_at` timestamp NULL DEFAULT NULL
) ENGINE=InnoDB DEFAULT CHARSET=utf8mb4 COLLATE=utf8mb4_unicode_ci;

--
-- Dumping data for table `checkout`
--

INSERT INTO `checkout` (`id`, `h_start_date`, `h_end_date`, `name`, `contact`, `room_no`, `room_unit_price`, `h_total_day`, `h_total_bill`, `v_start_date`, `v_end_date`, `venue_no`, `v_unit_price`, `v_total_day`, `v_total_bill`, `r_total_bill`, `venue_booking_id`, `room_booking_id`, `all_total`, `discount`, `grand_total`, `created_at`, `updated_at`) VALUES
(1, NULL, NULL, 'Asmot Molla', 1222244, NULL, NULL, NULL, NULL, '2019-12-22', '2019-12-23', 'Venue-100', 6000, NULL, NULL, 0, 1, NULL, 0, 0, 0, '2019-12-29 00:13:52', '2019-12-29 00:13:52'),
(2, '2019-12-22', '2019-12-23', 'Rahamot Ullah', 1222255, 204, 4000, 2, 8000, NULL, NULL, NULL, NULL, NULL, NULL, 0, NULL, 1, 8000, 0, 8000, '2019-12-30 01:48:42', '2019-12-30 01:48:42'),
(3, NULL, NULL, 'Asmot Molla', 1222244, NULL, NULL, NULL, NULL, '2019-12-22', '2019-12-23', 'Venue-100', 6000, NULL, NULL, 0, 1, NULL, 0, 0, 0, '2020-01-14 22:48:47', '2020-01-14 22:48:47'),
(4, '2019-12-22', '2019-12-23', 'Rahamot Ullah', 1222255, 204, 4000, 2, 8000, NULL, NULL, NULL, NULL, NULL, NULL, 0, NULL, 1, 8000, 0, 8000, '2020-01-14 23:55:42', '2020-01-14 23:55:42'),
(5, '2019-12-22', '2019-12-23', 'Rahamot Ullah', 1222255, 204, 4000, 2, 8000, NULL, NULL, NULL, NULL, NULL, NULL, 0, NULL, 1, 8000, 0, 8000, '2020-01-15 02:24:13', '2020-01-15 02:24:13');

-- --------------------------------------------------------

--
-- Table structure for table `checkouts`
--

CREATE TABLE `checkouts` (
  `id` int(10) UNSIGNED NOT NULL,
  `billing_id` int(10) UNSIGNED NOT NULL,
  `mis_voucher_id` int(10) UNSIGNED NOT NULL,
  `checkout_status` tinyint(1) NOT NULL DEFAULT '0',
  `created_at` timestamp NULL DEFAULT NULL,
  `updated_at` timestamp NULL DEFAULT NULL
) ENGINE=InnoDB DEFAULT CHARSET=utf8mb4 COLLATE=utf8mb4_unicode_ci;

-- --------------------------------------------------------

--
-- Table structure for table `configurations`
--

CREATE TABLE `configurations` (
  `id` int(10) UNSIGNED NOT NULL,
  `name` varchar(191) COLLATE utf8mb4_unicode_ci NOT NULL,
  `text` varchar(191) COLLATE utf8mb4_unicode_ci DEFAULT NULL,
  `value` double(14,2) NOT NULL DEFAULT '0.00',
  `date` date DEFAULT NULL,
  `software_start_date` date DEFAULT NULL,
  `created_at` timestamp NULL DEFAULT NULL,
  `updated_at` timestamp NULL DEFAULT NULL
) ENGINE=InnoDB DEFAULT CHARSET=utf8mb4 COLLATE=utf8mb4_unicode_ci;

--
-- Dumping data for table `configurations`
--

INSERT INTO `configurations` (`id`, `name`, `text`, `value`, `date`, `software_start_date`, `created_at`, `updated_at`) VALUES
(1, 'software_date', NULL, 0.00, NULL, '2020-02-13', NULL, '2020-03-07 15:08:21'),
(2, 'vat_food', NULL, 15.00, NULL, NULL, NULL, '2020-02-10 05:50:02'),
(3, 'vat_service', NULL, 10.00, NULL, NULL, NULL, '2020-03-07 15:04:21'),
(4, 'vat_others', NULL, 5.00, NULL, NULL, NULL, '2020-02-10 05:50:02');

-- --------------------------------------------------------

--
-- Table structure for table `current_balance`
--

CREATE TABLE `current_balance` (
  `id` int(10) UNSIGNED NOT NULL,
  `thead_id` int(10) UNSIGNED NOT NULL,
  `date_id` int(10) UNSIGNED NOT NULL DEFAULT '0',
  `debit` double(14,2) NOT NULL DEFAULT '0.00',
  `credit` double(14,2) NOT NULL DEFAULT '0.00',
  `amount` double(14,2) NOT NULL DEFAULT '0.00',
  `created_at` timestamp NULL DEFAULT NULL,
  `updated_at` timestamp NULL DEFAULT NULL
) ENGINE=InnoDB DEFAULT CHARSET=utf8mb4 COLLATE=utf8mb4_unicode_ci;

--
-- Dumping data for table `current_balance`
--

INSERT INTO `current_balance` (`id`, `thead_id`, `date_id`, `debit`, `credit`, `amount`, `created_at`, `updated_at`) VALUES
(1, 1, 0, 0.00, 0.00, 0.00, '2020-02-12 22:58:22', '2020-02-12 22:58:22'),
(2, 2, 0, 0.00, 0.00, 0.00, '2020-02-12 22:58:22', '2020-02-12 22:58:22'),
(3, 3, 0, 0.00, 0.00, 0.00, '2020-02-12 22:58:22', '2020-02-12 22:58:22'),
(4, 4, 0, 0.00, 0.00, 0.00, '2020-02-12 22:58:22', '2020-02-12 22:58:22'),
(5, 5, 0, 0.00, 0.00, 0.00, '2020-02-12 22:58:22', '2020-02-12 22:58:22'),
(6, 6, 0, 0.00, 0.00, 0.00, '2020-02-12 22:58:22', '2020-02-12 22:58:22'),
(7, 7, 0, 0.00, 0.00, 0.00, '2020-02-12 22:58:22', '2020-02-12 22:58:22'),
(8, 8, 0, 0.00, 0.00, 0.00, '2020-02-12 22:58:22', '2020-02-12 22:58:22'),
(9, 9, 0, 0.00, 0.00, 0.00, '2020-02-12 22:58:22', '2020-02-12 22:58:22'),
(10, 10, 0, 0.00, 0.00, 0.00, '2020-02-12 22:58:22', '2020-02-12 22:58:22'),
(11, 11, 0, 0.00, 0.00, 0.00, '2020-02-12 22:58:22', '2020-02-12 22:58:22'),
(12, 12, 0, 0.00, 0.00, 0.00, '2020-02-12 22:58:22', '2020-02-12 22:58:22'),
(13, 13, 0, 0.00, 0.00, 0.00, '2020-02-12 22:58:22', '2020-02-12 22:58:22'),
(14, 14, 0, 0.00, 0.00, 0.00, '2020-02-12 22:58:22', '2020-02-12 22:58:22'),
(15, 15, 0, 0.00, 0.00, 0.00, '2020-02-12 22:58:22', '2020-02-12 22:58:22'),
(16, 16, 0, 0.00, 0.00, 0.00, '2020-02-12 22:58:22', '2020-02-12 22:58:22'),
(17, 17, 0, 0.00, 0.00, 0.00, '2020-02-12 22:58:22', '2020-02-12 22:58:22'),
(18, 18, 0, 0.00, 0.00, 0.00, '2020-02-12 22:58:22', '2020-02-12 22:58:22'),
(19, 19, 0, 0.00, 0.00, 0.00, '2020-02-12 22:58:22', '2020-02-12 22:58:22'),
(20, 20, 0, 0.00, 0.00, 0.00, '2020-02-12 22:58:22', '2020-02-12 22:58:22'),
(21, 21, 0, 0.00, 0.00, 0.00, '2020-02-12 22:58:22', '2020-02-12 22:58:22'),
(22, 22, 0, 0.00, 0.00, 0.00, '2020-02-12 22:58:22', '2020-02-12 22:58:22'),
(23, 23, 0, 0.00, 0.00, 0.00, '2020-02-12 22:58:22', '2020-02-12 22:58:22'),
(24, 26, 0, 0.00, 0.00, 0.00, '2020-02-12 22:58:22', '2020-02-12 22:58:22'),
(25, 27, 0, 0.00, 0.00, 0.00, '2020-02-12 22:58:22', '2020-02-12 22:58:22'),
(26, 28, 0, 0.00, 0.00, 0.00, '2020-02-12 22:58:22', '2020-02-12 22:58:22'),
(27, 29, 0, 0.00, 0.00, 0.00, '2020-02-12 22:58:22', '2020-02-12 22:58:22'),
(28, 30, 0, 0.00, 0.00, 0.00, '2020-02-12 22:58:22', '2020-02-12 22:58:22'),
(29, 31, 0, 0.00, 0.00, 0.00, '2020-02-12 22:58:22', '2020-02-12 22:58:22'),
(30, 32, 0, 0.00, 0.00, 0.00, '2020-02-12 22:58:22', '2020-02-12 22:58:22'),
(31, 33, 0, 0.00, 0.00, 0.00, '2020-02-12 22:58:22', '2020-02-12 22:58:22'),
(32, 34, 0, 0.00, 0.00, 0.00, '2020-02-12 22:58:22', '2020-02-12 22:58:22'),
(33, 35, 0, 0.00, 0.00, 0.00, '2020-02-12 22:58:22', '2020-02-12 22:58:22'),
(34, 36, 0, 0.00, 0.00, 0.00, '2020-02-12 22:58:22', '2020-02-12 22:58:22'),
(35, 37, 0, 0.00, 0.00, 0.00, '2020-02-12 22:58:22', '2020-02-12 22:58:22'),
(36, 38, 0, 0.00, 0.00, 0.00, '2020-02-12 22:58:22', '2020-02-12 22:58:22'),
(37, 39, 0, 0.00, 0.00, 0.00, '2020-02-12 22:58:22', '2020-02-12 22:58:22'),
(38, 40, 0, 0.00, 0.00, 0.00, '2020-02-12 22:58:22', '2020-02-12 22:58:22'),
(39, 41, 0, 0.00, 0.00, 0.00, '2020-02-12 22:58:22', '2020-02-12 22:58:22'),
(40, 42, 0, 0.00, 0.00, 0.00, '2020-02-12 22:58:22', '2020-02-12 22:58:22'),
(41, 43, 0, 0.00, 0.00, 0.00, '2020-02-12 22:58:22', '2020-02-12 22:58:22'),
(42, 44, 0, 0.00, 0.00, 0.00, '2020-02-12 22:58:22', '2020-02-12 22:58:22'),
(43, 45, 0, 0.00, 0.00, 0.00, '2020-02-12 22:58:22', '2020-02-12 22:58:22'),
(44, 46, 0, 0.00, 0.00, 0.00, '2020-02-12 22:58:22', '2020-02-12 22:58:22'),
(45, 47, 0, 0.00, 0.00, 0.00, '2020-02-12 22:58:22', '2020-02-12 22:58:22'),
(46, 48, 0, 0.00, 0.00, 0.00, '2020-02-12 22:58:22', '2020-02-12 22:58:22'),
(47, 49, 0, 0.00, 0.00, 0.00, '2020-02-12 22:58:22', '2020-02-12 22:58:22'),
(48, 50, 0, 0.00, 0.00, 0.00, '2020-02-12 22:58:22', '2020-02-12 22:58:22'),
(49, 51, 0, 0.00, 0.00, 0.00, '2020-02-12 22:58:22', '2020-02-12 22:58:22'),
(50, 52, 0, 0.00, 0.00, 0.00, '2020-02-12 22:58:22', '2020-02-12 22:58:22'),
(51, 53, 0, 0.00, 0.00, 0.00, '2020-02-12 22:58:22', '2020-02-12 22:58:22'),
(52, 54, 0, 0.00, 0.00, 0.00, '2020-02-12 22:58:22', '2020-02-12 22:58:22'),
(53, 55, 0, 0.00, 0.00, 0.00, '2020-02-12 22:58:22', '2020-02-12 22:58:22'),
(54, 56, 0, 0.00, 0.00, 0.00, '2020-02-12 22:58:22', '2020-02-12 22:58:22'),
(55, 57, 0, 0.00, 0.00, 0.00, '2020-02-12 22:58:22', '2020-02-12 22:58:22'),
(56, 58, 0, 0.00, 0.00, 0.00, '2020-02-12 22:58:22', '2020-02-12 22:58:22'),
(57, 59, 0, 0.00, 0.00, 0.00, '2020-02-12 22:58:22', '2020-02-12 22:58:22'),
(58, 60, 0, 0.00, 0.00, 0.00, '2020-02-12 22:58:22', '2020-02-12 22:58:22'),
(59, 61, 0, 0.00, 0.00, 0.00, '2020-02-12 22:58:22', '2020-02-12 22:58:22'),
(60, 62, 0, 0.00, 0.00, 0.00, '2020-02-12 22:58:22', '2020-02-12 22:58:22'),
(61, 63, 0, 0.00, 0.00, 0.00, '2020-02-12 22:58:22', '2020-02-12 22:58:22'),
(62, 64, 0, 0.00, 0.00, 0.00, '2020-02-12 22:58:22', '2020-02-12 22:58:22'),
(63, 65, 0, 0.00, 0.00, 0.00, '2020-02-12 22:58:22', '2020-02-12 22:58:22'),
(64, 66, 0, 0.00, 0.00, 0.00, '2020-02-12 22:58:22', '2020-02-12 22:58:22'),
(65, 67, 0, 0.00, 0.00, 0.00, '2020-02-12 22:58:23', '2020-02-12 22:58:23'),
(66, 68, 0, 0.00, 0.00, 0.00, '2020-02-12 22:58:23', '2020-02-12 22:58:23'),
(67, 69, 0, 0.00, 0.00, 0.00, '2020-02-12 22:58:23', '2020-02-12 22:58:23'),
(68, 70, 0, 0.00, 0.00, 0.00, '2020-02-12 22:58:23', '2020-02-12 22:58:23'),
(69, 71, 0, 0.00, 0.00, 0.00, '2020-02-12 22:58:23', '2020-02-12 22:58:23'),
(70, 72, 0, 0.00, 0.00, 0.00, '2020-02-12 22:58:23', '2020-02-12 22:58:23'),
(71, 73, 0, 0.00, 0.00, 0.00, '2020-02-12 22:58:23', '2020-02-12 22:58:23'),
(72, 74, 0, 0.00, 0.00, 0.00, '2020-02-12 22:58:23', '2020-02-12 22:58:23'),
(73, 75, 0, 0.00, 0.00, 0.00, '2020-02-12 22:58:23', '2020-02-12 22:58:23'),
(74, 76, 0, 0.00, 0.00, 0.00, '2020-02-12 22:58:23', '2020-02-12 22:58:23'),
(75, 77, 0, 0.00, 0.00, 0.00, '2020-02-12 22:58:23', '2020-02-12 22:58:23'),
(76, 78, 0, 0.00, 0.00, 0.00, '2020-02-12 22:58:23', '2020-02-12 22:58:23'),
(77, 79, 0, 0.00, 0.00, 0.00, '2020-02-12 22:58:23', '2020-02-12 22:58:23'),
(78, 80, 0, 0.00, 0.00, 0.00, '2020-02-12 22:58:23', '2020-02-12 22:58:23'),
(79, 81, 0, 0.00, 0.00, 0.00, '2020-02-12 22:58:23', '2020-02-12 22:58:23'),
(80, 82, 0, 0.00, 0.00, 0.00, '2020-02-12 22:58:23', '2020-02-12 22:58:23'),
(81, 83, 0, 0.00, 0.00, 0.00, '2020-02-12 22:58:23', '2020-02-12 22:58:23'),
(82, 84, 0, 0.00, 0.00, 0.00, '2020-02-12 22:58:23', '2020-02-12 22:58:23'),
(83, 85, 0, 0.00, 0.00, 0.00, '2020-02-12 22:58:23', '2020-02-12 22:58:23'),
(84, 86, 0, 0.00, 0.00, 0.00, '2020-02-12 22:58:23', '2020-02-12 22:58:23'),
(85, 87, 0, 0.00, 0.00, 0.00, '2020-02-12 22:58:23', '2020-02-12 22:58:23'),
(86, 88, 0, 0.00, 0.00, 0.00, '2020-02-12 22:58:23', '2020-02-12 22:58:23'),
(87, 89, 0, 0.00, 0.00, 0.00, '2020-02-12 22:58:23', '2020-02-12 22:58:23'),
(88, 90, 0, 0.00, 0.00, 0.00, '2020-02-12 22:58:23', '2020-02-12 22:58:23'),
(89, 91, 0, 0.00, 0.00, 0.00, '2020-02-12 22:58:23', '2020-02-12 22:58:23'),
(90, 92, 0, 0.00, 0.00, 0.00, '2020-02-12 22:58:23', '2020-02-12 22:58:23'),
(91, 93, 0, 0.00, 0.00, 0.00, '2020-02-12 22:58:23', '2020-02-12 22:58:23'),
(92, 94, 0, 0.00, 0.00, 0.00, '2020-02-12 22:58:23', '2020-02-12 22:58:23'),
(93, 95, 0, 0.00, 0.00, 0.00, '2020-02-12 22:58:23', '2020-02-12 22:58:23'),
(94, 96, 0, 0.00, 0.00, 0.00, '2020-02-12 22:58:23', '2020-02-12 22:58:23'),
(95, 97, 0, 0.00, 0.00, 0.00, '2020-02-12 22:58:23', '2020-02-12 22:58:23'),
(96, 98, 0, 0.00, 0.00, 0.00, '2020-02-12 22:58:23', '2020-02-12 22:58:23'),
(97, 99, 0, 0.00, 0.00, 0.00, '2020-02-12 22:58:23', '2020-02-12 22:58:23'),
(98, 100, 0, 0.00, 0.00, 0.00, '2020-02-12 22:58:23', '2020-02-12 22:58:23'),
(99, 101, 0, 0.00, 0.00, 0.00, '2020-02-12 22:58:23', '2020-02-12 22:58:23'),
(100, 102, 0, 0.00, 0.00, 0.00, '2020-02-12 22:58:23', '2020-02-12 22:58:23'),
(101, 103, 0, 0.00, 0.00, 0.00, '2020-02-12 22:58:23', '2020-02-12 22:58:23'),
(102, 104, 0, 0.00, 0.00, 0.00, '2020-02-12 22:58:23', '2020-02-12 22:58:23'),
(103, 105, 0, 0.00, 0.00, 0.00, '2020-02-12 22:58:23', '2020-02-12 22:58:23'),
(104, 106, 0, 0.00, 0.00, 0.00, '2020-02-12 22:58:23', '2020-02-12 22:58:23'),
(105, 107, 0, 0.00, 0.00, 0.00, '2020-02-12 22:58:23', '2020-02-12 22:58:23'),
(106, 108, 0, 0.00, 0.00, 0.00, '2020-02-12 22:58:23', '2020-02-12 22:58:23'),
(107, 109, 0, 0.00, 0.00, 0.00, '2020-02-12 22:58:23', '2020-02-12 22:58:23'),
(108, 110, 0, 0.00, 0.00, 0.00, '2020-02-12 22:58:23', '2020-02-12 22:58:23'),
(109, 111, 0, 0.00, 0.00, 0.00, '2020-02-12 22:58:23', '2020-02-12 22:58:23'),
(110, 112, 0, 0.00, 0.00, 0.00, '2020-02-12 22:58:23', '2020-02-12 22:58:23'),
(111, 113, 0, 0.00, 0.00, 0.00, '2020-02-12 22:58:23', '2020-02-12 22:58:23'),
(112, 114, 0, 0.00, 0.00, 0.00, '2020-02-12 22:58:23', '2020-02-12 22:58:23'),
(113, 115, 0, 0.00, 0.00, 0.00, '2020-02-12 22:58:23', '2020-02-12 22:58:23'),
(114, 116, 0, 0.00, 0.00, 0.00, '2020-02-12 22:58:23', '2020-02-12 22:58:23'),
(115, 117, 0, 0.00, 0.00, 0.00, '2020-02-12 22:58:23', '2020-02-12 22:58:23'),
(116, 118, 0, 0.00, 0.00, 0.00, '2020-02-12 22:58:23', '2020-02-12 22:58:23'),
(117, 119, 0, 0.00, 0.00, 0.00, '2020-02-12 22:58:23', '2020-02-12 22:58:23'),
(118, 120, 0, 0.00, 0.00, 0.00, '2020-02-12 22:58:23', '2020-02-12 22:58:23'),
(119, 121, 0, 0.00, 0.00, 0.00, '2020-02-12 22:58:23', '2020-02-12 22:58:23'),
(120, 122, 0, 0.00, 0.00, 0.00, '2020-02-12 22:58:23', '2020-02-12 22:58:23'),
(121, 123, 0, 0.00, 0.00, 0.00, '2020-02-12 22:58:23', '2020-02-12 22:58:23'),
(122, 124, 0, 0.00, 0.00, 0.00, '2020-02-12 22:58:23', '2020-02-12 22:58:23'),
(123, 125, 0, 0.00, 0.00, 0.00, '2020-02-12 22:58:23', '2020-02-12 22:58:23'),
(124, 126, 0, 0.00, 0.00, 0.00, '2020-02-12 22:58:23', '2020-02-12 22:58:23'),
(125, 127, 0, 0.00, 0.00, 0.00, '2020-02-12 22:58:23', '2020-02-12 22:58:23'),
(126, 128, 0, 0.00, 0.00, 0.00, '2020-02-12 22:58:23', '2020-02-12 22:58:23'),
(127, 129, 0, 0.00, 0.00, 0.00, '2020-02-12 22:58:23', '2020-02-12 22:58:23'),
(128, 130, 0, 0.00, 0.00, 0.00, '2020-02-12 22:58:23', '2020-02-12 22:58:23'),
(129, 131, 0, 0.00, 0.00, 0.00, '2020-02-12 22:58:23', '2020-02-12 22:58:23'),
(130, 132, 0, 0.00, 0.00, 0.00, '2020-02-12 22:58:23', '2020-02-12 22:58:23'),
(131, 133, 0, 0.00, 0.00, 0.00, '2020-02-12 22:58:23', '2020-02-12 22:58:23'),
(132, 134, 0, 0.00, 0.00, 0.00, '2020-02-12 22:58:23', '2020-02-12 22:58:23'),
(133, 135, 0, 0.00, 0.00, 0.00, '2020-02-12 22:58:23', '2020-02-12 22:58:23'),
(134, 136, 0, 0.00, 0.00, 0.00, '2020-02-12 22:58:23', '2020-02-12 22:58:23'),
(135, 137, 0, 0.00, 0.00, 0.00, '2020-02-12 22:58:23', '2020-02-12 22:58:23'),
(136, 138, 0, 0.00, 0.00, 0.00, '2020-02-12 22:58:23', '2020-02-12 22:58:23'),
(137, 139, 0, 0.00, 0.00, 0.00, '2020-02-12 22:58:23', '2020-02-12 22:58:23'),
(138, 140, 0, 0.00, 0.00, 0.00, '2020-02-12 22:58:23', '2020-02-12 22:58:23'),
(139, 141, 0, 0.00, 0.00, 0.00, '2020-02-12 22:58:23', '2020-02-12 22:58:23'),
(140, 142, 0, 0.00, 0.00, 0.00, '2020-02-12 22:58:23', '2020-02-12 22:58:23'),
(141, 143, 0, 0.00, 0.00, 0.00, '2020-02-12 22:58:23', '2020-02-12 22:58:23'),
(142, 144, 0, 0.00, 0.00, 0.00, '2020-02-12 22:58:23', '2020-02-12 22:58:23'),
(143, 145, 0, 0.00, 0.00, 0.00, '2020-02-12 22:58:23', '2020-02-12 22:58:23'),
(144, 146, 0, 0.00, 0.00, 0.00, '2020-02-12 22:58:23', '2020-02-12 22:58:23'),
(145, 147, 0, 0.00, 0.00, 0.00, '2020-02-12 22:58:23', '2020-02-12 22:58:23'),
(146, 148, 0, 0.00, 0.00, 0.00, '2020-02-12 22:58:23', '2020-02-12 22:58:23'),
(147, 149, 0, 0.00, 0.00, 0.00, '2020-02-12 22:58:23', '2020-02-12 22:58:23'),
(148, 150, 0, 0.00, 0.00, 0.00, '2020-02-12 22:58:23', '2020-02-12 22:58:23'),
(149, 151, 0, 0.00, 0.00, 0.00, '2020-02-12 22:58:23', '2020-02-12 22:58:23'),
(150, 152, 0, 0.00, 0.00, 0.00, '2020-02-12 22:58:23', '2020-02-12 22:58:23'),
(151, 153, 0, 0.00, 0.00, 0.00, '2020-02-12 22:58:23', '2020-02-12 22:58:23'),
(152, 154, 0, 0.00, 0.00, 0.00, '2020-02-12 22:58:23', '2020-02-12 22:58:23'),
(153, 155, 0, 0.00, 0.00, 0.00, '2020-02-12 22:58:23', '2020-02-12 22:58:23'),
(154, 156, 0, 0.00, 0.00, 0.00, '2020-02-12 22:58:23', '2020-02-12 22:58:23'),
(155, 157, 0, 0.00, 0.00, 0.00, '2020-02-12 22:58:23', '2020-02-12 22:58:23'),
(156, 158, 0, 0.00, 0.00, 0.00, '2020-02-12 22:58:23', '2020-02-12 22:58:23'),
(157, 159, 0, 0.00, 0.00, 0.00, '2020-02-12 22:58:23', '2020-02-12 22:58:23'),
(158, 160, 0, 0.00, 0.00, 0.00, '2020-02-12 22:58:23', '2020-02-12 22:58:23'),
(159, 161, 0, 0.00, 1.00, 0.00, '2020-02-12 22:58:23', '2020-02-12 22:58:23'),
(160, 162, 0, 0.00, 0.00, 0.00, '2020-02-12 22:58:23', '2020-02-12 22:58:23'),
(161, 163, 0, 0.00, 0.00, 0.00, '2020-02-12 22:58:23', '2020-02-12 22:58:23'),
(162, 164, 0, 0.00, 0.00, 0.00, '2020-02-12 22:58:23', '2020-02-12 22:58:23'),
(163, 165, 0, 0.00, 0.00, 0.00, '2020-02-12 22:58:23', '2020-02-12 22:58:23'),
(164, 166, 0, 0.00, 0.00, 0.00, '2020-02-12 22:58:23', '2020-02-12 22:58:23'),
(165, 167, 0, 0.00, 0.00, 0.00, '2020-02-12 22:58:23', '2020-02-12 22:58:23'),
(166, 168, 0, 0.00, 0.00, 0.00, '2020-02-12 22:58:23', '2020-02-12 22:58:23'),
(167, 169, 0, 0.00, 0.00, 0.00, '2020-02-12 22:58:23', '2020-02-12 22:58:23'),
(168, 170, 0, 0.00, 0.00, 0.00, '2020-02-12 22:58:23', '2020-02-12 22:58:23'),
(169, 171, 0, 0.00, 0.00, 0.00, '2020-02-12 22:58:23', '2020-02-12 22:58:23'),
(170, 172, 0, 0.00, 0.00, 0.00, '2020-02-12 22:58:23', '2020-02-12 22:58:23'),
(171, 173, 0, 0.00, 0.00, 0.00, '2020-02-12 22:58:23', '2020-02-12 22:58:23'),
(172, 174, 0, 0.00, 0.00, 0.00, '2020-02-12 22:58:23', '2020-02-12 22:58:23'),
(173, 175, 0, 0.00, 0.00, 0.00, '2020-02-12 22:58:23', '2020-02-12 22:58:23'),
(174, 176, 0, 0.00, 0.00, 0.00, '2020-02-12 22:58:23', '2020-02-12 22:58:23'),
(175, 177, 0, 0.00, 0.00, 0.00, '2020-02-12 22:58:23', '2020-02-12 22:58:23'),
(176, 178, 0, 0.00, 0.00, 0.00, '2020-02-12 22:58:23', '2020-02-12 22:58:23'),
(177, 179, 0, 0.00, 0.00, 0.00, '2020-02-12 22:58:23', '2020-02-12 22:58:23'),
(178, 180, 0, 0.00, 0.00, 0.00, '2020-02-12 22:58:23', '2020-02-12 22:58:23'),
(179, 181, 0, 0.00, 0.00, 0.00, '2020-02-12 22:58:23', '2020-02-12 22:58:23'),
(180, 182, 0, 0.00, 0.00, 0.00, '2020-02-12 22:58:23', '2020-02-12 22:58:23'),
(181, 183, 0, 0.00, 0.00, 0.00, '2020-02-12 22:58:23', '2020-02-12 22:58:23'),
(182, 184, 0, 0.00, 0.00, 0.00, '2020-02-12 22:58:23', '2020-02-12 22:58:23'),
(183, 185, 0, 0.00, 0.00, 0.00, '2020-02-12 22:58:23', '2020-02-12 22:58:23'),
(184, 186, 0, 0.00, 0.00, 0.00, '2020-02-12 22:58:23', '2020-02-12 22:58:23'),
(185, 187, 0, 0.00, 0.00, 0.00, '2020-02-12 22:58:23', '2020-02-12 22:58:23'),
(186, 188, 0, 0.00, 0.00, 0.00, '2020-02-12 22:58:23', '2020-02-12 22:58:23'),
(187, 189, 0, 0.00, 0.00, 0.00, '2020-02-12 22:58:23', '2020-02-12 22:58:23'),
(188, 190, 0, 0.00, 0.00, 0.00, '2020-02-12 22:58:23', '2020-02-12 22:58:23'),
(189, 191, 0, 0.00, 0.00, 0.00, '2020-02-12 22:58:23', '2020-02-12 22:58:23'),
(190, 192, 0, 0.00, 0.00, 0.00, '2020-02-12 22:58:23', '2020-02-12 22:58:23'),
(191, 193, 0, 0.00, 0.00, 0.00, '2020-02-12 22:58:23', '2020-02-12 22:58:23'),
(192, 194, 0, 0.00, 0.00, 0.00, '2020-02-12 22:58:23', '2020-02-12 22:58:23'),
(193, 195, 0, 0.00, 0.00, 0.00, '2020-02-12 22:58:23', '2020-02-12 22:58:23'),
(194, 196, 0, 0.00, 0.00, 0.00, '2020-02-12 22:58:23', '2020-02-12 22:58:23'),
(195, 197, 0, 0.00, 0.00, 0.00, '2020-02-12 22:58:23', '2020-02-12 22:58:23'),
(196, 198, 0, 0.00, 0.00, 0.00, '2020-02-12 22:58:23', '2020-02-12 22:58:23'),
(197, 199, 0, 0.00, 0.00, 0.00, '2020-02-12 22:58:23', '2020-02-12 22:58:23'),
(198, 200, 0, 1.00, 0.00, 0.00, '2020-02-12 22:58:23', '2020-02-12 22:58:23'),
(199, 201, 0, 0.00, 0.00, 0.00, '2020-02-12 22:58:23', '2020-02-12 22:58:23'),
(200, 202, 0, 0.00, 0.00, 0.00, '2020-02-12 22:58:23', '2020-02-12 22:58:23'),
(201, 203, 0, 0.00, 0.00, 0.00, '2020-02-12 22:58:23', '2020-02-12 22:58:23'),
(202, 204, 0, 0.00, 0.00, 0.00, '2020-02-12 22:58:23', '2020-02-12 22:58:23'),
(203, 205, 0, 0.00, 0.00, 0.00, '2020-02-12 22:58:23', '2020-02-12 22:58:23'),
(204, 206, 0, 0.00, 0.00, 0.00, '2020-02-12 22:58:23', '2020-02-12 22:58:23'),
(205, 207, 0, 0.00, 0.00, 0.00, '2020-02-12 22:58:23', '2020-02-12 22:58:23'),
(206, 208, 0, 0.00, 0.00, 0.00, '2020-02-12 22:58:23', '2020-02-12 22:58:23'),
(207, 209, 0, 0.00, 0.00, 0.00, '2020-02-12 22:58:23', '2020-02-12 22:58:23'),
(208, 210, 0, 0.00, 0.00, 0.00, '2020-02-12 22:58:23', '2020-02-12 22:58:23'),
(209, 211, 0, 0.00, 0.00, 0.00, '2020-02-12 22:58:23', '2020-02-12 22:58:23'),
(210, 212, 0, 0.00, 0.00, 0.00, '2020-02-12 22:58:23', '2020-02-12 22:58:23'),
(211, 213, 0, 0.00, 0.00, 0.00, '2020-02-12 22:58:23', '2020-02-12 22:58:23'),
(212, 214, 0, 0.00, 0.00, 0.00, '2020-02-12 22:58:23', '2020-02-12 22:58:23'),
(213, 215, 0, 0.00, 0.00, 0.00, '2020-02-12 22:58:23', '2020-02-12 22:58:23'),
(214, 216, 0, 0.00, 0.00, 0.00, '2020-02-12 22:58:23', '2020-02-12 22:58:23'),
(215, 217, 0, 0.00, 0.00, 0.00, '2020-02-12 22:58:23', '2020-02-12 22:58:23'),
(216, 218, 0, 0.00, 0.00, 0.00, '2020-02-12 22:58:23', '2020-02-12 22:58:23'),
(217, 219, 0, 0.00, 0.00, 0.00, '2020-02-12 22:58:23', '2020-02-12 22:58:23'),
(218, 220, 0, 0.00, 0.00, 0.00, '2020-02-12 22:58:23', '2020-02-12 22:58:23'),
(219, 221, 0, 0.00, 0.00, 0.00, '2020-02-12 22:58:23', '2020-02-12 22:58:23'),
(220, 222, 0, 0.00, 0.00, 0.00, '2020-02-12 22:58:23', '2020-02-12 22:58:23'),
(221, 223, 0, 0.00, 0.00, 0.00, '2020-02-12 22:58:23', '2020-02-12 22:58:23'),
(222, 224, 0, 0.00, 0.00, 0.00, '2020-02-12 22:58:23', '2020-02-12 22:58:23'),
(223, 225, 0, 0.00, 0.00, 0.00, '2020-02-12 22:58:23', '2020-02-12 22:58:23'),
(224, 226, 0, 0.00, 0.00, 0.00, '2020-02-12 22:58:23', '2020-02-12 22:58:23'),
(225, 227, 0, 0.00, 0.00, 0.00, '2020-02-12 22:58:23', '2020-02-12 22:58:23'),
(226, 228, 0, 0.00, 0.00, 0.00, '2020-02-12 22:58:23', '2020-02-12 22:58:23'),
(227, 229, 0, 0.00, 0.00, 0.00, '2020-02-12 22:58:23', '2020-02-12 22:58:23'),
(228, 230, 0, 0.00, 0.00, 0.00, '2020-02-12 22:58:23', '2020-02-12 22:58:23'),
(229, 231, 0, 0.00, 0.00, 0.00, '2020-02-12 22:58:23', '2020-02-12 22:58:23'),
(230, 232, 0, 0.00, 0.00, 0.00, '2020-02-12 22:58:23', '2020-02-12 22:58:23'),
(231, 233, 0, 0.00, 0.00, 0.00, '2020-02-12 22:58:23', '2020-02-12 22:58:23'),
(232, 234, 0, 0.00, 0.00, 0.00, '2020-02-12 22:58:23', '2020-02-12 22:58:23'),
(233, 235, 0, 0.00, 0.00, 0.00, '2020-02-12 22:58:23', '2020-02-12 22:58:23'),
(234, 236, 0, 0.00, 0.00, 0.00, '2020-02-12 22:58:23', '2020-02-12 22:58:23'),
(235, 237, 0, 0.00, 0.00, 0.00, '2020-02-12 22:58:23', '2020-02-12 22:58:23'),
(236, 238, 0, 0.00, 0.00, 0.00, '2020-02-12 22:58:23', '2020-02-12 22:58:23'),
(237, 239, 0, 0.00, 0.00, 0.00, '2020-02-12 22:58:23', '2020-02-12 22:58:23'),
(238, 240, 0, 0.00, 0.00, 0.00, '2020-02-12 22:58:23', '2020-02-12 22:58:23'),
(239, 241, 0, 0.00, 0.00, 0.00, '2020-02-12 22:58:23', '2020-02-12 22:58:23'),
(240, 242, 0, 0.00, 0.00, 0.00, '2020-02-12 22:58:23', '2020-02-12 22:58:23'),
(241, 243, 0, 0.00, 0.00, 0.00, '2020-02-12 22:58:23', '2020-02-12 22:58:23'),
(242, 244, 0, 0.00, 0.00, 0.00, '2020-02-12 22:58:23', '2020-02-12 22:58:23'),
(243, 245, 0, 0.00, 0.00, 0.00, '2020-02-12 22:58:23', '2020-02-12 22:58:23'),
(244, 246, 0, 0.00, 0.00, 0.00, '2020-02-12 22:58:23', '2020-02-12 22:58:23'),
(245, 247, 0, 0.00, 0.00, 0.00, '2020-02-12 22:58:23', '2020-02-12 22:58:23'),
(246, 248, 0, 0.00, 0.00, 0.00, '2020-02-12 22:58:23', '2020-02-12 22:58:23'),
(247, 249, 0, 0.00, 0.00, 0.00, '2020-02-12 22:58:23', '2020-02-12 22:58:23'),
(248, 250, 0, 0.00, 0.00, 0.00, '2020-02-12 22:58:23', '2020-02-12 22:58:23'),
(249, 251, 0, 0.00, 0.00, 0.00, '2020-02-12 22:58:23', '2020-02-12 22:58:23'),
(250, 252, 0, 0.00, 0.00, 0.00, '2020-02-12 22:58:23', '2020-02-12 22:58:23'),
(251, 253, 0, 0.00, 0.00, 0.00, '2020-02-12 22:58:23', '2020-02-12 22:58:23'),
(252, 254, 0, 0.00, 0.00, 0.00, '2020-02-12 22:58:23', '2020-02-12 22:58:23'),
(253, 255, 0, 0.00, 0.00, 0.00, '2020-02-12 22:58:23', '2020-02-12 22:58:23'),
(254, 256, 0, 0.00, 0.00, 0.00, '2020-02-12 22:58:23', '2020-02-12 22:58:23'),
(255, 257, 0, 0.00, 0.00, 0.00, '2020-02-12 22:58:23', '2020-02-12 22:58:23'),
(256, 258, 0, 0.00, 0.00, 0.00, '2020-02-12 22:58:23', '2020-02-12 22:58:23'),
(257, 259, 0, 0.00, 0.00, 0.00, '2020-02-12 22:58:23', '2020-02-12 22:58:23'),
(258, 260, 0, 0.00, 0.00, 0.00, '2020-02-12 22:58:23', '2020-02-12 22:58:23'),
(259, 261, 0, 0.00, 0.00, 0.00, '2020-02-12 22:58:23', '2020-02-12 22:58:23'),
(260, 262, 0, 0.00, 0.00, 0.00, '2020-02-12 22:58:23', '2020-02-12 22:58:23'),
(261, 263, 0, 0.00, 0.00, 0.00, '2020-02-12 22:58:23', '2020-02-12 22:58:23'),
(262, 264, 0, 0.00, 0.00, 0.00, '2020-02-12 22:58:23', '2020-02-12 22:58:23'),
(263, 265, 0, 0.00, 0.00, 0.00, '2020-02-12 22:58:23', '2020-02-12 22:58:23'),
(264, 266, 0, 0.00, 0.00, 0.00, '2020-02-12 22:58:23', '2020-02-12 22:58:23'),
(265, 267, 0, 0.00, 0.00, 0.00, '2020-02-12 22:58:23', '2020-02-12 22:58:23'),
(266, 268, 0, 0.00, 0.00, 0.00, '2020-02-12 22:58:23', '2020-02-12 22:58:23'),
(267, 269, 0, 0.00, 0.00, 0.00, '2020-02-12 22:58:23', '2020-02-12 22:58:23'),
(268, 270, 0, 0.00, 0.00, 0.00, '2020-02-12 22:58:23', '2020-02-12 22:58:23'),
(269, 271, 0, 0.00, 0.00, 0.00, '2020-02-12 22:58:23', '2020-02-12 22:58:23'),
(270, 272, 0, 0.00, 0.00, 0.00, '2020-02-12 22:58:23', '2020-02-12 22:58:23'),
(271, 273, 0, 0.00, 0.00, 0.00, '2020-02-12 22:58:23', '2020-02-12 22:58:23'),
(272, 274, 0, 0.00, 0.00, 0.00, '2020-02-12 22:58:23', '2020-02-12 22:58:23'),
(273, 275, 0, 0.00, 0.00, 0.00, '2020-02-12 22:58:23', '2020-02-12 22:58:23'),
(274, 276, 0, 0.00, 0.00, 0.00, '2020-02-12 22:58:23', '2020-02-12 22:58:23'),
(275, 277, 0, 0.00, 0.00, 0.00, '2020-02-12 22:58:23', '2020-02-12 22:58:23'),
(276, 278, 0, 0.00, 0.00, 0.00, '2020-02-12 22:58:23', '2020-02-12 22:58:23'),
(277, 279, 0, 0.00, 0.00, 0.00, '2020-02-12 22:58:23', '2020-02-12 22:58:23'),
(278, 280, 0, 2.00, 1.00, 0.00, '2020-02-12 22:58:23', '2020-02-12 22:58:23'),
(279, 281, 0, 0.00, 0.00, 0.00, '2020-02-12 22:58:23', '2020-02-12 22:58:23'),
(280, 282, 0, 0.00, 0.00, 0.00, '2020-02-12 22:58:23', '2020-02-12 22:58:23'),
(281, 283, 0, 0.00, 0.00, 0.00, '2020-02-12 22:58:23', '2020-02-12 22:58:23'),
(282, 284, 0, 0.00, 0.00, 0.00, '2020-02-12 22:58:23', '2020-02-12 22:58:23'),
(283, 285, 0, 0.00, 0.00, 0.00, '2020-02-12 22:58:23', '2020-02-12 22:58:23'),
(284, 286, 0, 0.00, 0.00, 0.00, '2020-02-12 22:58:23', '2020-02-12 22:58:23'),
(285, 287, 0, 0.00, 0.00, 0.00, '2020-02-12 22:58:23', '2020-02-12 22:58:23'),
(286, 288, 0, 0.00, 0.00, 0.00, '2020-02-12 22:58:23', '2020-02-12 22:58:23'),
(287, 289, 0, 0.00, 0.00, 0.00, '2020-02-12 22:58:23', '2020-02-12 22:58:23'),
(288, 290, 0, 0.00, 0.00, 0.00, '2020-02-12 22:58:23', '2020-02-12 22:58:23'),
(289, 291, 0, 0.00, 0.00, 0.00, '2020-02-12 22:58:23', '2020-02-12 22:58:23'),
(290, 292, 0, 0.00, 0.00, 0.00, '2020-02-12 22:58:23', '2020-02-12 22:58:23'),
(291, 293, 0, 0.00, 0.00, 0.00, '2020-02-12 22:58:23', '2020-02-12 22:58:23'),
(292, 294, 0, 0.00, 0.00, 0.00, '2020-02-12 22:58:23', '2020-02-12 22:58:23'),
(293, 295, 0, 0.00, 0.00, 0.00, '2020-02-12 22:58:23', '2020-02-12 22:58:23'),
(294, 296, 0, 0.00, 0.00, 0.00, '2020-02-12 22:58:23', '2020-02-12 22:58:23'),
(295, 297, 0, 0.00, 0.00, 0.00, '2020-02-12 22:58:23', '2020-02-12 22:58:23'),
(296, 298, 0, 0.00, 0.00, 0.00, '2020-02-12 22:58:23', '2020-02-12 22:58:23'),
(297, 299, 0, 0.00, 0.00, 0.00, '2020-02-12 22:58:23', '2020-02-12 22:58:23'),
(298, 300, 0, 0.00, 0.00, 0.00, '2020-02-12 22:58:23', '2020-02-12 22:58:23'),
(299, 301, 0, 0.00, 0.00, 0.00, '2020-02-12 22:58:23', '2020-02-12 22:58:23'),
(300, 302, 0, 0.00, 0.00, 0.00, '2020-02-12 22:58:23', '2020-02-12 22:58:23'),
(301, 303, 0, 0.00, 0.00, 0.00, '2020-02-12 22:58:23', '2020-02-12 22:58:23'),
(302, 304, 0, 0.00, 0.00, 0.00, '2020-02-12 22:58:23', '2020-02-12 22:58:23'),
(303, 305, 0, 0.00, 0.00, 0.00, '2020-02-12 22:58:23', '2020-02-12 22:58:23'),
(304, 306, 0, 0.00, 1.00, 0.00, '2020-02-12 22:58:23', '2020-02-12 22:58:23'),
(305, 307, 0, 0.00, 0.00, 0.00, '2020-02-12 22:58:23', '2020-02-12 22:58:23'),
(306, 308, 0, 0.00, 0.00, 0.00, '2020-02-12 22:58:23', '2020-02-12 22:58:23'),
(307, 309, 0, 0.00, 0.00, 0.00, '2020-02-12 22:58:23', '2020-02-12 22:58:23'),
(308, 310, 0, 0.00, 0.00, 0.00, '2020-02-12 22:58:23', '2020-02-12 22:58:23'),
(309, 311, 0, 0.00, 0.00, 0.00, '2020-02-12 22:58:23', '2020-02-12 22:58:23'),
(310, 312, 0, 0.00, 0.00, 0.00, '2020-02-12 22:58:23', '2020-02-12 22:58:23'),
(311, 313, 0, 0.00, 0.00, 0.00, '2020-02-12 22:58:23', '2020-02-12 22:58:23'),
(312, 314, 0, 0.00, 0.00, 0.00, '2020-02-12 22:58:23', '2020-02-12 22:58:23'),
(313, 315, 0, 0.00, 0.00, 0.00, '2020-02-12 22:58:23', '2020-02-12 22:58:23'),
(314, 316, 0, 0.00, 0.00, 0.00, '2020-02-12 22:58:23', '2020-02-12 22:58:23'),
(315, 317, 0, 0.00, 0.00, 0.00, '2020-02-12 22:58:23', '2020-02-12 22:58:23'),
(316, 318, 0, 0.00, 0.00, 0.00, '2020-02-12 22:58:23', '2020-02-12 22:58:23'),
(317, 319, 0, 0.00, 0.00, 0.00, '2020-02-12 22:58:23', '2020-02-12 22:58:23'),
(318, 320, 0, 0.00, 0.00, 0.00, '2020-02-12 22:58:23', '2020-02-12 22:58:23'),
(319, 321, 0, 0.00, 0.00, 0.00, '2020-02-12 22:58:23', '2020-02-12 22:58:23'),
(320, 322, 0, 0.00, 0.00, 0.00, '2020-02-12 22:58:23', '2020-02-12 22:58:23'),
(321, 323, 0, 0.00, 0.00, 0.00, '2020-02-12 22:58:23', '2020-02-12 22:58:23'),
(322, 324, 0, 0.00, 1.00, 0.00, '2020-02-12 22:58:23', '2020-02-12 22:58:23'),
(323, 325, 0, 0.00, 0.00, 0.00, '2020-02-12 22:58:23', '2020-02-12 22:58:23'),
(324, 326, 0, 0.00, 0.00, 0.00, '2020-02-12 22:58:23', '2020-02-12 22:58:23'),
(325, 327, 0, 0.00, 0.00, 0.00, '2020-02-12 22:58:23', '2020-02-12 22:58:23'),
(326, 328, 0, 0.00, 0.00, 0.00, '2020-02-12 22:58:23', '2020-02-12 22:58:23'),
(327, 329, 0, 0.00, 0.00, 0.00, '2020-02-12 22:58:23', '2020-02-12 22:58:23'),
(328, 330, 0, 0.00, 0.00, 0.00, '2020-02-12 22:58:23', '2020-02-12 22:58:23'),
(329, 331, 0, 0.00, 0.00, 0.00, '2020-02-12 22:58:23', '2020-02-12 22:58:23'),
(330, 332, 0, 0.00, 0.00, 0.00, '2020-02-12 22:58:23', '2020-02-12 22:58:23'),
(331, 333, 0, 0.00, 0.00, 0.00, '2020-02-12 22:58:23', '2020-02-12 22:58:23'),
(332, 334, 0, 0.00, 0.00, 0.00, '2020-02-12 22:58:23', '2020-02-12 22:58:23'),
(333, 335, 0, 0.00, 0.00, 0.00, '2020-02-12 22:58:24', '2020-02-12 22:58:24'),
(334, 336, 0, 0.00, 0.00, 0.00, '2020-02-12 22:58:24', '2020-02-12 22:58:24'),
(335, 337, 0, 0.00, 0.00, 0.00, '2020-02-12 22:58:24', '2020-02-12 22:58:24'),
(336, 338, 0, 0.00, 0.00, 0.00, '2020-02-12 22:58:24', '2020-02-12 22:58:24'),
(337, 339, 0, 0.00, 0.00, 0.00, '2020-02-12 22:58:24', '2020-02-12 22:58:24'),
(338, 340, 0, 0.00, 0.00, 0.00, '2020-02-12 22:58:24', '2020-02-12 22:58:24'),
(339, 341, 0, 0.00, 0.00, 0.00, '2020-02-12 22:58:24', '2020-02-12 22:58:24'),
(340, 342, 0, 0.00, 0.00, 0.00, '2020-02-12 22:58:24', '2020-02-12 22:58:24'),
(341, 343, 0, 0.00, 0.00, 0.00, '2020-02-12 22:58:24', '2020-02-12 22:58:24'),
(342, 344, 0, 0.00, 0.00, 0.00, '2020-02-12 22:58:24', '2020-02-12 22:58:24'),
(343, 345, 0, 0.00, 0.00, 0.00, '2020-02-12 22:58:24', '2020-02-12 22:58:24'),
(344, 346, 0, 0.00, 0.00, 0.00, '2020-02-12 22:58:24', '2020-02-12 22:58:24'),
(345, 347, 0, 0.00, 0.00, 0.00, '2020-02-12 22:58:24', '2020-02-12 22:58:24'),
(346, 348, 0, 0.00, 0.00, 0.00, '2020-02-12 22:58:24', '2020-02-12 22:58:24'),
(347, 349, 0, 0.00, 0.00, 0.00, '2020-02-12 22:58:24', '2020-02-12 22:58:24'),
(348, 350, 0, 0.00, 0.00, 0.00, '2020-02-12 22:58:24', '2020-02-12 22:58:24'),
(349, 351, 0, 0.00, 0.00, 0.00, '2020-02-12 22:58:24', '2020-02-12 22:58:24'),
(350, 352, 0, 0.00, 0.00, 0.00, '2020-02-12 22:58:24', '2020-02-12 22:58:24'),
(351, 353, 0, 0.00, 0.00, 0.00, '2020-02-12 22:58:24', '2020-02-12 22:58:24'),
(352, 373, 0, 0.00, 0.00, 0.00, '2020-02-12 22:58:24', '2020-02-12 22:58:24'),
(353, 376, 0, 0.00, 0.00, 0.00, '2020-02-12 22:58:24', '2020-02-12 22:58:24'),
(354, 419, 0, 0.00, 0.00, 0.00, '2020-02-12 22:58:24', '2020-02-12 22:58:24'),
(355, 420, 0, 0.00, 0.00, 0.00, '2020-02-12 22:58:24', '2020-02-12 22:58:24'),
(356, 421, 0, 0.00, 0.00, 0.00, '2020-02-12 22:58:24', '2020-02-12 22:58:24'),
(357, 431, 0, 0.00, 0.00, 0.00, '2020-02-12 22:58:24', '2020-02-12 22:58:24'),
(358, 432, 0, 0.00, 0.00, 0.00, '2020-02-12 22:58:24', '2020-02-12 22:58:24'),
(359, 440, 0, 0.00, 0.00, 0.00, '2020-02-12 22:58:24', '2020-02-12 22:58:24'),
(360, 441, 0, 0.00, 0.00, 0.00, '2020-02-12 22:58:24', '2020-02-12 22:58:24'),
(361, 442, 0, 0.00, 0.00, 0.00, '2020-02-12 22:58:24', '2020-02-12 22:58:24'),
(362, 448, 0, 0.00, 0.00, 0.00, '2020-02-12 22:58:24', '2020-02-12 22:58:24'),
(363, 449, 0, 0.00, 0.00, 0.00, '2020-02-12 22:58:24', '2020-02-12 22:58:24'),
(364, 450, 0, 0.00, 0.00, 0.00, '2020-02-12 22:58:24', '2020-02-12 22:58:24'),
(365, 453, 0, 0.00, 0.00, 0.00, '2020-02-12 22:58:24', '2020-02-12 22:58:24'),
(366, 455, 0, 1.00, 0.00, 0.00, '2020-02-12 22:58:24', '2020-02-12 22:58:24'),
(367, 456, 0, 0.00, 0.00, 0.00, '2020-02-13 12:42:01', '2020-02-13 12:42:01'),
(368, 5, 1, 0.00, 26500.00, 0.00, '2020-02-16 16:03:04', '2020-02-17 17:46:26'),
(369, 353, 1, 279911.50, 3673.00, 0.00, '2020-02-16 16:03:04', '2020-02-25 17:13:34'),
(370, 96, 1, 298.00, 0.00, 0.00, '2020-02-16 16:05:37', '2020-02-25 15:39:08'),
(371, 8, 1, 0.00, 109077.50, 0.00, '2020-02-16 16:05:38', '2020-02-25 12:58:31'),
(372, 60, 1, 0.00, 1230.00, 0.00, '2020-02-17 16:34:52', '2020-02-19 23:29:04'),
(373, 12, 1, 0.00, 1000.00, 0.00, '2020-02-17 17:46:56', '2020-02-25 15:10:41'),
(374, 14, 1, 0.00, 32350.00, 0.00, '2020-02-19 22:34:58', '2020-02-25 15:42:44'),
(375, 15, 1, 0.00, 800.00, 0.00, '2020-02-19 23:30:16', '2020-02-25 16:24:25'),
(376, 16, 1, 940.00, 95255.00, 0.00, '2020-02-23 14:16:06', '2020-02-25 17:13:34'),
(377, 163, 1, 0.00, 9549.00, 0.00, '2020-02-25 11:14:54', '2020-02-25 16:50:28'),
(378, 115, 1, 545.00, 0.00, 0.00, '2020-02-25 11:30:12', '2020-02-25 11:30:12'),
(379, 18, 1, 1350.00, 0.00, 0.00, '2020-02-25 11:31:44', '2020-02-25 16:54:00'),
(380, 168, 1, 0.00, 4150.00, 0.00, '2020-02-25 11:59:09', '2020-02-25 16:46:15'),
(381, 79, 1, 540.00, 0.00, 0.00, '2020-02-25 16:51:47', '2020-02-25 16:51:47'),
(382, 16, 2, 0.00, 12575.00, 0.00, '2020-02-25 18:10:06', '2020-02-25 18:45:28'),
(383, 353, 2, 74841.00, 123791.00, 0.00, '2020-02-25 18:10:06', '2020-03-01 17:03:39'),
(384, 5, 2, 0.00, 9000.00, 0.00, '2020-02-25 18:21:48', '2020-02-25 19:01:33'),
(385, 8, 2, 0.00, 31872.00, 0.00, '2020-02-25 18:27:58', '2020-02-25 19:01:33'),
(386, 12, 2, 0.00, 1000.00, 0.00, '2020-02-25 18:29:12', '2020-02-25 18:29:12'),
(387, 163, 2, 20757.00, 4984.00, 0.00, '2020-02-25 18:34:12', '2020-02-25 18:43:12'),
(388, 157, 2, 640.00, 0.00, 0.00, '2020-02-25 18:35:35', '2020-02-25 18:35:35'),
(389, 115, 2, 185.00, 0.00, 0.00, '2020-02-25 18:36:29', '2020-02-25 18:36:29'),
(390, 96, 2, 109.00, 0.00, 0.00, '2020-02-25 18:39:06', '2020-02-25 18:39:06'),
(391, 22, 2, 2100.00, 0.00, 0.00, '2020-02-25 18:41:13', '2020-02-25 18:41:13'),
(392, 14, 2, 0.00, 12900.00, 0.00, '2020-02-25 19:20:33', '2020-03-01 11:37:35'),
(393, 15, 2, 0.00, 2510.00, 0.00, '2020-03-01 11:39:05', '2020-03-01 11:39:05'),
(394, 16, 3, 0.00, 1170.00, 0.00, '2020-03-01 12:58:36', '2020-03-01 12:58:36'),
(395, 353, 3, 30650.00, 1496.00, 0.00, '2020-03-01 12:58:36', '2020-03-01 16:51:42'),
(396, 86, 3, 1200.00, 0.00, 0.00, '2020-03-01 13:01:26', '2020-03-01 13:01:26'),
(397, 96, 3, 296.00, 0.00, 0.00, '2020-03-01 13:02:19', '2020-03-01 13:02:19'),
(398, 432, 3, 0.00, 0.00, 0.00, '2020-03-01 13:04:45', '2020-03-01 16:51:42'),
(399, 14, 3, 0.00, 24600.00, 0.00, '2020-03-01 13:07:21', '2020-03-01 15:39:25'),
(400, 15, 3, 0.00, 3310.00, 0.00, '2020-03-01 13:28:27', '2020-03-01 16:12:58'),
(401, 8, 3, 0.00, 70.00, 0.00, '2020-03-01 13:49:20', '2020-03-01 13:49:20'),
(402, 5, 3, 0.00, 1500.00, 0.00, '2020-03-01 16:30:02', '2020-03-01 16:30:20'),
(403, 432, 2, 100000.00, 0.00, 0.00, '2020-03-01 16:53:47', '2020-03-01 17:03:39'),
(404, 14, 4, 0.00, 5650.00, 0.00, '2020-03-01 17:26:42', '2020-03-01 18:06:30'),
(405, 353, 4, 72046.00, 3065.00, 0.00, '2020-03-01 17:26:42', '2020-03-03 13:21:22'),
(406, 5, 4, 0.00, 3500.00, 0.00, '2020-03-01 18:04:16', '2020-03-03 12:31:26'),
(407, 15, 4, 0.00, 6180.00, 0.00, '2020-03-01 18:08:03', '2020-03-03 10:48:02'),
(408, 60, 4, 0.00, 300.00, 0.00, '2020-03-01 18:11:43', '2020-03-03 12:32:05'),
(409, 16, 4, 0.00, 41622.00, 0.00, '2020-03-03 11:01:33', '2020-03-03 12:55:49'),
(410, 115, 4, 250.00, 0.00, 0.00, '2020-03-03 11:54:57', '2020-03-03 12:10:17'),
(411, 163, 4, 790.00, 1550.00, 0.00, '2020-03-03 11:59:04', '2020-03-03 12:09:44'),
(412, 22, 4, 2025.00, 0.00, 0.00, '2020-03-03 12:11:10', '2020-03-03 12:11:10'),
(413, 96, 4, 0.00, 0.00, 0.00, '2020-03-03 12:11:34', '2020-03-03 13:21:22'),
(414, 8, 4, 0.00, 13244.00, 0.00, '2020-03-03 12:31:26', '2020-03-03 12:31:26'),
(415, 16, 5, 785.00, 5575.00, 0.00, '2020-03-03 13:24:33', '2020-03-03 13:35:40'),
(416, 353, 5, 78821.50, 3135.00, 0.00, '2020-03-03 13:24:33', '2020-03-03 16:03:02'),
(417, 115, 5, 70.00, 0.00, 0.00, '2020-03-03 13:36:19', '2020-03-03 13:36:19'),
(418, 163, 5, 200.00, 0.00, 0.00, '2020-03-03 13:36:47', '2020-03-03 13:36:47'),
(419, 17, 5, 1533.00, 0.00, 0.00, '2020-03-03 13:39:51', '2020-03-03 13:39:51'),
(420, 22, 5, 450.00, 0.00, 0.00, '2020-03-03 13:40:17', '2020-03-03 13:40:17'),
(421, 96, 5, 97.00, 0.00, 0.00, '2020-03-03 13:40:50', '2020-03-03 13:40:50'),
(422, 14, 5, 0.00, 2900.00, 0.00, '2020-03-03 14:16:11', '2020-03-03 14:20:37'),
(423, 5, 5, 0.00, 12000.00, 0.00, '2020-03-03 14:35:36', '2020-03-03 16:02:20'),
(424, 8, 5, 0.00, 55346.50, 0.00, '2020-03-03 14:42:25', '2020-03-03 16:02:20'),
(425, 12, 5, 0.00, 3000.00, 0.00, '2020-03-03 14:44:25', '2020-03-03 16:03:02'),
(426, 353, 6, 48358.00, 3644.00, 0.00, '2020-03-03 16:09:52', '2020-03-05 10:14:05'),
(427, 82, 6, 3499.00, 0.00, 0.00, '2020-03-03 16:09:52', '2020-03-03 16:09:52'),
(428, 14, 6, 0.00, 23500.00, 0.00, '2020-03-03 16:10:51', '2020-03-05 10:14:05'),
(429, 16, 6, 0.00, 6743.00, 0.00, '2020-03-03 16:10:53', '2020-03-05 09:55:38'),
(430, 115, 6, 70.00, 0.00, 0.00, '2020-03-03 16:39:00', '2020-03-03 16:39:00'),
(431, 96, 6, 75.00, 0.00, 0.00, '2020-03-03 16:41:22', '2020-03-03 16:41:22'),
(432, 5, 6, 0.00, 3500.00, 0.00, '2020-03-05 09:03:55', '2020-03-05 09:13:39'),
(433, 8, 6, 0.00, 13475.00, 0.00, '2020-03-05 09:13:39', '2020-03-05 09:13:39'),
(434, 15, 6, 0.00, 1100.00, 0.00, '2020-03-05 09:22:38', '2020-03-05 09:57:57'),
(435, 60, 6, 0.00, 40.00, 0.00, '2020-03-05 09:46:13', '2020-03-05 09:46:13'),
(436, 14, 8, 0.00, 25800.00, 0.00, '2020-03-05 10:29:50', '2020-03-05 12:51:12'),
(437, 353, 8, 134100.50, 10790.00, 0.00, '2020-03-05 10:29:50', '2020-03-05 12:51:12'),
(438, 15, 8, 0.00, 8925.00, 0.00, '2020-03-05 11:12:01', '2020-03-05 11:33:38'),
(439, 9, 8, 0.00, 345.00, 0.00, '2020-03-05 11:12:01', '2020-03-05 11:12:01'),
(440, 5, 8, 0.00, 7000.00, 0.00, '2020-03-05 11:39:47', '2020-03-05 11:55:10'),
(441, 8, 8, 0.00, 25557.50, 0.00, '2020-03-05 11:43:17', '2020-03-05 11:54:30'),
(442, 60, 8, 0.00, 56.00, 0.00, '2020-03-05 11:44:08', '2020-03-05 11:44:08'),
(443, 16, 8, 0.00, 61329.00, 0.00, '2020-03-05 11:58:18', '2020-03-05 12:41:38'),
(444, 115, 8, 440.00, 0.00, 0.00, '2020-03-05 12:35:42', '2020-03-05 12:44:13'),
(445, 163, 8, 0.00, 5088.00, 0.00, '2020-03-05 12:42:46', '2020-03-05 12:42:46'),
(446, 85, 8, 10000.00, 0.00, 0.00, '2020-03-05 12:43:30', '2020-03-05 12:43:30'),
(447, 22, 8, 300.00, 0.00, 0.00, '2020-03-05 12:44:41', '2020-03-05 12:44:41'),
(448, 96, 8, 50.00, 0.00, 0.00, '2020-03-05 12:45:08', '2020-03-05 12:45:08'),
(449, 14, 9, 0.00, 6400.00, 0.00, '2020-03-05 12:55:52', '2020-03-05 13:01:33'),
(450, 353, 9, 66816.00, 180.00, 0.00, '2020-03-05 12:55:52', '2020-03-07 10:19:27'),
(451, 15, 9, 0.00, 800.00, 0.00, '2020-03-05 13:02:49', '2020-03-05 13:02:49'),
(452, 344, 9, 0.00, 10000.00, 0.00, '2020-03-05 13:04:29', '2020-03-05 13:04:29'),
(453, 5, 9, 0.00, 6000.00, 0.00, '2020-03-05 13:06:25', '2020-03-05 13:15:20'),
(454, 8, 9, 0.00, 11915.00, 0.00, '2020-03-05 13:11:54', '2020-03-05 13:15:20'),
(455, 16, 9, 20.00, 23191.00, 0.00, '2020-03-07 08:59:18', '2020-03-07 10:09:22'),
(456, 163, 9, 0.00, 8510.00, 0.00, '2020-03-07 10:17:12', '2020-03-07 10:17:12'),
(457, 1, 9, 0.00, 0.00, 0.00, '2020-03-07 10:18:48', '2020-03-07 10:19:00'),
(458, 115, 9, 160.00, 0.00, 0.00, '2020-03-07 10:19:27', '2020-03-07 10:19:27'),
(459, 16, 10, 50.00, 16973.00, 0.00, '2020-03-07 10:36:28', '2020-03-07 10:49:12'),
(460, 353, 10, 58375.50, 11520.00, 0.00, '2020-03-07 10:36:28', '2020-03-07 11:21:32'),
(461, 14, 10, 0.00, 22450.00, 0.00, '2020-03-07 10:37:47', '2020-03-07 10:55:32'),
(462, 163, 10, 10143.00, 0.00, 0.00, '2020-03-07 10:50:22', '2020-03-07 10:50:22'),
(463, 86, 10, 1200.00, 0.00, 0.00, '2020-03-07 10:51:07', '2020-03-07 10:53:25'),
(464, 115, 10, 100.00, 0.00, 0.00, '2020-03-07 10:54:23', '2020-03-07 10:54:23'),
(465, 96, 10, 27.00, 0.00, 0.00, '2020-03-07 10:55:15', '2020-03-07 10:55:15'),
(466, 15, 10, 0.00, 12140.00, 0.00, '2020-03-07 10:57:23', '2020-03-07 11:00:16'),
(467, 5, 10, 0.00, 2000.00, 0.00, '2020-03-07 11:17:17', '2020-03-07 11:21:32'),
(468, 8, 10, 0.00, 4812.50, 0.00, '2020-03-07 11:21:32', '2020-03-07 11:21:32'),
(469, 16, 11, 70.00, 41524.00, 0.00, '2020-03-07 11:27:59', '2020-03-07 12:20:18'),
(470, 353, 11, 44844.00, 16462.00, 0.00, '2020-03-07 11:27:59', '2020-03-07 12:21:37'),
(471, 14, 11, 0.00, 2850.00, 0.00, '2020-03-07 11:36:32', '2020-03-07 11:41:12'),
(472, 8, 11, 0.00, 70.00, 0.00, '2020-03-07 11:41:12', '2020-03-07 11:41:12'),
(473, 1, 11, 0.00, 400.00, 0.00, '2020-03-07 11:42:24', '2020-03-07 11:42:24'),
(474, 432, 11, 14624.00, 0.00, 0.00, '2020-03-07 11:44:23', '2020-03-07 11:44:23'),
(475, 163, 11, 855.00, 0.00, 0.00, '2020-03-07 12:14:40', '2020-03-07 12:21:37'),
(476, 115, 11, 240.00, 0.00, 0.00, '2020-03-07 12:15:11', '2020-03-07 12:15:11'),
(477, 18, 11, 450.00, 0.00, 0.00, '2020-03-07 12:15:42', '2020-03-07 12:15:42'),
(478, 96, 11, 223.00, 0.00, 0.00, '2020-03-07 12:16:09', '2020-03-07 12:16:09'),
(479, 14, 12, 0.00, 21370.00, 0.00, '2020-03-07 12:25:40', '2020-03-07 14:06:10'),
(480, 353, 12, 232518.00, 1822.00, 0.00, '2020-03-07 12:25:40', '2020-03-07 15:06:55'),
(481, 16, 12, 60.00, 52686.00, 0.00, '2020-03-07 12:30:24', '2020-03-07 13:37:52'),
(482, 96, 12, 47.00, 0.00, 0.00, '2020-03-07 13:39:18', '2020-03-07 13:39:18'),
(483, 22, 12, 1500.00, 0.00, 0.00, '2020-03-07 13:39:19', '2020-03-07 13:39:19'),
(484, 115, 12, 215.00, 0.00, 0.00, '2020-03-07 13:39:19', '2020-03-07 13:39:19'),
(485, 5, 12, 0.00, 29000.00, 0.00, '2020-03-07 13:48:36', '2020-03-07 15:06:55'),
(486, 15, 12, 0.00, 2390.00, 0.00, '2020-03-07 14:02:29', '2020-03-07 14:13:57'),
(487, 8, 12, 0.00, 124072.00, 0.00, '2020-03-07 14:34:59', '2020-03-07 15:06:55'),
(488, 12, 12, 0.00, 3000.00, 0.00, '2020-03-07 15:03:50', '2020-03-07 15:03:50'),
(489, 16, 13, 10.00, 6636.00, 0.00, '2020-03-07 15:10:53', '2020-03-07 15:18:54'),
(490, 353, 13, 112505.00, 4765.00, 0.00, '2020-03-07 15:10:53', '2020-03-09 08:35:42'),
(491, 14, 13, 0.00, 40850.00, 0.00, '2020-03-07 15:13:57', '2020-03-09 08:30:25'),
(492, 163, 13, 1970.00, 3164.00, 0.00, '2020-03-07 15:21:15', '2020-03-07 15:34:07'),
(493, 18, 13, 2025.00, 0.00, 0.00, '2020-03-07 15:34:44', '2020-03-07 15:34:44'),
(494, 79, 13, 670.00, 0.00, 0.00, '2020-03-07 15:35:17', '2020-03-07 15:35:17'),
(495, 115, 13, 90.00, 0.00, 0.00, '2020-03-07 15:35:41', '2020-03-07 15:35:41'),
(496, 5, 13, 0.00, 5000.00, 0.00, '2020-03-09 08:12:33', '2020-03-09 08:23:55'),
(497, 8, 13, 0.00, 16835.00, 0.00, '2020-03-09 08:17:54', '2020-03-09 08:29:57'),
(498, 15, 13, 0.00, 20.00, 0.00, '2020-03-09 08:33:42', '2020-03-09 08:33:42'),
(499, 344, 13, 0.00, 40000.00, 0.00, '2020-03-09 08:35:42', '2020-03-09 08:35:42');

-- --------------------------------------------------------

--
-- Table structure for table `dates`
--

CREATE TABLE `dates` (
  `id` int(10) UNSIGNED NOT NULL,
  `date` date NOT NULL,
  `status` int(10) UNSIGNED NOT NULL DEFAULT '0',
  `created_at` timestamp NULL DEFAULT NULL,
  `updated_at` timestamp NULL DEFAULT NULL
) ENGINE=InnoDB DEFAULT CHARSET=utf8mb4 COLLATE=utf8mb4_unicode_ci;

--
-- Dumping data for table `dates`
--

INSERT INTO `dates` (`id`, `date`, `status`, `created_at`, `updated_at`) VALUES
(1, '2020-02-01', 1, NULL, '2020-02-25 17:22:01'),
(2, '2020-02-02', 1, '2020-02-25 17:22:01', '2020-03-01 12:50:47'),
(3, '2020-02-03', 1, '2020-03-01 12:50:47', '2020-03-01 17:07:47'),
(4, '2020-02-04', 1, '2020-03-01 17:07:47', '2020-03-01 17:24:02'),
(5, '2020-02-05', 1, '2020-03-01 17:24:02', '2020-03-03 16:05:46'),
(6, '2020-02-06', 1, '2020-03-03 16:05:46', '2020-03-05 10:15:20'),
(7, '2020-02-07', 1, '2020-03-05 10:15:20', '2020-03-05 10:28:07'),
(8, '2020-02-08', 1, '2020-03-05 10:28:07', '2020-03-05 12:53:36'),
(9, '2020-02-09', 1, '2020-03-05 12:53:36', '2020-03-07 10:21:41'),
(10, '2020-02-10', 1, '2020-03-07 10:21:41', '2020-03-07 11:22:38'),
(11, '2020-02-11', 1, '2020-03-07 11:22:38', '2020-03-07 12:22:05'),
(12, '2020-02-12', 1, '2020-03-07 12:22:05', '2020-03-07 15:08:21'),
(13, '2020-02-13', 0, '2020-03-07 15:08:21', '2020-03-07 15:08:21');

-- --------------------------------------------------------

--
-- Table structure for table `deliveries`
--

CREATE TABLE `deliveries` (
  `id` int(10) UNSIGNED NOT NULL,
  `current_stock_id` int(10) UNSIGNED NOT NULL,
  `stock_id` int(10) UNSIGNED NOT NULL,
  `date_id` int(10) UNSIGNED NOT NULL,
  `quantity` double(10,3) NOT NULL DEFAULT '0.000',
  `unit_id` int(10) UNSIGNED NOT NULL,
  `deleted_at` timestamp NULL DEFAULT NULL,
  `created_at` timestamp NULL DEFAULT NULL,
  `updated_at` timestamp NULL DEFAULT NULL
) ENGINE=InnoDB DEFAULT CHARSET=utf8mb4 COLLATE=utf8mb4_unicode_ci;

--
-- Dumping data for table `deliveries`
--

INSERT INTO `deliveries` (`id`, `current_stock_id`, `stock_id`, `date_id`, `quantity`, `unit_id`, `deleted_at`, `created_at`, `updated_at`) VALUES
(1, 294, 5, 1, 41.000, 1, NULL, '2020-02-25 14:54:36', '2020-02-25 14:54:36'),
(2, 295, 6, 1, 25.000, 1, NULL, '2020-02-25 14:59:04', '2020-02-25 14:59:04'),
(3, 296, 7, 1, 3.000, 1, NULL, '2020-02-25 14:59:04', '2020-02-25 14:59:04'),
(4, 297, 20, 1, 15.100, 1, NULL, '2020-02-25 15:13:24', '2020-02-25 15:13:24'),
(5, 298, 23, 1, 9.100, 1, NULL, '2020-02-25 15:13:24', '2020-02-25 15:13:24'),
(6, 299, 25, 1, 9.850, 1, NULL, '2020-02-25 15:13:24', '2020-02-25 15:13:24'),
(7, 300, 27, 1, 3.250, 1, NULL, '2020-02-25 15:13:24', '2020-02-25 15:13:24'),
(8, 301, 61, 1, 20.700, 1, NULL, '2020-02-25 15:26:03', '2020-02-25 15:26:03'),
(9, 302, 58, 1, 12.700, 1, NULL, '2020-02-25 15:28:51', '2020-02-25 15:28:51'),
(10, 303, 59, 1, 21.000, 1, NULL, '2020-02-25 15:28:51', '2020-02-25 15:28:51'),
(11, 304, 116, 1, 56.000, 4, NULL, '2020-02-25 15:53:17', '2020-02-25 15:53:17'),
(12, 305, 112, 1, 39.000, 1, NULL, '2020-02-25 15:55:46', '2020-02-25 15:55:46'),
(13, 306, 52, 1, 50.000, 1, NULL, '2020-02-25 15:57:58', '2020-02-25 15:57:58'),
(14, 307, 128, 1, 4.000, 1, NULL, '2020-02-25 15:59:11', '2020-02-25 15:59:11'),
(15, 308, 130, 1, 1.000, 1, NULL, '2020-02-25 15:59:11', '2020-02-25 15:59:11'),
(16, 309, 127, 1, 2.000, 1, NULL, '2020-02-25 16:00:28', '2020-02-25 16:00:28'),
(17, 310, 46, 1, 8.000, 1, NULL, '2020-02-25 16:00:28', '2020-02-25 16:00:28'),
(18, 311, 53, 1, 3.000, 1, NULL, '2020-02-25 16:02:28', '2020-02-25 16:02:28'),
(19, 312, 33, 1, 0.050, 1, NULL, '2020-02-25 16:02:28', '2020-02-25 16:02:28'),
(20, 313, 34, 1, 0.100, 1, NULL, '2020-02-25 16:07:04', '2020-02-25 16:07:04'),
(21, 314, 37, 1, 0.200, 1, NULL, '2020-02-25 16:07:04', '2020-02-25 16:07:04'),
(22, 315, 50, 1, 1.000, 1, NULL, '2020-02-25 16:07:27', '2020-02-25 16:07:27'),
(23, 316, 206, 1, 0.250, 1, NULL, '2020-02-25 16:07:58', '2020-02-25 16:07:58'),
(24, 317, 51, 1, 1.000, 1, NULL, '2020-02-25 16:17:03', '2020-02-25 16:17:03'),
(25, 318, 205, 1, 0.250, 1, NULL, '2020-02-25 16:17:03', '2020-02-25 16:17:03'),
(26, 319, 198, 1, 9.000, 1, NULL, '2020-02-25 16:17:03', '2020-02-25 16:17:03'),
(27, 320, 117, 1, 0.600, 4, NULL, '2020-02-25 16:17:03', '2020-02-25 16:17:03'),
(28, 321, 199, 1, 0.500, 1, NULL, '2020-02-25 16:17:03', '2020-02-25 16:17:03'),
(29, 322, 122, 1, 8.000, 6, NULL, '2020-02-25 16:19:53', '2020-02-25 16:19:53'),
(30, 323, 125, 1, 0.800, 1, NULL, '2020-02-25 16:20:45', '2020-02-25 16:20:45'),
(31, 324, 131, 1, 20.000, 6, NULL, '2020-02-25 16:24:43', '2020-02-25 16:24:43'),
(32, 325, 201, 1, 7.000, 6, NULL, '2020-02-25 16:24:43', '2020-02-25 16:24:43'),
(33, 326, 118, 1, 69.000, 6, NULL, '2020-02-25 16:24:43', '2020-02-25 16:24:43'),
(34, 327, 119, 1, 12.000, 6, NULL, '2020-02-25 16:24:43', '2020-02-25 16:24:43'),
(35, 328, 137, 1, 1.000, 6, NULL, '2020-02-25 16:24:43', '2020-02-25 16:24:43'),
(36, 329, 210, 1, 8.000, 6, NULL, '2020-02-25 16:24:43', '2020-02-25 16:24:43'),
(37, 330, 211, 1, 7.800, 1, NULL, '2020-02-25 16:24:43', '2020-02-25 16:24:43'),
(38, 331, 212, 1, 0.850, 1, NULL, '2020-02-25 16:24:43', '2020-02-25 16:24:43'),
(39, 332, 217, 1, 0.600, 1, NULL, '2020-02-25 16:24:43', '2020-02-25 16:24:43'),
(40, 333, 138, 1, 465.000, 6, NULL, '2020-02-25 16:29:33', '2020-02-25 16:29:33'),
(41, 334, 68, 1, 57.000, 1, NULL, '2020-02-25 16:29:33', '2020-02-25 16:29:33'),
(42, 335, 69, 1, 2.000, 1, NULL, '2020-02-25 16:29:33', '2020-02-25 16:29:33'),
(43, 336, 72, 1, 170.000, 6, NULL, '2020-02-25 16:29:33', '2020-02-25 16:29:33'),
(44, 337, 73, 1, 45.000, 1, NULL, '2020-02-25 16:29:33', '2020-02-25 16:29:33'),
(45, 338, 76, 1, 1.000, 1, NULL, '2020-02-25 16:29:33', '2020-02-25 16:29:33'),
(46, 339, 78, 1, 8.000, 6, NULL, '2020-02-25 16:29:33', '2020-02-25 16:29:33'),
(47, 340, 80, 1, 4.000, 1, NULL, '2020-02-25 16:29:33', '2020-02-25 16:29:33'),
(48, 341, 81, 1, 4.000, 1, NULL, '2020-02-25 16:29:33', '2020-02-25 16:29:33'),
(49, 342, 82, 1, 9.000, 1, NULL, '2020-02-25 16:29:33', '2020-02-25 16:29:33'),
(50, 343, 216, 1, 22.000, 1, NULL, '2020-02-25 16:29:33', '2020-02-25 16:29:33'),
(51, 344, 93, 1, 58.000, 6, NULL, '2020-02-25 16:31:07', '2020-02-25 16:31:07'),
(52, 345, 94, 1, 23.000, 6, NULL, '2020-02-25 16:31:07', '2020-02-25 16:31:07'),
(53, 346, 215, 1, 70.000, 6, NULL, '2020-02-25 16:32:58', '2020-02-25 16:32:58'),
(54, 347, 148, 1, 0.664, 1, NULL, '2020-02-25 16:39:54', '2020-02-25 16:39:54'),
(55, 348, 147, 1, 310.000, 6, NULL, '2020-02-25 16:39:54', '2020-02-25 16:39:54'),
(56, 349, 144, 1, 360.000, 6, NULL, '2020-02-25 16:39:54', '2020-02-25 16:39:54'),
(57, 350, 207, 1, 1.000, 1, NULL, '2020-02-25 16:40:58', '2020-02-25 16:40:58'),
(58, 351, 209, 1, 6.600, 1, NULL, '2020-02-25 16:40:58', '2020-02-25 16:40:58'),
(59, 354, 214, 1, 10.000, 1, NULL, '2020-02-25 16:50:32', '2020-02-25 16:50:32'),
(60, 355, 200, 1, 1.500, 1, NULL, '2020-02-25 16:51:40', '2020-02-25 16:51:40'),
(61, 356, 108, 1, 210.000, 6, NULL, '2020-02-25 16:56:32', '2020-02-25 16:56:32'),
(62, 357, 66, 1, 115.000, 6, NULL, '2020-02-25 16:58:04', '2020-02-25 16:58:04'),
(63, 385, 23, 2, 10.100, 1, NULL, '2020-02-25 18:52:17', '2020-02-25 18:52:17'),
(64, 386, 25, 2, 2.000, 1, NULL, '2020-02-25 18:52:17', '2020-02-25 18:52:17'),
(65, 387, 27, 2, 0.500, 1, NULL, '2020-02-25 18:52:17', '2020-02-25 18:52:17'),
(66, 388, 63, 2, 8.000, 1, NULL, '2020-02-25 18:52:43', '2020-02-25 18:52:43'),
(67, 389, 73, 2, 12.000, 1, NULL, '2020-02-25 18:56:32', '2020-02-25 18:56:32'),
(68, 390, 72, 2, 60.000, 6, NULL, '2020-02-25 18:56:32', '2020-02-25 18:56:32'),
(69, 391, 76, 2, 1.000, 1, NULL, '2020-02-25 18:56:32', '2020-02-25 18:56:32'),
(70, 392, 80, 2, 1.000, 1, NULL, '2020-02-25 18:56:32', '2020-02-25 18:56:32'),
(71, 393, 70, 2, 3.000, 1, NULL, '2020-02-25 18:56:32', '2020-02-25 18:56:32'),
(72, 394, 81, 2, 3.000, 1, NULL, '2020-02-25 18:56:32', '2020-02-25 18:56:32'),
(73, 395, 82, 2, 3.000, 1, NULL, '2020-02-25 18:56:32', '2020-02-25 18:56:32'),
(74, 396, 69, 2, 5.000, 1, NULL, '2020-02-25 18:56:32', '2020-02-25 18:56:32'),
(75, 397, 200, 2, 1.500, 1, NULL, '2020-02-25 18:56:32', '2020-02-25 18:56:32'),
(76, 398, 198, 2, 4.000, 1, NULL, '2020-02-25 18:56:32', '2020-02-25 18:56:32'),
(77, 399, 218, 2, 2.300, 1, NULL, '2020-02-25 18:58:28', '2020-02-25 18:58:28'),
(78, 400, 123, 2, 1.000, 6, NULL, '2020-02-25 18:58:28', '2020-02-25 18:58:28'),
(79, 401, 210, 2, 12.000, 6, NULL, '2020-02-25 18:58:28', '2020-02-25 18:58:28'),
(80, 402, 108, 2, 15.000, 6, NULL, '2020-02-25 18:58:28', '2020-02-25 18:58:28'),
(81, 403, 61, 2, 15.300, 1, NULL, '2020-02-25 19:00:25', '2020-02-25 19:00:25'),
(82, 404, 130, 2, 2.500, 1, NULL, '2020-02-25 19:00:25', '2020-02-25 19:00:25'),
(83, 405, 215, 2, 50.000, 6, NULL, '2020-02-25 19:00:25', '2020-02-25 19:00:25'),
(84, 406, 216, 2, 15.000, 1, NULL, '2020-02-25 19:00:25', '2020-02-25 19:00:25');

-- --------------------------------------------------------

--
-- Table structure for table `e1_departments`
--

CREATE TABLE `e1_departments` (
  `id` int(10) UNSIGNED NOT NULL,
  `name` varchar(100) COLLATE utf8mb4_unicode_ci NOT NULL,
  `description` varchar(255) COLLATE utf8mb4_unicode_ci DEFAULT NULL,
  `created_at` timestamp NULL DEFAULT NULL,
  `updated_at` timestamp NULL DEFAULT NULL
) ENGINE=InnoDB DEFAULT CHARSET=utf8mb4 COLLATE=utf8mb4_unicode_ci;

--
-- Dumping data for table `e1_departments`
--

INSERT INTO `e1_departments` (`id`, `name`, `description`, `created_at`, `updated_at`) VALUES
(1, 'Test', NULL, '2019-12-05 00:16:52', NULL),
(4, 'Department', NULL, '2019-12-06 23:15:30', NULL),
(5, 'Name', NULL, '2019-12-13 05:10:30', NULL);

-- --------------------------------------------------------

--
-- Table structure for table `e2_employee_designations`
--

CREATE TABLE `e2_employee_designations` (
  `id` int(10) UNSIGNED NOT NULL,
  `name` varchar(100) COLLATE utf8mb4_unicode_ci NOT NULL,
  `description` varchar(255) COLLATE utf8mb4_unicode_ci DEFAULT NULL,
  `created_at` timestamp NULL DEFAULT NULL,
  `updated_at` timestamp NULL DEFAULT NULL
) ENGINE=InnoDB DEFAULT CHARSET=utf8mb4 COLLATE=utf8mb4_unicode_ci;

--
-- Dumping data for table `e2_employee_designations`
--

INSERT INTO `e2_employee_designations` (`id`, `name`, `description`, `created_at`, `updated_at`) VALUES
(1, 'Deputy Director', '', '2019-09-09 13:36:14', NULL),
(2, 'Asst. Director', '', '2019-09-09 13:36:29', NULL),
(3, 'Manager', '', '2019-09-09 13:36:38', NULL),
(4, 'Accounts Officer', '', '2019-09-09 13:36:43', NULL),
(5, 'Service Manager', '', '2019-10-06 22:36:35', NULL),
(6, 'Receptionist', '', '2019-10-06 22:37:02', NULL),
(7, 'Electric Officer', '', '2019-10-06 22:37:29', NULL),
(8, 'Service Officer', '', '2019-10-06 22:37:49', NULL),
(9, 'Guard', '', '2019-10-06 22:38:13', NULL);

-- --------------------------------------------------------

--
-- Table structure for table `e3_salary_grades`
--

CREATE TABLE `e3_salary_grades` (
  `id` int(10) UNSIGNED NOT NULL,
  `name` varchar(30) COLLATE utf8mb4_unicode_ci NOT NULL,
  `type` smallint(6) NOT NULL,
  `provident_fund` varchar(191) COLLATE utf8mb4_unicode_ci NOT NULL,
  `basic_salary` varchar(191) COLLATE utf8mb4_unicode_ci NOT NULL,
  `transportation_allowance` varchar(191) COLLATE utf8mb4_unicode_ci NOT NULL,
  `dinning_allowance` varchar(191) COLLATE utf8mb4_unicode_ci NOT NULL,
  `other_allowance` varchar(191) COLLATE utf8mb4_unicode_ci NOT NULL,
  `home_rent` varchar(191) COLLATE utf8mb4_unicode_ci NOT NULL,
  `gross_salary` varchar(191) COLLATE utf8mb4_unicode_ci NOT NULL,
  `note` varchar(191) COLLATE utf8mb4_unicode_ci DEFAULT NULL,
  `created_at` timestamp NULL DEFAULT NULL,
  `updated_at` timestamp NULL DEFAULT NULL
) ENGINE=InnoDB DEFAULT CHARSET=utf8mb4 COLLATE=utf8mb4_unicode_ci;

--
-- Dumping data for table `e3_salary_grades`
--

INSERT INTO `e3_salary_grades` (`id`, `name`, `type`, `provident_fund`, `basic_salary`, `transportation_allowance`, `dinning_allowance`, `other_allowance`, `home_rent`, `gross_salary`, `note`, `created_at`, `updated_at`) VALUES
(1, 'SALARY GRADE test', 1, '300', '2000', '1000', '100', '200', '500', '500', 'Note', '2019-12-05 07:53:57', NULL);

-- --------------------------------------------------------

--
-- Table structure for table `e4_employees`
--

CREATE TABLE `e4_employees` (
  `id` int(10) UNSIGNED NOT NULL,
  `department_id` int(10) UNSIGNED NOT NULL,
  `type_id` enum('0','3','5') COLLATE utf8mb4_unicode_ci NOT NULL DEFAULT '0',
  `name` varchar(191) COLLATE utf8mb4_unicode_ci NOT NULL,
  `date_of_birth` date DEFAULT NULL,
  `phone` varchar(191) COLLATE utf8mb4_unicode_ci DEFAULT NULL,
  `address` varchar(191) COLLATE utf8mb4_unicode_ci DEFAULT NULL,
  `blood_group` char(10) COLLATE utf8mb4_unicode_ci DEFAULT NULL,
  `designation_id` int(10) UNSIGNED NOT NULL DEFAULT '0',
  `salary_grade_id` int(10) UNSIGNED NOT NULL DEFAULT '0',
  `emergency_contact` char(30) COLLATE utf8mb4_unicode_ci DEFAULT NULL,
  `other` text COLLATE utf8mb4_unicode_ci,
  `created_at` timestamp NULL DEFAULT NULL,
  `updated_at` timestamp NULL DEFAULT NULL
) ENGINE=InnoDB DEFAULT CHARSET=utf8mb4 COLLATE=utf8mb4_unicode_ci;

--
-- Dumping data for table `e4_employees`
--

INSERT INTO `e4_employees` (`id`, `department_id`, `type_id`, `name`, `date_of_birth`, `phone`, `address`, `blood_group`, `designation_id`, `salary_grade_id`, `emergency_contact`, `other`, `created_at`, `updated_at`) VALUES
(1, 5, '3', 'Service Staff', '2019-05-12', '243563', 'Dhaka', 'A+', 5, 1, '3245235235', NULL, '2020-02-20 09:05:00', '2019-12-13 07:50:27'),
(3, 4, '0', 'Amol Kumar Paul', '1988-03-20', '01708559667', 'Sirajgonj', 'A+', 5, 1, '01736221591', NULL, '2020-02-20 08:55:49', '2020-02-20 08:55:49'),
(4, 1, '0', 'Palash Kumar Saha', '1980-02-20', '01708559670', 'Mymensingh', 'B+', 3, 1, '0170585826', NULL, '2020-02-20 09:00:15', '2020-02-20 09:00:15'),
(5, 5, '0', 'Tumpa Goswami', '1982-02-20', '01914981426', 'Mechua Bazar,Mymensingh', 'B+', 6, 1, '01708559668', NULL, '2020-02-20 09:01:35', '2020-02-20 09:01:35'),
(6, 4, '0', 'Abul Kalam Azad', '1992-02-20', '01717053629', 'Sherpur', 'B+', 4, 1, '01914561645', NULL, '2020-02-20 09:02:45', '2020-02-20 09:02:45'),
(7, 5, '0', 'Noor Mahamud', '1976-02-20', '01708559695', 'Mymensingh', 'B-', 2, 1, '01711452387', NULL, '2020-02-20 09:04:12', '2020-02-20 09:04:12');

-- --------------------------------------------------------

--
-- Table structure for table `e5_leave_categories`
--

CREATE TABLE `e5_leave_categories` (
  `id` int(10) UNSIGNED NOT NULL,
  `name` varchar(191) COLLATE utf8mb4_unicode_ci NOT NULL,
  `details` varchar(191) COLLATE utf8mb4_unicode_ci DEFAULT NULL,
  `created_at` timestamp NULL DEFAULT NULL,
  `updated_at` timestamp NULL DEFAULT NULL
) ENGINE=InnoDB DEFAULT CHARSET=utf8mb4 COLLATE=utf8mb4_unicode_ci;

--
-- Dumping data for table `e5_leave_categories`
--

INSERT INTO `e5_leave_categories` (`id`, `name`, `details`, `created_at`, `updated_at`) VALUES
(1, 'Name2', NULL, '2019-12-13 05:16:20', NULL),
(2, 'Name 3', NULL, '2020-02-15 08:54:58', NULL);

-- --------------------------------------------------------

--
-- Table structure for table `e6_leaves`
--

CREATE TABLE `e6_leaves` (
  `id` int(10) UNSIGNED NOT NULL,
  `name` varchar(100) COLLATE utf8mb4_unicode_ci NOT NULL,
  `duration` varchar(191) COLLATE utf8mb4_unicode_ci NOT NULL,
  `leave_category_id` int(10) UNSIGNED NOT NULL,
  `description` varchar(255) COLLATE utf8mb4_unicode_ci DEFAULT NULL,
  `created_at` timestamp NULL DEFAULT NULL,
  `updated_at` timestamp NULL DEFAULT NULL
) ENGINE=InnoDB DEFAULT CHARSET=utf8mb4 COLLATE=utf8mb4_unicode_ci;

--
-- Dumping data for table `e6_leaves`
--

INSERT INTO `e6_leaves` (`id`, `name`, `duration`, `leave_category_id`, `description`, `created_at`, `updated_at`) VALUES
(1, 'Name2', '2019-12-03-2019-12-05', 1, NULL, '2019-12-13 05:17:51', NULL);

-- --------------------------------------------------------

--
-- Table structure for table `general_infos`
--

CREATE TABLE `general_infos` (
  `id` int(10) UNSIGNED NOT NULL,
  `name` varchar(191) COLLATE utf8mb4_unicode_ci NOT NULL,
  `text` varchar(191) COLLATE utf8mb4_unicode_ci DEFAULT NULL,
  `value` double(14,2) NOT NULL DEFAULT '0.00',
  `date` date DEFAULT NULL,
  `created_at` timestamp NULL DEFAULT NULL,
  `updated_at` timestamp NULL DEFAULT NULL
) ENGINE=InnoDB DEFAULT CHARSET=utf8mb4 COLLATE=utf8mb4_unicode_ci;

-- --------------------------------------------------------

--
-- Table structure for table `guests`
--

CREATE TABLE `guests` (
  `id` int(10) UNSIGNED NOT NULL,
  `name` varchar(191) COLLATE utf8mb4_unicode_ci NOT NULL,
  `org_name` varchar(191) COLLATE utf8mb4_unicode_ci DEFAULT NULL,
  `designation` varchar(191) COLLATE utf8mb4_unicode_ci DEFAULT NULL,
  `contact_no` varchar(191) COLLATE utf8mb4_unicode_ci NOT NULL,
  `address` text COLLATE utf8mb4_unicode_ci,
  `appearance` smallint(5) UNSIGNED NOT NULL DEFAULT '1',
  `created_at` timestamp NULL DEFAULT NULL,
  `updated_at` timestamp NULL DEFAULT NULL
) ENGINE=InnoDB DEFAULT CHARSET=utf8mb4 COLLATE=utf8mb4_unicode_ci;

--
-- Dumping data for table `guests`
--

INSERT INTO `guests` (`id`, `name`, `org_name`, `designation`, `contact_no`, `address`, `appearance`, `created_at`, `updated_at`) VALUES
(1, 'Astra Biopharmaceuticals Ltd.', 'Astra Biopharmaceuticals Ltd.', 'Org.', '01355669988', 'Mym', 1, '2020-02-16 16:03:04', '2020-02-16 16:03:04'),
(2, 'Astra Biopharmaceuticals Ltd.', 'Astra Biopharmaceuticals Ltd.', 'Org.', '01344455667', 'Mym', 1, '2020-02-17 13:20:33', '2020-02-17 13:20:33'),
(3, 'Asatra Biopharmaceuticals Ltd.', 'Asatra Biopharmaceuticals Ltd.', 'Org.', '01344445556', 'Mym', 1, '2020-02-17 14:52:32', '2020-02-17 14:52:32'),
(4, 'SK+F Pharmaceuticals Ltd.', 'SK+F', 'Org.', '01344455226', 'Mym', 1, '2020-02-17 15:19:15', '2020-02-17 15:19:15'),
(5, 'SK+F Pharmaceuticals Ltd.', 'SK+F Pharmaceuticals Ltd.', 'ogr.', '01399999988', 'mym', 1, '2020-02-17 16:32:42', '2020-02-17 16:32:42'),
(6, 'Radiant Pharmaceuticals Ltd.', 'Radiant Pharmaceuticals Ltd.', 'Org.', '01455555555', 'Mym', 1, '2020-02-17 16:39:51', '2020-02-17 16:39:51'),
(7, 'Radiant Pharmaceuticals Ltd.', 'Radiant Pharmaceuticals Ltd.', 'Org.', '01344444444', 'mym', 1, '2020-02-17 16:43:50', '2020-02-17 16:43:50'),
(8, 'Ziska Pharmaceuticals Ltd.', 'Ziska Pharmaceuticals Ltd.', 'org.', '013444555667', 'mym', 1, '2020-02-17 16:55:15', '2020-02-17 16:55:15'),
(9, 'Ziska Pharmaceuticals Ltd.', 'Ziska Pharmaceuticals Ltd.', 'org', '01344455555', 'mym', 1, '2020-02-17 17:10:41', '2020-02-17 17:10:41'),
(10, 'Akij Plastic Limited', 'Akij Plastic Limited', 'org.', '01333333333', 'mym', 1, '2020-02-17 17:34:23', '2020-02-17 17:34:23'),
(11, 'Akij Plastics Limited', 'Akij Plastics Limited', 'Org.', '01333333333', 'mym', 2, '2020-02-17 17:39:05', '2020-02-17 17:39:05'),
(12, 'Akij Plastic Limited', 'Akij Plastic Limited', 'Org.', '013222222222', 'mym', 1, '2020-02-17 17:42:25', '2020-02-17 17:42:25'),
(13, 'Akij Plastic Limited', 'A', 'O', '013333333333', 'mym', 1, '2020-02-17 17:44:37', '2020-02-17 17:44:37'),
(14, 'Rajib Singha', 'SMC', 'Sm', '01967626463', 'mym', 1, '2020-02-19 22:34:58', '2020-02-19 22:34:58'),
(15, 'Tauhidur Rahman', 'smc', 'sm', '01786239688', 'mym', 1, '2020-02-19 22:36:59', '2020-02-19 22:36:59'),
(16, 'Md. Mizanur Rahman', 'smc', 'sm', '01725823161', 'mym', 1, '2020-02-19 22:38:31', '2020-02-19 22:38:31'),
(17, 'Md. Mahbubur Rahman', 'smc', 'sm', '01721074071', 'mys', 1, '2020-02-19 22:39:49', '2020-02-19 22:39:49'),
(18, 'Md. Golam Easin', 'smc', 'sm', '01712032007', 'mym', 1, '2020-02-19 22:41:09', '2020-02-19 22:41:09'),
(19, 'Md. Sawkhaut Hossain', 'smc', 'sm', '01722045307', 'mym', 1, '2020-02-19 22:43:15', '2020-02-19 22:43:15'),
(20, 'Nuruzaman', 'smc', 'sm', '01914505177', 'mym', 1, '2020-02-19 22:45:33', '2020-02-19 22:45:33'),
(21, 'Nuruzzaman', 'smc', 'sm', '01914505177', 'mym', 2, '2020-02-19 22:46:41', '2020-02-19 22:46:41'),
(22, 'Md. Mehedi Hasan', 'smc', 'sm', '01715338093', 'mym', 1, '2020-02-19 22:48:16', '2020-02-19 22:48:16'),
(23, 'Md. Ebrahim Khalil', 'Ziska Pharma', 'sm', '01958598749', 'mym', 1, '2020-02-19 22:49:57', '2020-02-19 22:49:57'),
(24, 'Md. Masud Rana', 'Akij', 'sm', '01725652532', 'mym', 1, '2020-02-19 22:51:36', '2020-02-19 22:51:36'),
(25, 'Quazi Md. Jaforullah', 'smc', 'sm', '01711432076', 'mym', 1, '2020-02-19 22:53:57', '2020-02-19 22:53:57'),
(26, 'Md. Rakib', 'BAU', 'Teacher', '01733339292', 'Uttara,Dhaka', 1, '2020-02-19 22:58:26', '2020-02-19 22:58:26'),
(27, 'Humaiun Kabir', 'Akij Plastic Ltd.', 'Sm', '01712169277', 'Dhaka', 1, '2020-02-19 23:00:17', '2020-02-19 23:00:17'),
(28, 'Md. Sabidullah', 'General Pharmaceuticals', 'SM', '01874049427', 'Mym', 1, '2020-02-19 23:02:14', '2020-02-19 23:02:14'),
(29, 'Md. Forhad', 'ACI', 'SM', '01777969578', 'Mym', 1, '2020-02-19 23:03:35', '2020-02-19 23:03:35'),
(30, 'Firoz Ahmed Kabir', 'Azad Group', 'SM', '01718082702', 'MYM', 1, '2020-02-19 23:07:15', '2020-02-19 23:07:15'),
(31, 'Md. Azad', 'General Pharmaceuticals', 'sm', '01872601687', 'mym', 1, '2020-02-19 23:09:23', '2020-02-19 23:09:23'),
(32, 'Md. Azad', 'General', 'sm', '018726016887', 'Mym', 1, '2020-02-19 23:12:14', '2020-02-19 23:12:14'),
(33, 'Humaiun Kabir Riaz', 'General Pharma', 'sm', '01872601691', 'mym', 1, '2020-02-19 23:14:10', '2020-02-19 23:14:10'),
(34, 'Md. Nazrul Islam', 'General', 'sm', '01872601663', 'Mym', 1, '2020-02-19 23:16:07', '2020-02-19 23:16:07'),
(35, 'Selim Mia', 'Azad Group', 'sm', '01970010830', 'mym', 1, '2020-02-19 23:19:33', '2020-02-19 23:19:33'),
(36, 'Ashraful Islam', 'Azad Group', 'sm', '01970010842', 'mym', 1, '2020-02-19 23:21:24', '2020-02-19 23:21:24'),
(37, 'Sandeep Goshane', 'Transcom', 'sm', '0177770076', 'mym', 1, '2020-02-19 23:23:50', '2020-02-19 23:23:50'),
(38, 'Sandeep Gashare', 'Transcom', 'Sm', '01700008888', 'India', 1, '2020-02-19 23:27:01', '2020-02-19 23:27:01'),
(39, 'Sandeep Gosami', 'Transcom', 'Officer', '01717735073', 'kaji para Joassore', 1, '2020-02-25 12:14:12', '2020-02-25 12:14:12'),
(40, 'Md.Rakib', 'BAU', 'Teacher', '01733339292', 'Uttara Dhaka', 2, '2020-02-25 12:24:50', '2020-02-25 12:24:50'),
(41, 'quazi Md.Jafurllah', 'MSC', 'Officer', '01711432076', 'Mymensingh', 2, '2020-02-25 12:32:37', '2020-02-25 12:32:37'),
(42, 'Md.Mehedi Hassan', 'SMC', 'Officer', '01715338093', 'Mymensingh', 2, '2020-02-25 12:38:19', '2020-02-25 12:38:19'),
(43, 'Nuruzzaman', 'SMC', 'Officer', '01914505177', 'Mymensingh', 3, '2020-02-25 12:47:51', '2020-02-25 12:47:51'),
(44, 'Nuruzaman', 'SMC', 'Officer', '01914505177', 'Mymensingh', 4, '2020-02-25 12:50:34', '2020-02-25 12:50:34'),
(45, 'Noruzzman', 'SMC', 'Officer', '01914505177', 'Mymensingh', 5, '2020-02-25 12:52:58', '2020-02-25 12:52:58'),
(46, 'Md. Sawkhaut Hossain', 'SMC', 'Office', '01722045307', 'Mymensingh', 2, '2020-02-25 12:57:14', '2020-02-25 12:57:14'),
(47, 'Md. Golam Easin', 'SMC', 'Officer', '01712032007', 'Mymensingh', 2, '2020-02-25 13:00:23', '2020-02-25 13:00:23'),
(48, 'Md. Mahbubur Rahman', 'SMC', 'Officer', '01721074071', 'Mymensingh', 2, '2020-02-25 13:03:29', '2020-02-25 13:03:29'),
(49, 'Md. Mizanur Rahman', 'SMC', 'Office', '01725823161', 'Mymensingh', 2, '2020-02-25 13:08:53', '2020-02-25 13:08:53'),
(50, 'Tauhidur Rahman', 'SMC', 'Officer', '01786239688', 'Mymensingh', 2, '2020-02-25 13:13:33', '2020-02-25 13:13:33'),
(51, 'Rajib Singha', 'SMC', 'Officer', '01967626463', 'Mymensingh', 2, '2020-02-25 13:16:21', '2020-02-25 13:16:21'),
(52, 'Md.Rakib', 'BAU', 'Teacher', '01733339292', 'Mymensingh', 3, '2020-02-25 15:42:12', '2020-02-25 15:42:12'),
(53, 'Popular Pharmaceuticals Ltd', 'Popular Pharmaceuticals Ltd', 'Company', '01711585429', 'Mymensingh', 1, '2020-02-25 18:21:48', '2020-02-25 18:21:48'),
(54, 'Abir', 'ACI Motors', 'Company', '01799993035', 'Mymensingh', 1, '2020-02-25 18:40:13', '2020-02-25 18:40:13'),
(55, 'Abir', 'ACI Motors Ltd', 'Company', '01799993035', 'Mymensingh', 2, '2020-02-25 18:58:40', '2020-02-25 18:58:40'),
(56, 'Rasel Miah', 'ACI', 'SM', '01625620006', 'Mymensingh', 1, '2020-02-25 19:20:33', '2020-02-25 19:20:33'),
(57, 'Dr. Md. Shahid Hossain', 'ACME L. L', 'Officer', '01713430529', 'Mymensingh', 1, '2020-02-25 19:33:08', '2020-02-25 19:33:08'),
(58, 'Md. Mukhlesur Rahman', 'General Pharmaceuticals Ltd.', 'SSM', '01872601735', 'Mymensingh', 1, '2020-02-25 19:37:18', '2020-02-25 19:37:18'),
(59, 'Md. Mukhlesur Rahman', 'General Pharmaceuticals Ltd.', 'SM', '01872601735', 'Sherpur', 2, '2020-02-25 19:39:42', '2020-02-25 19:39:42'),
(60, 'xxxcc ddd', 'aa', 'ff', '01711585429', 'ssahgsd ajsdga', 2, '2020-02-26 12:17:58', '2020-02-26 12:17:58'),
(61, 'Md. Lutfar Rahman', 'Popular Pharmaceuticals Ltd.', 'Manager', '0182257229', 'Popular', 1, '2020-03-01 11:01:47', '2020-03-01 11:01:47'),
(62, 'Md. Lutfar Rahman', 'Popular Pharmaceuticals Ltd.', 'Manager', '01822575229', 'Dhaka', 1, '2020-03-01 11:20:14', '2020-03-01 11:20:14'),
(63, 'Md. Lutfar Rahman', 'Popular Pharmaceuticals Ltd.', 'Manager', '01822575229', 'Dhaka', 2, '2020-03-01 11:35:39', '2020-03-01 11:35:39'),
(64, 'Md.Ranju', 'Nokia Mobaile', 'Driver', '01714559071', 'Nokia', 1, '2020-03-01 13:07:21', '2020-03-01 13:07:21'),
(65, 'Dr. Md. Nur-E-Azam', 'Popular Pharmaceuticals Ltd.', 'DR.', '01844192297', 'Popular', 1, '2020-03-01 13:12:09', '2020-03-01 13:12:09'),
(66, 'Moinul Islam Khan', 'Aci', 'Sales Man', '01313076583', 'Aci', 1, '2020-03-01 13:16:41', '2020-03-01 13:16:41'),
(67, 'Waheduzzaman', 'Aci', 'Sales Man', '01714853090', 'Feni', 1, '2020-03-01 13:20:44', '2020-03-01 13:20:44'),
(68, 'Md. Waheduzzaman', 'ACI', 'Sales Man', '01714853090', 'Feni', 2, '2020-03-01 13:26:38', '2020-03-01 13:26:38'),
(69, 'Sheikh Sharif Uddin Rajib', 'Genaral Pharmaceuticls LTD.', 'RSM', '01844095124', 'Dhaka', 1, '2020-03-01 13:32:39', '2020-03-01 13:32:39'),
(70, 'Md.Sossain Mobarak', 'Nitol Motors Ltd.', 'Rm', '01922123534', 'Nitol', 1, '2020-03-01 13:36:20', '2020-03-01 13:36:20'),
(71, 'Abdul Awal Roni', 'Nitol Motors Ltd', 'Officer', '01713094398', 'Nitol', 1, '2020-03-01 13:39:17', '2020-03-01 13:39:17'),
(72, 'Abu Tauhid Kiron', 'Media', 'Artist', '01711224313', 'Media', 1, '2020-03-01 13:44:51', '2020-03-01 13:44:51'),
(73, 'Md.Alamin', 'Nitol Motors Ltd', 'Driver', '0171216448', 'NItol', 1, '2020-03-01 13:47:25', '2020-03-01 13:47:25'),
(74, 'Aminul Islam', 'Dudhok', 'Officer', '017125028152', 'Mymensingh', 1, '2020-03-01 15:09:54', '2020-03-01 15:09:54'),
(75, 'Aminul Islam', 'Dudhok', 'Officer', '017125028152', 'Mymensingh', 2, '2020-03-01 15:14:01', '2020-03-01 15:14:01'),
(76, 'Md. Rayhan', 'Nokia Mobile', 'Officer', '0155058937', 'Nokia', 1, '2020-03-01 15:35:58', '2020-03-01 15:35:58'),
(77, 'Md. Raihan', 'Nokia', 'Officer', '01550158937', 'Nokia', 1, '2020-03-01 15:38:55', '2020-03-01 15:38:55'),
(78, 'Anik', 'Mak Distribution Ltd.', 'SRM', '01712586400', 'Trishal', 1, '2020-03-01 16:30:02', '2020-03-01 16:30:02'),
(79, 'Md.Nantu Hossain', 'Eon Group', 'Officer', '01612270966', 'Uttara,Dhaka', 1, '2020-03-01 17:26:41', '2020-03-01 17:26:41'),
(80, 'Faruk Hossain', 'Media', 'Artist', '01755521822', 'Dhaka', 1, '2020-03-01 17:28:57', '2020-03-01 17:28:57'),
(81, 'Jahidul', 'Eon Group', 'Sales Man', '01313448184', 'Dhaka', 1, '2020-03-01 17:46:58', '2020-03-01 17:46:58'),
(82, 'Shomrat', 'GP', 'Driver', '01763635625', 'Dhaka', 1, '2020-03-01 17:56:14', '2020-03-01 17:56:14'),
(83, 'Monirul Islam', 'Eon Group', 'Sales Man', '01708467514', 'Dhaka', 1, '2020-03-01 17:57:59', '2020-03-01 17:57:59'),
(84, 'Md.Asadul Islam Khan', 'Azad Group', 'Officer', '01970010843', 'Dhaka', 1, '2020-03-01 18:04:16', '2020-03-01 18:04:16'),
(85, 'Asadul Islam Khan', 'Azad Group', 'Rsm', '01970010843', 'Mymensingh Sadar,mymensingh', 2, '2020-03-03 12:21:56', '2020-03-03 12:21:56'),
(86, 'Irfan', 'Nitol Motors Ltd.', 'Sales Man', '0131578267', 'Nitol', 1, '2020-03-03 14:16:11', '2020-03-03 14:16:11'),
(87, 'Md.Washim Akram', 'Banglalink Care', 'Marketing Officer', '01962424841', 'Dhaka', 1, '2020-03-03 14:19:00', '2020-03-03 14:19:00'),
(88, 'Md.Amirul Islam', 'JTI', 'M.O', '01716386116', 'Dhaka', 1, '2020-03-03 14:20:33', '2020-03-03 14:20:33'),
(89, 'Md.Rafiqul Islam', 'General Pharmaceuticals Ltd.', 'RSM', '01872601938', 'Mymensingh Sadar,mymensingh', 1, '2020-03-03 14:35:36', '2020-03-03 14:35:36'),
(90, 'Md. Masud', 'Runner Auto Mobiles Ltd.', 'RM', '01730407527', 'Trishal', 1, '2020-03-03 16:01:28', '2020-03-03 16:01:28'),
(91, 'Md Nasir Uddin Mia', 'RRP', 'Officer', '01762019343', 'Savar, Dhaka', 1, '2020-03-03 16:10:51', '2020-03-03 16:10:51'),
(92, 'Kablu Das', 'ACI', 'SM', '01719748404', 'Dhaka', 1, '2020-03-03 16:18:11', '2020-03-03 16:18:11'),
(93, 'Rezuna Bhuiya', 'WHO', 'Officer', '01786279327', 'Dhaka', 1, '2020-03-03 16:20:15', '2020-03-03 16:20:15'),
(94, 'Md Alamgir Hossain', 'Modina Pharma', 'RM', '01717839291', 'Dhaka', 1, '2020-03-03 16:23:21', '2020-03-03 16:23:21'),
(95, 'Md Monir', 'GP', 'RM', '01711490817', 'Dhaka', 1, '2020-03-03 16:25:54', '2020-03-03 16:25:54'),
(96, 'Md Harunor Rashid', 'Fishtech Hatchery Ltd', 'Officer', '01926990196', 'Dhaka', 1, '2020-03-03 16:28:24', '2020-03-03 16:28:24'),
(97, 'Md Koddus', 'Kazi Farms Group', 'Driver', '01855975320', 'Dhaka', 1, '2020-03-03 16:30:07', '2020-03-03 16:30:07'),
(98, 'Md Jahan Ali', 'EON Group', 'RM', '01700713185', 'Dhaka', 1, '2020-03-03 16:33:10', '2020-03-03 16:33:10'),
(99, 'Md Saiful Islam', 'EON Group', 'RM', '01708495102', 'Dhaka', 1, '2020-03-03 16:35:45', '2020-03-03 16:35:45'),
(100, 'MD. aMZAD hOSSAIN', 'Semco Group', 'SM', '01713336360', 'Dhaka', 1, '2020-03-03 16:50:08', '2020-03-03 16:50:08'),
(101, 'Samapika hawlader', 'ADAB', 'Officer', '01713065026', 'Dhaka', 1, '2020-03-03 16:52:48', '2020-03-03 16:52:48'),
(102, 'Md. A.F. Mohuddin', 'Kazi Farms Groups', 'Sales Man', '01837875555', 'Dhaka', 1, '2020-03-03 16:57:54', '2020-03-03 16:57:54'),
(103, 'P. Morogawani ham', 'CBMCB', 'Officer', '9952626182', 'Telegu,Indian', 1, '2020-03-03 17:10:02', '2020-03-03 17:10:02'),
(104, 'MS. V. Vesulei Deir', 'CBMC', 'Officer', '1904643173', 'Telegu,India', 1, '2020-03-03 17:14:14', '2020-03-03 17:14:14'),
(105, 'Tanazul Islam', 'Deeplaid Labortories Ltd.', 'RSM', '01700712108', 'Mymensingh', 1, '2020-03-05 09:03:55', '2020-03-05 09:03:55'),
(106, 'Tanazul Islam', 'deeplaid Laboratories Ltd.', 'RSM', '01700712108', 'Mymensingh', 2, '2020-03-05 09:12:56', '2020-03-05 09:12:56'),
(107, 'Md.Ashraf Uddin', 'Anwar Ispat', 'DGM', '01779605060', 'Dhaka', 1, '2020-03-05 09:21:49', '2020-03-05 09:21:49'),
(108, 'Md.Alak Mia', 'Anwar Ispat', 'Driver', '01727903394', 'Dhaka', 1, '2020-03-05 09:25:19', '2020-03-05 09:25:19'),
(109, 'Thaz Ria', 'CBMCB', 'Ductor', '9514680616', 'India', 1, '2020-03-05 09:29:12', '2020-03-05 09:29:12'),
(110, 'Krish Kumar', 'CBMCB', 'Pation', '01408492220', 'India', 1, '2020-03-05 09:41:20', '2020-03-05 09:41:20'),
(111, 'Monir/Kalam', 'Crp', 'Driver', '01711490817', 'dhaka', 2, '2020-03-05 10:10:54', '2020-03-05 10:10:54'),
(112, 'Md Rafiqul Islam', 'Al Madina', 'Driver', '01772135334', 'Dhaka', 1, '2020-03-05 10:29:50', '2020-03-05 10:29:50'),
(113, 'Mashiur Rahman', 'Opsonon Pharma Ltd', 'Markiting Officer', '01686146618', 'Dhaka', 1, '2020-03-05 10:32:27', '2020-03-05 10:32:27'),
(114, 'Siddthartha Sarker Roy', 'Opsonon Pharma', 'Marketing Officer', '01714099003', 'Dhaka', 1, '2020-03-05 10:34:06', '2020-03-05 10:34:06'),
(115, 'Siddthartha Sarker Roy', 'Opsonon Pharma', 'Marketing Officer', '01714099003', 'Dhaka', 2, '2020-03-05 10:34:15', '2020-03-05 10:34:15'),
(116, 'Sobuj Mia', 'Romaniya', 'Selas Officer', '01999016498', 'Netrokona', 1, '2020-03-05 10:36:34', '2020-03-05 10:36:34'),
(117, 'Md Shahid Hossain', 'Acme', 'DGM', '01713430529', 'Dhaka', 2, '2020-03-05 10:38:57', '2020-03-05 10:38:57'),
(118, 'Sajib Das', 'Opsonin Pharma Ltd', 'Driver', '01918674735', 'Dhaka', 1, '2020-03-05 10:40:18', '2020-03-05 10:40:18'),
(119, 'Md Sohel', 'Health Ministry', 'Driver', '01703305644', 'Dhaka', 1, '2020-03-05 10:51:50', '2020-03-05 10:51:50'),
(120, 'Rejuban Karim', 'BAU', 'Officer', '01733230600', 'Dhaka', 1, '2020-03-05 10:54:23', '2020-03-05 10:54:23'),
(121, 'Rejuban Karim', 'BAU', 'Officer', '01733230600', 'Dhaka', 2, '2020-03-05 10:56:16', '2020-03-05 10:56:16'),
(122, 'Monir Hossain', 'BAU', 'Driver', '01760755975', 'Dhaka', 1, '2020-03-05 10:58:41', '2020-03-05 10:58:41'),
(123, 'BAU Studant', 'BAU', 'Studant', '01734020103', 'Dhaka', 1, '2020-03-05 11:02:16', '2020-03-05 11:02:16'),
(124, 'Aminul Islam', 'Dhudok', 'Officer', '01712502872', 'Dhaka', 1, '2020-03-05 11:08:27', '2020-03-05 11:08:27'),
(125, 'Mr. Samsuzzaman', 'BAU', 'Health Ministrey', '01814116518', 'Dhaka', 1, '2020-03-05 11:22:34', '2020-03-05 11:22:34'),
(126, 'Md. Mahfuz', 'Romania Food & Beverage Ltd.', 'RSM', '01977009020', 'Mymensingh', 1, '2020-03-05 11:39:47', '2020-03-05 11:39:47'),
(127, 'Md. Mahfuz', 'Romania Food & Beverage Ltd.', 'RSM', '01977009020', 'Mymensingh', 2, '2020-03-05 11:40:09', '2020-03-05 11:40:09'),
(128, 'Imamuzzaman', 'Bombay Sweets & Company Ltd.', 'RSM', '01713659830', 'Mymensingh', 1, '2020-03-05 11:48:46', '2020-03-05 11:48:46'),
(129, 'Nur Kutubul Alam', 'Boshundhora Group', 'DGM', '01313094501', 'Dhaka', 1, '2020-03-05 12:55:52', '2020-03-05 12:55:52'),
(130, 'ATM MOnuarul Hasan', 'Partex Agro', 'AGM', '01755629429', 'Dhaka', 1, '2020-03-05 12:57:13', '2020-03-05 12:57:13'),
(131, 'Md.Saiful Islam', 'Boshundhora Group', 'Driver', '01981272930', 'Dhaka', 1, '2020-03-05 12:58:55', '2020-03-05 12:58:55'),
(132, 'Abul Hasem', 'Boshundhora', 'Driver', '01303000778', 'dhaka', 1, '2020-03-05 13:00:12', '2020-03-05 13:00:12'),
(133, 'Md.Shorif', 'Lab Aid Pharma', 'ASM', '01766662468', 'Dhaka', 1, '2020-03-05 13:01:29', '2020-03-05 13:01:29'),
(134, 'Papon', 'ACI Fertilizer', 'M.O', '01714163094', 'Mymensingh', 1, '2020-03-05 13:06:25', '2020-03-05 13:06:25'),
(135, 'Md. Papon', 'AcI Fertilizer', 'M.O', '01714163094', 'Mymensingh', 2, '2020-03-05 13:09:25', '2020-03-05 13:09:25'),
(136, 'Md.Papon', 'Aci', 'M.O', '01714163094', 'Mymensingh', 3, '2020-03-05 13:11:20', '2020-03-05 13:11:20'),
(137, 'Md.Tarek', 'RFL', 'M,O', '01841664760', 'Mymensingh', 1, '2020-03-05 13:12:59', '2020-03-05 13:12:59'),
(138, 'Ayushman', 'CBMCB', 'Officer', '01799793673', 'CBMCVB', 1, '2020-03-07 10:37:47', '2020-03-07 10:37:47'),
(139, 'Md. Abu Sayed Mia', 'SPTC', 'Officer', '01936006765', 'Dhaka', 1, '2020-03-07 10:41:16', '2020-03-07 10:41:16'),
(140, 'M.A. Gafur', 'Danish', 'RM', '0187183183', 'Dhaka', 1, '2020-03-07 10:44:12', '2020-03-07 10:44:12'),
(141, 'Md. Shahidul Islam', 'AT Haque ltd.', 'officer', '0180730006', 'Dhaka', 1, '2020-03-07 10:46:48', '2020-03-07 10:46:48'),
(142, 'Md.Mosarof hossain', 'Danish', 'Officer', '01926262400', 'Dhaka', 1, '2020-03-07 10:51:39', '2020-03-07 10:51:39'),
(143, 'Shariful Hague', 'BAU', 'Teacher', '01715247398', 'Dhaka', 1, '2020-03-07 10:55:26', '2020-03-07 10:55:26'),
(144, 'Misu', 'Jeeon Bangladesh Ltd.', 'RSM', '01926698689', 'Dhaka', 1, '2020-03-07 11:17:17', '2020-03-07 11:17:17'),
(145, 'Misu', 'Leeon Banglades Ltd.h', 'RSM', '01926698689', 'Dhaka', 2, '2020-03-07 11:20:40', '2020-03-07 11:20:40'),
(146, 'Md.sayed Hasan', 'Nagad', 'Officer', '01704161389', 'Dhaka', 1, '2020-03-07 11:36:32', '2020-03-07 11:36:32'),
(147, 'Md.Abu Hanif', 'JTI', 'Officer', '01313076833', 'Dhaka', 1, '2020-03-07 11:38:07', '2020-03-07 11:38:07'),
(148, 'Md. Abdul Kadir Gazi', 'ACI', 'MF', '01704119189', 'Dhaka', 1, '2020-03-07 11:39:53', '2020-03-07 11:39:53'),
(149, 'Md. Saidul Islam', 'Walton', 'MO', '01755614555', 'Dhaka', 1, '2020-03-07 12:25:40', '2020-03-07 12:25:40'),
(150, 'Md.Shariful', 'Rancon Electronic', 'Driver', '01935076500', 'Dhaka', 1, '2020-03-07 12:33:20', '2020-03-07 12:33:20'),
(151, 'Shahin Mahmud', 'Trans Com Beverage', 'DCRM', '01714047239', 'Dhaka', 1, '2020-03-07 12:35:57', '2020-03-07 12:35:57'),
(152, 'Rowshan Ali', 'Rancon Electronic', 'AM', '01701211930', 'Dhaka', 1, '2020-03-07 12:39:00', '2020-03-07 12:39:00'),
(153, 'Rashal Ahmed', 'Rfl', 'AO', '018441661623', 'Dhaka', 1, '2020-03-07 12:42:07', '2020-03-07 12:42:07'),
(154, 'Rashal Ahmed', 'RFL', 'AO', '018441661623', 'Dhaka', 2, '2020-03-07 12:47:20', '2020-03-07 12:47:21'),
(155, 'Md.Foyshal Hossain', 'Singer', 'MO', '01771104756', 'Dhaka', 1, '2020-03-07 13:35:02', '2020-03-07 13:35:02'),
(156, 'Md. Zakir Hossain', 'Blerrong Group', 'MO', '01730044700', 'Dhaka', 1, '2020-03-07 13:38:21', '2020-03-07 13:38:21'),
(157, 'Md.Emzan', 'Unigas', 'Driver', '01648952903', 'Dhaka', 1, '2020-03-07 13:41:20', '2020-03-07 13:41:20'),
(158, 'Sujit Das', 'Unigas', 'MO', '01713250515', 'Dhaka', 1, '2020-03-07 13:45:06', '2020-03-07 13:45:06'),
(159, 'Jiaur Rahman', 'Metal (Pvt) Limited', 'RM', '01708156950', 'Dhaka', 1, '2020-03-07 13:48:36', '2020-03-07 13:48:36'),
(160, 'Atonu Kundo', 'Unigas', NULL, '01818583363', 'Dhaka', 1, '2020-03-07 13:51:49', '2020-03-07 13:51:49'),
(161, 'Md.Abu Hanif', 'JTI', 'MO', '01313076833', 'Dhaka', 2, '2020-03-07 13:53:50', '2020-03-07 13:53:50'),
(162, 'Mtiokuz Nessa', 'Shumhidibon', 'NO', 'No Number', 'Dhaka', 1, '2020-03-07 13:58:38', '2020-03-07 13:58:38'),
(163, 'Md. Gqram Hossain', 'Rspl', 'MO', '01885444466', 'Dhaka', 1, '2020-03-07 14:05:45', '2020-03-07 14:05:45'),
(164, 'Zeaur Rahman', 'Metal (Pvt.) Ltd.', 'Officer', '01708156950', 'Dhaka', 2, '2020-03-07 14:29:09', '2020-03-07 14:29:09'),
(165, 'Ziur Rahman', 'Metal (Pvt.) Ltd.', 'Officer', '01708156950', 'Mymensingh', 3, '2020-03-07 14:33:47', '2020-03-07 14:33:47'),
(166, 'Emrul', 'Nagad', 'Officer', '01704161013', 'Mymensingh', 1, '2020-03-07 14:58:49', '2020-03-07 14:58:49'),
(167, 'Emrul', 'Nagad', 'Officer', '01704161013', 'Mymensingh', 2, '2020-03-07 15:02:16', '2020-03-07 15:02:16'),
(168, 'Ziaur Rahman', 'Metal (Pvt.) Ltd.', 'Officer', '01708156950', 'Mymensingh', 4, '2020-03-07 15:05:51', '2020-03-07 15:05:51'),
(169, 'Masba Uddin', 'SMC', 'MO', '01764009748', 'Dhaka', 1, '2020-03-07 15:13:57', '2020-03-07 15:13:57'),
(170, 'Md. Mosharof Hossain', 'Kaji Farms', 'ASM', '01709661817', 'Dhaka', 1, '2020-03-07 15:16:39', '2020-03-07 15:16:39'),
(171, 'Md.Shajahan', 'Kaji Farms', 'Driver', '01727704499', 'Dhaka', 1, '2020-03-07 15:19:00', '2020-03-07 15:19:00'),
(172, 'Bau', 'Bogura', 'Student', '01716865122', 'Dhaka', 1, '2020-03-07 15:31:23', '2020-03-07 15:31:23'),
(173, 'Md. Hazunor Rashed', 'Growteech', 'DGM', '01926990196', 'Dhaka', 2, '2020-03-07 15:37:50', '2020-03-07 15:37:50'),
(174, 'Dr. Ahmed Iftekhor Alom', 'SMC', 'Doctor', '01817090702', 'Dhaka', 1, '2020-03-07 15:40:44', '2020-03-07 15:40:44'),
(175, 'Sm Ferdows', 'Bau', 'Principal', '01927367402', 'Dhaka', 1, '2020-03-07 15:43:19', '2020-03-07 15:43:19'),
(176, 'Goutam Kumor', 'Seed Production', 'agriculture', '01716503837', 'Gazipur', 1, '2020-03-07 15:46:55', '2020-03-07 15:46:55'),
(177, 'Md. Zahangir Alom', 'SMC', 'MO', '01717677199', 'Dhaka', 1, '2020-03-07 15:49:03', '2020-03-07 15:49:03'),
(178, 'Iquram Hossani', 'Rspl Health', 'Doctor', '01885444466', 'Dhaka', 2, '2020-03-09 07:57:35', '2020-03-09 07:57:35'),
(179, 'Md.Suyel Muzumder', 'CMC', 'MO', '01716309754', 'Dhaka', 1, '2020-03-09 08:00:23', '2020-03-09 08:00:23'),
(180, 'Syed Shahidul Islam', 'SMC', 'Officer', '01716004879', 'Dhaka', 1, '2020-03-09 08:03:06', '2020-03-09 08:03:06'),
(181, 'Md.Zakir Hossain', 'WHO', 'Driver', '01777750674', 'Dhaka', 1, '2020-03-09 08:06:15', '2020-03-09 08:06:15'),
(182, 'Md.Zakir Hossain', 'Who', 'Driver', '01777750674', 'Dhaka', 2, '2020-03-09 08:08:48', '2020-03-09 08:08:48'),
(183, 'Md.Faruq', 'ADAB', 'CEO', '01712990173', 'Mymensingh', 1, '2020-03-09 08:12:33', '2020-03-09 08:12:33'),
(184, 'Md.Dip Ali', 'JTI', 'RMS', '01313076655', 'Dhaka', 1, '2020-03-09 08:13:15', '2020-03-09 08:13:15'),
(185, 'Hafizur Rahman', 'Megna Group', 'Officer', '01716752886', 'Dhaka', 1, '2020-03-09 08:17:15', '2020-03-09 08:17:15'),
(186, 'Md. Faruq Mia', 'ADAB', 'CEO', '01712990173', 'Mymensingh', 2, '2020-03-09 08:17:41', '2020-03-09 08:17:41'),
(187, 'Md. Jahangir Alom', 'WHO', 'Doctors', '01711593996', 'Dhaka', 1, '2020-03-09 08:29:35', '2020-03-09 08:29:35'),
(188, 'Nuzuzzaman', 'SMC', 'Driver', '01717677199', 'Dhaka', 2, '2020-03-09 08:30:17', '2020-03-09 08:30:17'),
(189, 'Nuzuzzaman', NULL, NULL, '01717677199', NULL, 3, '2020-03-09 08:34:09', '2020-03-09 08:34:09'),
(190, 'Kbd. Gautom', NULL, NULL, '01716503837', NULL, 2, '2020-03-09 08:42:12', '2020-03-09 08:42:12');

-- --------------------------------------------------------

--
-- Table structure for table `h1_building_types`
--

CREATE TABLE `h1_building_types` (
  `id` int(10) UNSIGNED NOT NULL,
  `name` varchar(100) COLLATE utf8mb4_unicode_ci NOT NULL,
  `description` varchar(255) COLLATE utf8mb4_unicode_ci DEFAULT NULL,
  `created_at` timestamp NULL DEFAULT NULL,
  `updated_at` timestamp NULL DEFAULT NULL
) ENGINE=InnoDB DEFAULT CHARSET=utf8mb4 COLLATE=utf8mb4_unicode_ci;

--
-- Dumping data for table `h1_building_types`
--

INSERT INTO `h1_building_types` (`id`, `name`, `description`, `created_at`, `updated_at`) VALUES
(1, 'Normal', NULL, NULL, NULL);

-- --------------------------------------------------------

--
-- Table structure for table `h2_buildings`
--

CREATE TABLE `h2_buildings` (
  `id` int(10) UNSIGNED NOT NULL,
  `name` varchar(100) COLLATE utf8mb4_unicode_ci NOT NULL,
  `building_type` int(10) UNSIGNED NOT NULL,
  `description` varchar(255) COLLATE utf8mb4_unicode_ci DEFAULT NULL,
  `created_at` timestamp NULL DEFAULT NULL,
  `updated_at` timestamp NULL DEFAULT NULL
) ENGINE=InnoDB DEFAULT CHARSET=utf8mb4 COLLATE=utf8mb4_unicode_ci;

--
-- Dumping data for table `h2_buildings`
--

INSERT INTO `h2_buildings` (`id`, `name`, `building_type`, `description`, `created_at`, `updated_at`) VALUES
(1, 'Aspada Training Academy', 1, NULL, NULL, NULL);

-- --------------------------------------------------------

--
-- Table structure for table `h3_floor_types`
--

CREATE TABLE `h3_floor_types` (
  `id` int(10) UNSIGNED NOT NULL,
  `name` varchar(100) COLLATE utf8mb4_unicode_ci NOT NULL,
  `description` varchar(255) COLLATE utf8mb4_unicode_ci DEFAULT NULL,
  `created_at` timestamp NULL DEFAULT NULL,
  `updated_at` timestamp NULL DEFAULT NULL
) ENGINE=InnoDB DEFAULT CHARSET=utf8mb4 COLLATE=utf8mb4_unicode_ci;

--
-- Dumping data for table `h3_floor_types`
--

INSERT INTO `h3_floor_types` (`id`, `name`, `description`, `created_at`, `updated_at`) VALUES
(1, 'Ground', 'This is Ground type floor.', '2019-11-15 13:05:39', NULL),
(2, 'Normal', 'This is normal type of floor.', '2019-11-15 13:06:11', NULL);

-- --------------------------------------------------------

--
-- Table structure for table `h4_floors`
--

CREATE TABLE `h4_floors` (
  `id` int(10) UNSIGNED NOT NULL,
  `building_id` int(10) UNSIGNED NOT NULL,
  `name` varchar(100) COLLATE utf8mb4_unicode_ci NOT NULL,
  `floor_type` int(10) UNSIGNED NOT NULL,
  `description` varchar(255) COLLATE utf8mb4_unicode_ci DEFAULT NULL,
  `created_at` timestamp NULL DEFAULT NULL,
  `updated_at` timestamp NULL DEFAULT NULL
) ENGINE=InnoDB DEFAULT CHARSET=utf8mb4 COLLATE=utf8mb4_unicode_ci;

--
-- Dumping data for table `h4_floors`
--

INSERT INTO `h4_floors` (`id`, `building_id`, `name`, `floor_type`, `description`, `created_at`, `updated_at`) VALUES
(1, 1, 'Ground Floor', 1, 'This is Ground Floor.', '2019-11-15 14:42:56', NULL),
(2, 1, 'Floor-1', 2, 'This is Floor-1.', '2019-11-15 14:46:19', NULL),
(3, 1, 'Floor-2', 2, 'This is Floor-2', '2019-11-15 14:46:41', NULL),
(4, 1, 'Floor-3', 2, 'This is Floor-3.', '2019-11-15 14:47:08', NULL),
(5, 1, 'Floor-4', 2, 'This is Floor-4', '2019-11-15 14:48:09', NULL);

-- --------------------------------------------------------

--
-- Table structure for table `h5_room_categories`
--

CREATE TABLE `h5_room_categories` (
  `id` int(10) UNSIGNED NOT NULL,
  `name` varchar(100) COLLATE utf8mb4_unicode_ci NOT NULL,
  `price` int(11) NOT NULL,
  `vat` int(11) NOT NULL,
  `description` varchar(255) COLLATE utf8mb4_unicode_ci DEFAULT NULL,
  `image` varchar(60) COLLATE utf8mb4_unicode_ci DEFAULT NULL,
  `created_at` timestamp NULL DEFAULT NULL,
  `updated_at` timestamp NULL DEFAULT NULL
) ENGINE=InnoDB DEFAULT CHARSET=utf8mb4 COLLATE=utf8mb4_unicode_ci;

--
-- Dumping data for table `h5_room_categories`
--

INSERT INTO `h5_room_categories` (`id`, `name`, `price`, `vat`, `description`, `image`, `created_at`, `updated_at`) VALUES
(5, 'A/C Single', 2000, 10, 'Enjoy our Presidential Suite', 'bjr_executive-suite.jpg', '2019-11-15 08:54:08', NULL),
(6, 'A/C Double', 4000, 10, 'Enjoy our Presidential Suite', 'XI6_room5.jpg', '2019-11-15 08:55:17', NULL),
(7, 'Single', 1500, 10, 'Enjoy our Presidential Suite', 'WoM_room3.jpg', '2019-11-15 08:55:58', NULL),
(8, 'Double', 3000, 10, 'Enjoy our Presidential Suite', 'tzl_executive-suite.jpg', '2019-11-15 08:56:19', NULL),
(10, 'A/C 3 Bed', 6000, 10, 'Enjoy our Presidential Suite', 'cwc_room5.jpg', '2019-11-15 09:00:05', NULL),
(11, 'A/C 4 Bed', 8000, 10, 'Enjoy our Presidential Suite', 'tGr_room3.jpg', '2019-11-15 09:00:29', NULL),
(12, '3 Bed', 4000, 10, 'Enjoy our Presidential Suite', 'sqB_executive-suite.jpg', '2019-11-15 09:01:49', NULL),
(13, '4 Bed', 6000, 10, 'Enjoy our Presidential Suite', 'Nb3_room5.jpg', '2019-11-15 09:02:16', NULL),
(14, 'A/C Semi Double', 3500, 10, 'Enjoy our Presidential Suite', 'vTw_room3.jpg', '2019-11-15 09:03:03', NULL),
(15, 'Semi Double', 2500, 10, 'Enjoy our Presidential Suite', 'VwL_executive-suite.jpg', '2019-11-15 09:03:20', NULL),
(16, 'VIP A/C Double', 5000, 10, 'Enjoy our Presidential Suite', 'i8n_room5.jpg', '2019-11-15 09:28:59', NULL),
(17, 'VIP A/C Semi Double', 4000, 10, 'Enjoy our Presidential Suite .', 'QNJ_room3.jpg', '2019-11-18 04:54:57', NULL);

-- --------------------------------------------------------

--
-- Table structure for table `h6_rooms`
--

CREATE TABLE `h6_rooms` (
  `id` int(10) UNSIGNED NOT NULL,
  `room_no` varchar(100) COLLATE utf8mb4_unicode_ci NOT NULL,
  `price` int(11) NOT NULL,
  `floor_id` int(10) UNSIGNED NOT NULL,
  `persons_capacity` int(11) NOT NULL,
  `category_id` int(10) UNSIGNED NOT NULL,
  `description` varchar(255) COLLATE utf8mb4_unicode_ci DEFAULT NULL,
  `image` varchar(60) COLLATE utf8mb4_unicode_ci DEFAULT NULL,
  `created_at` timestamp NULL DEFAULT NULL,
  `updated_at` timestamp NULL DEFAULT NULL
) ENGINE=InnoDB DEFAULT CHARSET=utf8mb4 COLLATE=utf8mb4_unicode_ci;

--
-- Dumping data for table `h6_rooms`
--

INSERT INTO `h6_rooms` (`id`, `room_no`, `price`, `floor_id`, `persons_capacity`, `category_id`, `description`, `image`, `created_at`, `updated_at`) VALUES
(3, '201', 1200, 2, 4, 13, NULL, 'wF9_N8F_room3.jpg', '2019-11-15 09:09:54', NULL),
(4, '202', 900, 2, 3, 12, NULL, 'Vdm_room3.jpg', '2019-11-15 09:10:14', NULL),
(5, '203', 900, 2, 3, 12, NULL, 'Vdm_room3.jpg', '2019-11-15 09:10:43', NULL),
(6, '204', 900, 2, 3, 12, NULL, 'Vdm_room3.jpg', '2019-11-15 09:11:11', NULL),
(7, '205', 900, 2, 3, 12, NULL, 'Vdm_room3.jpg', '2019-11-15 09:11:35', NULL),
(8, '301', 2000, 3, 1, 14, NULL, 'Vdm_room3.jpg', '2019-11-15 09:14:24', NULL),
(9, '302', 900, 3, 3, 12, NULL, 'Vdm_room3.jpg', '2019-11-15 09:15:43', NULL),
(10, '303', 900, 3, 3, 12, NULL, 'Vdm_room3.jpg', '2019-11-15 09:16:08', NULL),
(11, '304', 900, 3, 3, 12, NULL, 'Vdm_room3.jpg', '2019-11-15 09:16:44', NULL),
(12, '305', 900, 3, 3, 12, NULL, 'Vdm_room3.jpg', '2019-11-15 09:17:13', NULL),
(13, '306', 1200, 3, 4, 13, NULL, 'epI_room 410.jpg', '2019-11-15 09:17:50', NULL),
(14, '307', 900, 3, 3, 12, NULL, 'Vdm_room3.jpg', '2019-11-15 09:19:06', NULL),
(15, '308', 900, 3, 3, 12, NULL, 'lVQ_room 410.jpg', '2019-11-15 09:19:24', NULL),
(16, '309', 900, 3, 3, 12, NULL, 'Aq9_N8F_room3.jpg', '2019-11-15 09:19:52', NULL),
(17, '310', 900, 3, 3, 12, NULL, 'Vdm_room3.jpg', '2019-11-15 09:20:26', NULL),
(18, '311', 1200, 3, 4, 13, NULL, 'Vdm_room3.jpg', '2019-11-15 09:20:42', NULL),
(19, '312', 1200, 3, 1, 5, NULL, 'Vdm_room3.jpg', '2019-11-15 09:21:15', NULL),
(20, '313', 1200, 3, 1, 5, NULL, 'Vdm_room3.jpg', '2019-11-15 09:21:35', NULL),
(21, '314', 1200, 3, 1, 5, NULL, 'Vdm_room3.jpg', '2019-11-15 09:21:54', NULL),
(22, '315', 2000, 3, 2, 14, NULL, 'Vdm_room3.jpg', '2019-11-15 09:23:55', NULL),
(23, '316', 2000, 3, 2, 14, NULL, 'Vdm_room3.jpg', '2019-11-15 09:24:25', NULL),
(24, '317', 1200, 3, 4, 13, NULL, 'uAP_room 410.jpg', '2019-11-15 09:25:04', NULL),
(27, '403', 2000, 4, 2, 14, NULL, 'Vdm_room3.jpg', '2019-11-18 04:20:55', NULL),
(29, '405', 900, 4, 3, 12, NULL, '0dd_A8f_room5.jpg', '2019-11-18 04:23:07', NULL),
(30, '406', 1200, 4, 1, 5, NULL, 'Vdm_room3.jpg', '2019-11-18 04:24:09', NULL),
(31, '407', 750, 4, 1, 7, NULL, 'Vdm_room3.jpg', '2019-11-18 04:25:25', NULL),
(32, '408', 750, 4, 1, 7, NULL, 'Vdm_room3.jpg', '2019-11-18 04:26:22', NULL),
(33, '409', 1200, 4, 1, 5, NULL, 'hHZ_room3.jpg', '2019-11-18 04:28:05', NULL),
(34, '413', 2000, 4, 2, 14, NULL, 'A8f_room5.jpg', '2019-11-18 04:30:15', NULL),
(35, '412', 2000, 4, 2, 14, NULL, 'efk_room5.jpg', '2019-11-18 04:31:24', NULL),
(36, '401', 2500, 4, 2, 6, NULL, 'zP3_room5.jpg', '2019-11-18 04:32:30', NULL),
(37, '402', 2500, 4, 1, 6, NULL, 'u4m_room3.jpg', '2019-11-18 04:33:10', NULL),
(38, '404', 2500, 4, 2, 6, NULL, 'Rqz_room5.jpg', '2019-11-18 04:34:18', NULL),
(39, '411', 2500, 4, 2, 8, NULL, 'N8F_room3.jpg', '2019-11-18 04:35:07', NULL),
(40, '501', 2500, 5, 2, 16, NULL, '3Y3_room3.jpg', '2019-11-18 04:46:56', NULL),
(41, '502', 2500, 5, 2, 16, NULL, 'XzK_room5.jpg', '2019-11-18 04:47:21', NULL),
(42, '503', 2500, 5, 2, 6, NULL, '16j_room5.jpg', '2019-11-18 04:48:07', NULL),
(43, '504', 2500, 5, 2, 6, NULL, 'Yhk_room5.jpg', '2019-11-18 04:48:46', NULL),
(44, '505', 2500, 5, 2, 17, NULL, 'qyo_room3.jpg', '2019-11-18 04:56:39', NULL),
(45, '506', 2500, 5, 2, 14, NULL, 'cyO_room3.jpg', '2019-11-18 04:57:25', NULL),
(101, '206 A', 300, 4, 2, 12, 'sadsad', 'kcZ_qyo_room3.jpg', '2020-01-27 05:51:44', NULL),
(500, '205 A', 300, 4, 1, 12, 'werwer', '9LT_N8F_room3.jpg', '2020-01-26 05:03:16', NULL),
(502, '414', 750, 4, 1, 7, NULL, 'Rtl_room 410.jpg', '2020-02-16 13:22:42', NULL),
(503, '415', 750, 4, 1, 7, NULL, 'jVj_room 410.jpg', '2020-02-16 13:23:23', NULL),
(504, '410', 1200, 4, 1, 5, NULL, 'Pbo_room 410.jpg', '2020-02-16 13:26:08', NULL),
(505, '303-A', 300, 3, 1, 12, NULL, '7oh_room 410.jpg', '2020-02-16 13:27:31', NULL),
(506, '303-B', 300, 3, 1, 12, NULL, 'gQo_room 410.jpg', '2020-02-16 13:28:38', NULL),
(507, '303-C', 300, 3, 1, 12, NULL, 'rxJ_room 410.jpg', '2020-02-16 13:29:02', NULL),
(508, '304-A', 300, 3, 1, 12, NULL, 'l4t_room 410.jpg', '2020-02-16 13:37:09', NULL),
(509, '304-B', 300, 3, 1, 12, NULL, 'YAf_room 410.jpg', '2020-02-16 13:38:06', NULL),
(510, '304-C', 300, 3, 1, 12, NULL, 'slf_room 410.jpg', '2020-02-16 13:38:29', NULL),
(511, '305-A', 300, 3, 1, 12, NULL, '0Cc_room 410.jpg', '2020-02-16 13:39:29', NULL),
(512, '305-B', 300, 3, 1, 12, NULL, 'O3k_room 410.jpg', '2020-02-16 13:39:50', NULL),
(513, '305-C', 300, 3, 1, 12, NULL, 'ig7_room 410.jpg', '2020-02-16 13:40:14', NULL),
(514, '302-A', 300, 3, 1, 12, NULL, 'P0o_room 410.jpg', '2020-02-16 14:50:12', NULL),
(515, '302-B', 300, 3, 1, 12, NULL, 'kFN_room 410.jpg', '2020-02-16 14:50:35', NULL),
(516, '302-C', 300, 3, 1, 12, NULL, 'qos_room 410.jpg', '2020-02-16 14:51:06', NULL),
(517, '311-A', 300, 3, 1, 13, NULL, 'uI0_room 410.jpg', '2020-02-16 14:52:14', NULL),
(518, '311-B', 300, 3, 1, 13, NULL, 'U8t_room 410.jpg', '2020-02-16 14:52:38', NULL),
(519, '311-C', 300, 3, 1, 13, NULL, 'Yci_room 410.jpg', '2020-02-16 14:53:01', NULL),
(520, '311-D', 300, 3, 1, 13, NULL, 'oei_room 410.jpg', '2020-02-16 14:57:20', NULL),
(521, '416', 1100, 4, 2, 8, NULL, 'MHy_room 410.jpg', '2020-02-16 14:58:47', NULL),
(522, '416-A', 300, 4, 1, 8, NULL, 'JWE_room 410.jpg', '2020-02-16 14:59:11', NULL),
(523, '416-B', 300, 4, 1, 8, NULL, 'bpL_room 410.jpg', '2020-02-16 14:59:48', NULL),
(524, '317-A', 300, 3, 1, 13, NULL, '4NZ_room 410.jpg', '2020-02-16 15:01:58', NULL),
(525, '317-B', 300, 3, 1, 13, NULL, 'WlU_room 410.jpg', '2020-02-16 15:02:46', NULL),
(526, '317-C', 300, 3, 1, 13, NULL, '4D9_room 410.jpg', '2020-02-16 15:09:02', NULL),
(527, '317-D', 300, 3, 1, 13, NULL, 'MA4_room 410.jpg', '2020-02-16 15:11:21', NULL),
(528, '306-A', 300, 3, 1, 13, NULL, 'aZi_room 410.jpg', '2020-02-16 15:13:21', NULL),
(529, '306-B', 300, 3, 1, 13, NULL, '3Lv_room 410.jpg', '2020-02-16 15:14:04', NULL),
(530, '306-C', 300, 3, 1, 13, NULL, 'qn1_room 410.jpg', '2020-02-16 15:15:37', NULL),
(531, '306-D', 300, 3, 1, 13, NULL, 'yRU_room 410.jpg', '2020-02-16 15:16:27', NULL),
(532, '307-A', 300, 3, 1, 12, NULL, 'OGW_room 410.jpg', '2020-02-16 15:19:13', NULL),
(533, '307-B', 300, 3, 1, 12, NULL, 'Si9_room 410.jpg', '2020-02-16 15:19:42', NULL),
(534, '307-C', 300, 3, 1, 12, NULL, '9xZ_room 410.jpg', '2020-02-16 15:20:08', NULL),
(535, '308-A', 300, 3, 1, 12, NULL, 'KyB_room 410.jpg', '2020-02-16 15:23:19', NULL),
(536, '308-B', 300, 3, 1, 12, NULL, 'Hrl_room 410.jpg', '2020-02-16 15:31:27', NULL),
(537, '308-C', 300, 3, 1, 12, NULL, '7E9_room 410.jpg', '2020-02-16 15:31:55', NULL),
(538, '309-A', 300, 3, 1, 12, NULL, 'nZ0_N8F_room3.jpg', '2020-02-16 15:37:35', NULL),
(539, '309-B', 300, 3, 1, 12, NULL, 'Zhp_A8f_room5.jpg', '2020-02-16 15:38:03', NULL),
(540, '309-C', 300, 3, 1, 12, NULL, 'eNO_N8F_room3.jpg', '2020-02-16 15:38:27', NULL),
(541, '310-A', 300, 3, 1, 12, NULL, '7qI_N8F_room3.jpg', '2020-02-16 15:40:06', NULL),
(542, '310-B', 300, 3, 1, 12, NULL, 'tUo_N8F_room3.jpg', '2020-02-16 15:40:28', NULL),
(543, '310-C', 300, 3, 1, 12, NULL, '32h_N8F_room3.jpg', '2020-02-16 15:40:50', NULL),
(544, '405-A', 300, 4, 1, 12, NULL, 'vwy_N8F_room3.jpg', '2020-02-16 15:42:05', NULL),
(545, '405-B', 300, 4, 1, 12, NULL, 'C1f_N8F_room3.jpg', '2020-02-16 15:42:30', NULL),
(546, '405-C', 300, 4, 1, 12, NULL, 'ArM_N8F_room3.jpg', '2020-02-16 15:42:51', NULL);

-- --------------------------------------------------------

--
-- Table structure for table `m1_mis_heads`
--

CREATE TABLE `m1_mis_heads` (
  `id` int(10) UNSIGNED NOT NULL,
  `voucher_type_id` int(10) UNSIGNED NOT NULL,
  `credit_head_id` int(10) UNSIGNED DEFAULT NULL,
  `debit_head_id` int(10) UNSIGNED DEFAULT NULL,
  `name` varchar(191) COLLATE utf8mb4_unicode_ci NOT NULL,
  `description` text COLLATE utf8mb4_unicode_ci,
  `created_at` timestamp NULL DEFAULT NULL,
  `updated_at` timestamp NULL DEFAULT NULL
) ENGINE=InnoDB DEFAULT CHARSET=utf8mb4 COLLATE=utf8mb4_unicode_ci;

--
-- Dumping data for table `m1_mis_heads`
--

INSERT INTO `m1_mis_heads` (`id`, `voucher_type_id`, `credit_head_id`, `debit_head_id`, `name`, `description`, `created_at`, `updated_at`) VALUES
(1, 10, 14, 353, 'Hotel Receipt', NULL, NULL, '2020-02-13 16:37:24'),
(2, 10, 5, 353, 'Venue Receipt', NULL, NULL, '2020-02-12 16:09:19'),
(3, 10, 8, 353, 'Restaurant Receipt', NULL, NULL, '2020-02-12 16:09:19'),
(4, 11, 16, 353, 'Restaurant Payment', NULL, NULL, '2020-02-13 12:13:11'),
(5, 11, 12, 353, 'Inventory Payment', NULL, NULL, NULL),
(6, 10, 353, 96, 'Discount', NULL, NULL, '2020-02-11 08:30:41');

-- --------------------------------------------------------

--
-- Table structure for table `m2_mis_head_child_i`
--

CREATE TABLE `m2_mis_head_child_i` (
  `id` int(10) UNSIGNED NOT NULL,
  `mis_head_id` int(10) UNSIGNED NOT NULL,
  `credit_head_id` int(10) UNSIGNED NOT NULL,
  `debit_head_id` int(10) UNSIGNED NOT NULL,
  `name` varchar(191) COLLATE utf8mb4_unicode_ci NOT NULL,
  `description` text COLLATE utf8mb4_unicode_ci,
  `checked` tinyint(1) NOT NULL DEFAULT '1',
  `deleted_at` timestamp NULL DEFAULT NULL,
  `created_at` timestamp NULL DEFAULT NULL,
  `updated_at` timestamp NULL DEFAULT NULL
) ENGINE=InnoDB DEFAULT CHARSET=utf8mb4 COLLATE=utf8mb4_unicode_ci;

--
-- Dumping data for table `m2_mis_head_child_i`
--

INSERT INTO `m2_mis_head_child_i` (`id`, `mis_head_id`, `credit_head_id`, `debit_head_id`, `name`, `description`, `checked`, `deleted_at`, `created_at`, `updated_at`) VALUES
(1, 4, 16, 353, 'Rice', NULL, 1, NULL, '2020-02-11 08:19:33', '2020-02-13 12:13:11'),
(2, 5, 353, 37, 'Electrical Equipment', NULL, 0, NULL, '2020-02-11 08:19:33', '2020-02-13 12:44:44'),
(3, 4, 16, 353, 'Fish', NULL, 1, NULL, '2020-02-11 08:19:33', '2020-02-13 12:13:11'),
(4, 4, 16, 353, 'Spices (Moshla)', NULL, 1, NULL, '2020-02-11 08:19:33', '2020-02-13 12:13:11'),
(5, 4, 16, 353, 'Meat', NULL, 1, NULL, '2020-02-11 08:19:33', '2020-02-13 12:13:11'),
(6, 4, 16, 353, 'Soft Drinks', NULL, 1, NULL, '2020-02-11 08:19:34', '2020-02-13 12:13:11'),
(7, 4, 16, 353, 'Vegetables', NULL, 1, NULL, '2020-02-11 08:19:34', '2020-02-13 12:13:11'),
(8, 4, 16, 353, 'Minaral Water', NULL, 1, NULL, '2020-02-11 08:19:34', '2020-02-13 12:13:11'),
(9, 4, 16, 353, 'Snacks', NULL, 1, NULL, '2020-02-11 08:19:34', '2020-02-13 12:13:11'),
(10, 4, 16, 353, 'Curds', NULL, 1, NULL, '2020-02-11 08:19:34', '2020-02-13 12:13:11'),
(11, 4, 16, 353, 'Dal', NULL, 1, NULL, '2020-02-11 08:19:34', '2020-02-13 12:13:11'),
(12, 4, 16, 353, 'Oil', NULL, 1, NULL, '2020-02-11 08:19:34', '2020-02-13 12:13:11'),
(13, 4, 163, 353, 'Tissue', NULL, 0, NULL, '2020-02-11 08:19:34', '2020-02-13 12:15:30'),
(14, 4, 16, 353, 'Ata & Moyda', NULL, 1, NULL, '2020-02-11 08:19:34', '2020-02-13 12:13:11'),
(15, 4, 16, 353, 'Milk', NULL, 1, NULL, '2020-02-11 08:19:34', '2020-02-13 12:13:11'),
(16, 4, 16, 353, 'Tea', NULL, 1, NULL, '2020-02-11 08:19:34', '2020-02-13 12:13:11'),
(17, 4, 16, 353, 'Suger', NULL, 1, NULL, '2020-02-11 08:19:34', '2020-02-13 12:13:11'),
(18, 4, 16, 353, 'Salt', NULL, 1, NULL, '2020-02-11 08:19:34', '2020-02-13 12:13:11'),
(19, 4, 163, 353, 'Soap', NULL, 0, NULL, '2020-02-11 08:19:34', '2020-02-13 12:15:31'),
(20, 4, 163, 353, 'Aerosol', NULL, 0, NULL, '2020-02-11 08:19:34', '2020-02-13 12:15:31'),
(21, 4, 16, 353, 'Egg', NULL, 1, NULL, '2020-02-11 08:19:34', '2020-02-13 12:13:11'),
(22, 4, 163, 353, 'Air Freshner', NULL, 0, NULL, '2020-02-11 08:19:34', '2020-02-13 12:15:31'),
(23, 4, 163, 353, 'Washing Powder', NULL, 0, NULL, '2020-02-11 08:19:34', '2020-02-13 12:15:31'),
(24, 4, 16, 353, 'Others', NULL, 1, NULL, '2020-02-11 08:19:34', '2020-02-13 12:13:11'),
(25, 4, 16, 353, 'Wood (Lakri)', NULL, 1, NULL, '2020-02-11 08:19:34', '2020-02-13 12:13:11'),
(26, 4, 163, 353, 'Harpic', NULL, 0, NULL, '2020-02-11 08:19:34', '2020-02-13 12:15:31'),
(27, 4, 163, 353, 'Tooth brush and Tooth paste', NULL, 0, NULL, '2020-02-11 08:19:34', '2020-02-13 12:15:31'),
(28, 4, 80, 353, 'Disel', NULL, 0, NULL, '2020-02-11 08:19:34', '2020-02-13 12:15:31'),
(29, 4, 16, 353, 'Muri', NULL, 1, NULL, '2020-02-11 08:19:34', '2020-02-13 12:13:11'),
(30, 4, 16, 353, 'Biscuits', NULL, 1, NULL, '2020-02-11 08:19:34', '2020-02-13 12:13:11'),
(31, 4, 16, 353, 'Coffee', NULL, 1, NULL, '2020-02-11 08:19:34', '2020-02-13 12:13:11'),
(32, 5, 353, 26, 'Furniture', NULL, 0, NULL, '2020-02-11 08:19:34', '2020-02-13 12:25:36'),
(33, 5, 353, 456, 'Office Equipment', NULL, 0, NULL, '2020-02-11 08:19:34', '2020-02-13 12:44:44'),
(34, 5, 168, 353, 'Cookeries-Expenses', NULL, 0, NULL, '2020-02-11 08:19:34', '2020-02-25 16:41:43'),
(35, 4, 163, 353, 'Shampoo', NULL, 0, NULL, '2020-02-11 08:19:35', '2020-02-13 12:13:34'),
(36, 4, 16, 353, 'test', NULL, 1, '2020-02-22 10:30:00', '2020-02-22 10:28:59', '2020-02-22 10:30:00'),
(37, 4, 16, 353, 'Sweet', NULL, 1, NULL, '2020-02-23 15:58:03', '2020-02-23 15:58:03'),
(38, 4, 16, 353, 'Fruit', NULL, 1, NULL, '2020-02-23 16:06:38', '2020-02-23 16:06:38'),
(39, 4, 16, 353, 'Truth Pic', NULL, 1, NULL, '2020-03-03 12:43:57', '2020-03-03 12:43:57');

-- --------------------------------------------------------

--
-- Table structure for table `m3_mis_ledger_heads`
--

CREATE TABLE `m3_mis_ledger_heads` (
  `id` int(10) UNSIGNED NOT NULL,
  `mis_head_id` int(10) UNSIGNED NOT NULL,
  `name` varchar(191) COLLATE utf8mb4_unicode_ci NOT NULL,
  `credit_head_id` int(10) UNSIGNED DEFAULT NULL,
  `debit_head_id` int(10) UNSIGNED DEFAULT NULL,
  `code` int(10) UNSIGNED NOT NULL,
  `amount` double(14,2) NOT NULL DEFAULT '0.00',
  `description` text COLLATE utf8mb4_unicode_ci,
  `unit_type_id` int(10) UNSIGNED DEFAULT NULL,
  `ledgerable_id` int(11) NOT NULL,
  `ledgerable_type` varchar(191) COLLATE utf8mb4_unicode_ci NOT NULL,
  `checked` tinyint(1) NOT NULL DEFAULT '1',
  `deleted_at` timestamp NULL DEFAULT NULL,
  `created_at` timestamp NULL DEFAULT NULL,
  `updated_at` timestamp NULL DEFAULT NULL
) ENGINE=InnoDB DEFAULT CHARSET=utf8mb4 COLLATE=utf8mb4_unicode_ci;

--
-- Dumping data for table `m3_mis_ledger_heads`
--

INSERT INTO `m3_mis_ledger_heads` (`id`, `mis_head_id`, `name`, `credit_head_id`, `debit_head_id`, `code`, `amount`, `description`, `unit_type_id`, `ledgerable_id`, `ledgerable_type`, `checked`, `deleted_at`, `created_at`, `updated_at`) VALUES
(1, 1, 'Room', 14, 353, 1000, 0.00, NULL, NULL, 1, 'App\\MISHead', 1, NULL, NULL, '2020-03-07 15:04:25'),
(2, 2, 'Venue', 5, 353, 1100, 0.00, NULL, NULL, 2, 'App\\MISHead', 1, NULL, NULL, '2020-03-07 15:04:25'),
(3, 3, 'Restaurant', 8, 353, 1200, 0.00, NULL, NULL, 3, 'App\\MISHead', 1, NULL, NULL, '2020-03-07 15:04:25'),
(4, 6, 'Discount', 353, 96, 1300, 0.00, NULL, NULL, 6, 'App\\MISHead', 1, NULL, NULL, '2020-03-07 15:04:25'),
(5, 4, 'Normal Rice', 16, 353, 1400, 49.00, NULL, 1, 1, 'App\\MISHeadChild_I', 1, NULL, '2020-02-11 08:19:33', '2020-02-25 14:53:29'),
(6, 4, 'Khichuri Rice', 16, 353, 1500, 42.00, NULL, 1, 1, 'App\\MISHeadChild_I', 1, NULL, '2020-02-11 08:19:33', '2020-02-25 14:55:50'),
(7, 4, 'Polaw Rice', 16, 353, 1600, 50.00, NULL, 1, 1, 'App\\MISHeadChild_I', 1, NULL, '2020-02-11 08:19:33', '2020-02-19 21:31:18'),
(8, 4, 'Basmoti Rice', 16, 353, 1700, 0.00, NULL, 1, 1, 'App\\MISHeadChild_I', 1, NULL, '2020-02-11 08:19:33', '2020-02-13 12:15:30'),
(9, 5, 'Table Fan', 353, 37, 1800, 0.00, NULL, 1, 2, 'App\\MISHeadChild_I', 0, NULL, '2020-02-11 08:19:33', '2020-02-25 16:41:43'),
(10, 5, 'Ceiling Fan', 353, 37, 1900, 0.00, NULL, 1, 2, 'App\\MISHeadChild_I', 0, NULL, '2020-02-11 08:19:33', '2020-02-25 16:41:43'),
(11, 5, 'Computer System', 353, 37, 2000, 0.00, NULL, 1, 2, 'App\\MISHeadChild_I', 0, NULL, '2020-02-11 08:19:33', '2020-02-25 16:41:43'),
(12, 5, 'Television', 353, 37, 2100, 0.00, NULL, 1, 2, 'App\\MISHeadChild_I', 0, NULL, '2020-02-11 08:19:33', '2020-02-25 16:41:43'),
(13, 5, 'Refrigerator', 353, 37, 2200, 0.00, NULL, 1, 2, 'App\\MISHeadChild_I', 0, NULL, '2020-02-11 08:19:33', '2020-02-25 16:41:43'),
(14, 5, 'Air Conditioner', 353, 37, 2300, 0.00, NULL, 1, 2, 'App\\MISHeadChild_I', 0, NULL, '2020-02-11 08:19:33', '2020-02-25 16:41:43'),
(15, 5, 'Veceom Cleaner', 353, 37, 2400, 0.00, NULL, 1, 2, 'App\\MISHeadChild_I', 0, NULL, '2020-02-11 08:19:33', '2020-02-25 16:41:43'),
(16, 5, 'Sound System', 353, 37, 2500, 0.00, NULL, 1, 2, 'App\\MISHeadChild_I', 0, NULL, '2020-02-11 08:19:33', '2020-02-25 16:41:43'),
(17, 5, 'AC/DC Motors & Feetings', 353, 37, 2600, 0.00, NULL, 1, 2, 'App\\MISHeadChild_I', 0, NULL, '2020-02-11 08:19:33', '2020-02-25 16:41:43'),
(18, 5, 'Oven', 353, 37, 2700, 0.00, NULL, 1, 2, 'App\\MISHeadChild_I', 0, NULL, '2020-02-11 08:19:33', '2020-02-25 16:41:43'),
(19, 5, 'Stand Fan', 353, 37, 2800, 0.00, NULL, 1, 2, 'App\\MISHeadChild_I', 0, NULL, '2020-02-11 08:19:33', '2020-02-25 16:41:43'),
(20, 4, 'Bual', 16, 353, 2900, 0.00, NULL, 1, 3, 'App\\MISHeadChild_I', 1, NULL, '2020-02-11 08:19:33', '2020-02-13 12:15:30'),
(21, 4, 'Hilsha', 16, 353, 3000, 0.00, NULL, 1, 3, 'App\\MISHeadChild_I', 1, NULL, '2020-02-11 08:19:33', '2020-02-13 12:15:30'),
(22, 4, 'Katla', 16, 353, 3100, 0.00, NULL, 1, 3, 'App\\MISHeadChild_I', 1, NULL, '2020-02-11 08:19:33', '2020-02-13 12:15:30'),
(23, 4, 'Rui', 16, 353, 3200, 0.00, NULL, 1, 3, 'App\\MISHeadChild_I', 1, NULL, '2020-02-11 08:19:33', '2020-02-25 15:10:30'),
(24, 4, 'Pabda', 16, 353, 3300, 0.00, NULL, 1, 3, 'App\\MISHeadChild_I', 1, NULL, '2020-02-11 08:19:33', '2020-02-13 12:15:30'),
(25, 4, 'Batai', 16, 353, 3400, 0.00, NULL, 1, 3, 'App\\MISHeadChild_I', 1, NULL, '2020-02-11 08:19:33', '2020-02-25 15:11:09'),
(26, 4, 'Mola', 16, 353, 3500, 0.00, NULL, 1, 3, 'App\\MISHeadChild_I', 1, NULL, '2020-02-11 08:19:33', '2020-02-13 12:15:30'),
(27, 4, 'Cingri', 16, 353, 3600, 0.00, NULL, 1, 3, 'App\\MISHeadChild_I', 1, NULL, '2020-02-11 08:19:33', '2020-02-25 15:10:51'),
(28, 4, 'Shoil', 16, 353, 3700, 0.00, NULL, 1, 3, 'App\\MISHeadChild_I', 1, NULL, '2020-02-11 08:19:33', '2020-02-13 12:15:30'),
(29, 4, 'Bam', 16, 353, 3800, 0.00, NULL, 1, 3, 'App\\MISHeadChild_I', 1, NULL, '2020-02-11 08:19:33', '2020-02-13 12:15:30'),
(30, 4, 'Taki', 16, 353, 3900, 0.00, NULL, 1, 3, 'App\\MISHeadChild_I', 1, NULL, '2020-02-11 08:19:33', '2020-02-13 12:15:30'),
(31, 4, 'Telapia', 16, 353, 4000, 0.00, NULL, 1, 3, 'App\\MISHeadChild_I', 1, NULL, '2020-02-11 08:19:33', '2020-02-13 12:15:30'),
(32, 4, 'Dry Fish', 16, 353, 4100, 0.00, NULL, 1, 3, 'App\\MISHeadChild_I', 1, NULL, '2020-02-11 08:19:33', '2020-02-13 12:15:30'),
(33, 4, 'Elachi', 16, 353, 4200, 0.25, NULL, 1, 4, 'App\\MISHeadChild_I', 1, NULL, '2020-02-11 08:19:33', '2020-02-19 21:38:33'),
(34, 4, 'Darchini', 16, 353, 4300, 0.70, NULL, 1, 4, 'App\\MISHeadChild_I', 1, NULL, '2020-02-11 08:19:33', '2020-02-19 21:38:46'),
(35, 4, 'Alo Bukra', 16, 353, 4400, 0.00, NULL, 1, 4, 'App\\MISHeadChild_I', 1, NULL, '2020-02-11 08:19:33', '2020-02-13 12:15:30'),
(36, 4, 'Chilly Powder', 16, 353, 4500, 0.00, NULL, 1, 4, 'App\\MISHeadChild_I', 1, NULL, '2020-02-11 08:19:33', '2020-02-13 12:15:30'),
(37, 4, 'Jira', 16, 353, 4600, 1.50, NULL, 1, 4, 'App\\MISHeadChild_I', 1, NULL, '2020-02-11 08:19:33', '2020-02-19 21:39:06'),
(38, 4, 'Sada Golmorich', 16, 353, 4700, 0.00, NULL, 1, 4, 'App\\MISHeadChild_I', 1, NULL, '2020-02-11 08:19:33', '2020-02-13 12:15:30'),
(39, 4, 'Kalo Golmorich', 16, 353, 4800, 0.00, NULL, 1, 4, 'App\\MISHeadChild_I', 1, NULL, '2020-02-11 08:19:33', '2020-02-13 12:15:30'),
(40, 4, 'Joktik', 16, 353, 4900, 0.00, NULL, 1, 4, 'App\\MISHeadChild_I', 1, NULL, '2020-02-11 08:19:33', '2020-02-13 12:15:30'),
(41, 4, 'Joifol', 16, 353, 5000, 0.00, NULL, 1, 4, 'App\\MISHeadChild_I', 1, NULL, '2020-02-11 08:19:33', '2020-02-13 12:15:30'),
(42, 4, 'Postodana', 16, 353, 5100, 0.00, NULL, 1, 4, 'App\\MISHeadChild_I', 1, NULL, '2020-02-11 08:19:33', '2020-02-13 12:15:30'),
(43, 4, 'Kismis', 16, 353, 5200, 0.00, NULL, 1, 4, 'App\\MISHeadChild_I', 1, NULL, '2020-02-11 08:19:33', '2020-02-13 12:15:30'),
(44, 4, 'Soa Soch', 16, 353, 5300, 0.00, NULL, 1, 4, 'App\\MISHeadChild_I', 1, NULL, '2020-02-11 08:19:33', '2020-02-13 12:15:30'),
(45, 4, 'Kera Jol', 16, 353, 5400, 0.00, NULL, 1, 4, 'App\\MISHeadChild_I', 1, NULL, '2020-02-11 08:19:33', '2020-02-13 12:15:30'),
(46, 4, 'Ada', 16, 353, 5500, 8.00, NULL, 1, 4, 'App\\MISHeadChild_I', 1, NULL, '2020-02-11 08:19:33', '2020-02-19 21:37:39'),
(47, 4, 'Tomato Soch', 16, 353, 5600, 0.00, NULL, 1, 4, 'App\\MISHeadChild_I', 1, NULL, '2020-02-11 08:19:33', '2020-02-13 12:15:30'),
(48, 4, 'Venegar', 16, 353, 5700, 0.00, NULL, 1, 4, 'App\\MISHeadChild_I', 1, NULL, '2020-02-11 08:19:33', '2020-02-13 12:15:30'),
(49, 4, 'Tespata', 16, 353, 5800, 0.30, NULL, 1, 4, 'App\\MISHeadChild_I', 1, NULL, '2020-02-11 08:19:33', '2020-02-19 21:55:22'),
(50, 4, 'Halud', 16, 353, 5900, 0.00, NULL, 1, 4, 'App\\MISHeadChild_I', 1, NULL, '2020-02-11 08:19:33', '2020-02-25 16:06:43'),
(51, 4, 'Chilly', 16, 353, 6000, 10.00, NULL, 1, 4, 'App\\MISHeadChild_I', 1, NULL, '2020-02-11 08:19:33', '2020-02-19 21:40:03'),
(52, 4, 'Peaj', 16, 353, 6100, 40.00, NULL, 1, 4, 'App\\MISHeadChild_I', 1, NULL, '2020-02-11 08:19:33', '2020-02-19 21:36:49'),
(53, 4, 'Rashun', 16, 353, 6200, 5.00, NULL, 1, 4, 'App\\MISHeadChild_I', 1, NULL, '2020-02-11 08:19:33', '2020-02-19 21:38:18'),
(54, 4, 'Pach Poron', 16, 353, 6300, 0.00, NULL, 1, 4, 'App\\MISHeadChild_I', 1, NULL, '2020-02-11 08:19:33', '2020-02-13 12:15:30'),
(55, 4, 'Badam', 16, 353, 6400, 0.00, NULL, 1, 4, 'App\\MISHeadChild_I', 1, NULL, '2020-02-11 08:19:33', '2020-02-13 12:15:30'),
(56, 4, 'Lobongo', 16, 353, 6500, 0.00, NULL, 1, 4, 'App\\MISHeadChild_I', 1, NULL, '2020-02-11 08:19:33', '2020-02-13 12:15:30'),
(57, 4, 'Ghee', 16, 353, 6600, 0.00, NULL, 1, 4, 'App\\MISHeadChild_I', 1, NULL, '2020-02-11 08:19:33', '2020-02-13 12:15:30'),
(58, 4, 'Mutton', 16, 353, 6700, 0.00, NULL, 1, 5, 'App\\MISHeadChild_I', 1, NULL, '2020-02-11 08:19:33', '2020-02-13 12:15:30'),
(59, 4, 'Beaf', 16, 353, 6800, 0.00, NULL, 1, 5, 'App\\MISHeadChild_I', 1, NULL, '2020-02-11 08:19:34', '2020-02-13 12:15:30'),
(60, 4, 'Chiken (deshi)', 16, 353, 6900, 0.00, NULL, 1, 5, 'App\\MISHeadChild_I', 1, NULL, '2020-02-11 08:19:34', '2020-02-13 12:15:30'),
(61, 4, 'Chiken (Coak)', 16, 353, 7000, 5.40, NULL, 1, 5, 'App\\MISHeadChild_I', 1, NULL, '2020-02-11 08:19:34', '2020-02-19 21:34:29'),
(62, 4, 'Chiken (Farm)', 16, 353, 7100, 0.00, NULL, 1, 5, 'App\\MISHeadChild_I', 1, NULL, '2020-02-11 08:19:34', '2020-02-13 12:15:30'),
(63, 4, 'Duck', 16, 353, 7200, 0.00, NULL, 1, 5, 'App\\MISHeadChild_I', 1, NULL, '2020-02-11 08:19:34', '2020-02-13 12:15:30'),
(64, 4, 'Pigeon (kobutor)', 16, 353, 7300, 0.00, NULL, 1, 5, 'App\\MISHeadChild_I', 1, NULL, '2020-02-11 08:19:34', '2020-02-13 12:15:30'),
(65, 4, 'Quail', 16, 353, 7400, 0.00, NULL, 1, 5, 'App\\MISHeadChild_I', 1, NULL, '2020-02-11 08:19:34', '2020-02-13 12:15:30'),
(66, 4, 'Soft Drinks-(250ml)', 16, 353, 7500, 19.00, NULL, 3, 6, 'App\\MISHeadChild_I', 1, NULL, '2020-02-11 08:19:34', '2020-02-19 21:52:18'),
(67, 4, 'Soft Drinks (500ml)', 16, 353, 7600, 0.00, NULL, 3, 6, 'App\\MISHeadChild_I', 1, NULL, '2020-02-11 08:19:34', '2020-02-19 21:52:18'),
(68, 4, 'Alo', 16, 353, 7700, 0.00, NULL, 1, 7, 'App\\MISHeadChild_I', 1, NULL, '2020-02-11 08:19:34', '2020-02-13 12:15:30'),
(69, 4, 'Pepe', 16, 353, 7800, 0.00, NULL, 1, 7, 'App\\MISHeadChild_I', 1, NULL, '2020-02-11 08:19:34', '2020-02-13 12:15:30'),
(70, 4, 'Fulcopy', 16, 353, 7900, 0.00, NULL, 1, 7, 'App\\MISHeadChild_I', 1, NULL, '2020-02-11 08:19:34', '2020-02-13 12:15:30'),
(71, 4, 'Patacopy', 16, 353, 8000, 0.00, NULL, 1, 7, 'App\\MISHeadChild_I', 1, NULL, '2020-02-11 08:19:34', '2020-02-23 15:34:05'),
(72, 4, 'Lemon', 16, 353, 8100, 0.00, NULL, 3, 7, 'App\\MISHeadChild_I', 1, NULL, '2020-02-11 08:19:34', '2020-02-23 15:34:05'),
(73, 4, 'Sosha', 16, 353, 8200, 0.00, NULL, 1, 7, 'App\\MISHeadChild_I', 1, NULL, '2020-02-11 08:19:34', '2020-02-13 12:15:30'),
(74, 4, 'Derosh', 16, 353, 8300, 0.00, NULL, 1, 7, 'App\\MISHeadChild_I', 1, NULL, '2020-02-11 08:19:34', '2020-02-13 12:15:30'),
(75, 4, 'Chichinga', 16, 353, 8400, 0.00, NULL, 1, 7, 'App\\MISHeadChild_I', 1, NULL, '2020-02-11 08:19:34', '2020-02-13 12:15:30'),
(76, 4, 'Gajor', 16, 353, 8500, 0.00, NULL, 1, 7, 'App\\MISHeadChild_I', 1, NULL, '2020-02-11 08:19:34', '2020-02-13 12:15:30'),
(77, 4, 'Sweet Kumra', 16, 353, 8600, 0.00, NULL, 3, 7, 'App\\MISHeadChild_I', 1, NULL, '2020-02-11 08:19:34', '2020-02-23 15:34:05'),
(78, 4, 'Lao', 16, 353, 8700, 0.00, NULL, 3, 7, 'App\\MISHeadChild_I', 1, NULL, '2020-02-11 08:19:34', '2020-02-23 15:34:05'),
(79, 4, 'Vegetables', 16, 353, 8800, 0.00, NULL, 1, 7, 'App\\MISHeadChild_I', 1, NULL, '2020-02-11 08:19:34', '2020-02-13 12:15:30'),
(80, 4, 'Sim', 16, 353, 8900, 0.00, NULL, 1, 7, 'App\\MISHeadChild_I', 1, NULL, '2020-02-11 08:19:34', '2020-02-13 12:15:30'),
(81, 4, 'Begun', 16, 353, 9000, 0.00, NULL, 1, 7, 'App\\MISHeadChild_I', 1, NULL, '2020-02-11 08:19:34', '2020-02-13 12:15:30'),
(82, 4, 'Tomato', 16, 353, 9100, 0.00, NULL, 1, 7, 'App\\MISHeadChild_I', 1, NULL, '2020-02-11 08:19:34', '2020-02-13 12:15:30'),
(83, 4, 'Korolla', 16, 353, 9200, 0.00, NULL, 1, 7, 'App\\MISHeadChild_I', 1, NULL, '2020-02-11 08:19:34', '2020-02-13 12:15:30'),
(84, 4, 'Borboti', 16, 353, 9300, 0.00, NULL, 1, 7, 'App\\MISHeadChild_I', 1, NULL, '2020-02-11 08:19:34', '2020-02-13 12:15:30'),
(85, 4, 'Salgom', 16, 353, 9400, 0.00, NULL, 1, 7, 'App\\MISHeadChild_I', 1, NULL, '2020-02-11 08:19:34', '2020-02-13 12:15:30'),
(86, 4, 'Mula', 16, 353, 9500, 0.00, NULL, 1, 7, 'App\\MISHeadChild_I', 1, NULL, '2020-02-11 08:19:34', '2020-02-13 12:15:30'),
(87, 4, 'Capsicum', 16, 353, 9600, 0.00, NULL, 1, 7, 'App\\MISHeadChild_I', 1, NULL, '2020-02-11 08:19:34', '2020-02-13 12:15:30'),
(88, 4, 'Motor Shuti', 16, 353, 9700, 0.00, NULL, 1, 7, 'App\\MISHeadChild_I', 1, NULL, '2020-02-11 08:19:34', '2020-02-13 12:15:30'),
(89, 4, 'Kakrol', 16, 353, 9800, 0.00, NULL, 1, 7, 'App\\MISHeadChild_I', 1, NULL, '2020-02-11 08:19:34', '2020-02-13 12:15:30'),
(90, 4, 'kochu', 16, 353, 9900, 0.00, NULL, 1, 7, 'App\\MISHeadChild_I', 1, NULL, '2020-02-11 08:19:34', '2020-02-13 12:15:30'),
(91, 4, 'Data', 16, 353, 10000, 0.00, NULL, 1, 7, 'App\\MISHeadChild_I', 1, NULL, '2020-02-11 08:19:34', '2020-02-13 12:15:30'),
(92, 4, 'Minarel Water (330ml)', 16, 353, 10100, 72.00, NULL, 3, 8, 'App\\MISHeadChild_I', 1, NULL, '2020-02-11 08:19:34', '2020-02-19 21:54:07'),
(93, 4, 'Minarel Water (500ml)', 16, 353, 10200, 216.00, NULL, 3, 8, 'App\\MISHeadChild_I', 1, NULL, '2020-02-11 08:19:34', '2020-02-19 21:54:07'),
(94, 4, 'Minarel Water (1000ml)', 16, 353, 10300, 84.00, NULL, 3, 8, 'App\\MISHeadChild_I', 1, NULL, '2020-02-11 08:19:34', '2020-02-19 21:54:07'),
(95, 4, 'Minarel Water (1500ml)', 16, 353, 10400, 0.00, NULL, 3, 8, 'App\\MISHeadChild_I', 1, NULL, '2020-02-11 08:19:34', '2020-02-19 21:54:07'),
(96, 4, 'Minarel Water (2000ml)', 16, 353, 10500, 0.00, NULL, 3, 8, 'App\\MISHeadChild_I', 1, NULL, '2020-02-11 08:19:34', '2020-02-19 21:54:07'),
(97, 4, 'Fruit', 16, 353, 10600, 0.00, NULL, 1, 9, 'App\\MISHeadChild_I', 1, '2020-02-23 16:05:10', '2020-02-11 08:19:34', '2020-02-23 16:05:10'),
(98, 4, 'Sweet', 16, 353, 10700, 0.00, NULL, 1, 9, 'App\\MISHeadChild_I', 1, '2020-02-23 15:57:50', '2020-02-11 08:19:34', '2020-02-23 15:57:50'),
(99, 4, 'Chanachur', 16, 353, 10800, 0.00, NULL, 1, 9, 'App\\MISHeadChild_I', 1, NULL, '2020-02-11 08:19:34', '2020-02-13 12:15:30'),
(100, 4, 'Banana', 16, 353, 10900, 0.00, NULL, 1, 9, 'App\\MISHeadChild_I', 1, '2020-02-23 16:05:16', '2020-02-11 08:19:34', '2020-02-23 16:05:16'),
(101, 4, 'Apple', 16, 353, 11000, 0.00, NULL, 1, 9, 'App\\MISHeadChild_I', 1, '2020-02-23 16:06:04', '2020-02-11 08:19:34', '2020-02-23 16:06:04'),
(102, 4, 'Orange', 16, 353, 11100, 0.00, NULL, 1, 9, 'App\\MISHeadChild_I', 1, '2020-02-23 16:06:14', '2020-02-11 08:19:34', '2020-02-23 16:06:14'),
(103, 4, 'Grapes', 16, 353, 11200, 0.00, NULL, 1, 9, 'App\\MISHeadChild_I', 1, '2020-02-23 16:06:29', '2020-02-11 08:19:34', '2020-02-23 16:06:29'),
(104, 4, 'Singara', 16, 353, 11300, 0.00, NULL, 3, 9, 'App\\MISHeadChild_I', 1, NULL, '2020-02-11 08:19:34', '2020-03-03 11:43:14'),
(105, 4, 'Somocha', 16, 353, 11400, 0.00, NULL, 3, 9, 'App\\MISHeadChild_I', 1, NULL, '2020-02-11 08:19:34', '2020-03-03 11:43:14'),
(106, 4, 'Vegetabe Roll', 16, 353, 11500, 0.00, NULL, 3, 9, 'App\\MISHeadChild_I', 1, NULL, '2020-02-11 08:19:34', '2020-03-03 13:23:13'),
(107, 4, 'Chicken Roll', 16, 353, 11600, 0.00, NULL, 3, 9, 'App\\MISHeadChild_I', 1, NULL, '2020-02-11 08:19:34', '2020-03-03 11:43:14'),
(108, 4, 'Sweet Curds(Cup)', 16, 353, 11700, 0.00, NULL, 3, 10, 'App\\MISHeadChild_I', 1, NULL, '2020-02-11 08:19:34', '2020-02-23 14:31:29'),
(109, 4, 'Sour Curds', 16, 353, 11800, 0.00, NULL, 1, 10, 'App\\MISHeadChild_I', 1, NULL, '2020-02-11 08:19:34', '2020-02-13 12:15:30'),
(110, 4, 'Sweet Curds (Patil)', 16, 353, 11900, 0.00, NULL, 1, 10, 'App\\MISHeadChild_I', 1, NULL, '2020-02-11 08:19:34', '2020-02-13 12:15:30'),
(111, 4, 'Mug Dal', 16, 353, 12000, 0.00, NULL, 1, 11, 'App\\MISHeadChild_I', 1, NULL, '2020-02-11 08:19:34', '2020-02-13 12:15:30'),
(112, 4, 'Mosur Dal', 16, 353, 12100, 39.00, NULL, 1, 11, 'App\\MISHeadChild_I', 1, NULL, '2020-02-11 08:19:34', '2020-02-19 21:36:22'),
(113, 4, 'Mash-kalai Dal', 16, 353, 12200, 0.00, NULL, 1, 11, 'App\\MISHeadChild_I', 1, NULL, '2020-02-11 08:19:34', '2020-02-13 12:15:30'),
(114, 4, 'But Dal', 16, 353, 12300, 2.00, NULL, 1, 11, 'App\\MISHeadChild_I', 1, NULL, '2020-02-11 08:19:34', '2020-02-19 21:36:22'),
(115, 4, 'Khasari Dal', 16, 353, 12400, 0.00, NULL, 1, 11, 'App\\MISHeadChild_I', 1, NULL, '2020-02-11 08:19:34', '2020-02-13 12:15:30'),
(116, 4, 'Soyabin Oil', 16, 353, 12500, 23.00, NULL, 2, 12, 'App\\MISHeadChild_I', 1, NULL, '2020-02-11 08:19:34', '2020-02-19 21:35:41'),
(117, 4, 'Sorisha Oil', 16, 353, 12600, 1.20, NULL, 2, 12, 'App\\MISHeadChild_I', 1, NULL, '2020-02-11 08:19:34', '2020-02-19 21:43:27'),
(118, 4, 'Facial Tissue', 163, 353, 12700, 16.00, NULL, 3, 13, 'App\\MISHeadChild_I', 0, NULL, '2020-02-11 08:19:34', '2020-02-19 21:51:04'),
(119, 4, 'Toilet Tissue', 163, 353, 12800, 20.00, NULL, 3, 13, 'App\\MISHeadChild_I', 0, NULL, '2020-02-11 08:19:34', '2020-02-19 21:51:04'),
(120, 4, 'Ata', 16, 353, 12900, 18.00, NULL, 1, 14, 'App\\MISHeadChild_I', 1, NULL, '2020-02-11 08:19:34', '2020-02-19 21:37:06'),
(121, 4, 'Moyda', 16, 353, 13000, 0.00, NULL, 1, 14, 'App\\MISHeadChild_I', 1, NULL, '2020-02-11 08:19:34', '2020-02-13 12:15:31'),
(122, 4, 'Danish Condenced', 16, 353, 13100, 0.00, NULL, 3, 15, 'App\\MISHeadChild_I', 1, NULL, '2020-02-11 08:19:34', '2020-02-25 16:19:30'),
(123, 4, 'Powder Milk', 16, 353, 13200, 1.00, NULL, 3, 15, 'App\\MISHeadChild_I', 1, NULL, '2020-02-11 08:19:34', '2020-02-19 21:47:17'),
(124, 4, 'Pran powder milk 400 gm', 16, 353, 13300, 0.00, NULL, 3, 15, 'App\\MISHeadChild_I', 1, NULL, '2020-02-11 08:19:34', '2020-02-19 21:46:58'),
(125, 4, 'Tea Pata', 16, 353, 13400, 2.40, NULL, 1, 16, 'App\\MISHeadChild_I', 1, NULL, '2020-02-11 08:19:34', '2020-02-19 21:49:02'),
(126, 4, 'Tea Bag', 16, 353, 13500, 15.00, NULL, 3, 16, 'App\\MISHeadChild_I', 1, NULL, '2020-02-11 08:19:34', '2020-02-19 21:49:02'),
(127, 4, 'Suger', 16, 353, 13600, 18.00, NULL, 1, 17, 'App\\MISHeadChild_I', 1, NULL, '2020-02-11 08:19:34', '2020-02-19 21:37:29'),
(128, 4, 'Normal Salt', 16, 353, 13700, 21.00, NULL, 1, 18, 'App\\MISHeadChild_I', 1, NULL, '2020-02-11 08:19:34', '2020-02-19 21:37:17'),
(129, 4, 'Bit Salt', 16, 353, 13800, 0.00, NULL, 1, 18, 'App\\MISHeadChild_I', 1, NULL, '2020-02-11 08:19:34', '2020-02-13 12:15:31'),
(130, 4, 'Testy Salt', 16, 353, 13900, 0.00, NULL, 1, 18, 'App\\MISHeadChild_I', 1, NULL, '2020-02-11 08:19:34', '2020-02-13 12:15:31'),
(131, 4, 'Soap', 163, 353, 14000, 248.00, NULL, 3, 19, 'App\\MISHeadChild_I', 0, NULL, '2020-02-11 08:19:34', '2020-02-19 21:49:34'),
(132, 4, 'Vim Soap', 163, 353, 14100, 22.00, NULL, 3, 19, 'App\\MISHeadChild_I', 0, NULL, '2020-02-11 08:19:34', '2020-02-19 21:54:26'),
(133, 4, 'Vim Liquid', 163, 353, 14200, 4.00, NULL, 2, 19, 'App\\MISHeadChild_I', 0, NULL, '2020-02-11 08:19:34', '2020-02-19 21:57:40'),
(134, 4, 'Glass Cleaneer', 163, 353, 14300, 10.00, NULL, 3, 19, 'App\\MISHeadChild_I', 0, NULL, '2020-02-11 08:19:34', '2020-02-19 21:57:40'),
(135, 4, 'Hand Wash', 163, 353, 14400, 4.00, NULL, 2, 19, 'App\\MISHeadChild_I', 0, NULL, '2020-02-11 08:19:34', '2020-02-19 21:57:40'),
(136, 4, 'Floor Cleaner', 163, 353, 14500, 4.00, NULL, 2, 19, 'App\\MISHeadChild_I', 0, NULL, '2020-02-11 08:19:34', '2020-02-19 21:57:40'),
(137, 4, 'Aerol', 163, 353, 14600, 1.00, NULL, 3, 20, 'App\\MISHeadChild_I', 0, NULL, '2020-02-11 08:19:34', '2020-02-19 21:51:19'),
(138, 4, 'Egg', 16, 353, 14700, 311.00, NULL, 3, 21, 'App\\MISHeadChild_I', 1, NULL, '2020-02-11 08:19:34', '2020-02-19 21:53:02'),
(139, 4, 'Air Freshner', 163, 353, 14800, 2.00, NULL, 3, 22, 'App\\MISHeadChild_I', 0, NULL, '2020-02-11 08:19:34', '2020-02-19 21:51:39'),
(140, 4, 'Washing Powder', 163, 353, 14900, 0.00, NULL, 1, 23, 'App\\MISHeadChild_I', 0, NULL, '2020-02-11 08:19:34', '2020-02-13 12:15:31'),
(141, 4, 'Wood (Lakri)', 16, 353, 15000, 80.00, NULL, 1, 25, 'App\\MISHeadChild_I', 1, NULL, '2020-02-11 08:19:34', '2020-02-19 21:56:18'),
(142, 4, 'Harpic', 163, 353, 15100, 6.00, NULL, 3, 26, 'App\\MISHeadChild_I', 0, NULL, '2020-02-11 08:19:34', '2020-02-19 21:55:39'),
(143, 4, 'Tooth Brush', 163, 353, 15200, 600.00, NULL, 3, 27, 'App\\MISHeadChild_I', 0, NULL, '2020-02-11 08:19:34', '2020-02-19 22:01:15'),
(144, 4, 'Tooth Paste', 163, 353, 15300, 390.00, NULL, 3, 27, 'App\\MISHeadChild_I', 0, NULL, '2020-02-11 08:19:34', '2020-02-19 22:01:15'),
(145, 4, 'Disel', 80, 353, 15400, 0.00, NULL, 1, 28, 'App\\MISHeadChild_I', 0, NULL, '2020-02-11 08:19:34', '2020-02-13 12:15:31'),
(146, 4, 'Muri', 16, 353, 15500, 0.00, NULL, 1, 29, 'App\\MISHeadChild_I', 1, NULL, '2020-02-11 08:19:34', '2020-02-13 12:15:31'),
(147, 4, 'Lexus Biscuit', 16, 353, 15600, 216.00, NULL, 3, 30, 'App\\MISHeadChild_I', 1, NULL, '2020-02-11 08:19:34', '2020-02-19 21:58:46'),
(148, 4, 'Bekari Biscuits', 16, 353, 15700, 0.00, NULL, 1, 30, 'App\\MISHeadChild_I', 1, NULL, '2020-02-11 08:19:34', '2020-02-13 12:15:31'),
(149, 4, 'Coffee (Jar)', 16, 353, 15800, 0.00, NULL, 1, 31, 'App\\MISHeadChild_I', 1, NULL, '2020-02-11 08:19:34', '2020-02-13 12:15:31'),
(150, 4, 'Coffee (Packet)', 16, 353, 15900, 1.00, NULL, 3, 31, 'App\\MISHeadChild_I', 1, NULL, '2020-02-11 08:19:34', '2020-02-19 21:59:25'),
(151, 5, 'Almirah', 353, 26, 16000, 0.00, NULL, 1, 32, 'App\\MISHeadChild_I', 0, NULL, '2020-02-11 08:19:34', '2020-02-25 16:41:43'),
(152, 5, 'Big Khat', 353, 26, 16100, 0.00, NULL, 1, 32, 'App\\MISHeadChild_I', 0, NULL, '2020-02-11 08:19:34', '2020-02-25 16:41:43'),
(153, 5, 'Single Khat', 353, 26, 16200, 0.00, NULL, 1, 32, 'App\\MISHeadChild_I', 0, NULL, '2020-02-11 08:19:34', '2020-02-25 16:41:43'),
(154, 5, 'Seme-Double Khat', 353, 26, 16300, 0.00, NULL, 1, 32, 'App\\MISHeadChild_I', 0, NULL, '2020-02-11 08:19:34', '2020-02-25 16:41:43'),
(155, 5, 'Big Table', 353, 26, 16400, 0.00, NULL, 1, 32, 'App\\MISHeadChild_I', 0, NULL, '2020-02-11 08:19:34', '2020-02-25 16:41:43'),
(156, 5, 'Tea Table', 353, 26, 16500, 0.00, NULL, 1, 32, 'App\\MISHeadChild_I', 0, NULL, '2020-02-11 08:19:34', '2020-02-25 16:41:43'),
(157, 5, 'Round Table', 353, 26, 16600, 0.00, NULL, 1, 32, 'App\\MISHeadChild_I', 0, NULL, '2020-02-11 08:19:34', '2020-02-25 16:41:43'),
(158, 5, 'Small Table', 353, 26, 16700, 0.00, NULL, 1, 32, 'App\\MISHeadChild_I', 0, NULL, '2020-02-11 08:19:34', '2020-02-25 16:41:43'),
(159, 5, 'Dining Table', 353, 26, 16800, 0.00, NULL, 1, 32, 'App\\MISHeadChild_I', 0, NULL, '2020-02-11 08:19:34', '2020-02-25 16:41:43'),
(160, 5, 'Alna', 353, 26, 16900, 0.00, NULL, 1, 32, 'App\\MISHeadChild_I', 0, NULL, '2020-02-11 08:19:34', '2020-02-25 16:41:43'),
(161, 5, 'Sofa', 353, 26, 17000, 0.00, NULL, 1, 32, 'App\\MISHeadChild_I', 0, NULL, '2020-02-11 08:19:34', '2020-02-25 16:41:43'),
(162, 5, 'Chair With Hand', 353, 26, 17100, 0.00, NULL, 1, 32, 'App\\MISHeadChild_I', 0, NULL, '2020-02-11 08:19:34', '2020-02-25 16:41:43'),
(163, 5, 'Chair Without Hand', 353, 26, 17200, 0.00, NULL, 1, 32, 'App\\MISHeadChild_I', 0, NULL, '2020-02-11 08:19:34', '2020-02-25 16:41:43'),
(164, 5, 'Easy Chair', 353, 26, 17300, 0.00, NULL, 1, 32, 'App\\MISHeadChild_I', 0, NULL, '2020-02-11 08:19:34', '2020-02-25 16:41:43'),
(165, 5, 'Training Chair', 353, 26, 17400, 0.00, NULL, 1, 32, 'App\\MISHeadChild_I', 0, NULL, '2020-02-11 08:19:34', '2020-02-25 16:41:43'),
(166, 5, 'Dining Chair', 353, 26, 17500, 0.00, NULL, 1, 32, 'App\\MISHeadChild_I', 0, NULL, '2020-02-11 08:19:34', '2020-02-25 16:41:43'),
(167, 5, 'Computer Table', 353, 26, 17600, 0.00, NULL, 1, 32, 'App\\MISHeadChild_I', 0, NULL, '2020-02-11 08:19:34', '2020-02-25 16:41:43'),
(168, 5, 'T.V Troli', 353, 26, 17700, 0.00, NULL, 1, 32, 'App\\MISHeadChild_I', 0, NULL, '2020-02-11 08:19:34', '2020-02-25 16:41:43'),
(169, 5, 'Telephone Set', 353, 456, 17800, 0.00, NULL, 1, 33, 'App\\MISHeadChild_I', 0, NULL, '2020-02-11 08:19:34', '2020-02-25 16:41:43'),
(170, 5, 'Video Camera', 353, 456, 17900, 0.00, NULL, 1, 33, 'App\\MISHeadChild_I', 0, NULL, '2020-02-11 08:19:34', '2020-02-25 16:41:43'),
(171, 5, 'Multimedia And Overhead Projector', 353, 456, 18000, 0.00, NULL, 1, 33, 'App\\MISHeadChild_I', 0, NULL, '2020-02-11 08:19:34', '2020-02-25 16:41:43'),
(172, 5, 'Fire extinguisher', 353, 456, 18100, 0.00, NULL, 1, 33, 'App\\MISHeadChild_I', 0, NULL, '2020-02-11 08:19:34', '2020-02-25 16:41:43'),
(173, 5, 'Glass', 168, 353, 18200, 0.00, NULL, 3, 34, 'App\\MISHeadChild_I', 0, NULL, '2020-02-11 08:19:34', '2020-02-25 16:41:43'),
(174, 5, 'Peyala Plige', 168, 353, 18300, 0.00, NULL, 3, 34, 'App\\MISHeadChild_I', 0, NULL, '2020-02-11 08:19:34', '2020-02-25 16:41:43'),
(175, 5, 'Patil', 168, 353, 18400, 0.00, NULL, 3, 34, 'App\\MISHeadChild_I', 0, NULL, '2020-02-11 08:19:34', '2020-02-25 16:41:43'),
(176, 5, 'Korai', 168, 353, 18500, 0.00, NULL, 3, 34, 'App\\MISHeadChild_I', 0, NULL, '2020-02-11 08:19:34', '2020-02-25 16:41:43'),
(177, 5, 'Sospen', 168, 353, 18600, 0.00, NULL, 3, 34, 'App\\MISHeadChild_I', 0, NULL, '2020-02-11 08:19:34', '2020-02-25 16:41:43'),
(178, 5, 'Sospen-Dakna', 168, 353, 18700, 0.00, NULL, 3, 34, 'App\\MISHeadChild_I', 0, NULL, '2020-02-11 08:19:34', '2020-02-25 16:41:43'),
(179, 5, 'Gas Cylinder', 168, 353, 18800, 0.00, NULL, 3, 34, 'App\\MISHeadChild_I', 0, NULL, '2020-02-11 08:19:34', '2020-02-25 16:41:43'),
(180, 5, 'Shil Pata', 168, 353, 18900, 0.00, NULL, 3, 34, 'App\\MISHeadChild_I', 0, NULL, '2020-02-11 08:19:34', '2020-02-25 16:41:43'),
(181, 5, 'Da-Boti', 168, 353, 19000, 0.00, NULL, 3, 34, 'App\\MISHeadChild_I', 0, NULL, '2020-02-11 08:19:34', '2020-02-25 16:41:43'),
(182, 5, 'Rannar Hatol', 168, 353, 19100, 0.00, NULL, 3, 34, 'App\\MISHeadChild_I', 0, NULL, '2020-02-11 08:19:34', '2020-02-25 16:41:43'),
(183, 5, 'Machh Chhakna', 168, 353, 19200, 0.00, NULL, 3, 34, 'App\\MISHeadChild_I', 0, NULL, '2020-02-11 08:19:34', '2020-02-25 16:41:43'),
(184, 5, 'Rice Plate', 168, 353, 19300, 0.00, NULL, 3, 34, 'App\\MISHeadChild_I', 0, NULL, '2020-02-11 08:19:34', '2020-02-25 16:41:43'),
(185, 5, 'Rice Dish', 168, 353, 19400, 0.00, NULL, 3, 34, 'App\\MISHeadChild_I', 0, NULL, '2020-02-11 08:19:35', '2020-02-25 16:41:43'),
(186, 5, 'Bati', 168, 353, 19500, 0.00, NULL, 3, 34, 'App\\MISHeadChild_I', 0, NULL, '2020-02-11 08:19:35', '2020-02-25 16:41:43'),
(187, 5, 'Bhorn Plate', 168, 353, 19600, 0.00, NULL, 3, 34, 'App\\MISHeadChild_I', 0, NULL, '2020-02-11 08:19:35', '2020-02-25 16:41:43'),
(188, 5, 'Curry Bati', 168, 353, 19700, 0.00, NULL, 3, 34, 'App\\MISHeadChild_I', 0, NULL, '2020-02-11 08:19:35', '2020-02-25 16:41:43'),
(189, 5, 'Salad Plate', 168, 353, 19800, 0.00, NULL, 3, 34, 'App\\MISHeadChild_I', 0, NULL, '2020-02-11 08:19:35', '2020-02-25 16:41:43'),
(190, 5, 'Tray', 168, 353, 19900, 0.00, NULL, 3, 34, 'App\\MISHeadChild_I', 0, NULL, '2020-02-11 08:19:35', '2020-02-25 16:41:43'),
(191, 5, 'Rice Spoon', 168, 353, 20000, 0.00, NULL, 3, 34, 'App\\MISHeadChild_I', 0, NULL, '2020-02-11 08:19:35', '2020-02-25 16:41:43'),
(192, 5, 'Curry Spoon', 168, 353, 20100, 0.00, NULL, 3, 34, 'App\\MISHeadChild_I', 0, NULL, '2020-02-11 08:19:35', '2020-02-25 16:41:43'),
(193, 5, 'Half Plate', 168, 353, 20200, 0.00, NULL, 3, 34, 'App\\MISHeadChild_I', 0, NULL, '2020-02-11 08:19:35', '2020-02-25 16:41:43'),
(194, 5, 'Tea Cup', 168, 353, 20300, 0.00, NULL, 3, 34, 'App\\MISHeadChild_I', 0, NULL, '2020-02-11 08:19:35', '2020-02-25 16:41:43'),
(195, 4, 'Shampoo (3ml)-Small Packet', 163, 353, 20400, 200.00, NULL, 3, 35, 'App\\MISHeadChild_I', 0, NULL, '2020-02-11 08:19:35', '2020-02-19 22:00:30'),
(196, 4, 'Shampoo (6ml)-Standard Packet', 163, 353, 20500, 110.00, NULL, 3, 35, 'App\\MISHeadChild_I', 0, NULL, '2020-02-11 08:19:35', '2020-02-19 22:00:30'),
(197, 4, 'Miniket Rice', 16, 353, 20600, 0.00, NULL, 1, 1, 'App\\MISHeadChild_I', 1, NULL, '2020-02-19 21:29:17', '2020-02-19 21:29:17'),
(198, 4, 'Chilly-Kacha', 16, 353, 20700, 3.00, NULL, 1, 4, 'App\\MISHeadChild_I', 1, NULL, '2020-02-19 21:42:22', '2020-02-19 21:42:47'),
(199, 4, 'Dhoniya', 16, 353, 20800, 0.00, NULL, 1, 4, 'App\\MISHeadChild_I', 1, NULL, '2020-02-19 21:44:54', '2020-02-25 16:16:09'),
(200, 4, 'Dhoniya-Pata', 16, 353, 20900, 0.00, NULL, 1, 4, 'App\\MISHeadChild_I', 1, NULL, '2020-02-19 21:45:10', '2020-02-19 21:45:10'),
(201, 4, 'Hand Towal Tissue', 163, 353, 21000, 11.00, NULL, 3, 13, 'App\\MISHeadChild_I', 1, NULL, '2020-02-19 21:50:33', '2020-02-19 21:51:04'),
(202, 4, 'Tea Cup', 16, 353, 21100, 200.00, NULL, 3, 16, 'App\\MISHeadChild_I', 1, NULL, '2020-02-19 22:01:43', '2020-02-19 22:02:06'),
(203, 4, 'heloo', 16, 353, 21200, 0.00, NULL, 1, 36, 'App\\MISHeadChild_I', 1, '2020-02-22 10:29:42', '2020-02-22 10:29:28', '2020-02-22 10:29:42'),
(204, 4, 'One Time Coffee Cup', 16, 353, 21300, 0.00, NULL, 3, 31, 'App\\MISHeadChild_I', 1, NULL, '2020-02-23 14:34:28', '2020-02-23 14:34:28'),
(205, 4, 'Chilly Powder', 16, 353, 21400, 0.00, NULL, 1, 4, 'App\\MISHeadChild_I', 1, NULL, '2020-02-23 14:40:39', '2020-02-23 14:40:39'),
(206, 4, 'Halud Powder', 16, 353, 21500, 0.00, NULL, 1, 4, 'App\\MISHeadChild_I', 1, NULL, '2020-02-23 14:41:11', '2020-02-23 14:41:11'),
(207, 4, 'Malaikari', 16, 353, 21600, 0.00, NULL, 1, 37, 'App\\MISHeadChild_I', 1, NULL, '2020-02-23 15:58:27', '2020-02-23 15:58:27'),
(208, 4, 'Sweet-Lencha', 16, 353, 21700, 0.00, NULL, 1, 37, 'App\\MISHeadChild_I', 1, NULL, '2020-02-23 15:58:42', '2020-02-23 15:58:42'),
(209, 4, 'Sweet', 16, 353, 21800, 0.00, NULL, 1, 37, 'App\\MISHeadChild_I', 1, NULL, '2020-02-23 15:58:55', '2020-02-23 15:58:55'),
(210, 4, 'Banana', 16, 353, 21900, 0.00, NULL, 3, 38, 'App\\MISHeadChild_I', 1, NULL, '2020-02-23 16:06:55', '2020-02-23 16:06:55'),
(211, 4, 'Apple', 16, 353, 22000, 0.00, NULL, 1, 38, 'App\\MISHeadChild_I', 1, NULL, '2020-02-23 16:07:10', '2020-02-23 16:07:10'),
(212, 4, 'Orange', 16, 353, 22100, 0.00, NULL, 1, 38, 'App\\MISHeadChild_I', 1, NULL, '2020-02-23 16:07:30', '2020-02-23 16:07:30'),
(213, 4, 'Guova', 16, 353, 22200, 0.00, NULL, 1, 38, 'App\\MISHeadChild_I', 1, NULL, '2020-02-23 16:07:47', '2020-02-23 16:07:47'),
(214, 4, 'Chilly-Dry', 16, 353, 22300, 0.00, NULL, 1, 4, 'App\\MISHeadChild_I', 1, NULL, '2020-02-23 16:19:14', '2020-02-23 16:19:14'),
(215, 4, 'Plaine Cake', 16, 353, 22400, 0.00, NULL, 3, 9, 'App\\MISHeadChild_I', 1, NULL, '2020-02-23 16:33:29', '2020-02-23 16:33:29'),
(216, 4, 'Lal Shak', 16, 353, 22500, 0.00, NULL, 1, 7, 'App\\MISHeadChild_I', 1, NULL, '2020-02-25 10:51:04', '2020-02-25 10:51:04'),
(217, 4, 'Grapes', 16, 353, 22600, 0.00, NULL, 1, 38, 'App\\MISHeadChild_I', 1, NULL, '2020-02-25 11:00:11', '2020-02-25 11:00:11'),
(218, 4, 'Boroi', 16, 353, 22700, 0.00, NULL, 1, 38, 'App\\MISHeadChild_I', 1, NULL, '2020-02-25 18:20:16', '2020-02-25 18:20:16'),
(219, 4, 'Truth Pic', 16, 353, 22800, 0.00, NULL, 3, 24, 'App\\MISHeadChild_I', 1, NULL, '2020-03-03 12:47:23', '2020-03-03 12:47:23'),
(220, 4, 'Food Cake', 16, 353, 22900, 0.00, NULL, 3, 9, 'App\\MISHeadChild_I', 1, NULL, '2020-03-03 12:53:58', '2020-03-03 12:53:58'),
(221, 4, 'Kacha Kola', 16, 353, 23000, 0.00, NULL, 3, 7, 'App\\MISHeadChild_I', 1, NULL, '2020-03-03 13:30:31', '2020-03-03 13:30:47'),
(222, 4, 'Birani Mosla', 16, 353, 23100, 0.00, NULL, 3, 24, 'App\\MISHeadChild_I', 1, NULL, '2020-03-05 12:10:11', '2020-03-05 12:10:11'),
(223, 4, 'Achar', 16, 353, 23200, 0.00, NULL, 3, 24, 'App\\MISHeadChild_I', 1, NULL, '2020-03-05 12:30:25', '2020-03-05 12:30:25'),
(224, 4, 'Chicken Burger', 16, 353, 23300, 0.00, NULL, 3, 9, 'App\\MISHeadChild_I', 1, NULL, '2020-03-07 09:28:06', '2020-03-07 09:28:06'),
(225, 4, 'Jafran Bug', 16, 353, 23400, 0.00, NULL, 1, 37, 'App\\MISHeadChild_I', 1, NULL, '2020-03-07 09:45:14', '2020-03-07 09:45:14'),
(226, 4, 'Sorisha', 16, 353, 23500, 0.00, NULL, 1, 4, 'App\\MISHeadChild_I', 1, NULL, '2020-03-07 09:54:06', '2020-03-07 09:54:06'),
(227, 4, 'Harpik', 163, 353, 23600, 0.00, NULL, 3, 19, 'App\\MISHeadChild_I', 1, NULL, '2020-03-07 10:13:45', '2020-03-07 10:13:45'),
(228, 4, 'Toilet Cleaner', 163, 353, 23700, 0.00, NULL, 2, 19, 'App\\MISHeadChild_I', 1, NULL, '2020-03-07 10:15:02', '2020-03-07 10:15:02'),
(229, 4, 'Khejurer Gur', 16, 353, 23800, 0.00, NULL, 1, 37, 'App\\MISHeadChild_I', 1, NULL, '2020-03-07 12:00:38', '2020-03-07 12:00:38'),
(230, 4, 'Milk', 16, 353, 23900, 0.00, NULL, 2, 15, 'App\\MISHeadChild_I', 1, NULL, '2020-03-07 12:09:25', '2020-03-07 12:09:25'),
(231, 4, 'Normal Cake', 16, 353, 24000, 0.00, NULL, 3, 9, 'App\\MISHeadChild_I', 1, NULL, '2020-03-07 12:11:40', '2020-03-07 12:11:40'),
(232, 4, 'Sandwich', 16, 353, 24100, 0.00, NULL, 3, 9, 'App\\MISHeadChild_I', 1, NULL, '2020-03-07 12:29:31', '2020-03-07 12:29:31'),
(233, 4, 'Sammi Kabab', 16, 353, 24200, 0.00, NULL, 3, 9, 'App\\MISHeadChild_I', 1, NULL, '2020-03-07 12:48:06', '2020-03-07 12:48:06');

-- --------------------------------------------------------

--
-- Table structure for table `m4_mis_vouchers_i`
--

CREATE TABLE `m4_mis_vouchers_i` (
  `id` int(10) UNSIGNED NOT NULL,
  `mis_head_id` int(10) UNSIGNED NOT NULL,
  `ledger_head_id` int(10) UNSIGNED NOT NULL,
  `date_id` int(10) UNSIGNED NOT NULL,
  `voucher_id` int(10) UNSIGNED NOT NULL,
  `deleted_at` timestamp NULL DEFAULT NULL,
  `created_at` timestamp NULL DEFAULT NULL,
  `updated_at` timestamp NULL DEFAULT NULL
) ENGINE=InnoDB DEFAULT CHARSET=utf8mb4 COLLATE=utf8mb4_unicode_ci;

--
-- Dumping data for table `m4_mis_vouchers_i`
--

INSERT INTO `m4_mis_vouchers_i` (`id`, `mis_head_id`, `ledger_head_id`, `date_id`, `voucher_id`, `deleted_at`, `created_at`, `updated_at`) VALUES
(1, 2, 2, 1, 1, NULL, '2020-02-16 16:03:04', '2020-02-16 16:03:04'),
(2, 6, 4, 1, 2, NULL, '2020-02-16 16:05:37', '2020-02-16 16:05:37'),
(3, 2, 2, 1, 3, NULL, '2020-02-16 16:05:38', '2020-02-16 16:05:38'),
(4, 3, 3, 1, 4, NULL, '2020-02-16 16:05:38', '2020-02-16 16:05:38'),
(5, 2, 2, 1, 5, NULL, '2020-02-17 13:20:33', '2020-02-17 13:20:33'),
(6, 6, 4, 1, 6, NULL, '2020-02-17 13:22:03', '2020-02-17 13:22:03'),
(7, 2, 2, 1, 7, NULL, '2020-02-17 13:22:03', '2020-02-17 13:22:03'),
(8, 3, 3, 1, 8, NULL, '2020-02-17 13:22:03', '2020-02-17 13:22:03'),
(9, 2, 2, 1, 9, NULL, '2020-02-17 14:52:32', '2020-02-17 14:52:32'),
(10, 2, 2, 1, 10, NULL, '2020-02-17 14:53:32', '2020-02-17 14:53:32'),
(11, 3, 3, 1, 11, NULL, '2020-02-17 14:53:32', '2020-02-17 14:53:32'),
(12, 2, 2, 1, 12, NULL, '2020-02-17 15:19:15', '2020-02-17 15:19:15'),
(13, 2, 2, 1, 13, NULL, '2020-02-17 16:32:42', '2020-02-17 16:32:42'),
(14, 2, 2, 1, 14, NULL, '2020-02-17 16:33:54', '2020-02-17 16:33:54'),
(15, 3, 3, 1, 15, NULL, '2020-02-17 16:33:54', '2020-02-17 16:33:54'),
(16, 2, 2, 1, 17, NULL, '2020-02-17 16:39:51', '2020-02-17 16:39:51'),
(17, 2, 2, 1, 18, NULL, '2020-02-17 16:43:50', '2020-02-17 16:43:50'),
(18, 2, 2, 1, 19, NULL, '2020-02-17 16:44:14', '2020-02-17 16:44:14'),
(19, 3, 3, 1, 20, NULL, '2020-02-17 16:44:14', '2020-02-17 16:44:14'),
(20, 2, 2, 1, 21, NULL, '2020-02-17 16:55:15', '2020-02-17 16:55:15'),
(21, 2, 2, 1, 22, NULL, '2020-02-17 17:10:41', '2020-02-17 17:10:41'),
(22, 2, 2, 1, 23, NULL, '2020-02-17 17:11:58', '2020-02-17 17:11:58'),
(23, 3, 3, 1, 24, NULL, '2020-02-17 17:11:58', '2020-02-17 17:11:58'),
(24, 2, 2, 1, 26, NULL, '2020-02-17 17:34:23', '2020-02-17 17:34:23'),
(25, 2, 2, 1, 27, NULL, '2020-02-17 17:39:05', '2020-02-17 17:39:05'),
(26, 2, 2, 1, 28, NULL, '2020-02-17 17:42:25', '2020-02-17 17:42:25'),
(27, 2, 2, 1, 29, NULL, '2020-02-17 17:44:37', '2020-02-17 17:44:37'),
(28, 2, 2, 1, 30, NULL, '2020-02-17 17:46:26', '2020-02-17 17:46:26'),
(29, 3, 3, 1, 31, NULL, '2020-02-17 17:46:27', '2020-02-17 17:46:27'),
(30, 1, 1, 1, 33, NULL, '2020-02-19 22:34:58', '2020-02-19 22:34:58'),
(31, 6, 4, 1, 34, NULL, '2020-02-19 22:35:11', '2020-02-19 22:35:11'),
(32, 1, 1, 1, 35, NULL, '2020-02-19 22:35:11', '2020-02-19 22:35:11'),
(33, 1, 1, 1, 36, NULL, '2020-02-19 22:37:00', '2020-02-19 22:37:00'),
(34, 6, 4, 1, 37, NULL, '2020-02-19 22:37:12', '2020-02-19 22:37:12'),
(35, 1, 1, 1, 38, NULL, '2020-02-19 22:37:12', '2020-02-19 22:37:12'),
(36, 1, 1, 1, 39, NULL, '2020-02-19 22:38:31', '2020-02-19 22:38:31'),
(37, 6, 4, 1, 40, NULL, '2020-02-19 22:38:39', '2020-02-19 22:38:39'),
(38, 1, 1, 1, 41, NULL, '2020-02-19 22:38:39', '2020-02-19 22:38:39'),
(39, 1, 1, 1, 42, NULL, '2020-02-19 22:39:49', '2020-02-19 22:39:49'),
(40, 6, 4, 1, 43, NULL, '2020-02-19 22:39:56', '2020-02-19 22:39:56'),
(41, 1, 1, 1, 44, NULL, '2020-02-19 22:39:56', '2020-02-19 22:39:56'),
(42, 1, 1, 1, 45, NULL, '2020-02-19 22:41:09', '2020-02-19 22:41:09'),
(43, 6, 4, 1, 46, NULL, '2020-02-19 22:41:17', '2020-02-19 22:41:17'),
(44, 1, 1, 1, 47, NULL, '2020-02-19 22:41:17', '2020-02-19 22:41:17'),
(45, 1, 1, 1, 48, NULL, '2020-02-19 22:43:15', '2020-02-19 22:43:15'),
(46, 6, 4, 1, 49, NULL, '2020-02-19 22:44:10', '2020-02-19 22:44:10'),
(47, 1, 1, 1, 50, NULL, '2020-02-19 22:44:10', '2020-02-19 22:44:10'),
(48, 3, 3, 1, 51, NULL, '2020-02-19 22:44:10', '2020-02-19 22:44:10'),
(49, 1, 1, 1, 52, NULL, '2020-02-19 22:45:34', '2020-02-19 22:45:34'),
(50, 1, 1, 1, 53, NULL, '2020-02-19 22:46:41', '2020-02-19 22:46:41'),
(51, 6, 4, 1, 54, NULL, '2020-02-19 22:47:10', '2020-02-19 22:47:10'),
(52, 1, 1, 1, 55, NULL, '2020-02-19 22:47:10', '2020-02-19 22:47:10'),
(53, 3, 3, 1, 56, NULL, '2020-02-19 22:47:10', '2020-02-19 22:47:10'),
(54, 1, 1, 1, 57, NULL, '2020-02-19 22:48:16', '2020-02-19 22:48:16'),
(55, 6, 4, 1, 58, NULL, '2020-02-19 22:48:37', '2020-02-19 22:48:37'),
(56, 1, 1, 1, 59, NULL, '2020-02-19 22:48:37', '2020-02-19 22:48:37'),
(57, 3, 3, 1, 60, NULL, '2020-02-19 22:48:37', '2020-02-19 22:48:37'),
(58, 1, 1, 1, 61, NULL, '2020-02-19 22:49:57', '2020-02-19 22:49:57'),
(59, 1, 1, 1, 62, NULL, '2020-02-19 22:50:03', '2020-02-19 22:50:03'),
(60, 1, 1, 1, 63, NULL, '2020-02-19 22:51:36', '2020-02-19 22:51:36'),
(61, 1, 1, 1, 64, NULL, '2020-02-19 22:51:41', '2020-02-19 22:51:41'),
(62, 1, 1, 1, 65, NULL, '2020-02-19 22:53:58', '2020-02-19 22:53:58'),
(63, 6, 4, 1, 66, NULL, '2020-02-19 22:54:08', '2020-02-19 22:54:08'),
(64, 1, 1, 1, 67, NULL, '2020-02-19 22:54:08', '2020-02-19 22:54:08'),
(65, 1, 1, 1, 68, NULL, '2020-02-19 22:58:26', '2020-02-19 22:58:26'),
(66, 6, 4, 1, 69, NULL, '2020-02-19 22:58:51', '2020-02-19 22:58:51'),
(67, 1, 1, 1, 70, NULL, '2020-02-19 22:58:51', '2020-02-19 22:58:51'),
(68, 1, 1, 1, 71, NULL, '2020-02-19 23:00:17', '2020-02-19 23:00:17'),
(69, 1, 1, 1, 72, NULL, '2020-02-19 23:00:28', '2020-02-19 23:00:28'),
(70, 1, 1, 1, 73, NULL, '2020-02-19 23:02:14', '2020-02-19 23:02:14'),
(71, 1, 1, 1, 74, NULL, '2020-02-19 23:02:19', '2020-02-19 23:02:19'),
(72, 1, 1, 1, 75, NULL, '2020-02-19 23:03:35', '2020-02-19 23:03:35'),
(73, 1, 1, 1, 76, NULL, '2020-02-19 23:03:40', '2020-02-19 23:03:40'),
(74, 1, 1, 1, 77, NULL, '2020-02-19 23:07:15', '2020-02-19 23:07:15'),
(75, 1, 1, 1, 78, NULL, '2020-02-19 23:07:20', '2020-02-19 23:07:20'),
(76, 1, 1, 1, 79, NULL, '2020-02-19 23:09:23', '2020-02-19 23:09:23'),
(77, 1, 1, 1, 80, NULL, '2020-02-19 23:12:14', '2020-02-19 23:12:14'),
(78, 1, 1, 1, 81, NULL, '2020-02-19 23:12:18', '2020-02-19 23:12:18'),
(79, 1, 1, 1, 82, NULL, '2020-02-19 23:14:10', '2020-02-19 23:14:10'),
(80, 1, 1, 1, 83, NULL, '2020-02-19 23:14:42', '2020-02-19 23:14:42'),
(81, 1, 1, 1, 84, NULL, '2020-02-19 23:16:07', '2020-02-19 23:16:07'),
(82, 1, 1, 1, 85, NULL, '2020-02-19 23:16:12', '2020-02-19 23:16:12'),
(83, 1, 1, 1, 86, NULL, '2020-02-19 23:19:33', '2020-02-19 23:19:33'),
(84, 1, 1, 1, 87, NULL, '2020-02-19 23:19:40', '2020-02-19 23:19:40'),
(85, 1, 1, 1, 88, NULL, '2020-02-19 23:21:24', '2020-02-19 23:21:24'),
(86, 1, 1, 1, 89, NULL, '2020-02-19 23:21:32', '2020-02-19 23:21:32'),
(87, 1, 1, 1, 90, NULL, '2020-02-19 23:23:51', '2020-02-19 23:23:51'),
(88, 1, 1, 1, 91, NULL, '2020-02-19 23:27:01', '2020-02-19 23:27:01'),
(89, 6, 4, 1, 92, NULL, '2020-02-19 23:27:52', '2020-02-19 23:27:52'),
(90, 1, 1, 1, 93, NULL, '2020-02-19 23:27:52', '2020-02-19 23:27:52'),
(91, 3, 3, 1, 94, NULL, '2020-02-19 23:27:52', '2020-02-19 23:27:52'),
(92, 4, 61, 1, 97, NULL, '2020-02-23 14:16:06', '2020-02-23 14:16:06'),
(93, 4, 199, 1, 98, NULL, '2020-02-23 14:16:06', '2020-02-23 14:16:06'),
(94, 4, 51, 1, 99, NULL, '2020-02-23 14:16:07', '2020-02-23 14:16:07'),
(95, 4, 50, 1, 100, NULL, '2020-02-23 14:16:07', '2020-02-23 14:16:07'),
(96, 4, 116, 1, 101, NULL, '2020-02-23 14:19:17', '2020-02-23 14:19:17'),
(97, 4, 122, 1, 102, NULL, '2020-02-23 14:27:04', '2020-02-23 14:27:04'),
(98, 4, 108, 1, 103, NULL, '2020-02-23 14:30:57', '2020-02-23 14:30:57'),
(99, 4, 204, 1, 104, NULL, '2020-02-23 14:35:22', '2020-02-23 14:35:22'),
(100, 4, 25, 1, 105, NULL, '2020-02-23 14:45:29', '2020-02-23 14:45:29'),
(101, 4, 20, 1, 106, NULL, '2020-02-23 14:45:29', '2020-02-23 14:45:29'),
(102, 4, 27, 1, 107, NULL, '2020-02-23 14:45:29', '2020-02-23 14:45:29'),
(103, 4, 23, 1, 108, NULL, '2020-02-23 14:45:29', '2020-02-23 14:45:29'),
(104, 4, 206, 1, 109, NULL, '2020-02-23 14:45:29', '2020-02-23 14:45:29'),
(105, 4, 205, 1, 110, NULL, '2020-02-23 14:45:29', '2020-02-23 14:45:29'),
(106, 4, 72, 1, 111, NULL, '2020-02-23 15:36:54', '2020-02-23 15:36:54'),
(107, 4, 73, 1, 112, NULL, '2020-02-23 15:36:55', '2020-02-23 15:36:55'),
(108, 4, 76, 1, 113, NULL, '2020-02-23 15:36:55', '2020-02-23 15:36:55'),
(109, 4, 68, 1, 114, NULL, '2020-02-23 15:36:55', '2020-02-23 15:36:55'),
(110, 4, 69, 1, 115, NULL, '2020-02-23 15:36:55', '2020-02-23 15:36:55'),
(111, 4, 58, 1, 116, NULL, '2020-02-23 15:41:02', '2020-02-23 15:41:02'),
(112, 4, 66, 1, 118, NULL, '2020-02-23 15:44:26', '2020-02-23 15:44:26'),
(113, 4, 80, 1, 119, NULL, '2020-02-23 15:46:03', '2020-02-23 15:46:03'),
(114, 4, 207, 1, 120, NULL, '2020-02-23 15:59:40', '2020-02-23 15:59:40'),
(115, 4, 198, 1, 122, NULL, '2020-02-23 16:04:28', '2020-02-23 16:04:28'),
(116, 4, 200, 1, 123, NULL, '2020-02-23 16:04:28', '2020-02-23 16:04:28'),
(117, 4, 210, 1, 124, NULL, '2020-02-23 16:08:28', '2020-02-23 16:08:28'),
(118, 4, 210, 1, 125, NULL, '2020-02-23 16:10:33', '2020-02-23 16:10:33'),
(119, 4, 73, 1, 126, NULL, '2020-02-23 16:15:42', '2020-02-23 16:15:42'),
(120, 4, 72, 1, 127, NULL, '2020-02-23 16:15:42', '2020-02-23 16:15:42'),
(121, 4, 78, 1, 128, NULL, '2020-02-23 16:15:43', '2020-02-23 16:15:43'),
(122, 4, 68, 1, 129, NULL, '2020-02-23 16:15:43', '2020-02-23 16:15:43'),
(123, 4, 82, 1, 130, NULL, '2020-02-23 16:15:43', '2020-02-23 16:15:43'),
(124, 4, 27, 1, 131, NULL, '2020-02-23 16:17:39', '2020-02-23 16:17:39'),
(125, 4, 20, 1, 132, NULL, '2020-02-23 16:17:39', '2020-02-23 16:17:39'),
(126, 4, 214, 1, 133, NULL, '2020-02-23 16:21:04', '2020-02-23 16:21:04'),
(127, 4, 50, 1, 134, NULL, '2020-02-23 16:21:04', '2020-02-23 16:21:04'),
(128, 4, 116, 1, 137, NULL, '2020-02-23 16:24:50', '2020-02-23 16:24:50'),
(129, 4, 66, 1, 138, NULL, '2020-02-23 16:27:43', '2020-02-23 16:27:43'),
(130, 4, 148, 1, 139, NULL, '2020-02-23 16:31:49', '2020-02-23 16:31:49'),
(131, 4, 215, 1, 140, NULL, '2020-02-23 16:38:46', '2020-02-23 16:38:46'),
(132, 4, 112, 1, 141, NULL, '2020-02-23 16:41:06', '2020-02-23 16:41:06'),
(133, 4, 130, 1, 142, NULL, '2020-02-25 10:24:31', '2020-02-25 10:24:31'),
(134, 4, 7, 1, 143, NULL, '2020-02-25 10:25:47', '2020-02-25 10:25:47'),
(135, 4, 197, 1, 144, '2020-02-25 13:13:05', '2020-02-25 10:26:02', '2020-02-25 13:13:05'),
(136, 4, 138, 1, 145, NULL, '2020-02-25 10:29:06', '2020-02-25 10:29:06'),
(137, 4, 68, 1, 146, NULL, '2020-02-25 10:33:34', '2020-02-25 10:33:34'),
(138, 4, 52, 1, 147, NULL, '2020-02-25 10:33:34', '2020-02-25 10:33:34'),
(139, 4, 46, 1, 148, NULL, '2020-02-25 10:33:34', '2020-02-25 10:33:34'),
(140, 4, 59, 1, 149, NULL, '2020-02-25 10:36:54', '2020-02-25 10:36:54'),
(141, 4, 59, 1, 150, NULL, '2020-02-25 10:36:54', '2020-02-25 10:36:54'),
(142, 4, 58, 1, 151, NULL, '2020-02-25 10:36:54', '2020-02-25 10:36:54'),
(143, 4, 216, 1, 152, NULL, '2020-02-25 10:52:26', '2020-02-25 10:52:26'),
(144, 4, 82, 1, 153, NULL, '2020-02-25 10:52:26', '2020-02-25 10:52:26'),
(145, 4, 108, 1, 154, NULL, '2020-02-25 10:54:54', '2020-02-25 10:54:54'),
(146, 4, 209, 1, 155, NULL, '2020-02-25 10:54:54', '2020-02-25 10:54:54'),
(147, 4, 147, 1, 156, NULL, '2020-02-25 10:57:07', '2020-02-25 10:57:07'),
(148, 4, 211, 1, 157, NULL, '2020-02-25 10:59:19', '2020-02-25 10:59:19'),
(149, 4, 217, 1, 158, NULL, '2020-02-25 11:02:49', '2020-02-25 11:02:49'),
(150, 4, 212, 1, 159, NULL, '2020-02-25 11:02:49', '2020-02-25 11:02:49'),
(151, 4, 130, 1, 160, NULL, '2020-02-25 11:04:29', '2020-02-25 11:04:29'),
(152, 4, 82, 1, 161, NULL, '2020-02-25 11:05:30', '2020-02-25 11:05:30'),
(153, 4, 81, 1, 162, NULL, '2020-02-25 11:05:30', '2020-02-25 11:05:30'),
(154, 4, 73, 1, 163, NULL, '2020-02-25 11:05:30', '2020-02-25 11:05:30'),
(155, 4, 198, 1, 164, NULL, '2020-02-25 11:05:30', '2020-02-25 11:05:30'),
(156, 4, 72, 1, 165, NULL, '2020-02-25 11:05:30', '2020-02-25 11:05:30'),
(157, 4, 80, 1, 166, NULL, '2020-02-25 11:05:30', '2020-02-25 11:05:30'),
(158, 4, 200, 1, 167, NULL, '2020-02-25 11:05:31', '2020-02-25 11:05:31'),
(159, 4, 27, 1, 168, NULL, '2020-02-25 11:05:31', '2020-02-25 11:05:31'),
(160, 4, 25, 1, 169, NULL, '2020-02-25 11:05:31', '2020-02-25 11:05:31'),
(161, 4, 23, 1, 170, NULL, '2020-02-25 11:05:31', '2020-02-25 11:05:31'),
(162, 4, 119, 1, 171, NULL, '2020-02-25 11:14:54', '2020-02-25 11:14:54'),
(163, 4, 118, 1, 172, NULL, '2020-02-25 11:14:54', '2020-02-25 11:14:54'),
(164, 4, 201, 1, 173, NULL, '2020-02-25 11:14:54', '2020-02-25 11:14:54'),
(165, 4, 118, 1, 174, NULL, '2020-02-25 11:16:30', '2020-02-25 11:16:30'),
(166, 4, 195, 1, 175, NULL, '2020-02-25 11:17:17', '2020-02-25 11:17:17'),
(167, 4, 196, 1, 176, NULL, '2020-02-25 11:17:17', '2020-02-25 11:17:17'),
(168, 4, 144, 1, 177, NULL, '2020-02-25 11:17:17', '2020-02-25 11:17:17'),
(169, 5, 177, 1, 182, '2020-02-25 16:43:59', '2020-02-25 11:59:09', '2020-02-25 16:43:59'),
(170, 5, 177, 1, 183, '2020-02-25 16:43:59', '2020-02-25 11:59:09', '2020-02-25 16:43:59'),
(171, 1, 1, 1, 184, NULL, '2020-02-25 12:14:12', '2020-02-25 12:14:12'),
(172, 1, 1, 1, 185, NULL, '2020-02-25 12:15:21', '2020-02-25 12:15:21'),
(173, 3, 3, 1, 186, NULL, '2020-02-25 12:15:21', '2020-02-25 12:15:21'),
(174, 1, 1, 1, 187, NULL, '2020-02-25 12:24:50', '2020-02-25 12:24:50'),
(175, 6, 4, 1, 188, NULL, '2020-02-25 12:27:18', '2020-02-25 12:27:18'),
(176, 1, 1, 1, 189, NULL, '2020-02-25 12:27:18', '2020-02-25 12:27:18'),
(177, 1, 1, 1, 190, NULL, '2020-02-25 12:32:37', '2020-02-25 12:32:37'),
(178, 1, 1, 1, 191, NULL, '2020-02-25 12:32:50', '2020-02-25 12:32:50'),
(179, 1, 1, 1, 192, NULL, '2020-02-25 12:38:19', '2020-02-25 12:38:19'),
(180, 1, 1, 1, 193, NULL, '2020-02-25 12:39:27', '2020-02-25 12:39:27'),
(181, 3, 3, 1, 194, NULL, '2020-02-25 12:39:27', '2020-02-25 12:39:27'),
(182, 1, 1, 1, 195, NULL, '2020-02-25 12:47:51', '2020-02-25 12:47:51'),
(183, 1, 1, 1, 196, NULL, '2020-02-25 12:50:34', '2020-02-25 12:50:34'),
(184, 1, 1, 1, 197, NULL, '2020-02-25 12:52:58', '2020-02-25 12:52:58'),
(185, 1, 1, 1, 198, NULL, '2020-02-25 12:53:25', '2020-02-25 12:53:25'),
(186, 3, 3, 1, 199, NULL, '2020-02-25 12:53:25', '2020-02-25 12:53:25'),
(187, 1, 1, 1, 200, NULL, '2020-02-25 12:57:15', '2020-02-25 12:57:15'),
(188, 1, 1, 1, 201, NULL, '2020-02-25 12:57:40', '2020-02-25 12:57:40'),
(189, 3, 3, 1, 202, NULL, '2020-02-25 12:57:40', '2020-02-25 12:57:40'),
(190, 1, 1, 1, 203, NULL, '2020-02-25 13:00:23', '2020-02-25 13:00:23'),
(191, 1, 1, 1, 204, NULL, '2020-02-25 13:00:30', '2020-02-25 13:00:30'),
(192, 1, 1, 1, 205, NULL, '2020-02-25 13:03:29', '2020-02-25 13:03:29'),
(193, 1, 1, 1, 206, NULL, '2020-02-25 13:03:35', '2020-02-25 13:03:35'),
(194, 1, 1, 1, 207, NULL, '2020-02-25 13:08:53', '2020-02-25 13:08:53'),
(195, 1, 1, 1, 208, NULL, '2020-02-25 13:09:26', '2020-02-25 13:09:26'),
(196, 1, 1, 1, 209, NULL, '2020-02-25 13:13:33', '2020-02-25 13:13:33'),
(197, 1, 1, 1, 210, NULL, '2020-02-25 13:13:40', '2020-02-25 13:13:40'),
(198, 4, 5, 1, 211, NULL, '2020-02-25 13:13:56', '2020-02-25 13:13:56'),
(199, 1, 1, 1, 212, NULL, '2020-02-25 13:16:21', '2020-02-25 13:16:21'),
(200, 1, 1, 1, 213, NULL, '2020-02-25 13:17:16', '2020-02-25 13:17:16'),
(201, 1, 1, 1, 214, NULL, '2020-02-25 15:42:13', '2020-02-25 15:42:13'),
(202, 1, 1, 1, 215, NULL, '2020-02-25 15:42:44', '2020-02-25 15:42:44'),
(203, 5, 177, 1, 217, NULL, '2020-02-25 16:46:15', '2020-02-25 16:46:15'),
(204, 5, 177, 1, 218, NULL, '2020-02-25 16:46:15', '2020-02-25 16:46:15'),
(205, 4, 59, 1, 220, NULL, '2020-02-25 17:10:51', '2020-02-25 17:10:51'),
(206, 4, 215, 2, 222, NULL, '2020-02-25 18:10:06', '2020-02-25 18:10:06'),
(207, 4, 216, 2, 223, NULL, '2020-02-25 18:11:48', '2020-02-25 18:11:48'),
(208, 4, 200, 2, 224, NULL, '2020-02-25 18:11:48', '2020-02-25 18:11:48'),
(209, 4, 130, 2, 225, NULL, '2020-02-25 18:13:26', '2020-02-25 18:13:26'),
(210, 4, 61, 2, 226, NULL, '2020-02-25 18:15:32', '2020-02-25 18:15:32'),
(211, 4, 108, 2, 227, '2020-02-25 18:45:28', '2020-02-25 18:16:45', '2020-02-25 18:45:28'),
(212, 4, 108, 2, 228, NULL, '2020-02-25 18:16:56', '2020-02-25 18:16:56'),
(213, 4, 210, 2, 229, NULL, '2020-02-25 18:18:59', '2020-02-25 18:18:59'),
(214, 4, 123, 2, 230, NULL, '2020-02-25 18:18:59', '2020-02-25 18:18:59'),
(215, 4, 218, 2, 231, NULL, '2020-02-25 18:21:18', '2020-02-25 18:21:18'),
(216, 2, 2, 2, 232, NULL, '2020-02-25 18:21:48', '2020-02-25 18:21:48'),
(217, 2, 2, 2, 233, NULL, '2020-02-25 18:27:58', '2020-02-25 18:27:58'),
(218, 3, 3, 2, 234, NULL, '2020-02-25 18:27:58', '2020-02-25 18:27:58'),
(219, 4, 25, 2, 236, NULL, '2020-02-25 18:29:54', '2020-02-25 18:29:54'),
(220, 4, 27, 2, 237, NULL, '2020-02-25 18:29:55', '2020-02-25 18:29:55'),
(221, 4, 23, 2, 238, NULL, '2020-02-25 18:29:55', '2020-02-25 18:29:55'),
(222, 4, 63, 2, 239, NULL, '2020-02-25 18:29:55', '2020-02-25 18:29:55'),
(223, 4, 73, 2, 240, NULL, '2020-02-25 18:29:55', '2020-02-25 18:29:55'),
(224, 4, 198, 2, 241, NULL, '2020-02-25 18:29:55', '2020-02-25 18:29:55'),
(225, 4, 72, 2, 242, NULL, '2020-02-25 18:29:55', '2020-02-25 18:29:55'),
(226, 4, 81, 2, 243, NULL, '2020-02-25 18:29:55', '2020-02-25 18:29:55'),
(227, 4, 82, 2, 244, NULL, '2020-02-25 18:29:55', '2020-02-25 18:29:55'),
(228, 4, 69, 2, 245, NULL, '2020-02-25 18:29:55', '2020-02-25 18:29:55'),
(229, 4, 76, 2, 246, NULL, '2020-02-25 18:29:55', '2020-02-25 18:29:55'),
(230, 4, 70, 2, 247, NULL, '2020-02-25 18:29:55', '2020-02-25 18:29:55'),
(231, 4, 80, 2, 248, NULL, '2020-02-25 18:29:55', '2020-02-25 18:29:55'),
(232, 4, 200, 2, 249, NULL, '2020-02-25 18:29:55', '2020-02-25 18:29:55'),
(233, 4, 137, 2, 250, NULL, '2020-02-25 18:34:12', '2020-02-25 18:34:12'),
(234, 2, 2, 2, 254, NULL, '2020-02-25 18:40:13', '2020-02-25 18:40:13'),
(235, 2, 2, 2, 256, NULL, '2020-02-25 18:42:24', '2020-02-25 18:42:24'),
(236, 3, 3, 2, 257, NULL, '2020-02-25 18:42:24', '2020-02-25 18:42:24'),
(237, 2, 2, 2, 259, NULL, '2020-02-25 18:58:41', '2020-02-25 18:58:41'),
(238, 2, 2, 2, 260, NULL, '2020-02-25 19:01:33', '2020-02-25 19:01:33'),
(239, 3, 3, 2, 261, NULL, '2020-02-25 19:01:33', '2020-02-25 19:01:33'),
(240, 1, 1, 2, 262, NULL, '2020-02-25 19:20:33', '2020-02-25 19:20:33'),
(241, 1, 1, 2, 263, NULL, '2020-02-25 19:20:45', '2020-02-25 19:20:45'),
(242, 1, 1, 2, 264, NULL, '2020-02-25 19:33:09', '2020-02-25 19:33:09'),
(243, 1, 1, 2, 265, NULL, '2020-02-25 19:33:15', '2020-02-25 19:33:15'),
(244, 1, 1, 2, 266, NULL, '2020-02-25 19:37:18', '2020-02-25 19:37:18'),
(245, 1, 1, 2, 267, NULL, '2020-02-25 19:39:42', '2020-02-25 19:39:42'),
(246, 1, 1, 2, 268, NULL, '2020-02-25 19:39:47', '2020-02-25 19:39:47'),
(247, 1, 1, 2, 269, NULL, '2020-02-26 12:17:58', '2020-02-26 12:17:58'),
(248, 1, 1, 2, 270, NULL, '2020-03-01 10:20:34', '2020-03-01 10:20:34'),
(249, 1, 1, 2, 271, NULL, '2020-03-01 11:01:48', '2020-03-01 11:01:48'),
(250, 1, 1, 2, 272, NULL, '2020-03-01 11:20:14', '2020-03-01 11:20:14'),
(251, 1, 1, 2, 273, NULL, '2020-03-01 11:35:39', '2020-03-01 11:35:39'),
(252, 1, 1, 2, 274, NULL, '2020-03-01 11:37:35', '2020-03-01 11:37:35'),
(253, 4, 124, 3, 276, NULL, '2020-03-01 12:58:36', '2020-03-01 12:58:36'),
(254, 1, 1, 3, 280, NULL, '2020-03-01 13:07:21', '2020-03-01 13:07:21'),
(255, 1, 1, 3, 281, NULL, '2020-03-01 13:07:40', '2020-03-01 13:07:40'),
(256, 1, 1, 3, 282, NULL, '2020-03-01 13:12:09', '2020-03-01 13:12:09'),
(257, 1, 1, 3, 283, NULL, '2020-03-01 13:12:44', '2020-03-01 13:12:44'),
(258, 1, 1, 3, 284, NULL, '2020-03-01 13:16:41', '2020-03-01 13:16:41'),
(259, 1, 1, 3, 285, NULL, '2020-03-01 13:16:51', '2020-03-01 13:16:51'),
(260, 1, 1, 3, 286, NULL, '2020-03-01 13:20:44', '2020-03-01 13:20:44'),
(261, 1, 1, 3, 287, NULL, '2020-03-01 13:26:39', '2020-03-01 13:26:39'),
(262, 1, 1, 3, 288, NULL, '2020-03-01 13:26:50', '2020-03-01 13:26:50'),
(263, 1, 1, 3, 290, NULL, '2020-03-01 13:32:39', '2020-03-01 13:32:39'),
(264, 1, 1, 3, 291, NULL, '2020-03-01 13:33:08', '2020-03-01 13:33:08'),
(265, 1, 1, 3, 292, NULL, '2020-03-01 13:36:20', '2020-03-01 13:36:20'),
(266, 1, 1, 3, 293, NULL, '2020-03-01 13:36:30', '2020-03-01 13:36:30'),
(267, 1, 1, 3, 294, NULL, '2020-03-01 13:39:17', '2020-03-01 13:39:17'),
(268, 1, 1, 3, 295, NULL, '2020-03-01 13:39:27', '2020-03-01 13:39:27'),
(269, 1, 1, 3, 296, NULL, '2020-03-01 13:44:51', '2020-03-01 13:44:51'),
(270, 1, 1, 3, 297, NULL, '2020-03-01 13:45:07', '2020-03-01 13:45:07'),
(271, 1, 1, 3, 298, NULL, '2020-03-01 13:47:25', '2020-03-01 13:47:25'),
(272, 1, 1, 3, 299, NULL, '2020-03-01 13:49:20', '2020-03-01 13:49:20'),
(273, 3, 3, 3, 300, NULL, '2020-03-01 13:49:20', '2020-03-01 13:49:20'),
(274, 1, 1, 3, 301, NULL, '2020-03-01 15:09:54', '2020-03-01 15:09:54'),
(275, 1, 1, 3, 302, NULL, '2020-03-01 15:14:01', '2020-03-01 15:14:01'),
(276, 1, 1, 3, 303, NULL, '2020-03-01 15:14:13', '2020-03-01 15:14:13'),
(277, 1, 1, 3, 305, NULL, '2020-03-01 15:35:58', '2020-03-01 15:35:58'),
(278, 1, 1, 3, 306, NULL, '2020-03-01 15:38:55', '2020-03-01 15:38:55'),
(279, 1, 1, 3, 307, NULL, '2020-03-01 15:39:25', '2020-03-01 15:39:25'),
(280, 2, 2, 3, 311, NULL, '2020-03-01 16:30:02', '2020-03-01 16:30:02'),
(281, 2, 2, 3, 312, NULL, '2020-03-01 16:30:20', '2020-03-01 16:30:20'),
(282, 1, 1, 4, 315, NULL, '2020-03-01 17:26:42', '2020-03-01 17:26:42'),
(283, 1, 1, 4, 316, NULL, '2020-03-01 17:26:53', '2020-03-01 17:26:53'),
(284, 1, 1, 4, 317, NULL, '2020-03-01 17:28:57', '2020-03-01 17:28:57'),
(285, 1, 1, 4, 318, NULL, '2020-03-01 17:29:04', '2020-03-01 17:29:04'),
(286, 1, 1, 4, 319, NULL, '2020-03-01 17:46:58', '2020-03-01 17:46:58'),
(287, 1, 1, 4, 320, NULL, '2020-03-01 17:47:08', '2020-03-01 17:47:08'),
(288, 1, 1, 4, 321, NULL, '2020-03-01 17:56:14', '2020-03-01 17:56:14'),
(289, 1, 1, 4, 322, NULL, '2020-03-01 17:56:22', '2020-03-01 17:56:22'),
(290, 1, 1, 4, 323, NULL, '2020-03-01 17:57:59', '2020-03-01 17:57:59'),
(291, 1, 1, 4, 324, NULL, '2020-03-01 17:58:07', '2020-03-01 17:58:07'),
(292, 2, 2, 4, 325, NULL, '2020-03-01 18:04:16', '2020-03-01 18:04:16'),
(293, 1, 1, 4, 326, NULL, '2020-03-01 18:06:30', '2020-03-01 18:06:30'),
(294, 4, 141, 4, 334, NULL, '2020-03-03 11:01:33', '2020-03-03 11:01:33'),
(295, 4, 94, 4, 335, NULL, '2020-03-03 11:07:53', '2020-03-03 11:07:53'),
(296, 4, 94, 4, 336, NULL, '2020-03-03 11:07:53', '2020-03-03 11:07:53'),
(297, 4, 52, 4, 337, NULL, '2020-03-03 11:22:19', '2020-03-03 11:22:19'),
(298, 4, 53, 4, 338, NULL, '2020-03-03 11:22:19', '2020-03-03 11:22:19'),
(299, 4, 68, 4, 339, NULL, '2020-03-03 11:22:19', '2020-03-03 11:22:19'),
(300, 4, 46, 4, 340, NULL, '2020-03-03 11:22:19', '2020-03-03 11:22:19'),
(301, 4, 5, 4, 341, NULL, '2020-03-03 11:23:11', '2020-03-03 11:23:11'),
(302, 4, 61, 4, 342, NULL, '2020-03-03 11:24:48', '2020-03-03 11:24:48'),
(303, 4, 59, 4, 343, NULL, '2020-03-03 11:31:50', '2020-03-03 11:31:50'),
(304, 4, 108, 4, 344, NULL, '2020-03-03 11:32:52', '2020-03-03 11:32:52'),
(305, 4, 211, 4, 345, NULL, '2020-03-03 11:35:35', '2020-03-03 11:35:35'),
(306, 4, 207, 4, 346, NULL, '2020-03-03 11:36:11', '2020-03-03 11:36:11'),
(307, 4, 58, 4, 347, NULL, '2020-03-03 11:36:49', '2020-03-03 11:36:49'),
(308, 4, 104, 4, 348, NULL, '2020-03-03 11:43:54', '2020-03-03 11:43:54'),
(309, 4, 21, 4, 349, NULL, '2020-03-03 11:51:22', '2020-03-03 11:51:22'),
(310, 4, 30, 4, 350, NULL, '2020-03-03 11:51:22', '2020-03-03 11:51:22'),
(311, 4, 69, 4, 351, NULL, '2020-03-03 11:51:22', '2020-03-03 11:51:22'),
(312, 4, 76, 4, 352, NULL, '2020-03-03 11:51:22', '2020-03-03 11:51:22'),
(313, 4, 77, 4, 353, NULL, '2020-03-03 11:51:22', '2020-03-03 11:51:22'),
(314, 4, 70, 4, 354, NULL, '2020-03-03 11:51:22', '2020-03-03 11:51:22'),
(315, 4, 198, 4, 355, NULL, '2020-03-03 11:51:22', '2020-03-03 11:51:22'),
(316, 4, 73, 4, 356, NULL, '2020-03-03 11:51:23', '2020-03-03 11:51:23'),
(317, 4, 72, 4, 357, NULL, '2020-03-03 11:51:23', '2020-03-03 11:51:23'),
(318, 4, 200, 4, 358, NULL, '2020-03-03 11:51:23', '2020-03-03 11:51:23'),
(319, 4, 81, 4, 359, NULL, '2020-03-03 11:51:23', '2020-03-03 11:51:23'),
(320, 4, 82, 4, 360, NULL, '2020-03-03 11:51:23', '2020-03-03 11:51:23'),
(321, 4, 117, 4, 361, NULL, '2020-03-03 11:51:23', '2020-03-03 11:51:23'),
(322, 4, 150, 4, 362, NULL, '2020-03-03 11:51:23', '2020-03-03 11:51:23'),
(323, 4, 139, 4, 366, NULL, '2020-03-03 12:09:44', '2020-03-03 12:09:44'),
(324, 2, 2, 4, 370, NULL, '2020-03-03 12:21:56', '2020-03-03 12:21:56'),
(325, 2, 2, 4, 371, NULL, '2020-03-03 12:31:26', '2020-03-03 12:31:26'),
(326, 3, 3, 4, 372, NULL, '2020-03-03 12:31:26', '2020-03-03 12:31:26'),
(327, 4, 219, 4, 374, NULL, '2020-03-03 12:48:33', '2020-03-03 12:48:33'),
(328, 4, 202, 4, 375, NULL, '2020-03-03 12:48:33', '2020-03-03 12:48:33'),
(329, 4, 220, 4, 376, NULL, '2020-03-03 12:55:49', '2020-03-03 12:55:49'),
(330, 4, 106, 5, 377, NULL, '2020-03-03 13:24:33', '2020-03-03 13:24:33'),
(331, 4, 59, 5, 378, NULL, '2020-03-03 13:25:13', '2020-03-03 13:25:13'),
(332, 4, 211, 5, 379, NULL, '2020-03-03 13:26:03', '2020-03-03 13:26:03'),
(333, 4, 69, 5, 380, NULL, '2020-03-03 13:31:17', '2020-03-03 13:31:17'),
(334, 4, 76, 5, 381, NULL, '2020-03-03 13:31:17', '2020-03-03 13:31:17'),
(335, 4, 70, 5, 382, NULL, '2020-03-03 13:31:17', '2020-03-03 13:31:17'),
(336, 4, 200, 5, 383, NULL, '2020-03-03 13:31:17', '2020-03-03 13:31:17'),
(337, 4, 84, 5, 384, NULL, '2020-03-03 13:31:17', '2020-03-03 13:31:17'),
(338, 4, 221, 5, 385, NULL, '2020-03-03 13:31:17', '2020-03-03 13:31:17'),
(339, 4, 108, 5, 386, NULL, '2020-03-03 13:32:19', '2020-03-03 13:32:19'),
(340, 4, 209, 5, 387, NULL, '2020-03-03 13:33:23', '2020-03-03 13:33:23'),
(341, 4, 210, 5, 388, NULL, '2020-03-03 13:34:36', '2020-03-03 13:34:36'),
(342, 4, 104, 5, 389, NULL, '2020-03-03 13:34:36', '2020-03-03 13:34:36'),
(343, 1, 1, 5, 396, NULL, '2020-03-03 14:16:11', '2020-03-03 14:16:11'),
(344, 1, 1, 5, 397, NULL, '2020-03-03 14:16:23', '2020-03-03 14:16:23'),
(345, 1, 1, 5, 398, NULL, '2020-03-03 14:19:00', '2020-03-03 14:19:00'),
(346, 1, 1, 5, 399, NULL, '2020-03-03 14:19:06', '2020-03-03 14:19:06'),
(347, 1, 1, 5, 400, NULL, '2020-03-03 14:20:33', '2020-03-03 14:20:33'),
(348, 1, 1, 5, 401, NULL, '2020-03-03 14:20:37', '2020-03-03 14:20:37'),
(349, 2, 2, 5, 402, NULL, '2020-03-03 14:35:36', '2020-03-03 14:35:36'),
(350, 2, 2, 5, 403, NULL, '2020-03-03 14:42:25', '2020-03-03 14:42:25'),
(351, 3, 3, 5, 404, NULL, '2020-03-03 14:42:25', '2020-03-03 14:42:25'),
(352, 2, 2, 5, 406, NULL, '2020-03-03 16:01:28', '2020-03-03 16:01:28'),
(353, 2, 2, 5, 407, NULL, '2020-03-03 16:02:20', '2020-03-03 16:02:20'),
(354, 3, 3, 5, 408, NULL, '2020-03-03 16:02:20', '2020-03-03 16:02:20'),
(355, 1, 1, 6, 411, NULL, '2020-03-03 16:10:51', '2020-03-03 16:10:51'),
(356, 4, 220, 6, 412, NULL, '2020-03-03 16:10:53', '2020-03-03 16:10:53'),
(357, 1, 1, 6, 413, NULL, '2020-03-03 16:11:04', '2020-03-03 16:11:04'),
(358, 4, 94, 6, 414, NULL, '2020-03-03 16:14:27', '2020-03-03 16:14:27'),
(359, 1, 1, 6, 415, NULL, '2020-03-03 16:18:11', '2020-03-03 16:18:11'),
(360, 1, 1, 6, 416, NULL, '2020-03-03 16:18:20', '2020-03-03 16:18:20'),
(361, 4, 66, 6, 417, NULL, '2020-03-03 16:20:15', '2020-03-03 16:20:15'),
(362, 1, 1, 6, 418, NULL, '2020-03-03 16:20:15', '2020-03-03 16:20:15'),
(363, 1, 1, 6, 419, NULL, '2020-03-03 16:20:22', '2020-03-03 16:20:22'),
(364, 1, 1, 6, 420, NULL, '2020-03-03 16:23:21', '2020-03-03 16:23:21'),
(365, 1, 1, 6, 421, NULL, '2020-03-03 16:23:30', '2020-03-03 16:23:30'),
(366, 1, 1, 6, 422, NULL, '2020-03-03 16:25:54', '2020-03-03 16:25:54'),
(367, 4, 125, 6, 423, NULL, '2020-03-03 16:26:22', '2020-03-03 16:26:22'),
(368, 4, 126, 6, 424, NULL, '2020-03-03 16:26:22', '2020-03-03 16:26:22'),
(369, 4, 211, 6, 425, NULL, '2020-03-03 16:28:23', '2020-03-03 16:28:23'),
(370, 1, 1, 6, 426, NULL, '2020-03-03 16:28:24', '2020-03-03 16:28:24'),
(371, 4, 141, 6, 427, NULL, '2020-03-03 16:29:44', '2020-03-03 16:29:44'),
(372, 1, 1, 6, 428, NULL, '2020-03-03 16:30:07', '2020-03-03 16:30:07'),
(373, 1, 1, 6, 429, NULL, '2020-03-03 16:30:17', '2020-03-03 16:30:17'),
(374, 1, 1, 6, 430, NULL, '2020-03-03 16:33:11', '2020-03-03 16:33:11'),
(375, 1, 1, 6, 431, NULL, '2020-03-03 16:33:26', '2020-03-03 16:33:26'),
(376, 4, 210, 6, 432, NULL, '2020-03-03 16:34:21', '2020-03-03 16:34:21'),
(377, 1, 1, 6, 433, NULL, '2020-03-03 16:35:46', '2020-03-03 16:35:46'),
(378, 1, 1, 6, 434, NULL, '2020-03-03 16:35:56', '2020-03-03 16:35:56'),
(379, 4, 68, 6, 435, NULL, '2020-03-03 16:37:56', '2020-03-03 16:37:56'),
(380, 4, 200, 6, 436, NULL, '2020-03-03 16:37:56', '2020-03-03 16:37:56'),
(381, 4, 216, 6, 437, NULL, '2020-03-03 16:37:56', '2020-03-03 16:37:56'),
(382, 1, 1, 6, 440, NULL, '2020-03-03 16:50:08', '2020-03-03 16:50:08'),
(383, 1, 1, 6, 441, NULL, '2020-03-03 16:50:16', '2020-03-03 16:50:16'),
(384, 1, 1, 6, 442, NULL, '2020-03-03 16:52:48', '2020-03-03 16:52:48'),
(385, 1, 1, 6, 443, NULL, '2020-03-03 16:52:53', '2020-03-03 16:52:53'),
(386, 1, 1, 6, 444, NULL, '2020-03-03 16:57:54', '2020-03-03 16:57:54'),
(387, 1, 1, 6, 445, NULL, '2020-03-03 16:58:00', '2020-03-03 16:58:00'),
(388, 1, 1, 6, 446, NULL, '2020-03-03 17:10:02', '2020-03-03 17:10:02'),
(389, 1, 1, 6, 447, NULL, '2020-03-03 17:10:12', '2020-03-03 17:10:12'),
(390, 1, 1, 6, 448, NULL, '2020-03-03 17:14:14', '2020-03-03 17:14:14'),
(391, 1, 1, 6, 449, NULL, '2020-03-03 17:14:21', '2020-03-03 17:14:21'),
(392, 2, 2, 6, 450, NULL, '2020-03-05 09:03:55', '2020-03-05 09:03:55'),
(393, 2, 2, 6, 451, NULL, '2020-03-05 09:12:56', '2020-03-05 09:12:56'),
(394, 2, 2, 6, 452, NULL, '2020-03-05 09:13:39', '2020-03-05 09:13:39'),
(395, 3, 3, 6, 453, NULL, '2020-03-05 09:13:39', '2020-03-05 09:13:39'),
(396, 1, 1, 6, 454, NULL, '2020-03-05 09:21:49', '2020-03-05 09:21:49'),
(397, 1, 1, 6, 455, NULL, '2020-03-05 09:21:55', '2020-03-05 09:21:55'),
(398, 1, 1, 6, 457, NULL, '2020-03-05 09:25:19', '2020-03-05 09:25:19'),
(399, 1, 1, 6, 458, NULL, '2020-03-05 09:25:29', '2020-03-05 09:25:29'),
(400, 1, 1, 6, 460, NULL, '2020-03-05 09:29:12', '2020-03-05 09:29:12'),
(401, 1, 1, 6, 461, NULL, '2020-03-05 09:29:19', '2020-03-05 09:29:19'),
(402, 1, 1, 6, 463, NULL, '2020-03-05 09:41:20', '2020-03-05 09:41:20'),
(403, 1, 1, 6, 464, NULL, '2020-03-05 09:41:27', '2020-03-05 09:41:27'),
(404, 1, 1, 6, 469, NULL, '2020-03-05 10:10:55', '2020-03-05 10:10:55'),
(405, 1, 1, 6, 470, NULL, '2020-03-05 10:13:54', '2020-03-05 10:13:54'),
(406, 1, 1, 6, 471, NULL, '2020-03-05 10:14:05', '2020-03-05 10:14:05'),
(407, 1, 1, 8, 472, NULL, '2020-03-05 10:29:50', '2020-03-05 10:29:50'),
(408, 1, 1, 8, 473, NULL, '2020-03-05 10:29:57', '2020-03-05 10:29:57'),
(409, 1, 1, 8, 474, NULL, '2020-03-05 10:32:27', '2020-03-05 10:32:27'),
(410, 1, 1, 8, 475, NULL, '2020-03-05 10:32:33', '2020-03-05 10:32:33'),
(411, 1, 1, 8, 476, NULL, '2020-03-05 10:34:06', '2020-03-05 10:34:06'),
(412, 1, 1, 8, 477, NULL, '2020-03-05 10:34:15', '2020-03-05 10:34:15'),
(413, 1, 1, 8, 478, NULL, '2020-03-05 10:34:20', '2020-03-05 10:34:20'),
(414, 1, 1, 8, 479, NULL, '2020-03-05 10:36:34', '2020-03-05 10:36:34'),
(415, 1, 1, 8, 480, NULL, '2020-03-05 10:36:42', '2020-03-05 10:36:42'),
(416, 1, 1, 8, 481, NULL, '2020-03-05 10:38:57', '2020-03-05 10:38:57'),
(417, 1, 1, 8, 482, NULL, '2020-03-05 10:39:03', '2020-03-05 10:39:03'),
(418, 1, 1, 8, 483, NULL, '2020-03-05 10:40:18', '2020-03-05 10:40:18'),
(419, 1, 1, 8, 484, NULL, '2020-03-05 10:40:23', '2020-03-05 10:40:23'),
(420, 1, 1, 8, 485, NULL, '2020-03-05 10:51:50', '2020-03-05 10:51:50'),
(421, 1, 1, 8, 486, NULL, '2020-03-05 10:51:54', '2020-03-05 10:51:54'),
(422, 1, 1, 8, 487, NULL, '2020-03-05 10:54:23', '2020-03-05 10:54:23'),
(423, 1, 1, 8, 488, NULL, '2020-03-05 10:56:16', '2020-03-05 10:56:16'),
(424, 1, 1, 8, 489, NULL, '2020-03-05 10:56:22', '2020-03-05 10:56:22'),
(425, 1, 1, 8, 490, NULL, '2020-03-05 10:56:41', '2020-03-05 10:56:41'),
(426, 1, 1, 8, 491, NULL, '2020-03-05 10:58:41', '2020-03-05 10:58:41'),
(427, 1, 1, 8, 492, NULL, '2020-03-05 10:58:45', '2020-03-05 10:58:45'),
(428, 1, 1, 8, 493, NULL, '2020-03-05 11:02:16', '2020-03-05 11:02:16'),
(429, 1, 1, 8, 494, NULL, '2020-03-05 11:03:50', '2020-03-05 11:03:50'),
(430, 1, 1, 8, 495, NULL, '2020-03-05 11:08:27', '2020-03-05 11:08:27'),
(431, 1, 1, 8, 496, NULL, '2020-03-05 11:08:40', '2020-03-05 11:08:40'),
(432, 1, 1, 8, 499, NULL, '2020-03-05 11:22:34', '2020-03-05 11:22:34'),
(433, 1, 1, 8, 500, NULL, '2020-03-05 11:23:04', '2020-03-05 11:23:04'),
(434, 2, 2, 8, 504, NULL, '2020-03-05 11:39:47', '2020-03-05 11:39:47'),
(435, 2, 2, 8, 505, NULL, '2020-03-05 11:40:09', '2020-03-05 11:40:09'),
(436, 2, 2, 8, 506, NULL, '2020-03-05 11:43:17', '2020-03-05 11:43:17'),
(437, 3, 3, 8, 507, NULL, '2020-03-05 11:43:17', '2020-03-05 11:43:17'),
(438, 2, 2, 8, 509, NULL, '2020-03-05 11:48:46', '2020-03-05 11:48:46'),
(439, 2, 2, 8, 510, NULL, '2020-03-05 11:54:30', '2020-03-05 11:54:30'),
(440, 3, 3, 8, 511, NULL, '2020-03-05 11:54:30', '2020-03-05 11:54:30'),
(441, 4, 53, 8, 512, NULL, '2020-03-05 11:58:18', '2020-03-05 11:58:18'),
(442, 4, 214, 8, 513, NULL, '2020-03-05 11:58:18', '2020-03-05 11:58:18'),
(443, 4, 61, 8, 514, NULL, '2020-03-05 11:59:59', '2020-03-05 11:59:59'),
(444, 4, 60, 8, 515, NULL, '2020-03-05 11:59:59', '2020-03-05 11:59:59'),
(445, 4, 44, 8, 516, NULL, '2020-03-05 12:09:26', '2020-03-05 12:09:26'),
(446, 4, 35, 8, 517, NULL, '2020-03-05 12:09:26', '2020-03-05 12:09:26'),
(447, 4, 42, 8, 518, NULL, '2020-03-05 12:09:26', '2020-03-05 12:09:26'),
(448, 4, 55, 8, 519, NULL, '2020-03-05 12:09:26', '2020-03-05 12:09:26'),
(449, 4, 45, 8, 520, NULL, '2020-03-05 12:09:26', '2020-03-05 12:09:26'),
(450, 4, 222, 8, 521, NULL, '2020-03-05 12:10:42', '2020-03-05 12:10:42'),
(451, 4, 60, 8, 522, NULL, '2020-03-05 12:11:39', '2020-03-05 12:11:39'),
(452, 4, 108, 8, 523, NULL, '2020-03-05 12:12:15', '2020-03-05 12:12:15'),
(453, 4, 33, 8, 524, NULL, '2020-03-05 12:17:20', '2020-03-05 12:17:20'),
(454, 4, 34, 8, 525, NULL, '2020-03-05 12:17:20', '2020-03-05 12:17:20'),
(455, 4, 42, 8, 526, NULL, '2020-03-05 12:17:20', '2020-03-05 12:17:20'),
(456, 4, 37, 8, 527, NULL, '2020-03-05 12:17:20', '2020-03-05 12:17:20'),
(457, 4, 45, 8, 528, NULL, '2020-03-05 12:17:20', '2020-03-05 12:17:20'),
(458, 4, 55, 8, 529, NULL, '2020-03-05 12:17:20', '2020-03-05 12:17:20'),
(459, 4, 117, 8, 530, NULL, '2020-03-05 12:17:20', '2020-03-05 12:17:20'),
(460, 4, 56, 8, 531, NULL, '2020-03-05 12:17:21', '2020-03-05 12:17:21'),
(461, 4, 38, 8, 532, NULL, '2020-03-05 12:17:21', '2020-03-05 12:17:21'),
(462, 4, 39, 8, 533, NULL, '2020-03-05 12:17:21', '2020-03-05 12:17:21'),
(463, 4, 114, 8, 534, NULL, '2020-03-05 12:17:21', '2020-03-05 12:17:21'),
(464, 4, 112, 8, 535, NULL, '2020-03-05 12:17:21', '2020-03-05 12:17:21'),
(465, 4, 138, 8, 536, NULL, '2020-03-05 12:18:19', '2020-03-05 12:18:19'),
(466, 4, 61, 8, 537, NULL, '2020-03-05 12:19:05', '2020-03-05 12:19:05'),
(467, 4, 5, 8, 538, NULL, '2020-03-05 12:20:24', '2020-03-05 12:20:24'),
(468, 4, 7, 8, 539, NULL, '2020-03-05 12:20:24', '2020-03-05 12:20:24'),
(469, 4, 6, 8, 540, NULL, '2020-03-05 12:20:24', '2020-03-05 12:20:24'),
(470, 4, 52, 8, 541, NULL, '2020-03-05 12:21:19', '2020-03-05 12:21:19'),
(471, 4, 46, 8, 542, NULL, '2020-03-05 12:21:19', '2020-03-05 12:21:19'),
(472, 4, 116, 8, 543, NULL, '2020-03-05 12:22:39', '2020-03-05 12:22:39'),
(473, 4, 120, 8, 544, NULL, '2020-03-05 12:22:39', '2020-03-05 12:22:39'),
(474, 4, 66, 8, 545, NULL, '2020-03-05 12:24:10', '2020-03-05 12:24:10'),
(475, 4, 57, 8, 546, NULL, '2020-03-05 12:26:12', '2020-03-05 12:26:12'),
(476, 4, 110, 8, 547, NULL, '2020-03-05 12:26:12', '2020-03-05 12:26:12'),
(477, 4, 30, 8, 548, NULL, '2020-03-05 12:29:37', '2020-03-05 12:29:37'),
(478, 4, 59, 8, 549, NULL, '2020-03-05 12:29:37', '2020-03-05 12:29:37'),
(479, 4, 66, 8, 550, NULL, '2020-03-05 12:29:37', '2020-03-05 12:29:37'),
(480, 4, 223, 8, 551, NULL, '2020-03-05 12:31:02', '2020-03-05 12:31:02'),
(481, 4, 81, 8, 552, NULL, '2020-03-05 12:35:12', '2020-03-05 12:35:12'),
(482, 4, 73, 8, 553, NULL, '2020-03-05 12:35:12', '2020-03-05 12:35:12'),
(483, 4, 72, 8, 554, NULL, '2020-03-05 12:35:12', '2020-03-05 12:35:12'),
(484, 4, 198, 8, 555, NULL, '2020-03-05 12:35:13', '2020-03-05 12:35:13'),
(485, 4, 82, 8, 556, NULL, '2020-03-05 12:35:13', '2020-03-05 12:35:13'),
(486, 4, 69, 8, 557, NULL, '2020-03-05 12:35:13', '2020-03-05 12:35:13'),
(487, 4, 77, 8, 558, NULL, '2020-03-05 12:35:13', '2020-03-05 12:35:13'),
(488, 4, 70, 8, 559, NULL, '2020-03-05 12:35:13', '2020-03-05 12:35:13'),
(489, 4, 68, 8, 560, NULL, '2020-03-05 12:35:13', '2020-03-05 12:35:13'),
(490, 4, 81, 8, 562, NULL, '2020-03-05 12:39:03', '2020-03-05 12:39:03'),
(491, 4, 73, 8, 563, NULL, '2020-03-05 12:39:03', '2020-03-05 12:39:03'),
(492, 4, 72, 8, 564, NULL, '2020-03-05 12:39:03', '2020-03-05 12:39:03'),
(493, 4, 198, 8, 565, NULL, '2020-03-05 12:39:03', '2020-03-05 12:39:03'),
(494, 4, 68, 8, 566, NULL, '2020-03-05 12:39:03', '2020-03-05 12:39:03'),
(495, 4, 200, 8, 567, NULL, '2020-03-05 12:39:03', '2020-03-05 12:39:03'),
(496, 4, 82, 8, 568, NULL, '2020-03-05 12:39:03', '2020-03-05 12:39:03'),
(497, 4, 69, 8, 569, NULL, '2020-03-05 12:39:03', '2020-03-05 12:39:03'),
(498, 4, 20, 8, 570, NULL, '2020-03-05 12:41:38', '2020-03-05 12:41:38'),
(499, 4, 25, 8, 571, NULL, '2020-03-05 12:41:38', '2020-03-05 12:41:38'),
(500, 4, 216, 8, 572, NULL, '2020-03-05 12:41:38', '2020-03-05 12:41:38'),
(501, 4, 69, 8, 573, NULL, '2020-03-05 12:41:38', '2020-03-05 12:41:38'),
(502, 4, 76, 8, 574, NULL, '2020-03-05 12:41:38', '2020-03-05 12:41:38'),
(503, 4, 70, 8, 575, NULL, '2020-03-05 12:41:38', '2020-03-05 12:41:38'),
(504, 4, 77, 8, 576, NULL, '2020-03-05 12:41:38', '2020-03-05 12:41:38'),
(505, 4, 80, 8, 577, NULL, '2020-03-05 12:41:38', '2020-03-05 12:41:38'),
(506, 4, 73, 8, 578, NULL, '2020-03-05 12:41:38', '2020-03-05 12:41:38'),
(507, 4, 72, 8, 579, NULL, '2020-03-05 12:41:38', '2020-03-05 12:41:38'),
(508, 4, 119, 8, 580, NULL, '2020-03-05 12:42:46', '2020-03-05 12:42:46'),
(509, 4, 118, 8, 581, NULL, '2020-03-05 12:42:46', '2020-03-05 12:42:46'),
(510, 1, 1, 9, 586, NULL, '2020-03-05 12:55:52', '2020-03-05 12:55:52'),
(511, 1, 1, 9, 587, NULL, '2020-03-05 12:56:00', '2020-03-05 12:56:00'),
(512, 1, 1, 9, 588, NULL, '2020-03-05 12:57:13', '2020-03-05 12:57:13'),
(513, 1, 1, 9, 589, NULL, '2020-03-05 12:57:18', '2020-03-05 12:57:18'),
(514, 1, 1, 9, 590, NULL, '2020-03-05 12:58:55', '2020-03-05 12:58:55'),
(515, 1, 1, 9, 591, NULL, '2020-03-05 12:59:01', '2020-03-05 12:59:01'),
(516, 1, 1, 9, 592, NULL, '2020-03-05 13:00:12', '2020-03-05 13:00:12'),
(517, 1, 1, 9, 593, NULL, '2020-03-05 13:00:17', '2020-03-05 13:00:17'),
(518, 1, 1, 9, 594, NULL, '2020-03-05 13:01:29', '2020-03-05 13:01:29'),
(519, 1, 1, 9, 595, NULL, '2020-03-05 13:01:33', '2020-03-05 13:01:33'),
(520, 2, 2, 9, 600, NULL, '2020-03-05 13:06:25', '2020-03-05 13:06:25'),
(521, 2, 2, 9, 601, NULL, '2020-03-05 13:09:25', '2020-03-05 13:09:25'),
(522, 2, 2, 9, 602, NULL, '2020-03-05 13:11:20', '2020-03-05 13:11:20'),
(523, 2, 2, 9, 603, NULL, '2020-03-05 13:11:53', '2020-03-05 13:11:53'),
(524, 3, 3, 9, 604, NULL, '2020-03-05 13:11:54', '2020-03-05 13:11:54'),
(525, 2, 2, 9, 605, NULL, '2020-03-05 13:12:59', '2020-03-05 13:12:59'),
(526, 2, 2, 9, 606, NULL, '2020-03-05 13:15:20', '2020-03-05 13:15:20'),
(527, 3, 3, 9, 607, NULL, '2020-03-05 13:15:20', '2020-03-05 13:15:20'),
(528, 4, 61, 9, 608, '2020-03-07 09:01:30', '2020-03-07 08:59:18', '2020-03-07 09:01:30'),
(529, 4, 61, 9, 609, NULL, '2020-03-07 09:04:09', '2020-03-07 09:04:09'),
(530, 4, 60, 9, 610, NULL, '2020-03-07 09:04:09', '2020-03-07 09:04:09'),
(531, 4, 43, 9, 611, NULL, '2020-03-07 09:10:17', '2020-03-07 09:10:17'),
(532, 4, 55, 9, 612, NULL, '2020-03-07 09:10:17', '2020-03-07 09:10:17'),
(533, 4, 45, 9, 613, NULL, '2020-03-07 09:10:17', '2020-03-07 09:10:17'),
(534, 4, 93, 9, 614, NULL, '2020-03-07 09:25:41', '2020-03-07 09:25:41'),
(535, 4, 224, 9, 615, NULL, '2020-03-07 09:32:59', '2020-03-07 09:32:59'),
(536, 4, 147, 9, 616, NULL, '2020-03-07 09:38:00', '2020-03-07 09:38:00'),
(537, 4, 126, 9, 617, NULL, '2020-03-07 09:38:00', '2020-03-07 09:38:00'),
(538, 4, 217, 9, 618, NULL, '2020-03-07 09:42:25', '2020-03-07 09:42:25'),
(539, 4, 225, 9, 619, NULL, '2020-03-07 09:46:03', '2020-03-07 09:46:03'),
(540, 4, 108, 9, 620, NULL, '2020-03-07 09:47:00', '2020-03-07 09:47:00'),
(541, 4, 93, 9, 621, NULL, '2020-03-07 09:48:54', '2020-03-07 09:48:54'),
(542, 4, 60, 9, 622, NULL, '2020-03-07 09:52:31', '2020-03-07 09:52:31'),
(543, 4, 226, 9, 623, NULL, '2020-03-07 09:55:18', '2020-03-07 09:55:18'),
(544, 4, 200, 9, 624, NULL, '2020-03-07 09:55:18', '2020-03-07 09:55:18'),
(545, 4, 32, 9, 625, NULL, '2020-03-07 09:56:45', '2020-03-07 09:56:45'),
(546, 4, 104, 9, 626, NULL, '2020-03-07 09:57:44', '2020-03-07 09:57:44'),
(547, 4, 105, 9, 627, NULL, '2020-03-07 09:57:44', '2020-03-07 09:57:44'),
(548, 4, 30, 9, 628, NULL, '2020-03-07 10:05:48', '2020-03-07 10:05:48'),
(549, 4, 21, 9, 629, NULL, '2020-03-07 10:05:48', '2020-03-07 10:05:48'),
(550, 4, 23, 9, 630, NULL, '2020-03-07 10:05:48', '2020-03-07 10:05:48'),
(551, 4, 25, 9, 631, NULL, '2020-03-07 10:05:48', '2020-03-07 10:05:48'),
(552, 4, 82, 9, 632, NULL, '2020-03-07 10:05:48', '2020-03-07 10:05:48'),
(553, 4, 77, 9, 633, NULL, '2020-03-07 10:05:48', '2020-03-07 10:05:48'),
(554, 4, 70, 9, 634, NULL, '2020-03-07 10:05:48', '2020-03-07 10:05:48'),
(555, 4, 76, 9, 635, NULL, '2020-03-07 10:05:48', '2020-03-07 10:05:48'),
(556, 4, 69, 9, 636, NULL, '2020-03-07 10:05:49', '2020-03-07 10:05:49'),
(557, 4, 73, 9, 637, NULL, '2020-03-07 10:05:49', '2020-03-07 10:05:49'),
(558, 4, 72, 9, 638, NULL, '2020-03-07 10:05:49', '2020-03-07 10:05:49'),
(559, 4, 198, 9, 639, NULL, '2020-03-07 10:05:49', '2020-03-07 10:05:49'),
(560, 4, 132, 9, 641, NULL, '2020-03-07 10:17:12', '2020-03-07 10:17:12'),
(561, 4, 136, 9, 642, NULL, '2020-03-07 10:17:12', '2020-03-07 10:17:12'),
(562, 4, 228, 9, 643, NULL, '2020-03-07 10:17:12', '2020-03-07 10:17:12'),
(563, 4, 134, 9, 644, NULL, '2020-03-07 10:17:12', '2020-03-07 10:17:12'),
(564, 4, 134, 9, 645, NULL, '2020-03-07 10:17:12', '2020-03-07 10:17:12'),
(565, 4, 138, 10, 648, NULL, '2020-03-07 10:36:28', '2020-03-07 10:36:28'),
(566, 1, 1, 10, 649, NULL, '2020-03-07 10:37:47', '2020-03-07 10:37:47'),
(567, 4, 226, 10, 650, NULL, '2020-03-07 10:37:50', '2020-03-07 10:37:50'),
(568, 1, 1, 10, 651, NULL, '2020-03-07 10:38:34', '2020-03-07 10:38:34'),
(569, 4, 61, 10, 652, NULL, '2020-03-07 10:39:10', '2020-03-07 10:39:10'),
(570, 1, 1, 10, 653, NULL, '2020-03-07 10:41:17', '2020-03-07 10:41:17'),
(571, 1, 1, 10, 654, NULL, '2020-03-07 10:41:21', '2020-03-07 10:41:21'),
(572, 4, 141, 10, 655, NULL, '2020-03-07 10:41:55', '2020-03-07 10:41:55'),
(573, 4, 66, 10, 656, NULL, '2020-03-07 10:41:55', '2020-03-07 10:41:55'),
(574, 4, 128, 10, 657, NULL, '2020-03-07 10:43:38', '2020-03-07 10:43:38'),
(575, 1, 1, 10, 658, NULL, '2020-03-07 10:44:12', '2020-03-07 10:44:12'),
(576, 1, 1, 10, 659, NULL, '2020-03-07 10:44:19', '2020-03-07 10:44:19'),
(577, 1, 1, 10, 660, NULL, '2020-03-07 10:46:48', '2020-03-07 10:46:48'),
(578, 1, 1, 10, 661, NULL, '2020-03-07 10:47:56', '2020-03-07 10:47:56'),
(579, 4, 68, 10, 662, NULL, '2020-03-07 10:48:14', '2020-03-07 10:48:14'),
(580, 4, 69, 10, 663, NULL, '2020-03-07 10:48:14', '2020-03-07 10:48:14'),
(581, 4, 198, 10, 664, NULL, '2020-03-07 10:48:14', '2020-03-07 10:48:14'),
(582, 4, 82, 10, 665, NULL, '2020-03-07 10:48:14', '2020-03-07 10:48:14'),
(583, 4, 221, 10, 666, NULL, '2020-03-07 10:48:14', '2020-03-07 10:48:14'),
(584, 4, 30, 10, 667, NULL, '2020-03-07 10:48:14', '2020-03-07 10:48:14'),
(585, 4, 21, 10, 668, NULL, '2020-03-07 10:48:14', '2020-03-07 10:48:14'),
(586, 4, 76, 10, 669, NULL, '2020-03-07 10:48:14', '2020-03-07 10:48:14'),
(587, 4, 73, 10, 670, NULL, '2020-03-07 10:48:14', '2020-03-07 10:48:14'),
(588, 4, 72, 10, 671, NULL, '2020-03-07 10:48:15', '2020-03-07 10:48:15'),
(589, 4, 70, 10, 672, NULL, '2020-03-07 10:48:15', '2020-03-07 10:48:15'),
(590, 4, 77, 10, 673, NULL, '2020-03-07 10:48:15', '2020-03-07 10:48:15'),
(591, 4, 81, 10, 674, NULL, '2020-03-07 10:48:15', '2020-03-07 10:48:15'),
(592, 1, 1, 10, 679, NULL, '2020-03-07 10:51:40', '2020-03-07 10:51:40'),
(593, 1, 1, 10, 680, NULL, '2020-03-07 10:52:12', '2020-03-07 10:52:12'),
(594, 1, 1, 10, 684, NULL, '2020-03-07 10:55:26', '2020-03-07 10:55:26'),
(595, 1, 1, 10, 685, NULL, '2020-03-07 10:55:32', '2020-03-07 10:55:32'),
(596, 2, 2, 10, 688, NULL, '2020-03-07 11:17:17', '2020-03-07 11:17:17'),
(597, 2, 2, 10, 689, NULL, '2020-03-07 11:20:40', '2020-03-07 11:20:40'),
(598, 2, 2, 10, 690, NULL, '2020-03-07 11:21:32', '2020-03-07 11:21:32'),
(599, 3, 3, 10, 691, NULL, '2020-03-07 11:21:32', '2020-03-07 11:21:32'),
(600, 4, 116, 11, 692, NULL, '2020-03-07 11:27:59', '2020-03-07 11:27:59'),
(601, 4, 60, 11, 693, NULL, '2020-03-07 11:28:45', '2020-03-07 11:28:45'),
(602, 4, 111, 11, 694, NULL, '2020-03-07 11:33:31', '2020-03-07 11:33:31'),
(603, 4, 130, 11, 695, NULL, '2020-03-07 11:33:32', '2020-03-07 11:33:32'),
(604, 4, 69, 11, 696, NULL, '2020-03-07 11:34:36', '2020-03-07 11:34:36'),
(605, 4, 221, 11, 697, NULL, '2020-03-07 11:34:36', '2020-03-07 11:34:36'),
(606, 1, 1, 11, 698, NULL, '2020-03-07 11:36:32', '2020-03-07 11:36:32'),
(607, 1, 1, 11, 699, NULL, '2020-03-07 11:36:37', '2020-03-07 11:36:37'),
(608, 1, 1, 11, 700, NULL, '2020-03-07 11:38:07', '2020-03-07 11:38:07'),
(609, 1, 1, 11, 701, NULL, '2020-03-07 11:38:14', '2020-03-07 11:38:14'),
(610, 1, 1, 11, 702, NULL, '2020-03-07 11:39:53', '2020-03-07 11:39:53'),
(611, 1, 1, 11, 703, NULL, '2020-03-07 11:41:12', '2020-03-07 11:41:12'),
(612, 3, 3, 11, 704, NULL, '2020-03-07 11:41:12', '2020-03-07 11:41:12'),
(613, 4, 211, 11, 707, NULL, '2020-03-07 11:45:57', '2020-03-07 11:45:57'),
(614, 4, 108, 11, 708, NULL, '2020-03-07 11:46:41', '2020-03-07 11:46:41'),
(615, 4, 58, 11, 709, NULL, '2020-03-07 11:49:47', '2020-03-07 11:49:47'),
(616, 4, 59, 11, 710, NULL, '2020-03-07 11:49:47', '2020-03-07 11:49:47'),
(617, 4, 220, 11, 711, NULL, '2020-03-07 11:50:56', '2020-03-07 11:50:56'),
(618, 4, 224, 11, 712, NULL, '2020-03-07 11:50:56', '2020-03-07 11:50:56'),
(619, 4, 224, 11, 713, NULL, '2020-03-07 11:53:48', '2020-03-07 11:53:48'),
(620, 4, 122, 11, 714, NULL, '2020-03-07 11:55:01', '2020-03-07 11:55:01'),
(621, 4, 58, 11, 715, NULL, '2020-03-07 11:55:50', '2020-03-07 11:55:50'),
(622, 4, 59, 11, 716, NULL, '2020-03-07 11:55:50', '2020-03-07 11:55:50'),
(623, 4, 66, 11, 717, NULL, '2020-03-07 11:56:44', '2020-03-07 11:56:44'),
(624, 4, 212, 11, 718, NULL, '2020-03-07 11:59:07', '2020-03-07 11:59:07'),
(625, 4, 211, 11, 719, NULL, '2020-03-07 11:59:07', '2020-03-07 11:59:07'),
(626, 4, 217, 11, 720, NULL, '2020-03-07 11:59:07', '2020-03-07 11:59:07'),
(627, 4, 229, 11, 721, NULL, '2020-03-07 12:01:33', '2020-03-07 12:01:33'),
(628, 4, 213, 11, 722, NULL, '2020-03-07 12:01:33', '2020-03-07 12:01:33'),
(629, 4, 69, 11, 723, NULL, '2020-03-07 12:07:21', '2020-03-07 12:07:21'),
(630, 4, 76, 11, 724, NULL, '2020-03-07 12:07:21', '2020-03-07 12:07:21'),
(631, 4, 70, 11, 725, NULL, '2020-03-07 12:07:21', '2020-03-07 12:07:21'),
(632, 4, 77, 11, 726, NULL, '2020-03-07 12:07:22', '2020-03-07 12:07:22'),
(633, 4, 198, 11, 727, NULL, '2020-03-07 12:07:22', '2020-03-07 12:07:22'),
(634, 4, 82, 11, 728, NULL, '2020-03-07 12:07:22', '2020-03-07 12:07:22'),
(635, 4, 81, 11, 729, NULL, '2020-03-07 12:07:22', '2020-03-07 12:07:22'),
(636, 4, 73, 11, 730, NULL, '2020-03-07 12:07:22', '2020-03-07 12:07:22'),
(637, 4, 72, 11, 731, NULL, '2020-03-07 12:07:22', '2020-03-07 12:07:22'),
(638, 4, 21, 11, 732, NULL, '2020-03-07 12:07:22', '2020-03-07 12:07:22'),
(639, 4, 23, 11, 733, NULL, '2020-03-07 12:07:22', '2020-03-07 12:07:22'),
(640, 4, 123, 11, 735, NULL, '2020-03-07 12:12:01', '2020-03-07 12:12:01'),
(641, 4, 230, 11, 736, NULL, '2020-03-07 12:12:01', '2020-03-07 12:12:01'),
(642, 4, 104, 11, 737, NULL, '2020-03-07 12:12:01', '2020-03-07 12:12:01'),
(643, 4, 217, 11, 738, NULL, '2020-03-07 12:12:01', '2020-03-07 12:12:01'),
(644, 4, 210, 11, 739, NULL, '2020-03-07 12:12:01', '2020-03-07 12:12:01'),
(645, 4, 231, 11, 740, NULL, '2020-03-07 12:12:01', '2020-03-07 12:12:01'),
(646, 1, 1, 12, 745, NULL, '2020-03-07 12:25:40', '2020-03-07 12:25:40'),
(647, 1, 1, 12, 746, NULL, '2020-03-07 12:25:53', '2020-03-07 12:25:53'),
(648, 4, 232, 12, 747, NULL, '2020-03-07 12:30:24', '2020-03-07 12:30:24'),
(649, 4, 108, 12, 748, NULL, '2020-03-07 12:31:19', '2020-03-07 12:31:19'),
(650, 4, 211, 12, 749, NULL, '2020-03-07 12:31:58', '2020-03-07 12:31:58'),
(651, 4, 110, 12, 750, NULL, '2020-03-07 12:33:01', '2020-03-07 12:33:01'),
(652, 4, 209, 12, 751, NULL, '2020-03-07 12:33:01', '2020-03-07 12:33:01'),
(653, 1, 1, 12, 752, NULL, '2020-03-07 12:33:20', '2020-03-07 12:33:20'),
(654, 1, 1, 12, 753, NULL, '2020-03-07 12:33:26', '2020-03-07 12:33:26'),
(655, 4, 58, 12, 754, NULL, '2020-03-07 12:34:01', '2020-03-07 12:34:01'),
(656, 4, 59, 12, 755, NULL, '2020-03-07 12:34:33', '2020-03-07 12:34:33'),
(657, 4, 111, 12, 756, NULL, '2020-03-07 12:35:08', '2020-03-07 12:35:08'),
(658, 1, 1, 12, 757, NULL, '2020-03-07 12:35:57', '2020-03-07 12:35:57'),
(659, 1, 1, 12, 758, NULL, '2020-03-07 12:36:04', '2020-03-07 12:36:04'),
(660, 4, 116, 12, 759, NULL, '2020-03-07 12:37:35', '2020-03-07 12:37:35'),
(661, 4, 52, 12, 760, NULL, '2020-03-07 12:38:18', '2020-03-07 12:38:18'),
(662, 4, 68, 12, 761, NULL, '2020-03-07 12:38:18', '2020-03-07 12:38:18'),
(663, 1, 1, 12, 762, NULL, '2020-03-07 12:39:00', '2020-03-07 12:39:00'),
(664, 4, 138, 12, 763, NULL, '2020-03-07 12:39:14', '2020-03-07 12:39:14'),
(665, 1, 1, 12, 764, NULL, '2020-03-07 12:39:15', '2020-03-07 12:39:15'),
(666, 4, 5, 12, 765, NULL, '2020-03-07 12:39:53', '2020-03-07 12:39:53'),
(667, 4, 147, 12, 766, NULL, '2020-03-07 12:42:06', '2020-03-07 12:42:06'),
(668, 1, 1, 12, 767, NULL, '2020-03-07 12:42:07', '2020-03-07 12:42:07'),
(669, 4, 106, 12, 768, NULL, '2020-03-07 12:44:57', '2020-03-07 12:44:57'),
(670, 4, 66, 12, 769, NULL, '2020-03-07 12:46:16', '2020-03-07 12:46:16'),
(671, 4, 141, 12, 770, NULL, '2020-03-07 12:47:03', '2020-03-07 12:47:03'),
(672, 1, 1, 12, 771, NULL, '2020-03-07 12:47:21', '2020-03-07 12:47:21'),
(673, 1, 1, 12, 772, NULL, '2020-03-07 12:47:26', '2020-03-07 12:47:26'),
(674, 4, 233, 12, 774, NULL, '2020-03-07 12:50:19', '2020-03-07 12:50:19'),
(675, 4, 212, 12, 775, NULL, '2020-03-07 12:51:29', '2020-03-07 12:51:29'),
(676, 4, 55, 12, 776, NULL, '2020-03-07 12:51:29', '2020-03-07 12:51:29'),
(677, 4, 35, 12, 777, NULL, '2020-03-07 12:51:29', '2020-03-07 12:51:29'),
(678, 1, 1, 12, 778, NULL, '2020-03-07 13:35:02', '2020-03-07 13:35:02'),
(679, 1, 1, 12, 779, NULL, '2020-03-07 13:35:11', '2020-03-07 13:35:11'),
(680, 4, 23, 12, 780, NULL, '2020-03-07 13:36:20', '2020-03-07 13:36:20'),
(681, 4, 21, 12, 781, NULL, '2020-03-07 13:36:20', '2020-03-07 13:36:20'),
(682, 4, 69, 12, 782, NULL, '2020-03-07 13:36:21', '2020-03-07 13:36:21'),
(683, 4, 70, 12, 783, NULL, '2020-03-07 13:36:21', '2020-03-07 13:36:21'),
(684, 4, 77, 12, 784, NULL, '2020-03-07 13:36:21', '2020-03-07 13:36:21'),
(685, 4, 198, 12, 785, NULL, '2020-03-07 13:36:21', '2020-03-07 13:36:21'),
(686, 4, 76, 12, 786, NULL, '2020-03-07 13:36:21', '2020-03-07 13:36:21'),
(687, 4, 200, 12, 787, NULL, '2020-03-07 13:36:21', '2020-03-07 13:36:21'),
(688, 4, 73, 12, 788, NULL, '2020-03-07 13:36:22', '2020-03-07 13:36:22'),
(689, 4, 72, 12, 789, NULL, '2020-03-07 13:37:32', '2020-03-07 13:37:32'),
(690, 1, 1, 12, 791, NULL, '2020-03-07 13:38:21', '2020-03-07 13:38:21'),
(691, 1, 1, 12, 792, NULL, '2020-03-07 13:38:30', '2020-03-07 13:38:30'),
(692, 1, 1, 12, 796, NULL, '2020-03-07 13:41:20', '2020-03-07 13:41:20'),
(693, 1, 1, 12, 797, NULL, '2020-03-07 13:41:26', '2020-03-07 13:41:26'),
(694, 1, 1, 12, 798, NULL, '2020-03-07 13:45:06', '2020-03-07 13:45:06');
INSERT INTO `m4_mis_vouchers_i` (`id`, `mis_head_id`, `ledger_head_id`, `date_id`, `voucher_id`, `deleted_at`, `created_at`, `updated_at`) VALUES
(695, 1, 1, 12, 799, NULL, '2020-03-07 13:45:20', '2020-03-07 13:45:20'),
(696, 2, 2, 12, 800, NULL, '2020-03-07 13:48:36', '2020-03-07 13:48:36'),
(697, 1, 1, 12, 801, NULL, '2020-03-07 13:51:50', '2020-03-07 13:51:50'),
(698, 1, 1, 12, 802, NULL, '2020-03-07 13:51:56', '2020-03-07 13:51:56'),
(699, 1, 1, 12, 803, NULL, '2020-03-07 13:53:50', '2020-03-07 13:53:50'),
(700, 1, 1, 12, 804, NULL, '2020-03-07 13:53:58', '2020-03-07 13:53:58'),
(701, 1, 1, 12, 805, NULL, '2020-03-07 13:58:38', '2020-03-07 13:58:38'),
(702, 1, 1, 12, 806, NULL, '2020-03-07 14:01:41', '2020-03-07 14:01:41'),
(703, 1, 1, 12, 808, NULL, '2020-03-07 14:05:46', '2020-03-07 14:05:46'),
(704, 1, 1, 12, 809, NULL, '2020-03-07 14:06:10', '2020-03-07 14:06:10'),
(705, 2, 2, 12, 813, NULL, '2020-03-07 14:29:09', '2020-03-07 14:29:09'),
(706, 2, 2, 12, 814, NULL, '2020-03-07 14:33:47', '2020-03-07 14:33:47'),
(707, 2, 2, 12, 815, NULL, '2020-03-07 14:34:59', '2020-03-07 14:34:59'),
(708, 3, 3, 12, 816, NULL, '2020-03-07 14:34:59', '2020-03-07 14:34:59'),
(709, 2, 2, 12, 817, NULL, '2020-03-07 14:58:49', '2020-03-07 14:58:49'),
(710, 2, 2, 12, 818, NULL, '2020-03-07 15:02:16', '2020-03-07 15:02:16'),
(711, 2, 2, 12, 819, NULL, '2020-03-07 15:03:13', '2020-03-07 15:03:13'),
(712, 3, 3, 12, 820, NULL, '2020-03-07 15:03:13', '2020-03-07 15:03:13'),
(713, 2, 2, 12, 822, NULL, '2020-03-07 15:05:51', '2020-03-07 15:05:51'),
(714, 2, 2, 12, 823, NULL, '2020-03-07 15:06:55', '2020-03-07 15:06:55'),
(715, 3, 3, 12, 824, NULL, '2020-03-07 15:06:55', '2020-03-07 15:06:55'),
(716, 4, 93, 13, 825, NULL, '2020-03-07 15:10:53', '2020-03-07 15:10:53'),
(717, 4, 94, 13, 826, NULL, '2020-03-07 15:11:47', '2020-03-07 15:11:47'),
(718, 1, 1, 13, 827, NULL, '2020-03-07 15:13:57', '2020-03-07 15:13:57'),
(719, 1, 1, 13, 828, NULL, '2020-03-07 15:14:07', '2020-03-07 15:14:07'),
(720, 4, 72, 13, 829, NULL, '2020-03-07 15:14:29', '2020-03-07 15:14:29'),
(721, 4, 80, 13, 830, NULL, '2020-03-07 15:14:29', '2020-03-07 15:14:29'),
(722, 4, 200, 13, 831, NULL, '2020-03-07 15:14:29', '2020-03-07 15:14:29'),
(723, 4, 58, 13, 832, NULL, '2020-03-07 15:15:37', '2020-03-07 15:15:37'),
(724, 1, 1, 13, 833, NULL, '2020-03-07 15:16:39', '2020-03-07 15:16:39'),
(725, 1, 1, 13, 834, NULL, '2020-03-07 15:16:45', '2020-03-07 15:16:45'),
(726, 4, 23, 13, 835, NULL, '2020-03-07 15:17:36', '2020-03-07 15:17:36'),
(727, 4, 21, 13, 836, NULL, '2020-03-07 15:17:36', '2020-03-07 15:17:36'),
(728, 4, 82, 13, 837, NULL, '2020-03-07 15:17:36', '2020-03-07 15:17:36'),
(729, 4, 200, 13, 838, NULL, '2020-03-07 15:17:36', '2020-03-07 15:17:36'),
(730, 4, 32, 13, 840, NULL, '2020-03-07 15:18:54', '2020-03-07 15:18:54'),
(731, 1, 1, 13, 841, NULL, '2020-03-07 15:19:00', '2020-03-07 15:19:00'),
(732, 1, 1, 13, 842, NULL, '2020-03-07 15:19:05', '2020-03-07 15:19:05'),
(733, 4, 135, 13, 845, NULL, '2020-03-07 15:23:05', '2020-03-07 15:23:05'),
(734, 1, 1, 13, 846, NULL, '2020-03-07 15:31:23', '2020-03-07 15:31:23'),
(735, 1, 1, 13, 847, NULL, '2020-03-07 15:31:30', '2020-03-07 15:31:30'),
(736, 4, 137, 13, 849, NULL, '2020-03-07 15:32:55', '2020-03-07 15:32:55'),
(737, 1, 1, 13, 854, NULL, '2020-03-07 15:37:51', '2020-03-07 15:37:51'),
(738, 1, 1, 13, 855, NULL, '2020-03-07 15:37:57', '2020-03-07 15:37:57'),
(739, 1, 1, 13, 856, NULL, '2020-03-07 15:40:45', '2020-03-07 15:40:45'),
(740, 1, 1, 13, 857, NULL, '2020-03-07 15:40:51', '2020-03-07 15:40:51'),
(741, 1, 1, 13, 858, NULL, '2020-03-07 15:43:19', '2020-03-07 15:43:19'),
(742, 1, 1, 13, 859, NULL, '2020-03-07 15:43:25', '2020-03-07 15:43:25'),
(743, 1, 1, 13, 860, NULL, '2020-03-07 15:46:55', '2020-03-07 15:46:55'),
(744, 1, 1, 13, 861, NULL, '2020-03-07 15:47:03', '2020-03-07 15:47:03'),
(745, 1, 1, 13, 862, NULL, '2020-03-07 15:49:03', '2020-03-07 15:49:03'),
(746, 1, 1, 13, 863, NULL, '2020-03-07 15:49:08', '2020-03-07 15:49:08'),
(747, 1, 1, 13, 864, NULL, '2020-03-09 07:57:35', '2020-03-09 07:57:35'),
(748, 1, 1, 13, 865, NULL, '2020-03-09 07:57:41', '2020-03-09 07:57:41'),
(749, 1, 1, 13, 866, NULL, '2020-03-09 08:00:23', '2020-03-09 08:00:23'),
(750, 1, 1, 13, 867, NULL, '2020-03-09 08:00:37', '2020-03-09 08:00:37'),
(751, 1, 1, 13, 868, NULL, '2020-03-09 08:03:06', '2020-03-09 08:03:06'),
(752, 1, 1, 13, 869, NULL, '2020-03-09 08:03:41', '2020-03-09 08:03:41'),
(753, 1, 1, 13, 870, NULL, '2020-03-09 08:06:15', '2020-03-09 08:06:15'),
(754, 1, 1, 13, 871, NULL, '2020-03-09 08:08:48', '2020-03-09 08:08:48'),
(755, 1, 1, 13, 872, NULL, '2020-03-09 08:08:56', '2020-03-09 08:08:56'),
(756, 2, 2, 13, 873, NULL, '2020-03-09 08:12:33', '2020-03-09 08:12:33'),
(757, 1, 1, 13, 874, NULL, '2020-03-09 08:13:15', '2020-03-09 08:13:15'),
(758, 1, 1, 13, 875, NULL, '2020-03-09 08:14:06', '2020-03-09 08:14:06'),
(759, 1, 1, 13, 876, NULL, '2020-03-09 08:17:15', '2020-03-09 08:17:15'),
(760, 2, 2, 13, 877, NULL, '2020-03-09 08:17:41', '2020-03-09 08:17:41'),
(761, 1, 1, 13, 878, NULL, '2020-03-09 08:17:54', '2020-03-09 08:17:54'),
(762, 3, 3, 13, 879, NULL, '2020-03-09 08:17:54', '2020-03-09 08:17:54'),
(763, 2, 2, 13, 880, NULL, '2020-03-09 08:23:55', '2020-03-09 08:23:55'),
(764, 3, 3, 13, 881, NULL, '2020-03-09 08:23:55', '2020-03-09 08:23:55'),
(765, 1, 1, 13, 882, NULL, '2020-03-09 08:29:35', '2020-03-09 08:29:35'),
(766, 1, 1, 13, 883, NULL, '2020-03-09 08:29:57', '2020-03-09 08:29:57'),
(767, 3, 3, 13, 884, NULL, '2020-03-09 08:29:57', '2020-03-09 08:29:57'),
(768, 1, 1, 13, 885, NULL, '2020-03-09 08:30:17', '2020-03-09 08:30:17'),
(769, 1, 1, 13, 886, NULL, '2020-03-09 08:30:25', '2020-03-09 08:30:25');

-- --------------------------------------------------------

--
-- Table structure for table `migrations`
--

CREATE TABLE `migrations` (
  `id` int(10) UNSIGNED NOT NULL,
  `migration` varchar(191) COLLATE utf8mb4_unicode_ci NOT NULL,
  `batch` int(11) NOT NULL
) ENGINE=InnoDB DEFAULT CHARSET=utf8mb4 COLLATE=utf8mb4_unicode_ci;

--
-- Dumping data for table `migrations`
--

INSERT INTO `migrations` (`id`, `migration`, `batch`) VALUES
(1, '2019_07_03_100000_create_a1_account_heads_table', 1),
(2, '2019_07_03_200000_create_a2_account_head_child_i', 1),
(3, '2019_07_03_300000_create_a3_account_head_child_ii', 1),
(4, '2019_07_03_400000_create_a4_account_head_child_iii', 1),
(5, '2019_07_03_500000_create_a5_account_head_child_iv', 1),
(7, '2019_08_13_100000_create_aa1_roles_table', 1),
(8, '2019_08_13_200000_create_aa2_users_table', 1),
(9, '2019_08_13_300000_create_aa3_password_resets_table', 1),
(14, '2019_09_01_000139_create_h1_building_types_table', 1),
(15, '2019_09_01_100139_create_h2_buildings_table', 1),
(16, '2019_09_01_200139_create_h3_floor_types_table', 1),
(17, '2019_09_01_300139_create_h4_floors_table', 1),
(23, '2019_09_04_033048_create_e1_departments_table', 1),
(24, '2019_09_04_133048_create_e2_employee_designations_table', 1),
(25, '2019_09_04_233048_create_e3_salary_grades_table', 1),
(26, '2019_09_04_333048_create_e4_employees_table', 1),
(27, '2019_09_04_433048_create_e5_leave_categories_table', 1),
(28, '2019_09_04_533048_create_e6_leaves_table', 1),
(33, '2019_09_08_500157_create_r5_meal_types_table', 1),
(34, '2019_09_08_600157_create_r6_meal_items_table', 1),
(35, '2019_09_08_700157_create_r7_menu_types_table', 1),
(42, '2019_11_11_100000_create_vv1_voucher_types_table', 1),
(60, '2019_08_16_160615_create_v1_venues_table', 3),
(64, '2019_09_01_400139_create_h5_room_categories_table', 3),
(65, '2019_09_01_500139_create_h6_rooms_table', 3),
(720, '2019_12_12_113448_create_configurations_table', 3),
(773, '2020_01_20_063023_create_r9_food_menu_table', 3),
(774, '2020_01_20_080808_create_r10_food_menu_items_table', 3),
(1103, '2020_01_08_040625_create_suppliers_table', 4),
(1105, '2020_01_30_041614_create_general_infos_table', 4),
(1110, '2020_02_02_064130_create_s1_unit_types_table', 6),
(1111, '2020_02_02_064157_create_s2_units_table', 6),
(1208, '2020_02_02_060733_create_m1_mis_heads_table', 4),
(1209, '2020_02_02_063939_create_m2_mis_head_child_i_table', 4),
(1210, '2020_02_02_064016_create_m3_mis_ledger_heads_table', 4),
(1229, '2019_07_03_600000_create_a6_transaction_heads_table', 1),
(1232, '2019_11_11_500000_create_vv5_dates_table', 7),
(1234, '2019_11_11_700000_create_vv7_voucher_update_histories_table', 7),
(1238, '2019_12_23_041801_create_guests_table', 7),
(1239, '2019_12_23_041836_create_bookings_table', 7),
(1240, '2019_12_23_050024_create_billings_table', 7),
(1241, '2019_12_28_090517_create_visitors_table', 7),
(1242, '2019_12_30_040536_create_payments_table', 7),
(1243, '2020_01_07_055304_create_deliveries_table', 7),
(1244, '2020_01_20_102033_create_r11_food_sales_table', 7),
(1246, '2019_11_11_200000_create_vv2_vouchers_table', 8),
(1247, '2019_11_11_300000_create_vv3_current_balance_table', 8),
(1248, '2019_11_11_600000_create_vv6_voucher_groups_table', 8),
(1249, '2019_11_24_400000_create_m4_mis_current_stocks_table', 8),
(1250, '2019_11_24_600000_create_m6_purchases_table', 8),
(1251, '2019_11_24_700000_create_m7_purchase_groups_table', 8),
(1252, '2020_02_02_064050_create_m4_mis_vouchers_i_table', 8);

-- --------------------------------------------------------

--
-- Table structure for table `mis_current_stocks`
--

CREATE TABLE `mis_current_stocks` (
  `id` int(10) UNSIGNED NOT NULL,
  `stock_id` int(10) UNSIGNED NOT NULL,
  `date_id` int(10) UNSIGNED NOT NULL,
  `quantity_cr` double(10,3) NOT NULL DEFAULT '0.000',
  `quantity_dr` double(10,3) NOT NULL DEFAULT '0.000',
  `created_at` timestamp NULL DEFAULT NULL,
  `updated_at` timestamp NULL DEFAULT NULL
) ENGINE=InnoDB DEFAULT CHARSET=utf8mb4 COLLATE=utf8mb4_unicode_ci;

--
-- Dumping data for table `mis_current_stocks`
--

INSERT INTO `mis_current_stocks` (`id`, `stock_id`, `date_id`, `quantity_cr`, `quantity_dr`, `created_at`, `updated_at`) VALUES
(1, 5, 0, 0.000, 49.000, '2020-02-12 22:58:24', '2020-02-25 14:53:29'),
(2, 6, 0, 0.000, 42.000, '2020-02-12 22:58:24', '2020-02-25 14:55:50'),
(3, 7, 0, 0.000, 50.000, '2020-02-12 22:58:24', '2020-02-19 21:31:18'),
(4, 8, 0, 0.000, 0.000, '2020-02-12 22:58:24', '2020-02-19 21:31:18'),
(5, 9, 0, 0.000, 0.000, '2020-02-12 22:58:24', '2020-02-12 22:58:24'),
(6, 10, 0, 0.000, 0.000, '2020-02-12 22:58:24', '2020-02-12 22:58:24'),
(7, 11, 0, 0.000, 0.000, '2020-02-12 22:58:24', '2020-02-12 22:58:24'),
(8, 12, 0, 0.000, 0.000, '2020-02-12 22:58:24', '2020-02-12 22:58:24'),
(9, 13, 0, 0.000, 0.000, '2020-02-12 22:58:24', '2020-02-12 22:58:24'),
(10, 14, 0, 0.000, 0.000, '2020-02-12 22:58:24', '2020-02-12 22:58:24'),
(11, 15, 0, 0.000, 0.000, '2020-02-12 22:58:24', '2020-02-12 22:58:24'),
(12, 16, 0, 0.000, 0.000, '2020-02-12 22:58:24', '2020-02-12 22:58:24'),
(13, 17, 0, 0.000, 0.000, '2020-02-12 22:58:24', '2020-02-12 22:58:24'),
(14, 18, 0, 0.000, 0.000, '2020-02-12 22:58:24', '2020-02-12 22:58:24'),
(15, 19, 0, 0.000, 0.000, '2020-02-12 22:58:24', '2020-02-12 22:58:24'),
(16, 20, 0, 0.000, 0.000, '2020-02-12 22:58:24', '2020-02-25 14:53:29'),
(17, 21, 0, 0.000, 0.000, '2020-02-12 22:58:24', '2020-02-19 22:00:30'),
(18, 22, 0, 0.000, 0.000, '2020-02-12 22:58:24', '2020-02-19 21:32:39'),
(19, 23, 0, 0.000, 0.000, '2020-02-12 22:58:24', '2020-02-25 15:10:30'),
(20, 24, 0, 0.000, 0.000, '2020-02-12 22:58:24', '2020-02-19 21:32:39'),
(21, 25, 0, 0.000, 0.000, '2020-02-12 22:58:24', '2020-02-25 15:11:09'),
(22, 26, 0, 0.000, 0.000, '2020-02-12 22:58:24', '2020-02-19 21:32:39'),
(23, 27, 0, 0.000, 0.000, '2020-02-12 22:58:24', '2020-02-25 15:10:51'),
(24, 28, 0, 0.000, 0.000, '2020-02-12 22:58:24', '2020-02-19 21:43:27'),
(25, 29, 0, 0.000, 0.000, '2020-02-12 22:58:24', '2020-02-19 21:32:39'),
(26, 30, 0, 0.000, 0.000, '2020-02-12 22:58:24', '2020-02-12 22:58:24'),
(27, 31, 0, 0.000, 0.000, '2020-02-12 22:58:24', '2020-02-19 21:38:33'),
(28, 32, 0, 0.000, 0.000, '2020-02-12 22:58:24', '2020-02-12 22:58:24'),
(29, 33, 0, 0.000, 0.250, '2020-02-12 22:58:24', '2020-02-25 14:53:29'),
(30, 34, 0, 0.000, 0.700, '2020-02-12 22:58:24', '2020-02-19 21:38:46'),
(31, 35, 0, 0.000, 0.000, '2020-02-12 22:58:24', '2020-02-12 22:58:24'),
(32, 36, 0, 0.000, 0.000, '2020-02-12 22:58:24', '2020-02-19 21:42:47'),
(33, 37, 0, 0.000, 1.500, '2020-02-12 22:58:24', '2020-02-19 21:39:06'),
(34, 38, 0, 0.000, 0.000, '2020-02-12 22:58:24', '2020-02-19 21:37:39'),
(35, 39, 0, 0.000, 0.000, '2020-02-12 22:58:24', '2020-02-12 22:58:24'),
(36, 40, 0, 0.000, 0.000, '2020-02-12 22:58:24', '2020-02-12 22:58:24'),
(37, 41, 0, 0.000, 0.000, '2020-02-12 22:58:24', '2020-02-12 22:58:24'),
(38, 42, 0, 0.000, 0.000, '2020-02-12 22:58:24', '2020-02-12 22:58:24'),
(39, 43, 0, 0.000, 0.000, '2020-02-12 22:58:24', '2020-02-19 21:55:22'),
(40, 44, 0, 0.000, 0.000, '2020-02-12 22:58:24', '2020-02-19 21:55:22'),
(41, 45, 0, 0.000, 0.000, '2020-02-12 22:58:24', '2020-02-19 21:55:22'),
(42, 46, 0, 0.000, 8.000, '2020-02-12 22:58:24', '2020-02-19 21:55:22'),
(43, 47, 0, 0.000, 0.000, '2020-02-12 22:58:24', '2020-02-19 21:55:22'),
(44, 48, 0, 0.000, 0.000, '2020-02-12 22:58:24', '2020-02-19 21:55:22'),
(45, 49, 0, 0.000, 0.300, '2020-02-12 22:58:24', '2020-02-19 21:55:22'),
(46, 50, 0, 0.000, 0.000, '2020-02-12 22:58:24', '2020-02-25 16:06:43'),
(47, 51, 0, 0.000, 10.000, '2020-02-12 22:58:24', '2020-02-19 21:55:22'),
(48, 52, 0, 0.000, 40.000, '2020-02-12 22:58:24', '2020-02-19 21:55:22'),
(49, 53, 0, 0.000, 5.000, '2020-02-12 22:58:24', '2020-02-19 21:38:18'),
(50, 54, 0, 0.000, 0.000, '2020-02-12 22:58:24', '2020-02-19 21:38:18'),
(51, 55, 0, 0.000, 0.000, '2020-02-12 22:58:24', '2020-02-19 21:38:18'),
(52, 56, 0, 0.000, 0.000, '2020-02-12 22:58:24', '2020-02-19 21:38:18'),
(53, 57, 0, 0.000, 0.000, '2020-02-12 22:58:24', '2020-02-19 21:38:18'),
(54, 58, 0, 0.000, 0.000, '2020-02-12 22:58:24', '2020-02-25 14:53:29'),
(55, 59, 0, 0.000, 0.000, '2020-02-12 22:58:24', '2020-02-19 21:34:29'),
(56, 60, 0, 0.000, 0.000, '2020-02-12 22:58:24', '2020-02-19 21:34:29'),
(57, 61, 0, 0.000, 5.400, '2020-02-12 22:58:24', '2020-02-19 21:34:29'),
(58, 62, 0, 0.000, 0.000, '2020-02-12 22:58:24', '2020-02-19 21:34:29'),
(59, 63, 0, 0.000, 0.000, '2020-02-12 22:58:24', '2020-02-19 21:34:29'),
(60, 64, 0, 0.000, 0.000, '2020-02-12 22:58:24', '2020-02-19 21:34:29'),
(61, 65, 0, 0.000, 0.000, '2020-02-12 22:58:24', '2020-02-19 21:34:29'),
(62, 66, 0, 0.000, 19.000, '2020-02-12 22:58:24', '2020-02-25 14:53:29'),
(63, 67, 0, 0.000, 0.000, '2020-02-12 22:58:24', '2020-02-19 21:52:18'),
(64, 68, 0, 0.000, 0.000, '2020-02-12 22:58:24', '2020-02-25 14:53:29'),
(65, 69, 0, 0.000, 0.000, '2020-02-12 22:58:24', '2020-02-12 22:58:24'),
(66, 70, 0, 0.000, 0.000, '2020-02-12 22:58:24', '2020-02-12 22:58:24'),
(67, 71, 0, 0.000, 0.000, '2020-02-12 22:58:24', '2020-02-12 22:58:24'),
(68, 72, 0, 0.000, 0.000, '2020-02-12 22:58:24', '2020-02-12 22:58:24'),
(69, 73, 0, 0.000, 0.000, '2020-02-12 22:58:24', '2020-02-19 22:00:30'),
(70, 74, 0, 0.000, 0.000, '2020-02-12 22:58:24', '2020-02-12 22:58:24'),
(71, 75, 0, 0.000, 0.000, '2020-02-12 22:58:24', '2020-02-12 22:58:24'),
(72, 76, 0, 0.000, 0.000, '2020-02-12 22:58:24', '2020-02-12 22:58:24'),
(73, 77, 0, 0.000, 0.000, '2020-02-12 22:58:24', '2020-02-12 22:58:24'),
(74, 78, 0, 0.000, 0.000, '2020-02-12 22:58:24', '2020-02-12 22:58:24'),
(75, 79, 0, 0.000, 0.000, '2020-02-12 22:58:24', '2020-02-12 22:58:24'),
(76, 80, 0, 0.000, 0.000, '2020-02-12 22:58:24', '2020-02-12 22:58:24'),
(77, 81, 0, 0.000, 0.000, '2020-02-12 22:58:24', '2020-02-12 22:58:24'),
(78, 82, 0, 0.000, 0.000, '2020-02-12 22:58:24', '2020-02-12 22:58:24'),
(79, 83, 0, 0.000, 0.000, '2020-02-12 22:58:24', '2020-02-12 22:58:24'),
(80, 84, 0, 0.000, 0.000, '2020-02-12 22:58:24', '2020-02-12 22:58:24'),
(81, 85, 0, 0.000, 0.000, '2020-02-12 22:58:24', '2020-02-12 22:58:24'),
(82, 86, 0, 0.000, 0.000, '2020-02-12 22:58:24', '2020-02-12 22:58:24'),
(83, 87, 0, 0.000, 0.000, '2020-02-12 22:58:24', '2020-02-12 22:58:24'),
(84, 88, 0, 0.000, 0.000, '2020-02-12 22:58:24', '2020-02-12 22:58:24'),
(85, 89, 0, 0.000, 0.000, '2020-02-12 22:58:24', '2020-02-12 22:58:24'),
(86, 90, 0, 0.000, 0.000, '2020-02-12 22:58:24', '2020-02-12 22:58:24'),
(87, 91, 0, 0.000, 0.000, '2020-02-12 22:58:24', '2020-02-19 21:37:06'),
(88, 92, 0, 0.000, 72.000, '2020-02-12 22:58:24', '2020-02-25 14:53:29'),
(89, 93, 0, 0.000, 216.000, '2020-02-12 22:58:24', '2020-02-19 21:54:07'),
(90, 94, 0, 0.000, 84.000, '2020-02-12 22:58:24', '2020-02-19 21:54:07'),
(91, 95, 0, 0.000, 0.000, '2020-02-12 22:58:24', '2020-02-19 21:54:07'),
(92, 96, 0, 0.000, 0.000, '2020-02-12 22:58:24', '2020-02-19 21:54:07'),
(95, 99, 0, 0.000, 0.000, '2020-02-12 22:58:24', '2020-02-25 14:53:29'),
(100, 104, 0, 0.000, 0.000, '2020-02-12 22:58:24', '2020-02-12 22:58:24'),
(101, 105, 0, 0.000, 0.000, '2020-02-12 22:58:24', '2020-02-12 22:58:24'),
(102, 106, 0, 0.000, 0.000, '2020-02-12 22:58:24', '2020-02-12 22:58:24'),
(103, 107, 0, 0.000, 0.000, '2020-02-12 22:58:24', '2020-02-12 22:58:24'),
(104, 108, 0, 0.000, 0.000, '2020-02-12 22:58:24', '2020-02-25 14:53:29'),
(105, 109, 0, 0.000, 0.000, '2020-02-12 22:58:24', '2020-02-12 22:58:24'),
(106, 110, 0, 0.000, 0.000, '2020-02-12 22:58:24', '2020-02-12 22:58:24'),
(107, 111, 0, 0.000, 0.000, '2020-02-12 22:58:24', '2020-02-25 14:53:29'),
(108, 112, 0, 0.000, 39.000, '2020-02-12 22:58:24', '2020-02-19 21:36:22'),
(109, 113, 0, 0.000, 0.000, '2020-02-12 22:58:24', '2020-02-19 21:36:22'),
(110, 114, 0, 0.000, 2.000, '2020-02-12 22:58:24', '2020-02-19 21:36:22'),
(111, 115, 0, 0.000, 0.000, '2020-02-12 22:58:24', '2020-02-25 14:55:50'),
(112, 116, 0, 0.000, 23.000, '2020-02-12 22:58:24', '2020-02-19 21:43:27'),
(113, 117, 0, 0.000, 1.200, '2020-02-12 22:58:24', '2020-02-19 22:00:30'),
(114, 118, 0, 0.000, 16.000, '2020-02-12 22:58:24', '2020-02-19 21:51:04'),
(115, 119, 0, 0.000, 20.000, '2020-02-12 22:58:24', '2020-02-19 21:51:04'),
(116, 120, 0, 0.000, 18.000, '2020-02-12 22:58:24', '2020-02-19 21:37:06'),
(117, 121, 0, 0.000, 0.000, '2020-02-12 22:58:24', '2020-02-19 21:37:06'),
(118, 122, 0, 0.000, 0.000, '2020-02-12 22:58:24', '2020-02-25 16:19:30'),
(119, 123, 0, 0.000, 1.000, '2020-02-12 22:58:24', '2020-02-25 16:19:30'),
(120, 124, 0, 0.000, 0.000, '2020-02-12 22:58:24', '2020-02-25 16:19:30'),
(121, 125, 0, 0.000, 2.400, '2020-02-12 22:58:24', '2020-02-19 21:49:02'),
(122, 126, 0, 0.000, 15.000, '2020-02-12 22:58:24', '2020-02-19 21:49:02'),
(123, 127, 0, 0.000, 18.000, '2020-02-12 22:58:24', '2020-02-19 21:37:29'),
(124, 128, 0, 0.000, 21.000, '2020-02-12 22:58:24', '2020-02-19 21:37:17'),
(125, 129, 0, 0.000, 0.000, '2020-02-12 22:58:24', '2020-02-19 21:37:17'),
(126, 130, 0, 0.000, 0.000, '2020-02-12 22:58:24', '2020-02-19 21:37:17'),
(127, 131, 0, 0.000, 248.000, '2020-02-12 22:58:24', '2020-02-19 21:57:40'),
(128, 132, 0, 0.000, 22.000, '2020-02-12 22:58:24', '2020-02-19 21:57:40'),
(129, 133, 0, 0.000, 4.000, '2020-02-12 22:58:24', '2020-02-19 21:57:40'),
(130, 134, 0, 0.000, 10.000, '2020-02-12 22:58:24', '2020-02-19 21:57:40'),
(131, 135, 0, 0.000, 4.000, '2020-02-12 22:58:24', '2020-02-19 21:57:40'),
(132, 136, 0, 0.000, 4.000, '2020-02-12 22:58:24', '2020-02-19 21:57:40'),
(133, 137, 0, 0.000, 1.000, '2020-02-12 22:58:24', '2020-02-19 21:51:19'),
(134, 138, 0, 0.000, 311.000, '2020-02-12 22:58:24', '2020-02-19 21:53:02'),
(135, 139, 0, 0.000, 2.000, '2020-02-12 22:58:24', '2020-02-19 21:51:39'),
(136, 140, 0, 0.000, 0.000, '2020-02-12 22:58:24', '2020-02-12 22:58:24'),
(137, 141, 0, 0.000, 80.000, '2020-02-12 22:58:24', '2020-02-19 21:56:18'),
(138, 142, 0, 0.000, 6.000, '2020-02-12 22:58:24', '2020-02-19 21:55:39'),
(139, 143, 0, 0.000, 600.000, '2020-02-12 22:58:24', '2020-02-19 22:01:15'),
(140, 144, 0, 0.000, 390.000, '2020-02-12 22:58:24', '2020-02-19 22:01:15'),
(141, 145, 0, 0.000, 0.000, '2020-02-12 22:58:24', '2020-02-12 22:58:24'),
(142, 146, 0, 0.000, 0.000, '2020-02-12 22:58:24', '2020-02-12 22:58:24'),
(143, 147, 0, 0.000, 216.000, '2020-02-12 22:58:24', '2020-02-19 21:58:46'),
(144, 148, 0, 0.000, 0.000, '2020-02-12 22:58:24', '2020-02-19 21:58:46'),
(145, 149, 0, 0.000, 0.000, '2020-02-12 22:58:24', '2020-02-19 21:59:25'),
(146, 150, 0, 0.000, 1.000, '2020-02-12 22:58:24', '2020-02-19 21:59:25'),
(147, 151, 0, 0.000, 0.000, '2020-02-12 22:58:24', '2020-02-12 22:58:24'),
(148, 152, 0, 0.000, 0.000, '2020-02-12 22:58:24', '2020-02-12 22:58:24'),
(149, 153, 0, 0.000, 0.000, '2020-02-12 22:58:24', '2020-02-12 22:58:24'),
(150, 154, 0, 0.000, 0.000, '2020-02-12 22:58:24', '2020-02-12 22:58:24'),
(151, 155, 0, 0.000, 0.000, '2020-02-12 22:58:24', '2020-02-12 22:58:24'),
(152, 156, 0, 0.000, 0.000, '2020-02-12 22:58:24', '2020-02-12 22:58:24'),
(153, 157, 0, 0.000, 0.000, '2020-02-12 22:58:24', '2020-02-12 22:58:24'),
(154, 158, 0, 0.000, 0.000, '2020-02-12 22:58:24', '2020-02-12 22:58:24'),
(155, 159, 0, 0.000, 0.000, '2020-02-12 22:58:24', '2020-02-12 22:58:24'),
(156, 160, 0, 0.000, 0.000, '2020-02-12 22:58:24', '2020-02-12 22:58:24'),
(157, 161, 0, 0.000, 0.000, '2020-02-12 22:58:24', '2020-02-12 22:58:24'),
(158, 162, 0, 0.000, 0.000, '2020-02-12 22:58:24', '2020-02-12 22:58:24'),
(159, 163, 0, 0.000, 0.000, '2020-02-12 22:58:24', '2020-02-12 22:58:24'),
(160, 164, 0, 0.000, 0.000, '2020-02-12 22:58:24', '2020-02-12 22:58:24'),
(161, 165, 0, 0.000, 0.000, '2020-02-12 22:58:24', '2020-02-12 22:58:24'),
(162, 166, 0, 0.000, 0.000, '2020-02-12 22:58:24', '2020-02-12 22:58:24'),
(163, 167, 0, 0.000, 0.000, '2020-02-12 22:58:24', '2020-02-12 22:58:24'),
(164, 168, 0, 0.000, 0.000, '2020-02-12 22:58:24', '2020-02-12 22:58:24'),
(165, 169, 0, 0.000, 0.000, '2020-02-12 22:58:24', '2020-02-12 22:58:24'),
(166, 170, 0, 0.000, 0.000, '2020-02-12 22:58:24', '2020-02-12 22:58:24'),
(167, 171, 0, 0.000, 0.000, '2020-02-12 22:58:24', '2020-02-12 22:58:24'),
(168, 172, 0, 0.000, 0.000, '2020-02-12 22:58:24', '2020-02-12 22:58:24'),
(169, 173, 0, 0.000, 0.000, '2020-02-12 22:58:24', '2020-02-12 22:58:24'),
(170, 174, 0, 0.000, 0.000, '2020-02-12 22:58:24', '2020-02-12 22:58:24'),
(171, 175, 0, 0.000, 0.000, '2020-02-12 22:58:24', '2020-02-12 22:58:24'),
(172, 176, 0, 0.000, 0.000, '2020-02-12 22:58:24', '2020-02-12 22:58:24'),
(173, 177, 0, 0.000, 0.000, '2020-02-12 22:58:24', '2020-02-12 22:58:24'),
(174, 178, 0, 0.000, 0.000, '2020-02-12 22:58:24', '2020-02-12 22:58:24'),
(175, 179, 0, 0.000, 0.000, '2020-02-12 22:58:24', '2020-02-12 22:58:24'),
(176, 180, 0, 0.000, 0.000, '2020-02-12 22:58:24', '2020-02-12 22:58:24'),
(177, 181, 0, 0.000, 0.000, '2020-02-12 22:58:24', '2020-02-12 22:58:24'),
(178, 182, 0, 0.000, 0.000, '2020-02-12 22:58:24', '2020-02-12 22:58:24'),
(179, 183, 0, 0.000, 0.000, '2020-02-12 22:58:24', '2020-02-12 22:58:24'),
(180, 184, 0, 0.000, 0.000, '2020-02-12 22:58:24', '2020-02-12 22:58:24'),
(181, 185, 0, 0.000, 0.000, '2020-02-12 22:58:24', '2020-02-12 22:58:24'),
(182, 186, 0, 0.000, 0.000, '2020-02-12 22:58:24', '2020-02-12 22:58:24'),
(183, 187, 0, 0.000, 0.000, '2020-02-12 22:58:24', '2020-02-12 22:58:24'),
(184, 188, 0, 0.000, 0.000, '2020-02-12 22:58:24', '2020-02-12 22:58:24'),
(185, 189, 0, 0.000, 0.000, '2020-02-12 22:58:24', '2020-02-12 22:58:24'),
(186, 190, 0, 0.000, 0.000, '2020-02-12 22:58:24', '2020-02-12 22:58:24'),
(187, 191, 0, 0.000, 0.000, '2020-02-12 22:58:24', '2020-02-12 22:58:24'),
(188, 192, 0, 0.000, 0.000, '2020-02-12 22:58:24', '2020-02-12 22:58:24'),
(189, 193, 0, 0.000, 0.000, '2020-02-12 22:58:24', '2020-02-12 22:58:24'),
(190, 194, 0, 0.000, 0.000, '2020-02-12 22:58:24', '2020-02-12 22:58:24'),
(191, 195, 0, 0.000, 200.000, '2020-02-12 22:58:24', '2020-02-19 22:00:30'),
(192, 196, 0, 0.000, 110.000, '2020-02-12 22:58:24', '2020-02-19 22:00:30'),
(193, 197, 0, 0.000, 0.000, '2020-02-19 21:29:17', '2020-02-19 21:31:18'),
(194, 198, 0, 0.000, 3.000, '2020-02-19 21:42:22', '2020-02-19 21:42:47'),
(195, 199, 0, 0.000, 0.000, '2020-02-19 21:44:54', '2020-02-25 16:16:09'),
(196, 200, 0, 0.000, 0.000, '2020-02-19 21:45:10', '2020-02-25 16:16:09'),
(197, 201, 0, 0.000, 11.000, '2020-02-19 21:50:33', '2020-02-19 21:51:04'),
(198, 202, 0, 0.000, 200.000, '2020-02-19 22:01:43', '2020-02-19 22:02:06'),
(200, 61, 1, 0.000, 22.500, '2020-02-23 14:16:06', '2020-02-23 14:16:06'),
(201, 199, 1, 0.000, 5.000, '2020-02-23 14:16:06', '2020-02-23 14:16:06'),
(202, 51, 1, 0.000, 1.000, '2020-02-23 14:16:07', '2020-02-23 14:16:07'),
(203, 50, 1, 0.000, 1.000, '2020-02-23 14:16:07', '2020-02-23 14:16:07'),
(204, 116, 1, 0.000, 36.000, '2020-02-23 14:19:17', '2020-02-23 14:19:17'),
(205, 122, 1, 0.000, 48.000, '2020-02-23 14:27:04', '2020-02-23 14:27:04'),
(206, 108, 1, 0.000, 138.000, '2020-02-23 14:30:57', '2020-02-23 14:30:57'),
(207, 204, 0, 0.000, 0.000, '2020-02-23 14:34:28', '2020-02-23 14:34:28'),
(208, 204, 1, 0.000, 500.000, '2020-02-23 14:35:22', '2020-02-23 14:35:22'),
(209, 205, 0, 0.000, 0.000, '2020-02-23 14:40:39', '2020-02-23 14:40:39'),
(210, 206, 0, 0.000, 0.000, '2020-02-23 14:41:11', '2020-02-25 16:06:43'),
(211, 25, 1, 0.000, 5.000, '2020-02-23 14:45:29', '2020-02-25 17:00:29'),
(212, 20, 1, 0.000, 3.150, '2020-02-23 14:45:29', '2020-02-25 17:00:29'),
(213, 27, 1, 0.000, 0.500, '2020-02-23 14:45:29', '2020-02-25 17:00:29'),
(214, 23, 1, 0.000, 3.100, '2020-02-23 14:45:29', '2020-02-25 17:00:29'),
(215, 206, 1, 0.000, 0.250, '2020-02-23 14:45:29', '2020-02-25 17:00:29'),
(216, 205, 1, 0.000, 0.250, '2020-02-23 14:45:29', '2020-02-25 17:00:29'),
(217, 72, 1, 0.000, 20.000, '2020-02-23 15:36:54', '2020-02-23 15:36:54'),
(218, 73, 1, 0.000, 5.000, '2020-02-23 15:36:55', '2020-02-23 15:36:55'),
(219, 76, 1, 0.000, 1.000, '2020-02-23 15:36:55', '2020-02-23 15:36:55'),
(220, 68, 1, 0.000, 5.000, '2020-02-23 15:36:55', '2020-02-23 15:36:55'),
(221, 69, 1, 0.000, 2.000, '2020-02-23 15:36:55', '2020-02-23 15:36:55'),
(222, 58, 1, 0.000, 9.700, '2020-02-23 15:41:02', '2020-02-23 15:41:02'),
(223, 66, 1, 0.000, 67.000, '2020-02-23 15:44:26', '2020-02-23 15:44:26'),
(224, 80, 1, 0.000, 2.000, '2020-02-23 15:46:04', '2020-02-23 15:46:04'),
(225, 207, 0, 0.000, 0.000, '2020-02-23 15:58:27', '2020-02-23 15:58:27'),
(226, 208, 0, 0.000, 0.000, '2020-02-23 15:58:42', '2020-02-23 15:58:42'),
(227, 209, 0, 0.000, 0.000, '2020-02-23 15:58:55', '2020-02-23 15:58:55'),
(228, 207, 1, 0.000, 1.000, '2020-02-23 15:59:40', '2020-02-23 15:59:40'),
(229, 198, 1, 0.000, 5.000, '2020-02-23 16:04:28', '2020-02-23 16:04:28'),
(230, 200, 1, 0.000, 0.500, '2020-02-23 16:04:28', '2020-02-23 16:04:28'),
(231, 210, 0, 0.000, 0.000, '2020-02-23 16:06:55', '2020-02-25 15:10:30'),
(232, 211, 0, 0.000, 0.000, '2020-02-23 16:07:10', '2020-02-25 15:10:30'),
(233, 212, 0, 0.000, 0.000, '2020-02-23 16:07:30', '2020-02-25 15:10:30'),
(234, 213, 0, 0.000, 0.000, '2020-02-23 16:07:47', '2020-02-25 15:10:30'),
(235, 210, 1, 0.000, 4.000, '2020-02-23 16:08:28', '2020-02-23 16:08:28'),
(236, 210, 1, 0.000, 4.000, '2020-02-23 16:10:33', '2020-02-23 16:10:33'),
(237, 73, 1, 0.000, 20.000, '2020-02-23 16:15:42', '2020-02-23 16:15:42'),
(238, 72, 1, 0.000, 50.000, '2020-02-23 16:15:42', '2020-02-23 16:15:42'),
(239, 78, 1, 0.000, 8.000, '2020-02-23 16:15:43', '2020-02-23 16:15:43'),
(240, 68, 1, 0.000, 22.000, '2020-02-23 16:15:43', '2020-02-23 16:15:43'),
(241, 82, 1, 0.000, 5.000, '2020-02-23 16:15:43', '2020-02-23 16:15:43'),
(242, 27, 1, 0.000, 1.000, '2020-02-23 16:17:39', '2020-02-23 16:17:39'),
(243, 20, 1, 0.000, 11.950, '2020-02-23 16:17:39', '2020-02-23 16:17:39'),
(244, 214, 0, 0.000, 0.000, '2020-02-23 16:19:14', '2020-02-25 15:07:58'),
(245, 214, 1, 0.000, 10.000, '2020-02-23 16:21:04', '2020-02-23 16:21:04'),
(246, 50, 1, 0.000, 10.000, '2020-02-23 16:21:04', '2020-02-23 16:21:04'),
(247, 116, 1, 0.000, 36.000, '2020-02-23 16:24:50', '2020-02-23 16:24:50'),
(248, 66, 1, 0.000, 48.000, '2020-02-23 16:27:43', '2020-02-23 16:27:43'),
(249, 148, 1, 0.000, 0.664, '2020-02-23 16:31:49', '2020-02-23 16:31:49'),
(250, 215, 0, 0.000, 0.000, '2020-02-23 16:33:29', '2020-02-23 16:33:29'),
(251, 215, 1, 0.000, 70.000, '2020-02-23 16:38:46', '2020-02-23 16:38:46'),
(252, 112, 1, 0.000, 30.000, '2020-02-23 16:41:06', '2020-02-23 16:41:06'),
(253, 130, 1, 0.000, 0.500, '2020-02-25 10:24:31', '2020-02-25 10:24:31'),
(254, 7, 1, 0.000, 50.000, '2020-02-25 10:25:47', '2020-02-25 10:25:47'),
(256, 138, 1, 0.000, 300.000, '2020-02-25 10:29:06', '2020-02-25 10:29:06'),
(257, 68, 1, 0.000, 30.000, '2020-02-25 10:33:34', '2020-02-25 10:33:34'),
(258, 52, 1, 0.000, 30.000, '2020-02-25 10:33:34', '2020-02-25 10:33:34'),
(259, 46, 1, 0.000, 5.000, '2020-02-25 10:33:34', '2020-02-25 10:33:34'),
(260, 59, 1, 0.000, 1.000, '2020-02-25 10:36:54', '2020-02-25 10:36:54'),
(261, 59, 1, 0.000, 20.000, '2020-02-25 10:36:54', '2020-02-25 10:36:54'),
(262, 58, 1, 0.000, 3.000, '2020-02-25 10:36:54', '2020-02-25 10:36:54'),
(263, 216, 0, 0.000, 0.000, '2020-02-25 10:51:04', '2020-02-25 10:51:04'),
(264, 216, 1, 0.000, 22.000, '2020-02-25 10:52:26', '2020-02-25 10:52:26'),
(265, 82, 1, 0.000, 2.000, '2020-02-25 10:52:26', '2020-02-25 10:52:26'),
(266, 108, 1, 0.000, 72.000, '2020-02-25 10:54:54', '2020-02-25 10:54:54'),
(267, 209, 1, 0.000, 6.600, '2020-02-25 10:54:54', '2020-02-25 10:54:54'),
(268, 147, 1, 0.000, 310.000, '2020-02-25 10:57:07', '2020-02-25 10:57:07'),
(269, 211, 1, 0.000, 7.800, '2020-02-25 10:59:19', '2020-02-25 10:59:19'),
(270, 217, 0, 0.000, 0.000, '2020-02-25 11:00:11', '2020-02-25 15:10:30'),
(271, 217, 1, 0.000, 0.600, '2020-02-25 11:02:49', '2020-02-25 11:02:49'),
(272, 212, 1, 0.000, 0.850, '2020-02-25 11:02:49', '2020-02-25 11:02:49'),
(273, 130, 1, 0.000, 1.000, '2020-02-25 11:04:29', '2020-02-25 17:08:31'),
(274, 82, 1, 0.000, 2.000, '2020-02-25 11:05:30', '2020-02-25 11:05:30'),
(275, 81, 1, 0.000, 4.000, '2020-02-25 11:05:30', '2020-02-25 11:05:30'),
(276, 73, 1, 0.000, 20.000, '2020-02-25 11:05:30', '2020-02-25 11:05:30'),
(277, 198, 1, 0.000, 3.000, '2020-02-25 11:05:30', '2020-02-25 11:05:30'),
(278, 72, 1, 0.000, 100.000, '2020-02-25 11:05:30', '2020-02-25 11:05:30'),
(279, 80, 1, 0.000, 2.000, '2020-02-25 11:05:30', '2020-02-25 11:05:30'),
(280, 200, 1, 0.000, 1.000, '2020-02-25 11:05:31', '2020-02-25 11:05:31'),
(281, 27, 1, 0.000, 1.750, '2020-02-25 11:05:31', '2020-02-25 11:05:31'),
(282, 25, 1, 0.000, 4.850, '2020-02-25 11:05:31', '2020-02-25 11:05:31'),
(283, 23, 1, 0.000, 6.000, '2020-02-25 11:05:31', '2020-02-25 11:05:31'),
(284, 119, 1, 0.000, 72.000, '2020-02-25 11:14:54', '2020-02-25 11:14:54'),
(285, 118, 1, 0.000, 48.000, '2020-02-25 11:14:54', '2020-02-25 11:14:54'),
(286, 201, 1, 0.000, 24.000, '2020-02-25 11:14:54', '2020-02-25 11:14:54'),
(287, 118, 1, 0.000, 48.000, '2020-02-25 11:16:30', '2020-02-25 11:16:30'),
(288, 195, 1, 0.000, 720.000, '2020-02-25 11:17:17', '2020-02-25 11:17:17'),
(289, 196, 1, 0.000, 575.000, '2020-02-25 11:17:17', '2020-02-25 11:17:17'),
(290, 144, 1, 0.000, 360.000, '2020-02-25 11:17:17', '2020-02-25 11:17:17'),
(293, 5, 1, 0.000, 50.000, '2020-02-25 13:13:56', '2020-02-25 13:13:56'),
(294, 5, 1, 41.000, 0.000, '2020-02-25 14:54:36', '2020-02-25 14:54:36'),
(295, 6, 1, 25.000, 0.000, '2020-02-25 14:59:04', '2020-02-25 14:59:04'),
(296, 7, 1, 3.000, 0.000, '2020-02-25 14:59:04', '2020-02-25 14:59:04'),
(297, 20, 1, 15.100, 0.000, '2020-02-25 15:13:24', '2020-02-25 15:13:24'),
(298, 23, 1, 9.100, 0.000, '2020-02-25 15:13:24', '2020-02-25 15:13:24'),
(299, 25, 1, 9.850, 0.000, '2020-02-25 15:13:24', '2020-02-25 15:13:24'),
(300, 27, 1, 3.250, 0.000, '2020-02-25 15:13:24', '2020-02-25 15:13:24'),
(301, 61, 1, 20.700, 0.000, '2020-02-25 15:26:03', '2020-02-25 15:26:03'),
(302, 58, 1, 12.700, 0.000, '2020-02-25 15:28:51', '2020-02-25 15:28:51'),
(303, 59, 1, 21.000, 0.000, '2020-02-25 15:28:51', '2020-02-25 15:28:51'),
(304, 116, 1, 56.000, 0.000, '2020-02-25 15:53:17', '2020-02-25 15:53:17'),
(305, 112, 1, 39.000, 0.000, '2020-02-25 15:55:46', '2020-02-25 15:55:46'),
(306, 52, 1, 50.000, 0.000, '2020-02-25 15:57:58', '2020-02-25 15:57:58'),
(307, 128, 1, 4.000, 0.000, '2020-02-25 15:59:11', '2020-02-25 15:59:11'),
(308, 130, 1, 1.000, 0.000, '2020-02-25 15:59:11', '2020-02-25 15:59:11'),
(309, 127, 1, 2.000, 0.000, '2020-02-25 16:00:28', '2020-02-25 16:00:28'),
(310, 46, 1, 8.000, 0.000, '2020-02-25 16:00:28', '2020-02-25 16:00:28'),
(311, 53, 1, 3.000, 0.000, '2020-02-25 16:02:28', '2020-02-25 16:02:28'),
(312, 33, 1, 0.050, 0.000, '2020-02-25 16:02:28', '2020-02-25 16:02:28'),
(313, 34, 1, 0.100, 0.000, '2020-02-25 16:07:04', '2020-02-25 16:07:04'),
(314, 37, 1, 0.200, 0.000, '2020-02-25 16:07:04', '2020-02-25 16:07:04'),
(315, 50, 1, 1.000, 0.000, '2020-02-25 16:07:27', '2020-02-25 16:07:27'),
(316, 206, 1, 0.250, 0.000, '2020-02-25 16:07:58', '2020-02-25 16:07:58'),
(317, 51, 1, 1.000, 0.000, '2020-02-25 16:17:02', '2020-02-25 16:17:02'),
(318, 205, 1, 0.250, 0.000, '2020-02-25 16:17:03', '2020-02-25 16:17:03'),
(319, 198, 1, 9.000, 0.000, '2020-02-25 16:17:03', '2020-02-25 16:17:03'),
(320, 117, 1, 0.600, 0.000, '2020-02-25 16:17:03', '2020-02-25 16:17:03'),
(321, 199, 1, 0.500, 0.000, '2020-02-25 16:17:03', '2020-02-25 16:17:03'),
(322, 122, 1, 8.000, 0.000, '2020-02-25 16:19:53', '2020-02-25 16:19:53'),
(323, 125, 1, 0.800, 0.000, '2020-02-25 16:20:45', '2020-02-25 16:20:45'),
(324, 131, 1, 20.000, 0.000, '2020-02-25 16:24:43', '2020-02-25 16:24:43'),
(325, 201, 1, 7.000, 0.000, '2020-02-25 16:24:43', '2020-02-25 16:24:43'),
(326, 118, 1, 69.000, 0.000, '2020-02-25 16:24:43', '2020-02-25 16:24:43'),
(327, 119, 1, 12.000, 0.000, '2020-02-25 16:24:43', '2020-02-25 16:24:43'),
(328, 137, 1, 1.000, 0.000, '2020-02-25 16:24:43', '2020-02-25 16:24:43'),
(329, 210, 1, 8.000, 0.000, '2020-02-25 16:24:43', '2020-02-25 16:24:43'),
(330, 211, 1, 7.800, 0.000, '2020-02-25 16:24:43', '2020-02-25 16:24:43'),
(331, 212, 1, 0.850, 0.000, '2020-02-25 16:24:43', '2020-02-25 16:24:43'),
(332, 217, 1, 0.600, 0.000, '2020-02-25 16:24:43', '2020-02-25 16:24:43'),
(333, 138, 1, 465.000, 0.000, '2020-02-25 16:29:33', '2020-02-25 16:29:33'),
(334, 68, 1, 57.000, 0.000, '2020-02-25 16:29:33', '2020-02-25 16:29:33'),
(335, 69, 1, 2.000, 0.000, '2020-02-25 16:29:33', '2020-02-25 16:29:33'),
(336, 72, 1, 170.000, 0.000, '2020-02-25 16:29:33', '2020-02-25 16:29:33'),
(337, 73, 1, 45.000, 0.000, '2020-02-25 16:29:33', '2020-02-25 16:29:33'),
(338, 76, 1, 1.000, 0.000, '2020-02-25 16:29:33', '2020-02-25 16:29:33'),
(339, 78, 1, 8.000, 0.000, '2020-02-25 16:29:33', '2020-02-25 16:29:33'),
(340, 80, 1, 4.000, 0.000, '2020-02-25 16:29:33', '2020-02-25 16:29:33'),
(341, 81, 1, 4.000, 0.000, '2020-02-25 16:29:33', '2020-02-25 16:29:33'),
(342, 82, 1, 9.000, 0.000, '2020-02-25 16:29:33', '2020-02-25 16:29:33'),
(343, 216, 1, 22.000, 0.000, '2020-02-25 16:29:33', '2020-02-25 16:29:33'),
(344, 93, 1, 58.000, 0.000, '2020-02-25 16:31:07', '2020-02-25 16:31:07'),
(345, 94, 1, 23.000, 0.000, '2020-02-25 16:31:07', '2020-02-25 16:31:07'),
(346, 215, 1, 70.000, 0.000, '2020-02-25 16:32:58', '2020-02-25 16:32:58'),
(347, 148, 1, 0.664, 0.000, '2020-02-25 16:39:54', '2020-02-25 16:39:54'),
(348, 147, 1, 310.000, 0.000, '2020-02-25 16:39:54', '2020-02-25 16:39:54'),
(349, 144, 1, 360.000, 0.000, '2020-02-25 16:39:54', '2020-02-25 16:39:54'),
(350, 207, 1, 1.000, 0.000, '2020-02-25 16:40:58', '2020-02-25 16:40:58'),
(351, 209, 1, 6.600, 0.000, '2020-02-25 16:40:58', '2020-02-25 16:40:58'),
(352, 177, 1, 0.000, 2.000, '2020-02-25 16:46:15', '2020-02-25 16:46:15'),
(353, 177, 1, 0.000, 3.000, '2020-02-25 16:46:15', '2020-02-25 16:46:15'),
(354, 214, 1, 10.000, 0.000, '2020-02-25 16:50:32', '2020-02-25 16:50:32'),
(355, 200, 1, 1.500, 0.000, '2020-02-25 16:51:40', '2020-02-25 16:51:40'),
(356, 108, 1, 210.000, 0.000, '2020-02-25 16:56:32', '2020-02-25 16:56:32'),
(357, 66, 1, 115.000, 0.000, '2020-02-25 16:58:04', '2020-02-25 16:58:04'),
(358, 59, 1, 0.000, 7.200, '2020-02-25 17:10:51', '2020-02-25 17:10:51'),
(359, 215, 2, 0.000, 50.000, '2020-02-25 18:10:06', '2020-02-25 18:10:06'),
(360, 216, 2, 0.000, 15.000, '2020-02-25 18:11:48', '2020-02-25 18:11:48'),
(361, 200, 2, 0.000, 0.500, '2020-02-25 18:11:48', '2020-02-25 18:11:48'),
(362, 130, 2, 0.000, 2.000, '2020-02-25 18:13:26', '2020-02-25 18:13:26'),
(363, 61, 2, 0.000, 8.100, '2020-02-25 18:15:32', '2020-02-25 18:15:32'),
(365, 108, 2, 0.000, 15.000, '2020-02-25 18:16:57', '2020-02-25 18:16:57'),
(366, 210, 2, 0.000, 12.000, '2020-02-25 18:18:59', '2020-02-25 18:18:59'),
(367, 123, 2, 0.000, 1.000, '2020-02-25 18:18:59', '2020-02-25 18:18:59'),
(368, 218, 0, 0.000, 0.000, '2020-02-25 18:20:16', '2020-02-25 18:20:16'),
(369, 218, 2, 0.000, 2.300, '2020-02-25 18:21:18', '2020-02-25 18:21:18'),
(370, 25, 2, 0.000, 2.000, '2020-02-25 18:29:54', '2020-02-25 18:29:54'),
(371, 27, 2, 0.000, 0.500, '2020-02-25 18:29:55', '2020-02-25 18:29:55'),
(372, 23, 2, 0.000, 10.100, '2020-02-25 18:29:55', '2020-02-25 18:29:55'),
(373, 63, 2, 0.000, 8.000, '2020-02-25 18:29:55', '2020-02-25 18:29:55'),
(374, 73, 2, 0.000, 12.000, '2020-02-25 18:29:55', '2020-02-25 18:29:55'),
(375, 198, 2, 0.000, 2.000, '2020-02-25 18:29:55', '2020-02-25 18:29:55'),
(376, 72, 2, 0.000, 60.000, '2020-02-25 18:29:55', '2020-02-25 18:29:55'),
(377, 81, 2, 0.000, 3.000, '2020-02-25 18:29:55', '2020-02-25 18:29:55'),
(378, 82, 2, 0.000, 3.000, '2020-02-25 18:29:55', '2020-02-25 18:29:55'),
(379, 69, 2, 0.000, 5.000, '2020-02-25 18:29:55', '2020-02-25 18:29:55'),
(380, 76, 2, 0.000, 1.000, '2020-02-25 18:29:55', '2020-02-25 18:29:55'),
(381, 70, 2, 0.000, 3.000, '2020-02-25 18:29:55', '2020-02-25 18:29:55'),
(382, 80, 2, 0.000, 1.000, '2020-02-25 18:29:55', '2020-02-25 18:29:55'),
(383, 200, 2, 0.000, 1.000, '2020-02-25 18:29:55', '2020-02-25 18:29:55'),
(384, 137, 2, 0.000, 12.000, '2020-02-25 18:34:12', '2020-02-25 18:34:12'),
(385, 23, 2, 10.100, 0.000, '2020-02-25 18:52:16', '2020-02-25 18:52:16'),
(386, 25, 2, 2.000, 0.000, '2020-02-25 18:52:17', '2020-02-25 18:52:17'),
(387, 27, 2, 0.500, 0.000, '2020-02-25 18:52:17', '2020-02-25 18:52:17'),
(388, 63, 2, 8.000, 0.000, '2020-02-25 18:52:43', '2020-02-25 18:52:43'),
(389, 73, 2, 12.000, 0.000, '2020-02-25 18:56:32', '2020-02-25 18:56:32'),
(390, 72, 2, 60.000, 0.000, '2020-02-25 18:56:32', '2020-02-25 18:56:32'),
(391, 76, 2, 1.000, 0.000, '2020-02-25 18:56:32', '2020-02-25 18:56:32'),
(392, 80, 2, 1.000, 0.000, '2020-02-25 18:56:32', '2020-02-25 18:56:32'),
(393, 70, 2, 3.000, 0.000, '2020-02-25 18:56:32', '2020-02-25 18:56:32'),
(394, 81, 2, 3.000, 0.000, '2020-02-25 18:56:32', '2020-02-25 18:56:32'),
(395, 82, 2, 3.000, 0.000, '2020-02-25 18:56:32', '2020-02-25 18:56:32'),
(396, 69, 2, 5.000, 0.000, '2020-02-25 18:56:32', '2020-02-25 18:56:32'),
(397, 200, 2, 1.500, 0.000, '2020-02-25 18:56:32', '2020-02-25 18:56:32'),
(398, 198, 2, 4.000, 0.000, '2020-02-25 18:56:32', '2020-02-25 18:56:32'),
(399, 218, 2, 2.300, 0.000, '2020-02-25 18:58:28', '2020-02-25 18:58:28'),
(400, 123, 2, 1.000, 0.000, '2020-02-25 18:58:28', '2020-02-25 18:58:28'),
(401, 210, 2, 12.000, 0.000, '2020-02-25 18:58:28', '2020-02-25 18:58:28'),
(402, 108, 2, 15.000, 0.000, '2020-02-25 18:58:28', '2020-02-25 18:58:28'),
(403, 61, 2, 15.300, 0.000, '2020-02-25 19:00:25', '2020-02-25 19:00:25'),
(404, 130, 2, 2.500, 0.000, '2020-02-25 19:00:25', '2020-02-25 19:00:25'),
(405, 215, 2, 50.000, 0.000, '2020-02-25 19:00:25', '2020-02-25 19:00:25'),
(406, 216, 2, 15.000, 0.000, '2020-02-25 19:00:25', '2020-02-25 19:00:25'),
(407, 124, 3, 0.000, 6.000, '2020-03-01 12:58:36', '2020-03-01 12:58:36'),
(408, 141, 4, 0.000, 200.000, '2020-03-03 11:01:33', '2020-03-03 11:01:33'),
(409, 94, 4, 0.000, 42.000, '2020-03-03 11:07:53', '2020-03-03 11:07:53'),
(410, 94, 4, 0.000, 84.000, '2020-03-03 11:07:53', '2020-03-03 11:07:53'),
(411, 52, 4, 0.000, 50.000, '2020-03-03 11:22:19', '2020-03-03 11:22:19'),
(412, 53, 4, 0.000, 10.000, '2020-03-03 11:22:19', '2020-03-03 11:22:19'),
(413, 68, 4, 0.000, 20.000, '2020-03-03 11:22:19', '2020-03-03 11:22:19'),
(414, 46, 4, 0.000, 5.000, '2020-03-03 11:22:19', '2020-03-03 11:22:19'),
(415, 5, 4, 0.000, 50.000, '2020-03-03 11:23:11', '2020-03-03 11:23:11'),
(416, 61, 4, 0.000, 13.800, '2020-03-03 11:24:48', '2020-03-03 11:24:48'),
(417, 59, 4, 0.000, 9.300, '2020-03-03 11:31:50', '2020-03-03 11:31:50'),
(418, 108, 4, 0.000, 45.000, '2020-03-03 11:32:52', '2020-03-03 11:32:52'),
(419, 211, 4, 0.000, 5.850, '2020-03-03 11:35:35', '2020-03-03 11:35:35'),
(420, 207, 4, 0.000, 4.200, '2020-03-03 11:36:11', '2020-03-03 11:36:11'),
(421, 58, 4, 0.000, 5.700, '2020-03-03 11:36:49', '2020-03-03 11:36:49'),
(422, 104, 4, 0.000, 44.000, '2020-03-03 11:43:54', '2020-03-03 11:43:54'),
(423, 21, 4, 0.000, 10.000, '2020-03-03 11:51:22', '2020-03-03 11:52:17'),
(424, 30, 4, 0.000, 2.000, '2020-03-03 11:51:22', '2020-03-03 11:52:17'),
(425, 69, 4, 0.000, 10.000, '2020-03-03 11:51:22', '2020-03-03 11:52:17'),
(426, 76, 4, 0.000, 2.000, '2020-03-03 11:51:22', '2020-03-03 11:52:17'),
(427, 77, 4, 0.000, 2.000, '2020-03-03 11:51:22', '2020-03-03 11:52:17'),
(428, 70, 4, 0.000, 6.000, '2020-03-03 11:51:22', '2020-03-03 11:52:17'),
(429, 198, 4, 0.000, 2.000, '2020-03-03 11:51:22', '2020-03-03 11:52:17'),
(430, 73, 4, 0.000, 5.000, '2020-03-03 11:51:23', '2020-03-03 11:52:17'),
(431, 72, 4, 0.000, 100.000, '2020-03-03 11:51:23', '2020-03-03 11:52:17'),
(432, 200, 4, 0.000, 1.000, '2020-03-03 11:51:23', '2020-03-03 11:52:17'),
(433, 81, 4, 0.000, 3.000, '2020-03-03 11:51:23', '2020-03-03 11:52:17'),
(434, 82, 4, 0.000, 1.000, '2020-03-03 11:51:23', '2020-03-03 11:52:17'),
(435, 117, 4, 0.000, 0.800, '2020-03-03 11:51:23', '2020-03-03 11:52:17'),
(436, 150, 4, 0.000, 2.000, '2020-03-03 11:51:23', '2020-03-03 11:52:17'),
(437, 139, 4, 0.000, 10.000, '2020-03-03 12:09:44', '2020-03-03 12:09:44'),
(438, 219, 0, 0.000, 0.000, '2020-03-03 12:47:23', '2020-03-03 12:47:23'),
(439, 219, 4, 0.000, 6.000, '2020-03-03 12:48:33', '2020-03-03 12:48:33'),
(440, 202, 4, 0.000, 2000.000, '2020-03-03 12:48:33', '2020-03-03 12:48:33'),
(441, 220, 0, 0.000, 0.000, '2020-03-03 12:53:58', '2020-03-03 12:53:58'),
(442, 220, 4, 0.000, 40.000, '2020-03-03 12:55:49', '2020-03-03 12:55:49'),
(443, 106, 5, 0.000, 42.000, '2020-03-03 13:24:33', '2020-03-03 13:24:33'),
(444, 59, 5, 0.000, 3.000, '2020-03-03 13:25:13', '2020-03-03 13:25:13'),
(445, 211, 5, 0.000, 2.500, '2020-03-03 13:26:03', '2020-03-03 13:26:03'),
(446, 221, 0, 0.000, 0.000, '2020-03-03 13:30:31', '2020-03-03 13:30:31'),
(447, 69, 5, 0.000, 5.000, '2020-03-03 13:31:17', '2020-03-03 13:31:17'),
(448, 76, 5, 0.000, 1.000, '2020-03-03 13:31:17', '2020-03-03 13:31:17'),
(449, 70, 5, 0.000, 2.000, '2020-03-03 13:31:17', '2020-03-03 13:31:17'),
(450, 200, 5, 0.000, 0.500, '2020-03-03 13:31:17', '2020-03-03 13:31:17'),
(451, 84, 5, 0.000, 2.000, '2020-03-03 13:31:17', '2020-03-03 13:31:17'),
(452, 221, 5, 0.000, 30.000, '2020-03-03 13:31:17', '2020-03-03 13:31:17'),
(453, 108, 5, 0.000, 44.000, '2020-03-03 13:32:19', '2020-03-03 13:32:19'),
(454, 209, 5, 0.000, 3.600, '2020-03-03 13:33:23', '2020-03-03 13:33:23'),
(455, 210, 5, 0.000, 44.000, '2020-03-03 13:34:36', '2020-03-03 13:34:36'),
(456, 104, 5, 0.000, 44.000, '2020-03-03 13:34:36', '2020-03-03 13:34:36'),
(457, 220, 6, 0.000, 40.000, '2020-03-03 16:10:53', '2020-03-03 16:10:53'),
(458, 94, 6, 0.000, 84.000, '2020-03-03 16:14:27', '2020-03-03 16:14:27'),
(459, 66, 6, 0.000, 48.000, '2020-03-03 16:20:15', '2020-03-03 16:20:15'),
(460, 125, 6, 0.000, 4.000, '2020-03-03 16:26:22', '2020-03-03 16:26:22'),
(461, 126, 6, 0.000, 8.000, '2020-03-03 16:26:22', '2020-03-03 16:26:22'),
(462, 211, 6, 0.000, 5.772, '2020-03-03 16:28:23', '2020-03-03 16:28:23'),
(463, 141, 6, 0.000, 200.000, '2020-03-03 16:29:44', '2020-03-03 16:29:44'),
(464, 210, 6, 0.000, 40.000, '2020-03-03 16:34:21', '2020-03-05 09:55:38'),
(465, 68, 6, 0.000, 4.000, '2020-03-03 16:37:56', '2020-03-03 16:37:56'),
(466, 200, 6, 0.000, 0.250, '2020-03-03 16:37:56', '2020-03-03 16:37:56'),
(467, 216, 6, 0.000, 1.000, '2020-03-03 16:37:56', '2020-03-03 16:37:56'),
(468, 53, 8, 0.000, 20.000, '2020-03-05 11:58:18', '2020-03-05 11:58:18'),
(469, 214, 8, 0.000, 1.000, '2020-03-05 11:58:18', '2020-03-05 11:58:18'),
(470, 61, 8, 0.000, 7.700, '2020-03-05 11:59:59', '2020-03-05 11:59:59'),
(471, 60, 8, 0.000, 2.200, '2020-03-05 11:59:59', '2020-03-05 11:59:59'),
(472, 44, 8, 0.000, 1.000, '2020-03-05 12:09:26', '2020-03-05 12:09:26'),
(473, 35, 8, 0.000, 0.300, '2020-03-05 12:09:26', '2020-03-05 12:09:26'),
(474, 42, 8, 0.000, 0.300, '2020-03-05 12:09:26', '2020-03-05 12:09:26'),
(475, 55, 8, 0.000, 0.300, '2020-03-05 12:09:26', '2020-03-05 12:09:26'),
(476, 45, 8, 0.000, 1.000, '2020-03-05 12:09:26', '2020-03-05 12:09:26'),
(477, 222, 0, 0.000, 0.000, '2020-03-05 12:10:11', '2020-03-05 12:10:11'),
(478, 222, 8, 0.000, 6.000, '2020-03-05 12:10:42', '2020-03-05 12:10:42'),
(479, 60, 8, 0.000, 1.150, '2020-03-05 12:11:39', '2020-03-05 12:11:39'),
(480, 108, 8, 0.000, 55.000, '2020-03-05 12:12:15', '2020-03-05 12:12:15'),
(481, 33, 8, 0.000, 1.000, '2020-03-05 12:17:20', '2020-03-05 12:17:20'),
(482, 34, 8, 0.000, 2.000, '2020-03-05 12:17:20', '2020-03-05 12:17:20'),
(483, 42, 8, 0.000, 1.000, '2020-03-05 12:17:20', '2020-03-05 12:17:20'),
(484, 37, 8, 0.000, 2.000, '2020-03-05 12:17:20', '2020-03-05 12:17:20'),
(485, 45, 8, 0.000, 0.500, '2020-03-05 12:17:20', '2020-03-05 12:17:20'),
(486, 55, 8, 0.000, 4.000, '2020-03-05 12:17:20', '2020-03-05 12:17:20'),
(487, 117, 8, 0.000, 2.200, '2020-03-05 12:17:20', '2020-03-05 12:17:20'),
(488, 56, 8, 0.000, 0.100, '2020-03-05 12:17:21', '2020-03-05 12:17:21'),
(489, 38, 8, 0.000, 0.100, '2020-03-05 12:17:21', '2020-03-05 12:17:21'),
(490, 39, 8, 0.000, 0.100, '2020-03-05 12:17:21', '2020-03-05 12:17:21'),
(491, 114, 8, 0.000, 5.000, '2020-03-05 12:17:21', '2020-03-05 12:17:21'),
(492, 112, 8, 0.000, 50.000, '2020-03-05 12:17:21', '2020-03-05 12:17:21'),
(493, 138, 8, 0.000, 300.000, '2020-03-05 12:18:19', '2020-03-05 12:18:19'),
(494, 61, 8, 0.000, 16.900, '2020-03-05 12:19:05', '2020-03-05 12:19:05'),
(495, 5, 8, 0.000, 100.000, '2020-03-05 12:20:24', '2020-03-05 12:20:24'),
(496, 7, 8, 0.000, 50.000, '2020-03-05 12:20:24', '2020-03-05 12:20:24'),
(497, 6, 8, 0.000, 50.000, '2020-03-05 12:20:24', '2020-03-05 12:20:24'),
(498, 52, 8, 0.000, 50.000, '2020-03-05 12:21:19', '2020-03-05 12:21:19'),
(499, 46, 8, 0.000, 5.000, '2020-03-05 12:21:19', '2020-03-05 12:21:19'),
(500, 116, 8, 0.000, 36.000, '2020-03-05 12:22:39', '2020-03-05 12:22:39'),
(501, 120, 8, 0.000, 24.000, '2020-03-05 12:22:39', '2020-03-05 12:22:39'),
(502, 66, 8, 0.000, 72.000, '2020-03-05 12:24:10', '2020-03-05 12:24:10'),
(503, 57, 8, 0.000, 0.250, '2020-03-05 12:26:12', '2020-03-05 12:26:12'),
(504, 110, 8, 0.000, 1.000, '2020-03-05 12:26:12', '2020-03-05 12:26:12'),
(505, 30, 8, 0.000, 2.500, '2020-03-05 12:29:37', '2020-03-05 12:29:37'),
(506, 59, 8, 0.000, 7.640, '2020-03-05 12:29:37', '2020-03-05 12:29:37'),
(507, 66, 8, 0.000, 19.000, '2020-03-05 12:29:37', '2020-03-05 12:29:37'),
(508, 223, 0, 0.000, 0.000, '2020-03-05 12:30:25', '2020-03-05 12:30:25'),
(509, 223, 8, 0.000, 1.000, '2020-03-05 12:31:02', '2020-03-05 12:31:02'),
(510, 81, 8, 0.000, 6.000, '2020-03-05 12:35:12', '2020-03-05 12:35:12'),
(511, 73, 8, 0.000, 10.000, '2020-03-05 12:35:12', '2020-03-05 12:35:12'),
(512, 72, 8, 0.000, 50.000, '2020-03-05 12:35:12', '2020-03-05 12:35:12'),
(513, 198, 8, 0.000, 2.000, '2020-03-05 12:35:13', '2020-03-05 12:35:13'),
(514, 82, 8, 0.000, 2.000, '2020-03-05 12:35:13', '2020-03-05 12:35:13'),
(515, 69, 8, 0.000, 5.000, '2020-03-05 12:35:13', '2020-03-05 12:35:13'),
(516, 77, 8, 0.000, 1.000, '2020-03-05 12:35:13', '2020-03-05 12:35:13'),
(517, 70, 8, 0.000, 2.000, '2020-03-05 12:35:13', '2020-03-05 12:35:13'),
(518, 68, 8, 0.000, 10.000, '2020-03-05 12:35:13', '2020-03-05 12:35:13'),
(519, 81, 8, 0.000, 7.000, '2020-03-05 12:39:03', '2020-03-05 12:39:03'),
(520, 73, 8, 0.000, 8.000, '2020-03-05 12:39:03', '2020-03-05 12:39:03'),
(521, 72, 8, 0.000, 20.000, '2020-03-05 12:39:03', '2020-03-05 12:39:03'),
(522, 198, 8, 0.000, 2.000, '2020-03-05 12:39:03', '2020-03-05 12:39:03'),
(523, 68, 8, 0.000, 10.000, '2020-03-05 12:39:03', '2020-03-05 12:39:03'),
(524, 200, 8, 0.000, 0.500, '2020-03-05 12:39:03', '2020-03-05 12:39:03'),
(525, 82, 8, 0.000, 2.000, '2020-03-05 12:39:03', '2020-03-05 12:39:03'),
(526, 69, 8, 0.000, 1.000, '2020-03-05 12:39:03', '2020-03-05 12:39:03'),
(527, 20, 8, 0.000, 1.400, '2020-03-05 12:41:38', '2020-03-05 12:41:38'),
(528, 25, 8, 0.000, 0.500, '2020-03-05 12:41:38', '2020-03-05 12:41:38'),
(529, 216, 8, 0.000, 2.000, '2020-03-05 12:41:38', '2020-03-05 12:41:38'),
(530, 69, 8, 0.000, 2.000, '2020-03-05 12:41:38', '2020-03-05 12:41:38'),
(531, 76, 8, 0.000, 1.000, '2020-03-05 12:41:38', '2020-03-05 12:41:38'),
(532, 70, 8, 0.000, 1.000, '2020-03-05 12:41:38', '2020-03-05 12:41:38'),
(533, 77, 8, 0.000, 1.000, '2020-03-05 12:41:38', '2020-03-05 12:41:38'),
(534, 80, 8, 0.000, 1.000, '2020-03-05 12:41:38', '2020-03-05 12:41:38'),
(535, 73, 8, 0.000, 2.000, '2020-03-05 12:41:38', '2020-03-05 12:41:38'),
(536, 72, 8, 0.000, 8.000, '2020-03-05 12:41:38', '2020-03-05 12:41:38'),
(537, 119, 8, 0.000, 72.000, '2020-03-05 12:42:46', '2020-03-05 12:42:46'),
(538, 118, 8, 0.000, 96.000, '2020-03-05 12:42:46', '2020-03-05 12:42:46'),
(540, 61, 9, 0.000, 9.100, '2020-03-07 09:04:09', '2020-03-07 09:04:09'),
(541, 60, 9, 0.000, 11.400, '2020-03-07 09:04:09', '2020-03-07 09:04:09'),
(542, 43, 9, 0.000, 0.250, '2020-03-07 09:10:17', '2020-03-07 09:10:17'),
(543, 55, 9, 0.000, 0.200, '2020-03-07 09:10:17', '2020-03-07 09:10:17'),
(544, 45, 9, 0.000, 0.250, '2020-03-07 09:10:17', '2020-03-07 09:10:17'),
(545, 93, 9, 0.000, 150.000, '2020-03-07 09:25:41', '2020-03-07 09:25:41'),
(546, 224, 0, 0.000, 0.000, '2020-03-07 09:28:06', '2020-03-07 09:28:06'),
(547, 224, 9, 0.000, 28.000, '2020-03-07 09:32:59', '2020-03-07 09:32:59'),
(548, 147, 9, 0.000, 24.000, '2020-03-07 09:38:00', '2020-03-07 09:38:00'),
(549, 126, 9, 0.000, 1.000, '2020-03-07 09:38:00', '2020-03-07 09:38:00'),
(550, 217, 9, 0.000, 1.500, '2020-03-07 09:42:25', '2020-03-07 09:42:25'),
(551, 225, 0, 0.000, 0.000, '2020-03-07 09:45:14', '2020-03-07 09:45:14'),
(552, 225, 9, 0.000, 2.000, '2020-03-07 09:46:03', '2020-03-07 09:46:03'),
(553, 108, 9, 0.000, 30.000, '2020-03-07 09:47:00', '2020-03-07 09:47:00'),
(554, 93, 9, 0.000, 120.000, '2020-03-07 09:48:54', '2020-03-07 09:48:54'),
(555, 60, 9, 0.000, 7.300, '2020-03-07 09:52:31', '2020-03-07 09:52:31'),
(556, 226, 0, 0.000, 0.000, '2020-03-07 09:54:06', '2020-03-07 09:54:06'),
(557, 226, 9, 0.000, 0.200, '2020-03-07 09:55:18', '2020-03-07 09:55:18'),
(558, 200, 9, 0.000, 0.500, '2020-03-07 09:55:18', '2020-03-07 09:55:18'),
(559, 32, 9, 0.000, 0.100, '2020-03-07 09:56:45', '2020-03-07 09:56:45'),
(560, 104, 9, 0.000, 20.000, '2020-03-07 09:57:44', '2020-03-07 09:57:44'),
(561, 105, 9, 0.000, 20.000, '2020-03-07 09:57:44', '2020-03-07 09:57:44'),
(562, 30, 9, 0.000, 2.350, '2020-03-07 10:05:48', '2020-03-07 10:05:48'),
(563, 21, 9, 0.000, 4.200, '2020-03-07 10:05:48', '2020-03-07 10:05:48'),
(564, 23, 9, 0.000, 9.800, '2020-03-07 10:05:48', '2020-03-07 10:05:48'),
(565, 25, 9, 0.000, 2.000, '2020-03-07 10:05:48', '2020-03-07 10:05:48'),
(566, 82, 9, 0.000, 2.000, '2020-03-07 10:05:48', '2020-03-07 10:05:48'),
(567, 77, 9, 0.000, 2.000, '2020-03-07 10:05:48', '2020-03-07 10:05:48'),
(568, 70, 9, 0.000, 5.000, '2020-03-07 10:05:48', '2020-03-07 10:05:48'),
(569, 76, 9, 0.000, 2.000, '2020-03-07 10:05:48', '2020-03-07 10:05:48'),
(570, 69, 9, 0.000, 10.000, '2020-03-07 10:05:49', '2020-03-07 10:05:49'),
(571, 73, 9, 0.000, 10.000, '2020-03-07 10:05:49', '2020-03-07 10:05:49'),
(572, 72, 9, 0.000, 50.000, '2020-03-07 10:05:49', '2020-03-07 10:05:49'),
(573, 198, 9, 0.000, 2.000, '2020-03-07 10:05:49', '2020-03-07 10:05:49'),
(574, 227, 0, 0.000, 0.000, '2020-03-07 10:13:45', '2020-03-07 10:13:45'),
(575, 228, 0, 0.000, 0.000, '2020-03-07 10:15:02', '2020-03-07 10:15:02'),
(576, 132, 9, 0.000, 216.000, '2020-03-07 10:17:12', '2020-03-07 10:17:12'),
(577, 136, 9, 0.000, 4.000, '2020-03-07 10:17:12', '2020-03-07 10:17:12'),
(578, 228, 9, 0.000, 36.000, '2020-03-07 10:17:12', '2020-03-07 10:17:12'),
(579, 134, 9, 0.000, 2.000, '2020-03-07 10:17:12', '2020-03-07 10:17:12'),
(580, 134, 9, 0.000, 12.000, '2020-03-07 10:17:12', '2020-03-07 10:17:12'),
(581, 138, 10, 0.000, 300.000, '2020-03-07 10:36:28', '2020-03-07 10:36:28'),
(582, 226, 10, 0.000, 0.380, '2020-03-07 10:37:50', '2020-03-07 10:37:50'),
(583, 61, 10, 0.000, 13.500, '2020-03-07 10:39:10', '2020-03-07 10:39:10'),
(584, 141, 10, 0.000, 400.000, '2020-03-07 10:41:55', '2020-03-07 10:41:55'),
(585, 66, 10, 0.000, 192.000, '2020-03-07 10:41:55', '2020-03-07 10:41:55'),
(586, 128, 10, 0.000, 25.000, '2020-03-07 10:43:38', '2020-03-07 10:43:38'),
(587, 68, 10, 0.000, 20.000, '2020-03-07 10:48:14', '2020-03-07 10:48:14'),
(588, 69, 10, 0.000, 5.000, '2020-03-07 10:48:14', '2020-03-07 10:48:14'),
(589, 198, 10, 0.000, 3.000, '2020-03-07 10:48:14', '2020-03-07 10:48:14'),
(590, 82, 10, 0.000, 3.000, '2020-03-07 10:48:14', '2020-03-07 10:48:14'),
(591, 221, 10, 0.000, 24.000, '2020-03-07 10:48:14', '2020-03-07 10:48:14'),
(592, 30, 10, 0.000, 1.250, '2020-03-07 10:48:14', '2020-03-07 10:48:14'),
(593, 21, 10, 0.000, 5.500, '2020-03-07 10:48:14', '2020-03-07 10:48:14'),
(594, 76, 10, 0.000, 3.000, '2020-03-07 10:48:14', '2020-03-07 10:48:14'),
(595, 73, 10, 0.000, 10.000, '2020-03-07 10:48:14', '2020-03-07 10:48:14'),
(596, 72, 10, 0.000, 50.000, '2020-03-07 10:48:15', '2020-03-07 10:48:15'),
(597, 70, 10, 0.000, 3.000, '2020-03-07 10:48:15', '2020-03-07 10:48:15'),
(598, 77, 10, 0.000, 2.000, '2020-03-07 10:48:15', '2020-03-07 10:48:15'),
(599, 81, 10, 0.000, 5.000, '2020-03-07 10:48:15', '2020-03-07 10:48:15'),
(600, 116, 11, 0.000, 16.000, '2020-03-07 11:27:59', '2020-03-07 11:27:59'),
(601, 60, 11, 0.000, 6.500, '2020-03-07 11:28:45', '2020-03-07 11:28:45'),
(602, 111, 11, 0.000, 1.500, '2020-03-07 11:33:31', '2020-03-07 12:20:18'),
(603, 130, 11, 0.000, 1.000, '2020-03-07 11:33:32', '2020-03-07 12:20:18'),
(604, 69, 11, 0.000, 10.000, '2020-03-07 11:34:36', '2020-03-07 11:34:36'),
(605, 221, 11, 0.000, 4.000, '2020-03-07 11:34:36', '2020-03-07 11:34:36'),
(606, 211, 11, 0.000, 4.700, '2020-03-07 11:45:57', '2020-03-07 11:45:57'),
(607, 108, 11, 0.000, 57.000, '2020-03-07 11:46:41', '2020-03-07 11:46:41'),
(608, 58, 11, 0.000, 13.500, '2020-03-07 11:49:47', '2020-03-07 11:49:47'),
(609, 59, 11, 0.000, 0.500, '2020-03-07 11:49:47', '2020-03-07 11:49:47'),
(610, 220, 11, 0.000, 30.000, '2020-03-07 11:50:56', '2020-03-07 11:50:56'),
(611, 224, 11, 0.000, 28.000, '2020-03-07 11:50:56', '2020-03-07 11:50:56'),
(612, 224, 11, 0.000, 28.000, '2020-03-07 11:53:48', '2020-03-07 11:53:48'),
(613, 122, 11, 0.000, 72.000, '2020-03-07 11:55:01', '2020-03-07 11:55:01'),
(614, 58, 11, 0.000, 13.200, '2020-03-07 11:55:50', '2020-03-07 11:55:50'),
(615, 59, 11, 0.000, 0.500, '2020-03-07 11:55:50', '2020-03-07 11:55:50'),
(616, 66, 11, 0.000, 144.000, '2020-03-07 11:56:44', '2020-03-07 11:56:44'),
(617, 212, 11, 0.000, 4.500, '2020-03-07 11:59:07', '2020-03-07 11:59:07'),
(618, 211, 11, 0.000, 1.000, '2020-03-07 11:59:07', '2020-03-07 11:59:07'),
(619, 217, 11, 0.000, 0.300, '2020-03-07 11:59:07', '2020-03-07 11:59:07'),
(620, 229, 0, 0.000, 0.000, '2020-03-07 12:00:38', '2020-03-07 12:00:38'),
(621, 229, 11, 0.000, 0.500, '2020-03-07 12:01:33', '2020-03-07 12:01:33'),
(622, 213, 11, 0.000, 1.500, '2020-03-07 12:01:33', '2020-03-07 12:01:33'),
(623, 69, 11, 0.000, 24.000, '2020-03-07 12:07:21', '2020-03-07 12:07:21'),
(624, 76, 11, 0.000, 2.000, '2020-03-07 12:07:21', '2020-03-07 12:07:21'),
(625, 70, 11, 0.000, 5.000, '2020-03-07 12:07:21', '2020-03-07 12:07:21'),
(626, 77, 11, 0.000, 2.000, '2020-03-07 12:07:22', '2020-03-07 12:07:22'),
(627, 198, 11, 0.000, 3.000, '2020-03-07 12:07:22', '2020-03-07 12:07:22'),
(628, 82, 11, 0.000, 3.000, '2020-03-07 12:07:22', '2020-03-07 12:07:22'),
(629, 81, 11, 0.000, 3.000, '2020-03-07 12:07:22', '2020-03-07 12:07:22'),
(630, 73, 11, 0.000, 20.000, '2020-03-07 12:07:22', '2020-03-07 12:07:22'),
(631, 72, 11, 0.000, 100.000, '2020-03-07 12:07:22', '2020-03-07 12:07:22'),
(632, 21, 11, 0.000, 5.000, '2020-03-07 12:07:22', '2020-03-07 12:07:22'),
(633, 23, 11, 0.000, 5.600, '2020-03-07 12:07:22', '2020-03-07 12:07:22'),
(634, 230, 0, 0.000, 0.000, '2020-03-07 12:09:25', '2020-03-07 12:09:25'),
(635, 231, 0, 0.000, 0.000, '2020-03-07 12:11:40', '2020-03-07 12:11:40'),
(636, 123, 11, 0.000, 6.000, '2020-03-07 12:12:01', '2020-03-07 12:12:01'),
(637, 230, 11, 0.000, 3.000, '2020-03-07 12:12:01', '2020-03-07 12:12:01'),
(638, 104, 11, 0.000, 16.000, '2020-03-07 12:12:01', '2020-03-07 12:12:01'),
(639, 217, 11, 0.000, 0.200, '2020-03-07 12:12:01', '2020-03-07 12:12:01'),
(640, 210, 11, 0.000, 4.000, '2020-03-07 12:12:01', '2020-03-07 12:12:01'),
(641, 231, 11, 0.000, 4.000, '2020-03-07 12:12:01', '2020-03-07 12:12:01'),
(642, 232, 0, 0.000, 0.000, '2020-03-07 12:29:31', '2020-03-07 12:29:31'),
(643, 232, 12, 0.000, 29.000, '2020-03-07 12:30:24', '2020-03-07 12:30:24'),
(644, 108, 12, 0.000, 95.000, '2020-03-07 12:31:19', '2020-03-07 12:31:19'),
(645, 211, 12, 0.000, 4.600, '2020-03-07 12:31:58', '2020-03-07 12:31:58'),
(646, 110, 12, 0.000, 1.000, '2020-03-07 12:33:01', '2020-03-07 12:33:01'),
(647, 209, 12, 0.000, 1.300, '2020-03-07 12:33:01', '2020-03-07 12:33:01'),
(648, 58, 12, 0.000, 27.300, '2020-03-07 12:34:01', '2020-03-07 12:34:01'),
(649, 59, 12, 0.000, 0.500, '2020-03-07 12:34:33', '2020-03-07 12:34:33'),
(650, 111, 12, 0.000, 2.000, '2020-03-07 12:35:08', '2020-03-07 12:35:08'),
(651, 116, 12, 0.000, 8.000, '2020-03-07 12:37:35', '2020-03-07 12:37:35'),
(652, 52, 12, 0.000, 40.000, '2020-03-07 12:38:18', '2020-03-07 12:38:18'),
(653, 68, 12, 0.000, 10.000, '2020-03-07 12:38:18', '2020-03-07 12:38:18'),
(654, 138, 12, 0.000, 200.000, '2020-03-07 12:39:14', '2020-03-07 12:39:14'),
(655, 5, 12, 0.000, 50.000, '2020-03-07 12:39:53', '2020-03-07 12:39:53'),
(656, 147, 12, 0.000, 576.000, '2020-03-07 12:42:06', '2020-03-07 12:42:06'),
(657, 106, 12, 0.000, 90.000, '2020-03-07 12:44:57', '2020-03-07 12:44:57'),
(658, 66, 12, 0.000, 32.000, '2020-03-07 12:46:16', '2020-03-07 12:46:16'),
(659, 141, 12, 0.000, 400.000, '2020-03-07 12:47:03', '2020-03-07 12:47:03'),
(660, 233, 0, 0.000, 0.000, '2020-03-07 12:48:06', '2020-03-07 12:48:06'),
(661, 233, 12, 0.000, 21.000, '2020-03-07 12:50:19', '2020-03-07 12:50:19'),
(662, 212, 12, 0.000, 4.500, '2020-03-07 12:51:29', '2020-03-07 12:51:29'),
(663, 55, 12, 0.000, 0.250, '2020-03-07 12:51:29', '2020-03-07 12:51:29'),
(664, 35, 12, 0.000, 0.250, '2020-03-07 12:51:29', '2020-03-07 12:51:29'),
(665, 23, 12, 0.000, 20.780, '2020-03-07 13:36:20', '2020-03-07 13:36:20'),
(666, 21, 12, 0.000, 5.000, '2020-03-07 13:36:20', '2020-03-07 13:36:20'),
(667, 69, 12, 0.000, 20.000, '2020-03-07 13:36:21', '2020-03-07 13:36:21'),
(668, 70, 12, 0.000, 10.000, '2020-03-07 13:36:21', '2020-03-07 13:36:21'),
(669, 77, 12, 0.000, 5.000, '2020-03-07 13:36:21', '2020-03-07 13:36:21'),
(670, 198, 12, 0.000, 3.000, '2020-03-07 13:36:21', '2020-03-07 13:36:21'),
(671, 76, 12, 0.000, 1.500, '2020-03-07 13:36:21', '2020-03-07 13:36:21'),
(672, 200, 12, 0.000, 0.500, '2020-03-07 13:36:21', '2020-03-07 13:36:21'),
(673, 73, 12, 0.000, 15.000, '2020-03-07 13:36:22', '2020-03-07 13:36:22'),
(674, 72, 12, 0.000, 100.000, '2020-03-07 13:37:32', '2020-03-07 13:37:32'),
(675, 93, 13, 0.000, 144.000, '2020-03-07 15:10:53', '2020-03-07 15:10:53'),
(676, 94, 13, 0.000, 72.000, '2020-03-07 15:11:47', '2020-03-07 15:11:47'),
(677, 72, 13, 0.000, 20.000, '2020-03-07 15:14:29', '2020-03-07 15:14:29'),
(678, 80, 13, 0.000, 1.000, '2020-03-07 15:14:29', '2020-03-07 15:14:29'),
(679, 200, 13, 0.000, 0.250, '2020-03-07 15:14:29', '2020-03-07 15:14:29'),
(680, 58, 13, 0.000, 2.550, '2020-03-07 15:15:37', '2020-03-07 15:15:37'),
(681, 23, 13, 0.000, 8.000, '2020-03-07 15:17:36', '2020-03-07 15:17:36'),
(682, 21, 13, 0.000, 1.000, '2020-03-07 15:17:36', '2020-03-07 15:17:36'),
(683, 82, 13, 0.000, 2.000, '2020-03-07 15:17:36', '2020-03-07 15:17:36'),
(684, 200, 13, 0.000, 0.500, '2020-03-07 15:17:36', '2020-03-07 15:17:36'),
(685, 32, 13, 0.000, 0.100, '2020-03-07 15:18:54', '2020-03-07 15:18:54'),
(686, 135, 13, 0.000, 6.000, '2020-03-07 15:23:05', '2020-03-07 15:23:05'),
(687, 137, 13, 0.000, 6.000, '2020-03-07 15:32:55', '2020-03-07 15:32:55');

-- --------------------------------------------------------

--
-- Table structure for table `password_resets`
--

CREATE TABLE `password_resets` (
  `email` varchar(30) COLLATE utf8mb4_unicode_ci NOT NULL,
  `token` varchar(191) COLLATE utf8mb4_unicode_ci NOT NULL,
  `created_at` timestamp NULL DEFAULT NULL
) ENGINE=InnoDB DEFAULT CHARSET=utf8mb4 COLLATE=utf8mb4_unicode_ci;

-- --------------------------------------------------------

--
-- Table structure for table `payments`
--

CREATE TABLE `payments` (
  `id` int(10) UNSIGNED NOT NULL,
  `billing_id` int(10) UNSIGNED NOT NULL,
  `payment_type` varchar(191) COLLATE utf8mb4_unicode_ci DEFAULT NULL,
  `amount` double(14,2) NOT NULL DEFAULT '0.00',
  `note` text COLLATE utf8mb4_unicode_ci,
  `mis_voucher_id` int(10) UNSIGNED NOT NULL,
  `deleted_at` timestamp NULL DEFAULT NULL,
  `created_at` timestamp NULL DEFAULT NULL,
  `updated_at` timestamp NULL DEFAULT NULL
) ENGINE=InnoDB DEFAULT CHARSET=utf8mb4 COLLATE=utf8mb4_unicode_ci;

--
-- Dumping data for table `payments`
--

INSERT INTO `payments` (`id`, `billing_id`, `payment_type`, `amount`, `note`, `mis_voucher_id`, `deleted_at`, `created_at`, `updated_at`) VALUES
(1, 1, 'venue', 0.00, 'Advance Payment', 1, '2020-02-17 13:18:32', '2020-02-16 16:03:04', '2020-02-17 13:18:32'),
(2, 1, 'discount', 1000.00, 'Gross Discount', 2, '2020-02-17 13:18:32', '2020-02-16 16:05:37', '2020-02-17 13:18:32'),
(3, 1, 'venue', 4000.00, NULL, 3, '2020-02-17 13:18:32', '2020-02-16 16:05:38', '2020-02-17 13:18:32'),
(4, 1, 'food', 9625.00, NULL, 4, '2020-02-17 13:18:32', '2020-02-16 16:05:38', '2020-02-17 13:18:32'),
(5, 2, 'venue', 0.00, 'Advance Payment', 5, '2020-02-17 14:50:23', '2020-02-17 13:20:33', '2020-02-17 14:50:23'),
(6, 2, 'discount', 1000.00, 'Gross Discount', 6, '2020-02-17 14:50:23', '2020-02-17 13:22:03', '2020-02-17 14:50:23'),
(7, 2, 'venue', 4000.00, NULL, 7, '2020-02-17 14:50:23', '2020-02-17 13:22:03', '2020-02-17 14:50:23'),
(8, 2, 'food', 9625.00, NULL, 8, '2020-02-17 14:50:23', '2020-02-17 13:22:03', '2020-02-17 14:50:23'),
(9, 3, 'venue', 0.00, 'Advance Payment', 9, NULL, '2020-02-17 14:52:32', '2020-02-17 14:52:32'),
(10, 3, 'venue', 3000.00, NULL, 10, NULL, '2020-02-17 14:53:32', '2020-02-17 14:53:32'),
(11, 3, 'food', 9625.00, NULL, 11, NULL, '2020-02-17 14:53:32', '2020-02-17 14:53:32'),
(12, 4, 'venue', 0.00, 'Advance Payment', 12, '2020-02-17 16:41:02', '2020-02-17 15:19:15', '2020-02-17 16:41:02'),
(13, 5, 'venue', 0.00, 'Advance Payment', 13, NULL, '2020-02-17 16:32:43', '2020-02-17 16:32:43'),
(14, 5, 'venue', 9000.00, NULL, 14, NULL, '2020-02-17 16:33:54', '2020-02-17 16:33:54'),
(15, 5, 'food', 56925.00, NULL, 15, NULL, '2020-02-17 16:33:54', '2020-02-17 16:33:54'),
(16, 6, 'venue', 0.00, 'Advance Payment', 16, '2020-02-17 16:42:25', '2020-02-17 16:39:51', '2020-02-17 16:42:25'),
(17, 7, 'venue', 0.00, 'Advance Payment', 17, NULL, '2020-02-17 16:43:50', '2020-02-17 16:43:50'),
(18, 7, 'venue', 4000.00, NULL, 18, NULL, '2020-02-17 16:44:14', '2020-02-17 16:44:14'),
(19, 7, 'food', 10296.00, NULL, 19, NULL, '2020-02-17 16:44:14', '2020-02-17 16:44:14'),
(20, 8, 'venue', 0.00, 'Advance Payment', 20, '2020-02-17 17:03:47', '2020-02-17 16:55:15', '2020-02-17 17:03:47'),
(21, 9, 'venue', 0.00, 'Advance Payment', 21, NULL, '2020-02-17 17:10:41', '2020-02-17 17:10:41'),
(22, 9, 'venue', 7000.00, NULL, 22, NULL, '2020-02-17 17:11:58', '2020-02-17 17:11:58'),
(23, 9, 'food', 21631.50, NULL, 23, NULL, '2020-02-17 17:11:58', '2020-02-17 17:11:58'),
(24, 10, 'venue', 0.00, 'Advance Payment', 24, '2020-02-17 17:40:58', '2020-02-17 17:34:23', '2020-02-17 17:40:58'),
(25, 11, 'venue', 0.00, 'Advance Payment', 25, '2020-02-17 17:40:49', '2020-02-17 17:39:05', '2020-02-17 17:40:49'),
(26, 12, 'venue', 0.00, 'Advance Payment', 26, '2020-02-17 17:42:53', '2020-02-17 17:42:25', '2020-02-17 17:42:53'),
(27, 13, 'venue', 0.00, 'Advance Payment', 27, NULL, '2020-02-17 17:44:37', '2020-02-17 17:44:37'),
(28, 13, 'venue', 3500.00, NULL, 28, NULL, '2020-02-17 17:46:27', '2020-02-17 17:46:27'),
(29, 13, 'food', 8400.00, NULL, 29, NULL, '2020-02-17 17:46:27', '2020-02-17 17:46:27'),
(30, 14, 'room', 0.00, 'Advance Payment', 30, '2020-02-25 15:00:47', '2020-02-19 22:34:58', '2020-02-25 15:00:47'),
(31, 14, 'discount', 300.00, 'Gross Discount', 31, '2020-02-25 15:00:47', '2020-02-19 22:35:11', '2020-02-25 15:00:47'),
(32, 14, 'room', 2000.00, NULL, 32, '2020-02-25 15:00:47', '2020-02-19 22:35:11', '2020-02-25 15:00:47'),
(33, 15, 'room', 0.00, 'Advance Payment', 33, '2020-02-25 13:13:58', '2020-02-19 22:37:00', '2020-02-25 13:13:58'),
(34, 15, 'discount', 300.00, 'Gross Discount', 34, '2020-02-25 13:13:58', '2020-02-19 22:37:12', '2020-02-25 13:13:58'),
(35, 15, 'room', 2000.00, NULL, 35, '2020-02-25 13:13:58', '2020-02-19 22:37:12', '2020-02-25 13:13:58'),
(36, 16, 'room', 0.00, 'Advance Payment', 36, '2020-02-25 13:09:46', '2020-02-19 22:38:31', '2020-02-25 13:09:46'),
(37, 16, 'discount', 300.00, 'Gross Discount', 37, '2020-02-25 13:09:46', '2020-02-19 22:38:39', '2020-02-25 13:09:46'),
(38, 16, 'room', 2000.00, NULL, 38, '2020-02-25 13:09:46', '2020-02-19 22:38:39', '2020-02-25 13:09:46'),
(39, 17, 'room', 0.00, 'Advance Payment', 39, '2020-02-25 13:03:56', '2020-02-19 22:39:49', '2020-02-25 13:03:56'),
(40, 17, 'discount', 300.00, 'Gross Discount', 40, '2020-02-25 13:03:56', '2020-02-19 22:39:56', '2020-02-25 13:03:56'),
(41, 17, 'room', 2000.00, NULL, 41, '2020-02-25 13:03:56', '2020-02-19 22:39:56', '2020-02-25 13:03:56'),
(42, 18, 'room', 0.00, 'Advance Payment', 42, '2020-02-25 13:01:09', '2020-02-19 22:41:09', '2020-02-25 13:01:09'),
(43, 18, 'discount', 300.00, 'Gross Discount', 43, '2020-02-25 13:01:09', '2020-02-19 22:41:17', '2020-02-25 13:01:09'),
(44, 18, 'room', 2000.00, NULL, 44, '2020-02-25 13:01:09', '2020-02-19 22:41:17', '2020-02-25 13:01:09'),
(45, 19, 'room', 0.00, 'Advance Payment', 45, '2020-02-25 12:58:31', '2020-02-19 22:43:15', '2020-02-25 12:58:31'),
(46, 19, 'discount', 100.00, 'Gross Discount', 46, '2020-02-25 12:58:31', '2020-02-19 22:44:10', '2020-02-25 12:58:31'),
(47, 19, 'room', 1200.00, NULL, 47, '2020-02-25 12:58:31', '2020-02-19 22:44:10', '2020-02-25 12:58:31'),
(48, 19, 'food', 600.00, NULL, 48, '2020-02-25 12:58:31', '2020-02-19 22:44:10', '2020-02-25 12:58:31'),
(49, 20, 'room', 0.00, 'Advance Payment', 49, '2020-02-19 22:45:49', '2020-02-19 22:45:34', '2020-02-19 22:45:49'),
(50, 21, 'room', 0.00, 'Advance Payment', 50, '2020-02-25 12:45:19', '2020-02-19 22:46:41', '2020-02-25 12:45:19'),
(51, 21, 'discount', 100.00, 'Gross Discount', 51, '2020-02-25 12:45:19', '2020-02-19 22:47:10', '2020-02-25 12:45:19'),
(52, 21, 'room', 1200.00, NULL, 52, '2020-02-25 12:45:19', '2020-02-19 22:47:10', '2020-02-25 12:45:19'),
(53, 21, 'food', 600.00, NULL, 53, '2020-02-25 12:45:19', '2020-02-19 22:47:10', '2020-02-25 12:45:19'),
(54, 22, 'room', 0.00, 'Advance Payment', 54, '2020-02-25 12:35:16', '2020-02-19 22:48:16', '2020-02-25 12:35:16'),
(55, 22, 'discount', 100.00, 'Gross Discount', 55, '2020-02-25 12:35:16', '2020-02-19 22:48:37', '2020-02-25 12:35:16'),
(56, 22, 'room', 1200.00, NULL, 56, '2020-02-25 12:35:16', '2020-02-19 22:48:37', '2020-02-25 12:35:16'),
(57, 22, 'food', 600.00, NULL, 57, '2020-02-25 12:35:16', '2020-02-19 22:48:37', '2020-02-25 12:35:16'),
(58, 23, 'room', 0.00, 'Advance Payment', 58, NULL, '2020-02-19 22:49:57', '2020-02-19 22:49:57'),
(59, 23, 'room', 1200.00, NULL, 59, NULL, '2020-02-19 22:50:03', '2020-02-19 22:50:03'),
(60, 24, 'room', 0.00, 'Advance Payment', 60, NULL, '2020-02-19 22:51:36', '2020-02-19 22:51:36'),
(61, 24, 'room', 300.00, NULL, 61, NULL, '2020-02-19 22:51:41', '2020-02-19 22:51:41'),
(62, 25, 'room', 0.00, 'Advance Payment', 62, '2020-02-25 12:29:35', '2020-02-19 22:53:58', '2020-02-25 12:29:35'),
(63, 25, 'discount', 300.00, 'Gross Discount', 63, '2020-02-25 12:29:35', '2020-02-19 22:54:08', '2020-02-25 12:29:35'),
(64, 25, 'room', 2500.00, NULL, 64, '2020-02-25 12:29:35', '2020-02-19 22:54:08', '2020-02-25 12:29:35'),
(65, 26, 'room', 0.00, 'Advance Payment', 65, '2020-02-25 12:19:19', '2020-02-19 22:58:26', '2020-02-25 12:19:19'),
(66, 26, 'discount', 500.00, 'Gross Discount', 66, '2020-02-25 12:19:19', '2020-02-19 22:58:51', '2020-02-25 12:19:19'),
(67, 26, 'room', 4300.00, NULL, 67, '2020-02-25 12:19:19', '2020-02-19 22:58:51', '2020-02-25 12:19:19'),
(68, 27, 'room', 0.00, 'Advance Payment', 68, NULL, '2020-02-19 23:00:17', '2020-02-19 23:00:17'),
(69, 27, 'room', 750.00, NULL, 69, NULL, '2020-02-19 23:00:28', '2020-02-19 23:00:28'),
(70, 28, 'room', 0.00, 'Advance Payment', 70, NULL, '2020-02-19 23:02:14', '2020-02-19 23:02:14'),
(71, 28, 'room', 300.00, NULL, 71, NULL, '2020-02-19 23:02:19', '2020-02-19 23:02:19'),
(72, 29, 'room', 0.00, 'Advance Payment', 72, NULL, '2020-02-19 23:03:35', '2020-02-19 23:03:35'),
(73, 29, 'room', 1200.00, NULL, 73, NULL, '2020-02-19 23:03:40', '2020-02-19 23:03:40'),
(74, 30, 'room', 0.00, 'Advance Payment', 74, NULL, '2020-02-19 23:07:15', '2020-02-19 23:07:15'),
(75, 30, 'room', 1200.00, NULL, 75, NULL, '2020-02-19 23:07:20', '2020-02-19 23:07:20'),
(76, 31, 'room', 0.00, 'Advance Payment', 76, '2020-02-19 23:09:54', '2020-02-19 23:09:23', '2020-02-19 23:09:54'),
(77, 32, 'room', 0.00, 'Advance Payment', 77, NULL, '2020-02-19 23:12:14', '2020-02-19 23:12:14'),
(78, 32, 'room', 300.00, NULL, 78, NULL, '2020-02-19 23:12:18', '2020-02-19 23:12:18'),
(79, 33, 'room', 0.00, 'Advance Payment', 79, NULL, '2020-02-19 23:14:10', '2020-02-19 23:14:10'),
(80, 33, 'room', 300.00, NULL, 80, NULL, '2020-02-19 23:14:42', '2020-02-19 23:14:42'),
(81, 34, 'room', 0.00, 'Advance Payment', 81, NULL, '2020-02-19 23:16:07', '2020-02-19 23:16:07'),
(82, 34, 'room', 300.00, NULL, 82, NULL, '2020-02-19 23:16:12', '2020-02-19 23:16:12'),
(83, 35, 'room', 0.00, 'Advance Payment', 83, NULL, '2020-02-19 23:19:33', '2020-02-19 23:19:33'),
(84, 35, 'room', 1800.00, NULL, 84, NULL, '2020-02-19 23:19:40', '2020-02-19 23:19:40'),
(85, 36, 'room', 0.00, 'Advance Payment', 85, NULL, '2020-02-19 23:21:24', '2020-02-19 23:21:24'),
(86, 36, 'room', 300.00, NULL, 86, NULL, '2020-02-19 23:21:32', '2020-02-19 23:21:32'),
(87, 37, 'room', 0.00, 'Advance Payment', 87, '2020-02-19 23:25:52', '2020-02-19 23:23:51', '2020-02-19 23:25:52'),
(88, 38, 'room', 0.00, 'Advance Payment', 88, '2020-02-25 11:52:46', '2020-02-19 23:27:01', '2020-02-25 11:52:46'),
(89, 38, 'discount', 20.00, 'Gross Discount', 89, '2020-02-25 11:52:46', '2020-02-19 23:27:52', '2020-02-25 11:52:46'),
(90, 38, 'room', 6600.00, NULL, 90, '2020-02-25 11:52:46', '2020-02-19 23:27:52', '2020-02-25 11:52:46'),
(91, 38, 'food', 420.00, NULL, 91, '2020-02-25 11:52:46', '2020-02-19 23:27:52', '2020-02-25 11:52:46'),
(92, 39, 'room', 0.00, 'Advance Payment', 171, NULL, '2020-02-25 12:14:12', '2020-02-25 12:14:12'),
(93, 39, 'room', 6600.00, NULL, 172, NULL, '2020-02-25 12:15:21', '2020-02-25 12:15:21'),
(94, 39, 'food', 400.00, NULL, 173, NULL, '2020-02-25 12:15:21', '2020-02-25 12:15:21'),
(95, 40, 'room', 0.00, 'Advance Payment', 174, '2020-02-25 15:39:08', '2020-02-25 12:24:50', '2020-02-25 15:39:08'),
(96, 40, 'discount', 500.00, 'Gross Discount', 175, '2020-02-25 15:39:08', '2020-02-25 12:27:18', '2020-02-25 15:39:08'),
(97, 40, 'room', 4300.00, NULL, 176, '2020-02-25 15:39:08', '2020-02-25 12:27:18', '2020-02-25 15:39:08'),
(98, 41, 'room', 0.00, 'Advance Payment', 177, NULL, '2020-02-25 12:32:37', '2020-02-25 12:32:37'),
(99, 41, 'room', 2200.00, NULL, 178, NULL, '2020-02-25 12:32:50', '2020-02-25 12:32:50'),
(100, 42, 'room', 0.00, 'Advance Payment', 179, NULL, '2020-02-25 12:38:19', '2020-02-25 12:38:19'),
(101, 42, 'room', 1100.00, NULL, 180, NULL, '2020-02-25 12:39:27', '2020-02-25 12:39:27'),
(102, 42, 'food', 600.00, NULL, 181, NULL, '2020-02-25 12:39:27', '2020-02-25 12:39:27'),
(103, 43, 'room', 0.00, 'Advance Payment', 182, '2020-02-25 12:49:33', '2020-02-25 12:47:51', '2020-02-25 12:49:33'),
(104, 44, 'room', 0.00, 'Advance Payment', 183, '2020-02-25 12:51:35', '2020-02-25 12:50:34', '2020-02-25 12:51:35'),
(105, 45, 'room', 0.00, 'Advance Payment', 184, NULL, '2020-02-25 12:52:58', '2020-02-25 12:52:58'),
(106, 45, 'room', 1100.00, NULL, 185, NULL, '2020-02-25 12:53:25', '2020-02-25 12:53:25'),
(107, 45, 'food', 600.00, NULL, 186, NULL, '2020-02-25 12:53:25', '2020-02-25 12:53:25'),
(108, 46, 'room', 0.00, 'Advance Payment', 187, NULL, '2020-02-25 12:57:15', '2020-02-25 12:57:15'),
(109, 46, 'room', 1100.00, NULL, 188, NULL, '2020-02-25 12:57:40', '2020-02-25 12:57:40'),
(110, 46, 'food', 600.00, NULL, 189, NULL, '2020-02-25 12:57:40', '2020-02-25 12:57:40'),
(111, 47, 'room', 0.00, 'Advance Payment', 190, NULL, '2020-02-25 13:00:23', '2020-02-25 13:00:23'),
(112, 47, 'room', 1700.00, NULL, 191, NULL, '2020-02-25 13:00:30', '2020-02-25 13:00:30'),
(113, 48, 'room', 0.00, 'Advance Payment', 192, NULL, '2020-02-25 13:03:29', '2020-02-25 13:03:29'),
(114, 48, 'room', 1700.00, NULL, 193, NULL, '2020-02-25 13:03:35', '2020-02-25 13:03:35'),
(115, 49, 'room', 0.00, 'Advance Payment', 194, NULL, '2020-02-25 13:08:53', '2020-02-25 13:08:53'),
(116, 49, 'room', 1700.00, NULL, 195, NULL, '2020-02-25 13:09:26', '2020-02-25 13:09:26'),
(117, 50, 'room', 0.00, 'Advance Payment', 196, NULL, '2020-02-25 13:13:33', '2020-02-25 13:13:33'),
(118, 50, 'room', 1700.00, NULL, 197, NULL, '2020-02-25 13:13:40', '2020-02-25 13:13:40'),
(119, 51, 'room', 0.00, 'Advance Payment', 199, NULL, '2020-02-25 13:16:21', '2020-02-25 13:16:21'),
(120, 51, 'room', 1700.00, NULL, 200, NULL, '2020-02-25 13:17:16', '2020-02-25 13:17:16'),
(121, 52, 'room', 0.00, 'Advance Payment', 201, NULL, '2020-02-25 15:42:13', '2020-02-25 15:42:13'),
(122, 52, 'room', 3800.00, NULL, 202, NULL, '2020-02-25 15:42:44', '2020-02-25 15:42:44'),
(123, 53, 'venue', 0.00, 'Advance Payment', 216, NULL, '2020-02-25 18:21:48', '2020-02-25 18:21:48'),
(124, 53, 'venue', 3000.00, NULL, 217, NULL, '2020-02-25 18:27:58', '2020-02-25 18:27:58'),
(125, 53, 'food', 16527.00, NULL, 218, NULL, '2020-02-25 18:27:58', '2020-02-25 18:27:58'),
(126, 54, 'venue', 0.00, 'Advance Payment', 234, NULL, '2020-02-25 18:40:13', '2020-02-25 18:40:13'),
(127, 54, 'venue', 2000.00, NULL, 235, NULL, '2020-02-25 18:42:24', '2020-02-25 18:42:24'),
(128, 54, 'food', 6600.00, NULL, 236, NULL, '2020-02-25 18:42:24', '2020-02-25 18:42:24'),
(129, 55, 'venue', 0.00, 'Advance Payment', 237, NULL, '2020-02-25 18:58:41', '2020-02-25 18:58:41'),
(130, 55, 'venue', 4000.00, NULL, 238, NULL, '2020-02-25 19:01:33', '2020-02-25 19:01:33'),
(131, 55, 'food', 8745.00, NULL, 239, NULL, '2020-02-25 19:01:33', '2020-02-25 19:01:33'),
(132, 56, 'room', 0.00, 'Advance Payment', 240, NULL, '2020-02-25 19:20:33', '2020-02-25 19:20:33'),
(133, 56, 'room', 3300.00, NULL, 241, NULL, '2020-02-25 19:20:45', '2020-02-25 19:20:45'),
(134, 57, 'room', 0.00, 'Advance Payment', 242, NULL, '2020-02-25 19:33:09', '2020-02-25 19:33:09'),
(135, 57, 'room', 3600.00, NULL, 243, NULL, '2020-02-25 19:33:15', '2020-02-25 19:33:15'),
(136, 58, 'room', 0.00, 'Advance Payment', 244, NULL, '2020-02-25 19:37:18', '2020-02-25 19:37:18'),
(137, 59, 'room', 0.00, 'Advance Payment', 245, '2020-03-01 10:19:49', '2020-02-25 19:39:42', '2020-03-01 10:19:49'),
(138, 59, 'room', 600.00, NULL, 246, '2020-03-01 10:19:49', '2020-02-25 19:39:47', '2020-03-01 10:19:49'),
(139, 60, 'room', 0.00, 'Advance Payment', 247, '2020-03-01 10:20:03', '2020-02-26 12:17:58', '2020-03-01 10:20:03'),
(140, 58, 'room', 1200.00, NULL, 248, NULL, '2020-03-01 10:20:34', '2020-03-01 10:20:34'),
(141, 61, 'room', 0.00, 'Advance Payment', 249, '2020-03-01 11:05:13', '2020-03-01 11:01:48', '2020-03-01 11:05:13'),
(142, 62, 'room', 0.00, 'Advance Payment', 250, '2020-03-01 11:28:55', '2020-03-01 11:20:14', '2020-03-01 11:28:55'),
(143, 63, 'room', 0.00, 'Advance Payment', 251, NULL, '2020-03-01 11:35:39', '2020-03-01 11:35:39'),
(144, 63, 'room', 4800.00, NULL, 252, NULL, '2020-03-01 11:37:35', '2020-03-01 11:37:35'),
(145, 64, 'room', 0.00, 'Advance Payment', 254, NULL, '2020-03-01 13:07:21', '2020-03-01 13:07:21'),
(146, 64, 'room', 1200.00, NULL, 255, NULL, '2020-03-01 13:07:40', '2020-03-01 13:07:40'),
(147, 65, 'room', 0.00, 'Advance Payment', 256, NULL, '2020-03-01 13:12:09', '2020-03-01 13:12:09'),
(148, 65, 'room', 2400.00, NULL, 257, NULL, '2020-03-01 13:12:44', '2020-03-01 13:12:44'),
(149, 66, 'room', 0.00, 'Advance Payment', 258, NULL, '2020-03-01 13:16:41', '2020-03-01 13:16:41'),
(150, 66, 'room', 1100.00, NULL, 259, NULL, '2020-03-01 13:16:51', '2020-03-01 13:16:51'),
(151, 67, 'room', 0.00, 'Advance Payment', 260, '2020-03-01 13:25:16', '2020-03-01 13:20:44', '2020-03-01 13:25:16'),
(152, 68, 'room', 0.00, 'Advance Payment', 261, NULL, '2020-03-01 13:26:39', '2020-03-01 13:26:39'),
(153, 68, 'room', 1500.00, NULL, 262, NULL, '2020-03-01 13:26:50', '2020-03-01 13:26:50'),
(154, 69, 'room', 0.00, 'Advance Payment', 263, NULL, '2020-03-01 13:32:39', '2020-03-01 13:32:39'),
(155, 69, 'room', 6600.00, NULL, 264, NULL, '2020-03-01 13:33:08', '2020-03-01 13:33:08'),
(156, 70, 'room', 0.00, 'Advance Payment', 265, NULL, '2020-03-01 13:36:20', '2020-03-01 13:36:20'),
(157, 70, 'room', 1200.00, NULL, 266, NULL, '2020-03-01 13:36:30', '2020-03-01 13:36:30'),
(158, 71, 'room', 0.00, 'Advance Payment', 267, NULL, '2020-03-01 13:39:17', '2020-03-01 13:39:17'),
(159, 71, 'room', 1200.00, NULL, 268, NULL, '2020-03-01 13:39:27', '2020-03-01 13:39:27'),
(160, 72, 'room', 0.00, 'Advance Payment', 269, '2020-03-01 15:32:03', '2020-03-01 13:44:51', '2020-03-01 15:32:03'),
(161, 72, 'room', 2400.00, NULL, 270, '2020-03-01 15:32:03', '2020-03-01 13:45:07', '2020-03-01 15:32:03'),
(162, 73, 'room', 0.00, 'Advance Payment', 271, NULL, '2020-03-01 13:47:25', '2020-03-01 13:47:25'),
(163, 73, 'room', 300.00, NULL, 272, NULL, '2020-03-01 13:49:20', '2020-03-01 13:49:20'),
(164, 73, 'food', 70.00, NULL, 273, NULL, '2020-03-01 13:49:20', '2020-03-01 13:49:20'),
(165, 74, 'room', 0.00, 'Advance Payment', 274, '2020-03-01 15:10:37', '2020-03-01 15:09:54', '2020-03-01 15:10:37'),
(166, 75, 'room', 0.00, 'Advance Payment', 275, NULL, '2020-03-01 15:14:01', '2020-03-01 15:14:01'),
(167, 75, 'room', 3500.00, NULL, 276, NULL, '2020-03-01 15:14:13', '2020-03-01 15:14:13'),
(168, 76, 'room', 0.00, 'Advance Payment', 277, '2020-03-01 15:36:51', '2020-03-01 15:35:58', '2020-03-01 15:36:51'),
(169, 77, 'room', 0.00, 'Advance Payment', 278, NULL, '2020-03-01 15:38:55', '2020-03-01 15:38:55'),
(170, 77, 'room', 5600.00, NULL, 279, NULL, '2020-03-01 15:39:25', '2020-03-01 15:39:25'),
(171, 78, 'venue', 0.00, 'Advance Payment', 280, NULL, '2020-03-01 16:30:02', '2020-03-01 16:30:02'),
(172, 78, 'venue', 1500.00, NULL, 281, NULL, '2020-03-01 16:30:20', '2020-03-01 16:30:20'),
(173, 79, 'room', 0.00, 'Advance Payment', 282, NULL, '2020-03-01 17:26:42', '2020-03-01 17:26:42'),
(174, 79, 'room', 300.00, NULL, 283, NULL, '2020-03-01 17:26:53', '2020-03-01 17:26:53'),
(175, 80, 'room', 0.00, 'Advance Payment', 284, NULL, '2020-03-01 17:28:57', '2020-03-01 17:28:57'),
(176, 80, 'room', 750.00, NULL, 285, NULL, '2020-03-01 17:29:04', '2020-03-01 17:29:04'),
(177, 81, 'room', 0.00, 'Advance Payment', 286, NULL, '2020-03-01 17:46:58', '2020-03-01 17:46:58'),
(178, 81, 'room', 1200.00, NULL, 287, NULL, '2020-03-01 17:47:08', '2020-03-01 17:47:08'),
(179, 82, 'room', 0.00, 'Advance Payment', 288, NULL, '2020-03-01 17:56:14', '2020-03-01 17:56:14'),
(180, 82, 'room', 300.00, NULL, 289, NULL, '2020-03-01 17:56:22', '2020-03-01 17:56:22'),
(181, 83, 'room', 0.00, 'Advance Payment', 290, NULL, '2020-03-01 17:57:59', '2020-03-01 17:57:59'),
(182, 83, 'room', 700.00, NULL, 291, NULL, '2020-03-01 17:58:07', '2020-03-01 17:58:07'),
(183, 84, 'venue', 0.00, 'Advance Payment', 292, NULL, '2020-03-01 18:04:16', '2020-03-01 18:04:16'),
(184, 84, 'room', 2400.00, NULL, 293, NULL, '2020-03-01 18:06:30', '2020-03-01 18:06:30'),
(185, 85, 'venue', 0.00, 'Advance Payment', 324, NULL, '2020-03-03 12:21:56', '2020-03-03 12:21:56'),
(186, 85, 'venue', 3500.00, NULL, 325, NULL, '2020-03-03 12:31:26', '2020-03-03 12:31:26'),
(187, 85, 'food', 13244.00, NULL, 326, NULL, '2020-03-03 12:31:26', '2020-03-03 12:31:26'),
(188, 86, 'room', 0.00, 'Advance Payment', 343, NULL, '2020-03-03 14:16:11', '2020-03-03 14:16:11'),
(189, 86, 'room', 1600.00, NULL, 344, NULL, '2020-03-03 14:16:23', '2020-03-03 14:16:23'),
(190, 87, 'room', 0.00, 'Advance Payment', 345, NULL, '2020-03-03 14:19:00', '2020-03-03 14:19:00'),
(191, 87, 'room', 600.00, NULL, 346, NULL, '2020-03-03 14:19:06', '2020-03-03 14:19:06'),
(192, 88, 'room', 0.00, 'Advance Payment', 347, NULL, '2020-03-03 14:20:33', '2020-03-03 14:20:33'),
(193, 88, 'room', 700.00, NULL, 348, NULL, '2020-03-03 14:20:37', '2020-03-03 14:20:37'),
(194, 89, 'venue', 0.00, 'Advance Payment', 349, NULL, '2020-03-03 14:35:36', '2020-03-03 14:35:36'),
(195, 89, 'venue', 10000.00, NULL, 350, NULL, '2020-03-03 14:42:25', '2020-03-03 14:42:25'),
(196, 89, 'food', 50396.50, NULL, 351, NULL, '2020-03-03 14:42:25', '2020-03-03 14:42:25'),
(197, 90, 'venue', 0.00, 'Advance Payment', 352, NULL, '2020-03-03 16:01:28', '2020-03-03 16:01:28'),
(198, 90, 'venue', 2000.00, NULL, 353, NULL, '2020-03-03 16:02:20', '2020-03-03 16:02:20'),
(199, 90, 'food', 4950.00, NULL, 354, NULL, '2020-03-03 16:02:20', '2020-03-03 16:02:20'),
(200, 91, 'room', 0.00, 'Advance Payment', 355, NULL, '2020-03-03 16:10:51', '2020-03-03 16:10:51'),
(201, 91, 'room', 1200.00, NULL, 357, NULL, '2020-03-03 16:11:04', '2020-03-03 16:11:04'),
(202, 92, 'room', 0.00, 'Advance Payment', 359, NULL, '2020-03-03 16:18:11', '2020-03-03 16:18:11'),
(203, 92, 'room', 1200.00, NULL, 360, NULL, '2020-03-03 16:18:20', '2020-03-03 16:18:20'),
(204, 93, 'room', 0.00, 'Advance Payment', 362, NULL, '2020-03-03 16:20:15', '2020-03-03 16:20:15'),
(205, 93, 'room', 750.00, NULL, 363, NULL, '2020-03-03 16:20:22', '2020-03-03 16:20:22'),
(206, 94, 'room', 0.00, 'Advance Payment', 364, NULL, '2020-03-03 16:23:21', '2020-03-03 16:23:21'),
(207, 94, 'room', 1200.00, NULL, 365, NULL, '2020-03-03 16:23:30', '2020-03-03 16:23:30'),
(208, 95, 'room', 0.00, 'Advance Payment', 366, NULL, '2020-03-03 16:25:54', '2020-03-03 16:25:54'),
(209, 96, 'room', 0.00, 'Advance Payment', 370, NULL, '2020-03-03 16:28:24', '2020-03-03 16:28:24'),
(210, 97, 'room', 0.00, 'Advance Payment', 372, NULL, '2020-03-03 16:30:07', '2020-03-03 16:30:07'),
(211, 97, 'room', 300.00, NULL, 373, NULL, '2020-03-03 16:30:17', '2020-03-03 16:30:17'),
(212, 98, 'room', 0.00, 'Advance Payment', 374, NULL, '2020-03-03 16:33:11', '2020-03-03 16:33:11'),
(213, 98, 'room', 500.00, NULL, 375, NULL, '2020-03-03 16:33:26', '2020-03-03 16:33:26'),
(214, 99, 'room', 0.00, 'Advance Payment', 377, NULL, '2020-03-03 16:35:46', '2020-03-03 16:35:46'),
(215, 99, 'room', 2100.00, NULL, 378, NULL, '2020-03-03 16:35:56', '2020-03-03 16:35:56'),
(216, 100, 'room', 0.00, 'Advance Payment', 382, NULL, '2020-03-03 16:50:08', '2020-03-03 16:50:08'),
(217, 100, 'room', 700.00, NULL, 383, NULL, '2020-03-03 16:50:16', '2020-03-03 16:50:16'),
(218, 101, 'room', 0.00, 'Advance Payment', 384, NULL, '2020-03-03 16:52:48', '2020-03-03 16:52:48'),
(219, 101, 'room', 600.00, NULL, 385, NULL, '2020-03-03 16:52:53', '2020-03-03 16:52:53'),
(220, 102, 'room', 0.00, 'Advance Payment', 386, NULL, '2020-03-03 16:57:54', '2020-03-03 16:57:54'),
(221, 102, 'room', 1300.00, NULL, 387, NULL, '2020-03-03 16:58:00', '2020-03-03 16:58:00'),
(222, 103, 'room', 0.00, 'Advance Payment', 388, NULL, '2020-03-03 17:10:02', '2020-03-03 17:10:02'),
(223, 103, 'room', 900.00, NULL, 389, NULL, '2020-03-03 17:10:12', '2020-03-03 17:10:12'),
(224, 104, 'room', 0.00, 'Advance Payment', 390, NULL, '2020-03-03 17:14:14', '2020-03-03 17:14:14'),
(225, 104, 'room', 1800.00, NULL, 391, NULL, '2020-03-03 17:14:21', '2020-03-03 17:14:21'),
(226, 105, 'venue', 0.00, 'Advance Payment', 392, '2020-03-05 09:11:34', '2020-03-05 09:03:55', '2020-03-05 09:11:34'),
(227, 106, 'venue', 0.00, 'Advance Payment', 393, NULL, '2020-03-05 09:12:56', '2020-03-05 09:12:56'),
(228, 106, 'venue', 3500.00, NULL, 394, NULL, '2020-03-05 09:13:39', '2020-03-05 09:13:39'),
(229, 106, 'food', 13475.00, NULL, 395, NULL, '2020-03-05 09:13:39', '2020-03-05 09:13:39'),
(230, 107, 'room', 0.00, 'Advance Payment', 396, NULL, '2020-03-05 09:21:49', '2020-03-05 09:21:49'),
(231, 107, 'room', 3300.00, NULL, 397, NULL, '2020-03-05 09:21:55', '2020-03-05 09:21:55'),
(232, 108, 'room', 0.00, 'Advance Payment', 398, NULL, '2020-03-05 09:25:19', '2020-03-05 09:25:19'),
(233, 108, 'room', 900.00, NULL, 399, NULL, '2020-03-05 09:25:29', '2020-03-05 09:25:29'),
(234, 109, 'room', 0.00, 'Advance Payment', 400, NULL, '2020-03-05 09:29:12', '2020-03-05 09:29:12'),
(235, 109, 'room', 2700.00, NULL, 401, NULL, '2020-03-05 09:29:19', '2020-03-05 09:29:19'),
(236, 110, 'room', 0.00, 'Advance Payment', 402, NULL, '2020-03-05 09:41:20', '2020-03-05 09:41:20'),
(237, 110, 'room', 2400.00, NULL, 403, NULL, '2020-03-05 09:41:27', '2020-03-05 09:41:27'),
(238, 111, 'room', 0.00, 'Advance Payment', 404, '2020-03-05 10:13:37', '2020-03-05 10:10:55', '2020-03-05 10:13:37'),
(239, 95, 'room', 600.00, NULL, 405, NULL, '2020-03-05 10:13:54', '2020-03-05 10:13:54'),
(240, 96, 'room', 1050.00, NULL, 406, NULL, '2020-03-05 10:14:05', '2020-03-05 10:14:05'),
(241, 112, 'room', 0.00, 'Advance Payment', 407, NULL, '2020-03-05 10:29:50', '2020-03-05 10:29:50'),
(242, 112, 'room', 300.00, NULL, 408, NULL, '2020-03-05 10:29:57', '2020-03-05 10:29:57'),
(243, 113, 'room', 0.00, 'Advance Payment', 409, NULL, '2020-03-05 10:32:27', '2020-03-05 10:32:27'),
(244, 113, 'room', 2200.00, NULL, 410, NULL, '2020-03-05 10:32:33', '2020-03-05 10:32:33'),
(245, 114, 'room', 0.00, 'Advance Payment', 411, NULL, '2020-03-05 10:34:06', '2020-03-05 10:34:06'),
(246, 115, 'room', 0.00, 'Advance Payment', 412, '2020-03-05 12:51:12', '2020-03-05 10:34:15', '2020-03-05 12:51:12'),
(247, 115, 'room', 2200.00, NULL, 413, '2020-03-05 12:51:12', '2020-03-05 10:34:20', '2020-03-05 12:51:12'),
(248, 116, 'room', 0.00, 'Advance Payment', 414, NULL, '2020-03-05 10:36:34', '2020-03-05 10:36:34'),
(249, 116, 'room', 600.00, NULL, 415, NULL, '2020-03-05 10:36:42', '2020-03-05 10:36:42'),
(250, 117, 'room', 0.00, 'Advance Payment', 416, NULL, '2020-03-05 10:38:57', '2020-03-05 10:38:57'),
(251, 117, 'room', 3600.00, NULL, 417, NULL, '2020-03-05 10:39:03', '2020-03-05 10:39:03'),
(252, 118, 'room', 0.00, 'Advance Payment', 418, NULL, '2020-03-05 10:40:18', '2020-03-05 10:40:18'),
(253, 118, 'room', 300.00, NULL, 419, NULL, '2020-03-05 10:40:23', '2020-03-05 10:40:23'),
(254, 119, 'room', 0.00, 'Advance Payment', 420, NULL, '2020-03-05 10:51:50', '2020-03-05 10:51:50'),
(255, 119, 'room', 300.00, NULL, 421, NULL, '2020-03-05 10:51:54', '2020-03-05 10:51:54'),
(256, 120, 'room', 0.00, 'Advance Payment', 422, '2020-03-05 10:55:03', '2020-03-05 10:54:23', '2020-03-05 10:55:03'),
(257, 121, 'room', 0.00, 'Advance Payment', 423, NULL, '2020-03-05 10:56:16', '2020-03-05 10:56:16'),
(258, 121, 'room', 1500.00, NULL, 424, NULL, '2020-03-05 10:56:22', '2020-03-05 10:56:22'),
(259, 114, 'room', 2200.00, NULL, 425, NULL, '2020-03-05 10:56:41', '2020-03-05 10:56:41'),
(260, 122, 'room', 0.00, 'Advance Payment', 426, NULL, '2020-03-05 10:58:41', '2020-03-05 10:58:41'),
(261, 122, 'room', 600.00, NULL, 427, NULL, '2020-03-05 10:58:45', '2020-03-05 10:58:45'),
(262, 123, 'room', 0.00, 'Advance Payment', 428, NULL, '2020-03-05 11:02:16', '2020-03-05 11:02:16'),
(263, 123, 'room', 5250.00, NULL, 429, NULL, '2020-03-05 11:03:50', '2020-03-05 11:03:50'),
(264, 124, 'room', 0.00, 'Advance Payment', 430, NULL, '2020-03-05 11:08:27', '2020-03-05 11:08:27'),
(265, 124, 'room', 6400.00, NULL, 431, NULL, '2020-03-05 11:08:40', '2020-03-05 11:08:40'),
(266, 125, 'room', 0.00, 'Advance Payment', 432, NULL, '2020-03-05 11:22:34', '2020-03-05 11:22:34'),
(267, 125, 'room', 1950.00, NULL, 433, NULL, '2020-03-05 11:23:04', '2020-03-05 11:23:04'),
(268, 126, 'venue', 0.00, 'Advance Payment', 434, '2020-03-05 11:55:10', '2020-03-05 11:39:47', '2020-03-05 11:55:10'),
(269, 127, 'venue', 0.00, 'Advance Payment', 435, NULL, '2020-03-05 11:40:09', '2020-03-05 11:40:09'),
(270, 127, 'venue', 4000.00, NULL, 436, NULL, '2020-03-05 11:43:17', '2020-03-05 11:43:17'),
(271, 127, 'food', 19057.50, NULL, 437, NULL, '2020-03-05 11:43:17', '2020-03-05 11:43:17'),
(272, 128, 'venue', 0.00, 'Advance Payment', 438, NULL, '2020-03-05 11:48:46', '2020-03-05 11:48:46'),
(273, 128, 'venue', 3000.00, NULL, 439, NULL, '2020-03-05 11:54:30', '2020-03-05 11:54:30'),
(274, 128, 'food', 6500.00, NULL, 440, NULL, '2020-03-05 11:54:30', '2020-03-05 11:54:30'),
(275, 129, 'room', 0.00, 'Advance Payment', 510, NULL, '2020-03-05 12:55:52', '2020-03-05 12:55:52'),
(276, 129, 'room', 1800.00, NULL, 511, NULL, '2020-03-05 12:56:00', '2020-03-05 12:56:00'),
(277, 130, 'room', 0.00, 'Advance Payment', 512, NULL, '2020-03-05 12:57:13', '2020-03-05 12:57:13'),
(278, 130, 'room', 2000.00, NULL, 513, NULL, '2020-03-05 12:57:18', '2020-03-05 12:57:18'),
(279, 131, 'room', 0.00, 'Advance Payment', 514, NULL, '2020-03-05 12:58:55', '2020-03-05 12:58:55'),
(280, 131, 'room', 300.00, NULL, 515, NULL, '2020-03-05 12:59:01', '2020-03-05 12:59:01'),
(281, 132, 'room', 0.00, 'Advance Payment', 516, NULL, '2020-03-05 13:00:12', '2020-03-05 13:00:12'),
(282, 132, 'room', 300.00, NULL, 517, NULL, '2020-03-05 13:00:17', '2020-03-05 13:00:17'),
(283, 133, 'room', 0.00, 'Advance Payment', 518, NULL, '2020-03-05 13:01:29', '2020-03-05 13:01:29'),
(284, 133, 'room', 2000.00, NULL, 519, NULL, '2020-03-05 13:01:33', '2020-03-05 13:01:33'),
(285, 134, 'venue', 0.00, 'Advance Payment', 520, '2020-03-05 13:08:24', '2020-03-05 13:06:25', '2020-03-05 13:08:24'),
(286, 135, 'venue', 0.00, 'Advance Payment', 521, '2020-03-05 13:10:34', '2020-03-05 13:09:25', '2020-03-05 13:10:34'),
(287, 136, 'venue', 0.00, 'Advance Payment', 522, NULL, '2020-03-05 13:11:20', '2020-03-05 13:11:20'),
(288, 136, 'venue', 2000.00, NULL, 523, NULL, '2020-03-05 13:11:53', '2020-03-05 13:11:53'),
(289, 136, 'food', 5795.00, NULL, 524, NULL, '2020-03-05 13:11:54', '2020-03-05 13:11:54'),
(290, 137, 'venue', 0.00, 'Advance Payment', 525, NULL, '2020-03-05 13:12:59', '2020-03-05 13:12:59'),
(291, 137, 'venue', 4000.00, NULL, 526, NULL, '2020-03-05 13:15:20', '2020-03-05 13:15:20'),
(292, 137, 'food', 6120.00, NULL, 527, NULL, '2020-03-05 13:15:20', '2020-03-05 13:15:20'),
(293, 138, 'room', 0.00, 'Advance Payment', 566, NULL, '2020-03-07 10:37:47', '2020-03-07 10:37:47'),
(294, 138, 'room', 3200.00, NULL, 568, NULL, '2020-03-07 10:38:34', '2020-03-07 10:38:34'),
(295, 139, 'room', 0.00, 'Advance Payment', 570, NULL, '2020-03-07 10:41:17', '2020-03-07 10:41:17'),
(296, 139, 'room', 750.00, NULL, 571, NULL, '2020-03-07 10:41:21', '2020-03-07 10:41:21'),
(297, 140, 'room', 0.00, 'Advance Payment', 575, NULL, '2020-03-07 10:44:12', '2020-03-07 10:44:12'),
(298, 140, 'room', 8800.00, NULL, 576, NULL, '2020-03-07 10:44:19', '2020-03-07 10:44:19'),
(299, 141, 'room', 0.00, 'Advance Payment', 577, NULL, '2020-03-07 10:46:48', '2020-03-07 10:46:48'),
(300, 141, 'room', 3600.00, NULL, 578, NULL, '2020-03-07 10:47:56', '2020-03-07 10:47:56'),
(301, 142, 'room', 0.00, 'Advance Payment', 592, NULL, '2020-03-07 10:51:40', '2020-03-07 10:51:40'),
(302, 142, 'room', 1200.00, NULL, 593, NULL, '2020-03-07 10:52:12', '2020-03-07 10:52:12'),
(303, 143, 'room', 0.00, 'Advance Payment', 594, NULL, '2020-03-07 10:55:26', '2020-03-07 10:55:26'),
(304, 143, 'room', 4500.00, NULL, 595, NULL, '2020-03-07 10:55:32', '2020-03-07 10:55:32'),
(305, 144, 'venue', 0.00, 'Advance Payment', 596, '2020-03-07 11:19:27', '2020-03-07 11:17:17', '2020-03-07 11:19:27'),
(306, 145, 'venue', 0.00, 'Advance Payment', 597, NULL, '2020-03-07 11:20:40', '2020-03-07 11:20:40'),
(307, 145, 'venue', 2000.00, NULL, 598, NULL, '2020-03-07 11:21:32', '2020-03-07 11:21:32'),
(308, 145, 'food', 4812.50, NULL, 599, NULL, '2020-03-07 11:21:32', '2020-03-07 11:21:32'),
(309, 146, 'room', 0.00, 'Advance Payment', 606, NULL, '2020-03-07 11:36:32', '2020-03-07 11:36:32'),
(310, 146, 'room', 1000.00, NULL, 607, NULL, '2020-03-07 11:36:37', '2020-03-07 11:36:37'),
(311, 147, 'room', 0.00, 'Advance Payment', 608, NULL, '2020-03-07 11:38:07', '2020-03-07 11:38:07'),
(312, 147, 'room', 1100.00, NULL, 609, NULL, '2020-03-07 11:38:14', '2020-03-07 11:38:14'),
(313, 148, 'room', 0.00, 'Advance Payment', 610, NULL, '2020-03-07 11:39:53', '2020-03-07 11:39:53'),
(314, 148, 'room', 750.00, NULL, 611, NULL, '2020-03-07 11:41:12', '2020-03-07 11:41:12'),
(315, 148, 'food', 70.00, NULL, 612, NULL, '2020-03-07 11:41:12', '2020-03-07 11:41:12'),
(316, 149, 'room', 0.00, 'Advance Payment', 646, NULL, '2020-03-07 12:25:40', '2020-03-07 12:25:40'),
(317, 149, 'room', 1100.00, NULL, 647, NULL, '2020-03-07 12:25:53', '2020-03-07 12:25:53'),
(318, 150, 'room', 0.00, 'Advance Payment', 653, NULL, '2020-03-07 12:33:20', '2020-03-07 12:33:20'),
(319, 150, 'room', 600.00, NULL, 654, NULL, '2020-03-07 12:33:26', '2020-03-07 12:33:26'),
(320, 151, 'room', 0.00, 'Advance Payment', 658, NULL, '2020-03-07 12:35:57', '2020-03-07 12:35:57'),
(321, 151, 'room', 3000.00, NULL, 659, NULL, '2020-03-07 12:36:04', '2020-03-07 12:36:04'),
(322, 152, 'room', 0.00, 'Advance Payment', 663, NULL, '2020-03-07 12:39:00', '2020-03-07 12:39:00'),
(323, 152, 'room', 2400.00, NULL, 665, NULL, '2020-03-07 12:39:15', '2020-03-07 12:39:15'),
(324, 153, 'room', 0.00, 'Advance Payment', 668, '2020-03-07 12:43:56', '2020-03-07 12:42:07', '2020-03-07 12:43:56'),
(325, 154, 'room', 0.00, 'Advance Payment', 672, NULL, '2020-03-07 12:47:21', '2020-03-07 12:47:21'),
(326, 154, 'room', 750.00, NULL, 673, NULL, '2020-03-07 12:47:26', '2020-03-07 12:47:26'),
(327, 155, 'room', 0.00, 'Advance Payment', 678, NULL, '2020-03-07 13:35:02', '2020-03-07 13:35:02'),
(328, 155, 'room', 1200.00, NULL, 679, NULL, '2020-03-07 13:35:11', '2020-03-07 13:35:11'),
(329, 156, 'room', 0.00, 'Advance Payment', 690, NULL, '2020-03-07 13:38:21', '2020-03-07 13:38:21'),
(330, 156, 'room', 1600.00, NULL, 691, NULL, '2020-03-07 13:38:30', '2020-03-07 13:38:30'),
(331, 157, 'room', 0.00, 'Advance Payment', 692, NULL, '2020-03-07 13:41:20', '2020-03-07 13:41:20'),
(332, 157, 'room', 500.00, NULL, 693, NULL, '2020-03-07 13:41:26', '2020-03-07 13:41:26'),
(333, 158, 'room', 0.00, 'Advance Payment', 694, NULL, '2020-03-07 13:45:06', '2020-03-07 13:45:06'),
(334, 158, 'room', 2400.00, NULL, 695, NULL, '2020-03-07 13:45:20', '2020-03-07 13:45:20'),
(335, 159, 'venue', 0.00, 'Advance Payment', 696, '2020-03-07 14:01:25', '2020-03-07 13:48:36', '2020-03-07 14:01:25'),
(336, 160, 'room', 0.00, 'Advance Payment', 697, NULL, '2020-03-07 13:51:50', '2020-03-07 13:51:50'),
(337, 160, 'room', 3000.00, NULL, 698, NULL, '2020-03-07 13:51:56', '2020-03-07 13:51:56'),
(338, 161, 'room', 0.00, 'Advance Payment', 699, NULL, '2020-03-07 13:53:50', '2020-03-07 13:53:50'),
(339, 161, 'room', 700.00, NULL, 700, NULL, '2020-03-07 13:53:58', '2020-03-07 13:53:58'),
(340, 162, 'room', 0.00, 'Advance Payment', 701, NULL, '2020-03-07 13:58:38', '2020-03-07 13:58:38'),
(341, 162, 'room', 2700.00, NULL, 702, NULL, '2020-03-07 14:01:41', '2020-03-07 14:01:41'),
(342, 163, 'room', 0.00, 'Advance Payment', 703, NULL, '2020-03-07 14:05:46', '2020-03-07 14:05:46'),
(343, 163, 'room', 1200.00, NULL, 704, NULL, '2020-03-07 14:06:10', '2020-03-07 14:06:10'),
(344, 164, 'venue', 0.00, 'Advance Payment', 705, '2020-03-07 14:32:15', '2020-03-07 14:29:09', '2020-03-07 14:32:15'),
(345, 165, 'venue', 0.00, 'Advance Payment', 706, '2020-03-07 14:56:47', '2020-03-07 14:33:47', '2020-03-07 14:56:47'),
(346, 165, 'venue', 8000.00, NULL, 707, '2020-03-07 14:56:47', '2020-03-07 14:34:59', '2020-03-07 14:56:47'),
(347, 165, 'food', 47047.00, NULL, 708, '2020-03-07 14:56:47', '2020-03-07 14:34:59', '2020-03-07 14:56:47'),
(348, 166, 'venue', 0.00, 'Advance Payment', 709, '2020-03-07 15:01:11', '2020-03-07 14:58:49', '2020-03-07 15:01:11'),
(349, 167, 'venue', 0.00, 'Advance Payment', 710, NULL, '2020-03-07 15:02:16', '2020-03-07 15:02:16'),
(350, 167, 'venue', 21000.00, NULL, 711, NULL, '2020-03-07 15:03:13', '2020-03-07 15:03:13'),
(351, 167, 'food', 77025.00, NULL, 712, NULL, '2020-03-07 15:03:13', '2020-03-07 15:03:13'),
(352, 168, 'venue', 0.00, 'Advance Payment', 713, NULL, '2020-03-07 15:05:51', '2020-03-07 15:05:51'),
(353, 168, 'venue', 8000.00, NULL, 714, NULL, '2020-03-07 15:06:55', '2020-03-07 15:06:55'),
(354, 168, 'food', 47047.00, NULL, 715, NULL, '2020-03-07 15:06:55', '2020-03-07 15:06:55'),
(355, 169, 'room', 0.00, 'Advance Payment', 718, NULL, '2020-03-07 15:13:57', '2020-03-07 15:13:57'),
(356, 169, 'room', 6600.00, NULL, 719, NULL, '2020-03-07 15:14:07', '2020-03-07 15:14:07'),
(357, 170, 'room', 0.00, 'Advance Payment', 724, NULL, '2020-03-07 15:16:39', '2020-03-07 15:16:39'),
(358, 170, 'room', 1500.00, NULL, 725, NULL, '2020-03-07 15:16:45', '2020-03-07 15:16:45'),
(359, 171, 'room', 0.00, 'Advance Payment', 731, NULL, '2020-03-07 15:19:00', '2020-03-07 15:19:00'),
(360, 171, 'room', 300.00, NULL, 732, NULL, '2020-03-07 15:19:05', '2020-03-07 15:19:05'),
(361, 172, 'room', 0.00, 'Advance Payment', 734, NULL, '2020-03-07 15:31:23', '2020-03-07 15:31:23'),
(362, 172, 'room', 3900.00, NULL, 735, NULL, '2020-03-07 15:31:30', '2020-03-07 15:31:30'),
(363, 173, 'room', 0.00, 'Advance Payment', 737, NULL, '2020-03-07 15:37:51', '2020-03-07 15:37:51'),
(364, 173, 'room', 1050.00, NULL, 738, NULL, '2020-03-07 15:37:57', '2020-03-07 15:37:57'),
(365, 174, 'room', 0.00, 'Advance Payment', 739, NULL, '2020-03-07 15:40:45', '2020-03-07 15:40:45'),
(366, 174, 'room', 6600.00, NULL, 740, NULL, '2020-03-07 15:40:51', '2020-03-07 15:40:51'),
(367, 175, 'room', 0.00, 'Advance Payment', 741, NULL, '2020-03-07 15:43:19', '2020-03-07 15:43:19'),
(368, 175, 'room', 900.00, NULL, 742, NULL, '2020-03-07 15:43:25', '2020-03-07 15:43:25'),
(369, 176, 'room', 0.00, 'Advance Payment', 743, NULL, '2020-03-07 15:46:55', '2020-03-07 15:46:55'),
(370, 176, 'room', 700.00, NULL, 744, NULL, '2020-03-07 15:47:03', '2020-03-07 15:47:03'),
(371, 177, 'room', 0.00, 'Advance Payment', 745, NULL, '2020-03-07 15:49:03', '2020-03-07 15:49:03'),
(372, 177, 'room', 6600.00, NULL, 746, NULL, '2020-03-07 15:49:08', '2020-03-07 15:49:08'),
(373, 178, 'room', 0.00, 'Advance Payment', 747, NULL, '2020-03-09 07:57:35', '2020-03-09 07:57:35'),
(374, 178, 'room', 1200.00, NULL, 748, NULL, '2020-03-09 07:57:41', '2020-03-09 07:57:41'),
(375, 179, 'room', 0.00, 'Advance Payment', 749, NULL, '2020-03-09 08:00:23', '2020-03-09 08:00:23'),
(376, 179, 'room', 1700.00, NULL, 750, NULL, '2020-03-09 08:00:37', '2020-03-09 08:00:37'),
(377, 180, 'room', 0.00, 'Advance Payment', 751, NULL, '2020-03-09 08:03:06', '2020-03-09 08:03:06'),
(378, 180, 'room', 2200.00, NULL, 752, NULL, '2020-03-09 08:03:41', '2020-03-09 08:03:41'),
(379, 181, 'room', 0.00, 'Advance Payment', 753, '2020-03-09 08:07:11', '2020-03-09 08:06:15', '2020-03-09 08:07:11'),
(380, 182, 'room', 0.00, 'Advance Payment', 754, NULL, '2020-03-09 08:08:48', '2020-03-09 08:08:48'),
(381, 182, 'room', 700.00, NULL, 755, NULL, '2020-03-09 08:08:56', '2020-03-09 08:08:56'),
(382, 183, 'venue', 0.00, 'Advance Payment', 756, '2020-03-09 08:16:04', '2020-03-09 08:12:33', '2020-03-09 08:16:04'),
(383, 184, 'room', 0.00, 'Advance Payment', 757, NULL, '2020-03-09 08:13:15', '2020-03-09 08:13:15'),
(384, 184, 'room', 4000.00, NULL, 758, NULL, '2020-03-09 08:14:06', '2020-03-09 08:14:06'),
(385, 185, 'room', 0.00, 'Advance Payment', 759, NULL, '2020-03-09 08:17:15', '2020-03-09 08:17:15'),
(386, 186, 'venue', 0.00, 'Advance Payment', 760, NULL, '2020-03-09 08:17:41', '2020-03-09 08:17:41'),
(387, 185, 'room', 700.00, NULL, 761, NULL, '2020-03-09 08:17:54', '2020-03-09 08:17:54'),
(388, 185, 'food', 70.00, NULL, 762, NULL, '2020-03-09 08:17:54', '2020-03-09 08:17:54'),
(389, 186, 'venue', 5000.00, NULL, 763, NULL, '2020-03-09 08:23:55', '2020-03-09 08:23:55'),
(390, 186, 'food', 16565.00, NULL, 764, NULL, '2020-03-09 08:23:55', '2020-03-09 08:23:55'),
(391, 187, 'room', 0.00, 'Advance Payment', 765, NULL, '2020-03-09 08:29:35', '2020-03-09 08:29:35'),
(392, 187, 'room', 1200.00, NULL, 766, NULL, '2020-03-09 08:29:57', '2020-03-09 08:29:57'),
(393, 187, 'food', 200.00, NULL, 767, NULL, '2020-03-09 08:29:57', '2020-03-09 08:29:57'),
(394, 188, 'room', 0.00, 'Advance Payment', 768, NULL, '2020-03-09 08:30:17', '2020-03-09 08:30:17'),
(395, 188, 'room', 600.00, NULL, 769, NULL, '2020-03-09 08:30:25', '2020-03-09 08:30:25');

-- --------------------------------------------------------

--
-- Table structure for table `purchases`
--

CREATE TABLE `purchases` (
  `id` int(10) UNSIGNED NOT NULL,
  `mis_voucher_id` int(10) UNSIGNED NOT NULL,
  `date_id` int(10) UNSIGNED NOT NULL,
  `purchase_group_id` int(10) UNSIGNED NOT NULL,
  `current_stock_id` int(10) UNSIGNED NOT NULL,
  `stock_id` int(10) UNSIGNED NOT NULL,
  `amount` double(14,2) NOT NULL DEFAULT '0.00',
  `unit_id` int(10) UNSIGNED NOT NULL,
  `supplier_id` int(10) UNSIGNED NOT NULL,
  `receiver_id` int(10) UNSIGNED NOT NULL,
  `deleted_at` timestamp NULL DEFAULT NULL,
  `created_at` timestamp NULL DEFAULT NULL,
  `updated_at` timestamp NULL DEFAULT NULL
) ENGINE=InnoDB DEFAULT CHARSET=utf8mb4 COLLATE=utf8mb4_unicode_ci;

--
-- Dumping data for table `purchases`
--

INSERT INTO `purchases` (`id`, `mis_voucher_id`, `date_id`, `purchase_group_id`, `current_stock_id`, `stock_id`, `amount`, `unit_id`, `supplier_id`, `receiver_id`, `deleted_at`, `created_at`, `updated_at`) VALUES
(1, 92, 1, 1, 200, 61, 4387.00, 1, 2, 4, NULL, '2020-02-23 14:16:06', '2020-02-23 14:16:06'),
(2, 93, 1, 1, 201, 199, 550.00, 1, 3, 4, NULL, '2020-02-23 14:16:06', '2020-02-23 14:16:06'),
(3, 94, 1, 1, 202, 51, 300.00, 1, 3, 4, NULL, '2020-02-23 14:16:07', '2020-02-23 14:16:07'),
(4, 95, 1, 1, 203, 50, 160.00, 1, 3, 4, NULL, '2020-02-23 14:16:07', '2020-02-23 14:16:07'),
(5, 96, 1, 2, 204, 116, 3672.00, 4, 4, 3, NULL, '2020-02-23 14:19:17', '2020-02-23 14:19:17'),
(6, 97, 1, 3, 205, 122, 2400.00, 6, 5, 4, NULL, '2020-02-23 14:27:04', '2020-02-23 14:27:04'),
(7, 98, 1, 4, 206, 108, 2140.00, 1, 6, 3, NULL, '2020-02-23 14:30:57', '2020-02-23 14:30:57'),
(8, 99, 1, 5, 208, 204, 500.00, 6, 7, 4, NULL, '2020-02-23 14:35:22', '2020-02-23 14:35:22'),
(9, 100, 1, 6, 211, 25, 2750.00, 1, 8, 4, NULL, '2020-02-23 14:45:29', '2020-02-23 14:45:29'),
(10, 101, 1, 6, 212, 20, 1720.00, 1, 8, 4, NULL, '2020-02-23 14:45:29', '2020-02-23 14:45:29'),
(11, 102, 1, 6, 213, 27, 300.00, 1, 8, 4, NULL, '2020-02-23 14:45:29', '2020-02-23 14:45:29'),
(12, 103, 1, 6, 214, 23, 680.00, 1, 8, 4, NULL, '2020-02-23 14:45:29', '2020-02-25 17:00:29'),
(13, 104, 1, 6, 215, 206, 200.00, 1, 8, 4, NULL, '2020-02-23 14:45:29', '2020-02-23 14:45:29'),
(14, 105, 1, 6, 216, 205, 225.00, 1, 8, 4, NULL, '2020-02-23 14:45:29', '2020-02-23 14:45:29'),
(15, 106, 1, 7, 217, 72, 70.00, 6, 9, 4, NULL, '2020-02-23 15:36:54', '2020-02-23 15:36:54'),
(16, 107, 1, 7, 218, 73, 150.00, 1, 9, 4, NULL, '2020-02-23 15:36:55', '2020-02-23 15:36:55'),
(17, 108, 1, 7, 219, 76, 20.00, 1, 9, 4, NULL, '2020-02-23 15:36:55', '2020-02-23 15:36:55'),
(18, 109, 1, 7, 220, 68, 120.00, 1, 9, 4, NULL, '2020-02-23 15:36:55', '2020-02-23 15:36:55'),
(19, 110, 1, 7, 221, 69, 50.00, 1, 9, 4, NULL, '2020-02-23 15:36:55', '2020-02-23 15:36:55'),
(20, 111, 1, 8, 222, 58, 6693.00, 1, 10, 3, NULL, '2020-02-23 15:41:02', '2020-02-23 15:41:02'),
(21, 112, 1, 9, 223, 66, 1273.00, 6, 1, 4, NULL, '2020-02-23 15:44:26', '2020-02-23 15:44:26'),
(22, 113, 1, 10, 224, 80, 80.00, 1, 8, 3, NULL, '2020-02-23 15:46:04', '2020-02-23 15:46:04'),
(23, 114, 1, 11, 228, 207, 180.00, 1, 11, 3, NULL, '2020-02-23 15:59:40', '2020-02-23 15:59:40'),
(24, 115, 1, 12, 229, 198, 150.00, 1, 8, 4, NULL, '2020-02-23 16:04:28', '2020-02-23 16:04:28'),
(25, 116, 1, 12, 230, 200, 30.00, 1, 8, 4, NULL, '2020-02-23 16:04:28', '2020-02-23 16:04:28'),
(26, 117, 1, 13, 235, 210, 10.00, 6, 8, 1, NULL, '2020-02-23 16:08:28', '2020-02-23 16:08:28'),
(27, 118, 1, 14, 236, 210, 20.00, 6, 8, 3, NULL, '2020-02-23 16:10:33', '2020-02-23 16:10:33'),
(28, 119, 1, 15, 237, 73, 560.00, 1, 8, 4, NULL, '2020-02-23 16:15:42', '2020-02-23 16:15:42'),
(29, 120, 1, 15, 238, 72, 150.00, 6, 8, 4, NULL, '2020-02-23 16:15:42', '2020-02-23 16:15:42'),
(30, 121, 1, 15, 239, 78, 560.00, 6, 8, 4, NULL, '2020-02-23 16:15:43', '2020-02-23 16:15:43'),
(31, 122, 1, 15, 240, 68, 440.00, 1, 8, 4, NULL, '2020-02-23 16:15:43', '2020-02-23 16:15:43'),
(32, 123, 1, 15, 241, 82, 175.00, 1, 8, 4, NULL, '2020-02-23 16:15:43', '2020-02-23 16:15:43'),
(33, 124, 1, 16, 242, 27, 600.00, 1, 8, 4, NULL, '2020-02-23 16:17:39', '2020-02-23 16:17:39'),
(34, 125, 1, 16, 243, 20, 6575.00, 1, 8, 4, NULL, '2020-02-23 16:17:39', '2020-02-23 16:17:39'),
(35, 126, 1, 17, 245, 214, 2600.00, 1, 8, 4, NULL, '2020-02-23 16:21:04', '2020-02-23 16:21:04'),
(36, 127, 1, 17, 246, 50, 1200.00, 1, 8, 4, NULL, '2020-02-23 16:21:04', '2020-02-23 16:21:04'),
(37, 128, 1, 18, 247, 116, 3672.00, 4, 4, 4, NULL, '2020-02-23 16:24:50', '2020-02-23 16:24:50'),
(38, 129, 1, 19, 248, 66, 747.00, 6, 8, 3, NULL, '2020-02-23 16:27:43', '2020-02-23 16:27:43'),
(39, 130, 1, 20, 249, 148, 664.00, 1, 12, 4, NULL, '2020-02-23 16:31:49', '2020-02-23 16:31:49'),
(40, 131, 1, 21, 251, 215, 980.00, 6, 12, 4, NULL, '2020-02-23 16:38:46', '2020-02-23 16:38:46'),
(41, 132, 1, 22, 252, 112, 3540.00, 1, 8, 4, NULL, '2020-02-23 16:41:06', '2020-02-23 16:41:06'),
(42, 133, 1, 23, 253, 130, 140.00, 1, 8, 3, NULL, '2020-02-25 10:24:31', '2020-02-25 10:24:31'),
(43, 134, 1, 24, 254, 7, 4200.00, 1, 13, 3, NULL, '2020-02-25 10:25:47', '2020-02-25 10:25:47'),
(44, 135, 1, 25, 255, 197, 2350.00, 1, 13, 3, '2020-02-25 13:13:05', '2020-02-25 10:26:02', '2020-02-25 13:13:05'),
(45, 136, 1, 26, 256, 138, 2250.00, 6, 14, 3, NULL, '2020-02-25 10:29:06', '2020-02-25 10:29:06'),
(46, 137, 1, 27, 257, 68, 630.00, 1, 8, 3, NULL, '2020-02-25 10:33:34', '2020-02-25 10:33:34'),
(47, 138, 1, 27, 258, 52, 3600.00, 1, 8, 3, NULL, '2020-02-25 10:33:34', '2020-02-25 10:33:34'),
(48, 139, 1, 27, 259, 46, 550.00, 1, 8, 3, NULL, '2020-02-25 10:33:34', '2020-02-25 10:33:34'),
(49, 140, 1, 28, 260, 59, 550.00, 1, 10, 4, NULL, '2020-02-25 10:36:54', '2020-02-25 10:36:54'),
(50, 141, 1, 28, 261, 59, 11000.00, 1, 10, 4, NULL, '2020-02-25 10:36:54', '2020-02-25 10:36:54'),
(51, 142, 1, 28, 262, 58, 2070.00, 1, 10, 4, NULL, '2020-02-25 10:36:54', '2020-02-25 10:36:54'),
(52, 143, 1, 29, 264, 216, 550.00, 1, 9, 4, NULL, '2020-02-25 10:52:26', '2020-02-25 10:52:26'),
(53, 144, 1, 29, 265, 82, 70.00, 1, 9, 4, NULL, '2020-02-25 10:52:26', '2020-02-25 10:52:26'),
(54, 145, 1, 30, 266, 108, 1140.00, 6, 6, 4, NULL, '2020-02-25 10:54:54', '2020-02-25 10:54:54'),
(55, 146, 1, 30, 267, 209, 1450.00, 1, 11, 4, NULL, '2020-02-25 10:54:54', '2020-02-25 10:54:54'),
(56, 147, 1, 31, 268, 147, 1860.00, 6, 15, 3, NULL, '2020-02-25 10:57:07', '2020-02-25 10:57:07'),
(57, 148, 1, 32, 269, 211, 897.00, 1, 8, 1, NULL, '2020-02-25 10:59:19', '2020-02-25 10:59:19'),
(58, 149, 1, 33, 271, 217, 140.00, 1, 8, 1, NULL, '2020-02-25 11:02:49', '2020-02-25 11:02:49'),
(59, 150, 1, 33, 272, 212, 120.00, 1, 8, 1, NULL, '2020-02-25 11:02:49', '2020-02-25 11:02:49'),
(60, 151, 1, 34, 273, 130, 300.00, 1, 8, 4, NULL, '2020-02-25 11:04:29', '2020-02-25 17:08:31'),
(61, 152, 1, 35, 274, 82, 80.00, 1, 8, 3, NULL, '2020-02-25 11:05:30', '2020-02-25 11:05:30'),
(62, 153, 1, 35, 275, 81, 120.00, 1, 8, 3, NULL, '2020-02-25 11:05:30', '2020-02-25 11:05:30'),
(63, 154, 1, 35, 276, 73, 600.00, 1, 8, 3, NULL, '2020-02-25 11:05:30', '2020-02-25 11:05:30'),
(64, 155, 1, 35, 277, 198, 150.00, 1, 8, 3, NULL, '2020-02-25 11:05:30', '2020-02-25 11:05:30'),
(65, 156, 1, 35, 278, 72, 200.00, 6, 8, 3, NULL, '2020-02-25 11:05:30', '2020-02-25 11:05:30'),
(66, 157, 1, 35, 279, 80, 60.00, 1, 8, 3, NULL, '2020-02-25 11:05:30', '2020-02-25 11:05:30'),
(67, 158, 1, 35, 280, 200, 60.00, 1, 8, 3, NULL, '2020-02-25 11:05:31', '2020-02-25 11:05:31'),
(68, 159, 1, 35, 281, 27, 700.00, 1, 8, 3, NULL, '2020-02-25 11:05:31', '2020-02-25 11:05:31'),
(69, 160, 1, 35, 282, 25, 2665.00, 1, 8, 3, NULL, '2020-02-25 11:05:31', '2020-02-25 11:05:31'),
(70, 161, 1, 35, 283, 23, 1500.00, 1, 8, 3, NULL, '2020-02-25 11:05:31', '2020-02-25 11:05:31'),
(71, 162, 1, 36, 284, 119, 1008.00, 6, 17, 3, NULL, '2020-02-25 11:14:54', '2020-02-25 11:14:54'),
(72, 163, 1, 36, 285, 118, 2040.00, 6, 17, 3, NULL, '2020-02-25 11:14:54', '2020-02-25 11:14:54'),
(73, 164, 1, 36, 286, 201, 1248.00, 6, 17, 3, NULL, '2020-02-25 11:14:54', '2020-02-25 11:14:54'),
(74, 165, 1, 37, 287, 118, 2040.00, 6, 17, 3, NULL, '2020-02-25 11:16:30', '2020-02-25 11:16:30'),
(75, 166, 1, 38, 288, 195, 598.00, 6, 16, 3, NULL, '2020-02-25 11:17:17', '2020-02-25 11:17:17'),
(76, 167, 1, 38, 289, 196, 1031.00, 6, 16, 3, NULL, '2020-02-25 11:17:17', '2020-02-25 11:17:17'),
(77, 168, 1, 38, 290, 144, 1584.00, 6, 16, 3, NULL, '2020-02-25 11:17:17', '2020-02-25 11:17:17'),
(78, 169, 1, 39, 291, 177, 2500.00, 6, 19, 4, '2020-02-25 16:43:59', '2020-02-25 11:59:09', '2020-02-25 16:43:59'),
(79, 170, 1, 39, 292, 177, 1650.00, 6, 19, 4, '2020-02-25 16:43:59', '2020-02-25 11:59:09', '2020-02-25 16:43:59'),
(80, 198, 1, 40, 293, 5, 2350.00, 1, 13, 3, NULL, '2020-02-25 13:13:56', '2020-02-25 13:13:56'),
(81, 203, 1, 41, 352, 177, 2500.00, 6, 19, 4, NULL, '2020-02-25 16:46:15', '2020-02-25 16:46:15'),
(82, 204, 1, 41, 353, 177, 1650.00, 6, 19, 4, NULL, '2020-02-25 16:46:15', '2020-02-25 16:46:15'),
(83, 205, 1, 42, 358, 59, 3960.00, 1, 10, 3, NULL, '2020-02-25 17:10:51', '2020-02-25 17:10:51'),
(84, 206, 2, 43, 359, 215, 840.00, 6, 12, 3, NULL, '2020-02-25 18:10:06', '2020-02-25 18:10:06'),
(85, 207, 2, 44, 360, 216, 375.00, 1, 9, 3, NULL, '2020-02-25 18:11:48', '2020-02-25 18:11:48'),
(86, 208, 2, 44, 361, 200, 30.00, 1, 9, 3, NULL, '2020-02-25 18:11:48', '2020-02-25 18:11:48'),
(87, 209, 2, 45, 362, 130, 270.00, 1, 8, 3, NULL, '2020-02-25 18:13:26', '2020-02-25 18:13:26'),
(88, 210, 2, 46, 363, 61, 1530.00, 1, 2, 3, NULL, '2020-02-25 18:15:32', '2020-02-25 18:15:32'),
(89, 211, 2, 47, 364, 108, 1110.00, 6, 6, 3, '2020-02-25 18:45:28', '2020-02-25 18:16:45', '2020-02-25 18:45:28'),
(90, 212, 2, 48, 365, 108, 1110.00, 6, 6, 3, NULL, '2020-02-25 18:16:57', '2020-02-25 18:16:57'),
(91, 213, 2, 49, 366, 210, 60.00, 6, 8, 3, NULL, '2020-02-25 18:18:59', '2020-02-25 18:18:59'),
(92, 214, 2, 49, 367, 123, 230.00, 6, 8, 3, NULL, '2020-02-25 18:18:59', '2020-02-25 18:18:59'),
(93, 215, 2, 50, 369, 218, 370.00, 1, 8, 3, NULL, '2020-02-25 18:21:18', '2020-02-25 18:21:18'),
(94, 219, 2, 51, 370, 25, 1100.00, 1, 8, 3, NULL, '2020-02-25 18:29:54', '2020-02-25 18:29:54'),
(95, 220, 2, 51, 371, 27, 300.00, 1, 8, 3, NULL, '2020-02-25 18:29:55', '2020-02-25 18:29:55'),
(96, 221, 2, 51, 372, 23, 2220.00, 1, 8, 3, NULL, '2020-02-25 18:29:55', '2020-02-25 18:29:55'),
(97, 222, 2, 51, 373, 63, 3000.00, 1, 8, 3, NULL, '2020-02-25 18:29:55', '2020-02-25 18:29:55'),
(98, 223, 2, 51, 374, 73, 335.00, 1, 8, 3, NULL, '2020-02-25 18:29:55', '2020-02-25 18:29:55'),
(99, 224, 2, 51, 375, 198, 100.00, 1, 8, 3, NULL, '2020-02-25 18:29:55', '2020-02-25 18:29:55'),
(100, 225, 2, 51, 376, 72, 180.00, 6, 8, 3, NULL, '2020-02-25 18:29:55', '2020-02-25 18:29:55'),
(101, 226, 2, 51, 377, 81, 90.00, 1, 8, 3, NULL, '2020-02-25 18:29:55', '2020-02-25 18:29:55'),
(102, 227, 2, 51, 378, 82, 100.00, 1, 8, 3, NULL, '2020-02-25 18:29:55', '2020-02-25 18:29:55'),
(103, 228, 2, 51, 379, 69, 130.00, 1, 8, 3, NULL, '2020-02-25 18:29:55', '2020-02-25 18:29:55'),
(104, 229, 2, 51, 380, 76, 25.00, 1, 8, 3, NULL, '2020-02-25 18:29:55', '2020-02-25 18:29:55'),
(105, 230, 2, 51, 381, 70, 90.00, 1, 8, 3, NULL, '2020-02-25 18:29:55', '2020-02-25 18:29:55'),
(106, 231, 2, 51, 382, 80, 30.00, 1, 8, 3, NULL, '2020-02-25 18:29:55', '2020-02-25 18:29:55'),
(107, 232, 2, 51, 383, 200, 60.00, 1, 8, 3, NULL, '2020-02-25 18:29:55', '2020-02-25 18:29:55'),
(108, 233, 2, 52, 384, 137, 4984.00, 6, 20, 5, NULL, '2020-02-25 18:34:12', '2020-02-25 18:34:12'),
(109, 253, 3, 53, 407, 124, 1170.00, 6, 21, 3, NULL, '2020-03-01 12:58:36', '2020-03-01 12:58:36'),
(110, 294, 4, 54, 408, 141, 1000.00, 1, 23, 3, NULL, '2020-03-03 11:01:33', '2020-03-03 11:01:33'),
(111, 295, 4, 55, 409, 94, 720.00, 6, 24, 6, NULL, '2020-03-03 11:07:53', '2020-03-03 11:07:53'),
(112, 296, 4, 55, 410, 94, 1124.00, 6, 24, 6, NULL, '2020-03-03 11:07:53', '2020-03-03 11:07:53'),
(113, 297, 4, 56, 411, 52, 6000.00, 1, 25, 3, NULL, '2020-03-03 11:22:19', '2020-03-03 11:22:19'),
(114, 298, 4, 56, 412, 53, 1900.00, 1, 25, 3, NULL, '2020-03-03 11:22:19', '2020-03-03 11:22:19'),
(115, 299, 4, 56, 413, 68, 440.00, 1, 25, 3, NULL, '2020-03-03 11:22:19', '2020-03-03 11:22:19'),
(116, 300, 4, 56, 414, 46, 550.00, 1, 25, 3, NULL, '2020-03-03 11:22:19', '2020-03-03 11:22:19'),
(117, 301, 4, 57, 415, 5, 4700.00, 1, 13, 1, NULL, '2020-03-03 11:23:11', '2020-03-03 11:23:11'),
(118, 302, 4, 58, 416, 61, 2620.00, 1, 2, 3, NULL, '2020-03-03 11:24:48', '2020-03-03 11:24:48'),
(119, 303, 4, 59, 417, 59, 5115.00, 1, 10, 3, NULL, '2020-03-03 11:31:50', '2020-03-03 11:31:50'),
(120, 304, 4, 60, 418, 108, 725.00, 6, 6, 3, NULL, '2020-03-03 11:32:52', '2020-03-03 11:32:52'),
(121, 305, 4, 61, 419, 211, 820.00, 1, 26, 3, NULL, '2020-03-03 11:35:35', '2020-03-03 11:35:35'),
(122, 306, 4, 62, 420, 207, 755.00, 1, 11, 3, NULL, '2020-03-03 11:36:11', '2020-03-03 11:36:11'),
(123, 307, 4, 63, 421, 58, 3933.00, 1, 10, 3, NULL, '2020-03-03 11:36:49', '2020-03-03 11:36:49'),
(124, 308, 4, 64, 422, 104, 220.00, 6, 8, 3, NULL, '2020-03-03 11:43:54', '2020-03-03 11:43:54'),
(125, 309, 4, 65, 423, 21, 6000.00, 1, 8, 3, NULL, '2020-03-03 11:51:22', '2020-03-03 11:51:22'),
(126, 310, 4, 65, 424, 30, 500.00, 1, 8, 3, NULL, '2020-03-03 11:51:22', '2020-03-03 11:51:22'),
(127, 311, 4, 65, 425, 69, 280.00, 1, 8, 3, NULL, '2020-03-03 11:51:22', '2020-03-03 11:51:22'),
(128, 312, 4, 65, 426, 76, 50.00, 1, 8, 3, NULL, '2020-03-03 11:51:22', '2020-03-03 11:51:22'),
(129, 313, 4, 65, 427, 77, 100.00, 6, 8, 3, NULL, '2020-03-03 11:51:22', '2020-03-03 11:51:22'),
(130, 314, 4, 65, 428, 70, 180.00, 1, 8, 3, NULL, '2020-03-03 11:51:22', '2020-03-03 11:52:17'),
(131, 315, 4, 65, 429, 198, 100.00, 1, 8, 3, NULL, '2020-03-03 11:51:22', '2020-03-03 11:51:22'),
(132, 316, 4, 65, 430, 73, 150.00, 1, 8, 3, NULL, '2020-03-03 11:51:23', '2020-03-03 11:51:23'),
(133, 317, 4, 65, 431, 72, 300.00, 6, 8, 3, NULL, '2020-03-03 11:51:23', '2020-03-03 11:51:23'),
(134, 318, 4, 65, 432, 200, 60.00, 1, 8, 3, NULL, '2020-03-03 11:51:23', '2020-03-03 11:51:23'),
(135, 319, 4, 65, 433, 81, 120.00, 1, 8, 3, NULL, '2020-03-03 11:51:23', '2020-03-03 11:51:23'),
(136, 320, 4, 65, 434, 82, 30.00, 1, 8, 3, NULL, '2020-03-03 11:51:23', '2020-03-03 11:51:23'),
(137, 321, 4, 65, 435, 117, 160.00, 4, 8, 3, NULL, '2020-03-03 11:51:23', '2020-03-03 11:51:23'),
(138, 322, 4, 65, 436, 150, 630.00, 6, 8, 3, NULL, '2020-03-03 11:51:23', '2020-03-03 11:52:17'),
(139, 323, 4, 66, 437, 139, 1550.00, 6, 29, 5, NULL, '2020-03-03 12:09:44', '2020-03-03 12:09:44'),
(140, 327, 4, 67, 439, 219, 120.00, 6, 30, 3, NULL, '2020-03-03 12:48:33', '2020-03-03 12:48:33'),
(141, 328, 4, 67, 440, 202, 1740.00, 6, 30, 3, NULL, '2020-03-03 12:48:33', '2020-03-03 12:48:33'),
(142, 329, 4, 68, 442, 220, 480.00, 6, 12, 3, NULL, '2020-03-03 12:55:49', '2020-03-03 12:55:49'),
(143, 330, 5, 69, 443, 106, 1175.00, 6, 12, 3, NULL, '2020-03-03 13:24:33', '2020-03-03 13:24:33'),
(144, 331, 5, 70, 444, 59, 1650.00, 1, 10, 3, NULL, '2020-03-03 13:25:13', '2020-03-03 13:25:13'),
(145, 332, 5, 71, 445, 211, 350.00, 1, 26, 3, NULL, '2020-03-03 13:26:03', '2020-03-03 13:26:03'),
(146, 333, 5, 72, 447, 69, 100.00, 1, 9, 3, NULL, '2020-03-03 13:31:17', '2020-03-03 13:31:17'),
(147, 334, 5, 72, 448, 76, 30.00, 1, 9, 3, NULL, '2020-03-03 13:31:17', '2020-03-03 13:31:17'),
(148, 335, 5, 72, 449, 70, 50.00, 1, 9, 3, NULL, '2020-03-03 13:31:17', '2020-03-03 13:31:17'),
(149, 336, 5, 72, 450, 200, 30.00, 1, 9, 3, NULL, '2020-03-03 13:31:17', '2020-03-03 13:31:17'),
(150, 337, 5, 72, 451, 84, 60.00, 1, 9, 3, NULL, '2020-03-03 13:31:17', '2020-03-03 13:31:17'),
(151, 338, 5, 72, 452, 221, 180.00, 6, 9, 3, NULL, '2020-03-03 13:31:17', '2020-03-03 13:31:17'),
(152, 339, 5, 73, 453, 108, 720.00, 6, 6, 3, NULL, '2020-03-03 13:32:19', '2020-03-03 13:32:19'),
(153, 340, 5, 74, 454, 209, 790.00, 1, 11, 1, NULL, '2020-03-03 13:33:23', '2020-03-03 13:33:23'),
(154, 341, 5, 75, 455, 210, 220.00, 6, 8, 3, NULL, '2020-03-03 13:34:36', '2020-03-03 13:34:36'),
(155, 342, 5, 75, 456, 104, 220.00, 6, 8, 3, NULL, '2020-03-03 13:34:36', '2020-03-03 13:34:36'),
(156, 356, 6, 76, 457, 220, 480.00, 6, 12, 3, NULL, '2020-03-03 16:10:53', '2020-03-03 16:10:53'),
(157, 358, 6, 77, 458, 94, 710.00, 6, 31, 5, NULL, '2020-03-03 16:14:27', '2020-03-03 16:14:27'),
(158, 361, 6, 78, 459, 66, 747.00, 6, 1, 4, NULL, '2020-03-03 16:20:15', '2020-03-03 16:20:15'),
(159, 367, 6, 79, 460, 125, 1820.00, 1, 8, 4, NULL, '2020-03-03 16:26:22', '2020-03-03 16:26:22'),
(160, 368, 6, 79, 461, 126, 576.00, 6, 8, 4, NULL, '2020-03-03 16:26:22', '2020-03-03 16:26:22'),
(161, 369, 6, 80, 462, 211, 750.00, 1, 26, 3, NULL, '2020-03-03 16:28:23', '2020-03-03 16:28:23'),
(162, 371, 6, 81, 463, 141, 1000.00, 1, 23, 4, NULL, '2020-03-03 16:29:44', '2020-03-03 16:29:44'),
(163, 376, 6, 82, 464, 210, 450.00, 6, 8, 4, NULL, '2020-03-03 16:34:21', '2020-03-05 09:55:38'),
(164, 379, 6, 83, 465, 68, 160.00, 1, 9, 6, NULL, '2020-03-03 16:37:56', '2020-03-03 16:37:56'),
(165, 380, 6, 83, 466, 200, 20.00, 1, 9, 6, NULL, '2020-03-03 16:37:56', '2020-03-03 16:37:56'),
(166, 381, 6, 83, 467, 216, 30.00, 1, 9, 6, NULL, '2020-03-03 16:37:56', '2020-03-03 16:37:56'),
(167, 441, 8, 84, 468, 53, 3500.00, 1, 8, 3, NULL, '2020-03-05 11:58:18', '2020-03-05 11:58:18'),
(168, 442, 8, 84, 469, 214, 290.00, 1, 8, 3, NULL, '2020-03-05 11:58:18', '2020-03-05 11:58:18'),
(169, 443, 8, 85, 470, 61, 1386.00, 1, 2, 3, NULL, '2020-03-05 11:59:59', '2020-03-05 11:59:59'),
(170, 444, 8, 85, 471, 60, 770.00, 1, 2, 3, NULL, '2020-03-05 11:59:59', '2020-03-05 11:59:59'),
(171, 445, 8, 86, 472, 44, 175.00, 1, 3, 3, NULL, '2020-03-05 12:09:26', '2020-03-05 12:09:26'),
(172, 446, 8, 86, 473, 35, 168.00, 1, 3, 3, NULL, '2020-03-05 12:09:26', '2020-03-05 12:09:26'),
(173, 447, 8, 86, 474, 42, 420.00, 1, 3, 3, NULL, '2020-03-05 12:09:26', '2020-03-05 12:09:26'),
(174, 448, 8, 86, 475, 55, 36.00, 1, 3, 3, NULL, '2020-03-05 12:09:26', '2020-03-05 12:09:26'),
(175, 449, 8, 86, 476, 45, 20.00, 1, 3, 3, NULL, '2020-03-05 12:09:26', '2020-03-05 12:09:26'),
(176, 450, 8, 87, 478, 222, 300.00, 6, 3, 3, NULL, '2020-03-05 12:10:42', '2020-03-05 12:10:42'),
(177, 451, 8, 88, 479, 60, 400.00, 1, 2, 3, NULL, '2020-03-05 12:11:39', '2020-03-05 12:11:39'),
(178, 452, 8, 89, 480, 108, 885.00, 6, 6, 3, NULL, '2020-03-05 12:12:15', '2020-03-05 12:12:15'),
(179, 453, 8, 90, 481, 33, 3700.00, 1, 3, 4, NULL, '2020-03-05 12:17:20', '2020-03-05 12:17:20'),
(180, 454, 8, 90, 482, 34, 680.00, 1, 3, 4, NULL, '2020-03-05 12:17:20', '2020-03-05 12:17:20'),
(181, 455, 8, 90, 483, 42, 190.00, 1, 3, 4, NULL, '2020-03-05 12:17:20', '2020-03-05 12:17:20'),
(182, 456, 8, 90, 484, 37, 620.00, 1, 3, 4, NULL, '2020-03-05 12:17:20', '2020-03-05 12:17:20'),
(183, 457, 8, 90, 485, 45, 40.00, 1, 3, 4, NULL, '2020-03-05 12:17:20', '2020-03-05 12:17:20'),
(184, 458, 8, 90, 486, 55, 520.00, 1, 3, 4, NULL, '2020-03-05 12:17:20', '2020-03-05 12:17:20'),
(185, 459, 8, 90, 487, 117, 480.00, 4, 3, 4, NULL, '2020-03-05 12:17:20', '2020-03-05 12:17:20'),
(186, 460, 8, 90, 488, 56, 100.00, 1, 3, 4, NULL, '2020-03-05 12:17:21', '2020-03-05 12:17:21'),
(187, 461, 8, 90, 489, 38, 140.00, 1, 3, 4, NULL, '2020-03-05 12:17:21', '2020-03-05 12:17:21'),
(188, 462, 8, 90, 490, 39, 80.00, 1, 3, 4, NULL, '2020-03-05 12:17:21', '2020-03-05 12:17:21'),
(189, 463, 8, 90, 491, 114, 400.00, 1, 3, 4, NULL, '2020-03-05 12:17:21', '2020-03-05 12:17:21'),
(190, 464, 8, 90, 492, 112, 5800.00, 1, 3, 4, NULL, '2020-03-05 12:17:21', '2020-03-05 12:17:21'),
(191, 465, 8, 91, 493, 138, 2250.00, 6, 14, 4, NULL, '2020-03-05 12:18:19', '2020-03-05 12:18:19'),
(192, 466, 8, 92, 494, 61, 3126.00, 1, 2, 3, NULL, '2020-03-05 12:19:05', '2020-03-05 12:19:05'),
(193, 467, 8, 93, 495, 5, 4700.00, 1, 13, 4, NULL, '2020-03-05 12:20:24', '2020-03-05 12:20:24'),
(194, 468, 8, 93, 496, 7, 4800.00, 1, 13, 4, NULL, '2020-03-05 12:20:24', '2020-03-05 12:20:24'),
(195, 469, 8, 93, 497, 6, 4200.00, 1, 13, 4, NULL, '2020-03-05 12:20:24', '2020-03-05 12:20:24'),
(196, 470, 8, 94, 498, 52, 5500.00, 1, 25, 4, NULL, '2020-03-05 12:21:19', '2020-03-05 12:21:19'),
(197, 471, 8, 94, 499, 46, 550.00, 1, 25, 4, NULL, '2020-03-05 12:21:19', '2020-03-05 12:21:19'),
(198, 472, 8, 95, 500, 116, 3672.00, 4, 4, 4, NULL, '2020-03-05 12:22:39', '2020-03-05 12:22:39'),
(199, 473, 8, 95, 501, 120, 720.00, 1, 4, 4, NULL, '2020-03-05 12:22:39', '2020-03-05 12:22:39'),
(200, 474, 8, 96, 502, 66, 966.00, 6, 1, 4, NULL, '2020-03-05 12:24:10', '2020-03-05 12:24:10'),
(201, 475, 8, 97, 503, 57, 200.00, 1, 11, 4, NULL, '2020-03-05 12:26:12', '2020-03-05 12:26:12'),
(202, 476, 8, 97, 504, 110, 100.00, 1, 11, 4, NULL, '2020-03-05 12:26:12', '2020-03-05 12:26:12'),
(203, 477, 8, 98, 505, 30, 650.00, 1, 8, 4, NULL, '2020-03-05 12:29:37', '2020-03-05 12:29:37'),
(204, 478, 8, 98, 506, 59, 4200.00, 1, 8, 4, NULL, '2020-03-05 12:29:37', '2020-03-05 12:29:37'),
(205, 479, 8, 98, 507, 66, 855.00, 6, 8, 4, NULL, '2020-03-05 12:29:37', '2020-03-05 12:29:37'),
(206, 480, 8, 99, 509, 223, 65.00, 6, 8, 1, NULL, '2020-03-05 12:31:02', '2020-03-05 12:31:02'),
(207, 481, 8, 100, 510, 81, 240.00, 1, 8, 4, NULL, '2020-03-05 12:35:12', '2020-03-05 12:35:12'),
(208, 482, 8, 100, 511, 73, 300.00, 1, 8, 4, NULL, '2020-03-05 12:35:12', '2020-03-05 12:35:12'),
(209, 483, 8, 100, 512, 72, 175.00, 6, 8, 4, NULL, '2020-03-05 12:35:12', '2020-03-05 12:35:12'),
(210, 484, 8, 100, 513, 198, 100.00, 1, 8, 4, NULL, '2020-03-05 12:35:13', '2020-03-05 12:35:13'),
(211, 485, 8, 100, 514, 82, 60.00, 1, 8, 4, NULL, '2020-03-05 12:35:13', '2020-03-05 12:35:13'),
(212, 486, 8, 100, 515, 69, 110.00, 1, 8, 4, NULL, '2020-03-05 12:35:13', '2020-03-05 12:35:13'),
(213, 487, 8, 100, 516, 77, 80.00, 6, 8, 4, NULL, '2020-03-05 12:35:13', '2020-03-05 12:35:13'),
(214, 488, 8, 100, 517, 70, 50.00, 1, 8, 4, NULL, '2020-03-05 12:35:13', '2020-03-05 12:35:13'),
(215, 489, 8, 100, 518, 68, 200.00, 1, 8, 4, NULL, '2020-03-05 12:35:13', '2020-03-05 12:35:13'),
(216, 490, 8, 101, 519, 81, 220.00, 1, 8, 3, NULL, '2020-03-05 12:39:03', '2020-03-05 12:39:03'),
(217, 491, 8, 101, 520, 73, 240.00, 1, 8, 3, NULL, '2020-03-05 12:39:03', '2020-03-05 12:39:03'),
(218, 492, 8, 101, 521, 72, 60.00, 6, 8, 3, NULL, '2020-03-05 12:39:03', '2020-03-05 12:39:03'),
(219, 493, 8, 101, 522, 198, 100.00, 1, 8, 3, NULL, '2020-03-05 12:39:03', '2020-03-05 12:39:03'),
(220, 494, 8, 101, 523, 68, 190.00, 1, 8, 3, NULL, '2020-03-05 12:39:03', '2020-03-05 12:39:03'),
(221, 495, 8, 101, 524, 200, 30.00, 1, 8, 3, NULL, '2020-03-05 12:39:03', '2020-03-05 12:39:03'),
(222, 496, 8, 101, 525, 82, 60.00, 1, 8, 3, NULL, '2020-03-05 12:39:03', '2020-03-05 12:39:03'),
(223, 497, 8, 101, 526, 69, 35.00, 1, 8, 3, NULL, '2020-03-05 12:39:03', '2020-03-05 12:39:03'),
(224, 498, 8, 102, 527, 20, 770.00, 1, 8, 3, NULL, '2020-03-05 12:41:38', '2020-03-05 12:41:38'),
(225, 499, 8, 102, 528, 25, 300.00, 1, 8, 3, NULL, '2020-03-05 12:41:38', '2020-03-05 12:41:38'),
(226, 500, 8, 102, 529, 216, 50.00, 1, 8, 3, NULL, '2020-03-05 12:41:38', '2020-03-05 12:41:38'),
(227, 501, 8, 102, 530, 69, 60.00, 1, 8, 3, NULL, '2020-03-05 12:41:38', '2020-03-05 12:41:38'),
(228, 502, 8, 102, 531, 76, 25.00, 1, 8, 3, NULL, '2020-03-05 12:41:38', '2020-03-05 12:41:38'),
(229, 503, 8, 102, 532, 70, 30.00, 1, 8, 3, NULL, '2020-03-05 12:41:38', '2020-03-05 12:41:38'),
(230, 504, 8, 102, 533, 77, 50.00, 6, 8, 3, NULL, '2020-03-05 12:41:38', '2020-03-05 12:41:38'),
(231, 505, 8, 102, 534, 80, 40.00, 1, 8, 3, NULL, '2020-03-05 12:41:38', '2020-03-05 12:41:38'),
(232, 506, 8, 102, 535, 73, 60.00, 1, 8, 3, NULL, '2020-03-05 12:41:38', '2020-03-05 12:41:38'),
(233, 507, 8, 102, 536, 72, 40.00, 6, 8, 3, NULL, '2020-03-05 12:41:38', '2020-03-05 12:41:38'),
(234, 508, 8, 103, 537, 119, 1008.00, 6, 17, 3, NULL, '2020-03-05 12:42:46', '2020-03-05 12:42:46'),
(235, 509, 8, 103, 538, 118, 4080.00, 6, 17, 3, NULL, '2020-03-05 12:42:46', '2020-03-05 12:42:46'),
(236, 528, 9, 104, 539, 61, 1720.00, 1, 2, 3, '2020-03-07 09:01:30', '2020-03-07 08:59:18', '2020-03-07 09:01:30'),
(237, 529, 9, 105, 540, 61, 1720.00, 1, 2, 3, NULL, '2020-03-07 09:04:09', '2020-03-07 09:04:09'),
(238, 530, 9, 105, 541, 60, 3990.00, 1, 2, 3, NULL, '2020-03-07 09:04:09', '2020-03-07 09:04:09'),
(239, 531, 9, 106, 542, 43, 70.00, 1, 3, 1, NULL, '2020-03-07 09:10:17', '2020-03-07 09:10:17'),
(240, 532, 9, 106, 543, 55, 200.00, 1, 3, 3, NULL, '2020-03-07 09:10:17', '2020-03-07 09:10:17'),
(241, 533, 9, 106, 544, 45, 100.00, 1, 3, 3, NULL, '2020-03-07 09:10:17', '2020-03-07 09:10:17'),
(242, 534, 9, 107, 545, 93, 1200.00, 6, 31, 4, NULL, '2020-03-07 09:25:41', '2020-03-07 09:25:41'),
(243, 535, 9, 108, 547, 224, 1484.00, 6, 12, 4, NULL, '2020-03-07 09:32:59', '2020-03-07 09:32:59'),
(244, 536, 9, 109, 548, 147, 117.00, 6, 32, 4, NULL, '2020-03-07 09:38:00', '2020-03-07 09:38:00'),
(245, 537, 9, 109, 549, 126, 80.00, 6, 32, 4, NULL, '2020-03-07 09:38:00', '2020-03-07 09:38:00'),
(246, 538, 9, 110, 550, 217, 600.00, 1, 26, 4, NULL, '2020-03-07 09:42:25', '2020-03-07 09:42:25'),
(247, 539, 9, 111, 552, 225, 900.00, 1, 11, 4, NULL, '2020-03-07 09:46:03', '2020-03-07 09:46:03'),
(248, 540, 9, 112, 553, 108, 500.00, 6, 6, 4, NULL, '2020-03-07 09:47:00', '2020-03-07 09:47:00'),
(249, 541, 9, 113, 554, 93, 1040.00, 6, 24, 3, NULL, '2020-03-07 09:48:54', '2020-03-07 09:48:54'),
(250, 542, 9, 114, 555, 60, 2550.00, 1, 2, 3, NULL, '2020-03-07 09:52:31', '2020-03-07 09:52:31'),
(251, 543, 9, 115, 557, 226, 15.00, 1, 8, 3, NULL, '2020-03-07 09:55:18', '2020-03-07 09:55:18'),
(252, 544, 9, 115, 558, 200, 35.00, 1, 8, 3, NULL, '2020-03-07 09:55:18', '2020-03-07 09:55:18'),
(253, 545, 9, 116, 559, 32, 60.00, 1, 8, 4, NULL, '2020-03-07 09:56:45', '2020-03-07 09:56:45'),
(254, 546, 9, 117, 560, 104, 100.00, 6, 8, 4, NULL, '2020-03-07 09:57:44', '2020-03-07 09:57:44'),
(255, 547, 9, 117, 561, 105, 100.00, 6, 8, 4, NULL, '2020-03-07 09:57:44', '2020-03-07 09:57:44'),
(256, 548, 9, 118, 562, 30, 350.00, 1, 8, 3, NULL, '2020-03-07 10:05:48', '2020-03-07 10:05:48'),
(257, 549, 9, 118, 563, 21, 3500.00, 1, 8, 3, NULL, '2020-03-07 10:05:48', '2020-03-07 10:05:48'),
(258, 550, 9, 118, 564, 23, 2450.00, 1, 8, 3, NULL, '2020-03-07 10:05:48', '2020-03-07 10:05:48'),
(259, 551, 9, 118, 565, 25, 1000.00, 1, 8, 3, NULL, '2020-03-07 10:05:48', '2020-03-07 10:05:48'),
(260, 552, 9, 118, 566, 82, 50.00, 1, 8, 3, NULL, '2020-03-07 10:05:48', '2020-03-07 10:05:48'),
(261, 553, 9, 118, 567, 77, 100.00, 6, 8, 3, NULL, '2020-03-07 10:05:48', '2020-03-07 10:05:48'),
(262, 554, 9, 118, 568, 70, 100.00, 1, 8, 3, NULL, '2020-03-07 10:05:48', '2020-03-07 10:05:48'),
(263, 555, 9, 118, 569, 76, 40.00, 1, 8, 3, NULL, '2020-03-07 10:05:48', '2020-03-07 10:05:48'),
(264, 556, 9, 118, 570, 69, 240.00, 1, 8, 3, NULL, '2020-03-07 10:05:49', '2020-03-07 10:05:49'),
(265, 557, 9, 118, 571, 73, 220.00, 1, 8, 3, NULL, '2020-03-07 10:05:49', '2020-03-07 10:05:49'),
(266, 558, 9, 118, 572, 72, 200.00, 6, 8, 3, NULL, '2020-03-07 10:05:49', '2020-03-07 10:05:49'),
(267, 559, 9, 118, 573, 198, 80.00, 1, 8, 3, NULL, '2020-03-07 10:05:49', '2020-03-07 10:05:49'),
(268, 560, 9, 119, 576, 132, 1080.00, 6, 21, 6, NULL, '2020-03-07 10:17:12', '2020-03-07 10:17:12'),
(269, 561, 9, 119, 577, 136, 960.00, 4, 21, 6, NULL, '2020-03-07 10:17:12', '2020-03-07 10:17:12'),
(270, 562, 9, 119, 578, 228, 4500.00, 4, 21, 6, NULL, '2020-03-07 10:17:12', '2020-03-07 10:17:12'),
(271, 563, 9, 119, 579, 134, 890.00, 6, 21, 6, NULL, '2020-03-07 10:17:12', '2020-03-07 10:17:12'),
(272, 564, 9, 119, 580, 134, 1080.00, 6, 21, 6, NULL, '2020-03-07 10:17:12', '2020-03-07 10:17:12'),
(273, 565, 10, 120, 581, 138, 2250.00, 6, 14, 3, NULL, '2020-03-07 10:36:28', '2020-03-07 10:36:28'),
(274, 567, 10, 121, 582, 226, 30.00, 1, 3, 4, NULL, '2020-03-07 10:37:50', '2020-03-07 10:37:50'),
(275, 569, 10, 122, 583, 61, 2565.00, 1, 2, 4, NULL, '2020-03-07 10:39:10', '2020-03-07 10:39:10'),
(276, 572, 10, 123, 584, 141, 1975.00, 1, 23, 4, NULL, '2020-03-07 10:41:55', '2020-03-07 10:41:55'),
(277, 573, 10, 123, 585, 66, 2988.00, 6, 1, 6, NULL, '2020-03-07 10:41:55', '2020-03-07 10:41:55'),
(278, 574, 10, 124, 586, 128, 730.00, 1, 4, 3, NULL, '2020-03-07 10:43:38', '2020-03-07 10:43:38'),
(279, 579, 10, 125, 587, 68, 440.00, 1, 8, 4, NULL, '2020-03-07 10:48:14', '2020-03-07 10:48:14'),
(280, 580, 10, 125, 588, 69, 120.00, 1, 8, 4, NULL, '2020-03-07 10:48:14', '2020-03-07 10:48:14'),
(281, 581, 10, 125, 589, 198, 150.00, 1, 8, 4, NULL, '2020-03-07 10:48:14', '2020-03-07 10:48:14'),
(282, 582, 10, 125, 590, 82, 90.00, 1, 8, 4, NULL, '2020-03-07 10:48:14', '2020-03-07 10:48:14'),
(283, 583, 10, 125, 591, 221, 120.00, 6, 8, 4, NULL, '2020-03-07 10:48:14', '2020-03-07 10:48:14'),
(284, 584, 10, 125, 592, 30, 375.00, 1, 8, 4, NULL, '2020-03-07 10:48:14', '2020-03-07 10:48:14'),
(285, 585, 10, 125, 593, 21, 4000.00, 1, 8, 4, NULL, '2020-03-07 10:48:14', '2020-03-07 10:48:14'),
(286, 586, 10, 125, 594, 76, 90.00, 1, 8, 4, NULL, '2020-03-07 10:48:14', '2020-03-07 10:48:14'),
(287, 587, 10, 125, 595, 73, 300.00, 1, 8, 4, NULL, '2020-03-07 10:48:14', '2020-03-07 10:48:14'),
(288, 588, 10, 125, 596, 72, 225.00, 6, 8, 4, NULL, '2020-03-07 10:48:15', '2020-03-07 10:48:15'),
(289, 589, 10, 125, 597, 70, 75.00, 1, 8, 4, NULL, '2020-03-07 10:48:15', '2020-03-07 10:48:15'),
(290, 590, 10, 125, 598, 77, 200.00, 6, 8, 4, NULL, '2020-03-07 10:48:15', '2020-03-07 10:48:15'),
(291, 591, 10, 125, 599, 81, 250.00, 1, 8, 4, NULL, '2020-03-07 10:48:15', '2020-03-07 10:48:15'),
(292, 600, 11, 126, 600, 116, 1480.00, 4, 33, 3, NULL, '2020-03-07 11:27:59', '2020-03-07 11:27:59'),
(293, 601, 11, 127, 601, 60, 2275.00, 1, 2, 3, NULL, '2020-03-07 11:28:45', '2020-03-07 11:28:45'),
(294, 602, 11, 128, 602, 111, 210.00, 1, 3, 3, NULL, '2020-03-07 11:33:31', '2020-03-07 11:33:31'),
(295, 603, 11, 128, 603, 130, 120.00, 1, 3, 3, NULL, '2020-03-07 11:33:32', '2020-03-07 12:20:18'),
(296, 604, 11, 129, 604, 69, 240.00, 1, 9, 3, NULL, '2020-03-07 11:34:36', '2020-03-07 11:34:36'),
(297, 605, 11, 129, 605, 221, 50.00, 6, 9, 3, NULL, '2020-03-07 11:34:36', '2020-03-07 11:34:36'),
(298, 613, 11, 130, 606, 211, 710.00, 1, 26, 3, NULL, '2020-03-07 11:45:57', '2020-03-07 11:45:57'),
(299, 614, 11, 131, 607, 108, 915.00, 6, 6, 3, NULL, '2020-03-07 11:46:41', '2020-03-07 11:46:41'),
(300, 615, 11, 132, 608, 58, 9315.00, 1, 10, 3, NULL, '2020-03-07 11:49:47', '2020-03-07 11:49:47'),
(301, 616, 11, 132, 609, 59, 275.00, 1, 10, 3, NULL, '2020-03-07 11:49:47', '2020-03-07 11:49:47'),
(302, 617, 11, 133, 610, 220, 360.00, 6, 12, 3, NULL, '2020-03-07 11:50:56', '2020-03-07 11:50:56'),
(303, 618, 11, 133, 611, 224, 1200.00, 6, 12, 3, NULL, '2020-03-07 11:50:56', '2020-03-07 11:50:56'),
(304, 619, 11, 134, 612, 224, 1484.00, 6, 12, 1, NULL, '2020-03-07 11:53:48', '2020-03-07 11:53:48'),
(305, 620, 11, 135, 613, 122, 2400.00, 6, 5, 4, NULL, '2020-03-07 11:55:01', '2020-03-07 11:55:01'),
(306, 621, 11, 136, 614, 58, 9108.00, 1, 10, 4, NULL, '2020-03-07 11:55:50', '2020-03-07 11:55:50'),
(307, 622, 11, 136, 615, 59, 275.00, 1, 10, 4, NULL, '2020-03-07 11:55:50', '2020-03-07 11:55:50'),
(308, 623, 11, 137, 616, 66, 1932.00, 6, 1, 4, NULL, '2020-03-07 11:56:44', '2020-03-07 11:56:44'),
(309, 624, 11, 138, 617, 212, 650.00, 1, 26, 3, NULL, '2020-03-07 11:59:07', '2020-03-07 11:59:07'),
(310, 625, 11, 138, 618, 211, 140.00, 1, 26, 3, NULL, '2020-03-07 11:59:07', '2020-03-07 11:59:07'),
(311, 626, 11, 138, 619, 217, 90.00, 1, 26, 3, NULL, '2020-03-07 11:59:07', '2020-03-07 11:59:07'),
(312, 627, 11, 139, 621, 229, 60.00, 1, 8, 4, NULL, '2020-03-07 12:01:33', '2020-03-07 12:01:33'),
(313, 628, 11, 139, 622, 213, 135.00, 1, 8, 4, NULL, '2020-03-07 12:01:33', '2020-03-07 12:01:33'),
(314, 629, 11, 140, 623, 69, 480.00, 1, 8, 3, NULL, '2020-03-07 12:07:21', '2020-03-07 12:07:21'),
(315, 630, 11, 140, 624, 76, 50.00, 1, 8, 3, NULL, '2020-03-07 12:07:21', '2020-03-07 12:07:21'),
(316, 631, 11, 140, 625, 70, 120.00, 1, 8, 3, NULL, '2020-03-07 12:07:22', '2020-03-07 12:07:22'),
(317, 632, 11, 140, 626, 77, 100.00, 6, 8, 3, NULL, '2020-03-07 12:07:22', '2020-03-07 12:07:22'),
(318, 633, 11, 140, 627, 198, 150.00, 1, 8, 3, NULL, '2020-03-07 12:07:22', '2020-03-07 12:07:22'),
(319, 634, 11, 140, 628, 82, 150.00, 1, 8, 3, NULL, '2020-03-07 12:07:22', '2020-03-07 12:07:22'),
(320, 635, 11, 140, 629, 81, 150.00, 1, 8, 3, NULL, '2020-03-07 12:07:22', '2020-03-07 12:07:22'),
(321, 636, 11, 140, 630, 73, 560.00, 1, 8, 3, NULL, '2020-03-07 12:07:22', '2020-03-07 12:07:22'),
(322, 637, 11, 140, 631, 72, 400.00, 6, 8, 3, NULL, '2020-03-07 12:07:22', '2020-03-07 12:07:22'),
(323, 638, 11, 140, 632, 21, 3000.00, 1, 8, 3, NULL, '2020-03-07 12:07:22', '2020-03-07 12:07:22'),
(324, 639, 11, 140, 633, 23, 1340.00, 1, 8, 3, NULL, '2020-03-07 12:07:22', '2020-03-07 12:07:22'),
(325, 640, 11, 141, 636, 123, 1170.00, 6, 8, 3, NULL, '2020-03-07 12:12:01', '2020-03-07 12:12:01'),
(326, 641, 11, 141, 637, 230, 210.00, 4, 8, 3, NULL, '2020-03-07 12:12:01', '2020-03-07 12:12:01'),
(327, 642, 11, 141, 638, 104, 80.00, 6, 8, 3, NULL, '2020-03-07 12:12:01', '2020-03-07 12:12:01'),
(328, 643, 11, 141, 639, 217, 80.00, 1, 8, 3, NULL, '2020-03-07 12:12:01', '2020-03-07 12:12:01'),
(329, 644, 11, 141, 640, 210, 20.00, 6, 8, 3, NULL, '2020-03-07 12:12:01', '2020-03-07 12:12:01'),
(330, 645, 11, 141, 641, 231, 40.00, 6, 8, 3, NULL, '2020-03-07 12:12:01', '2020-03-07 12:12:01'),
(331, 648, 12, 142, 643, 232, 1250.00, 6, 12, 3, NULL, '2020-03-07 12:30:24', '2020-03-07 12:30:24'),
(332, 649, 12, 143, 644, 108, 1485.00, 6, 6, 3, NULL, '2020-03-07 12:31:19', '2020-03-07 12:31:19'),
(333, 650, 12, 144, 645, 211, 640.00, 1, 26, 3, NULL, '2020-03-07 12:31:58', '2020-03-07 12:31:58'),
(334, 651, 12, 145, 646, 110, 100.00, 1, 11, 4, NULL, '2020-03-07 12:33:01', '2020-03-07 12:33:01'),
(335, 652, 12, 145, 647, 209, 550.00, 1, 11, 4, NULL, '2020-03-07 12:33:01', '2020-03-07 12:33:01'),
(336, 655, 12, 146, 648, 58, 18837.00, 1, 10, 4, NULL, '2020-03-07 12:34:01', '2020-03-07 12:34:01'),
(337, 656, 12, 147, 649, 59, 275.00, 1, 10, 4, NULL, '2020-03-07 12:34:33', '2020-03-07 12:34:33'),
(338, 657, 12, 148, 650, 111, 280.00, 1, 3, 4, NULL, '2020-03-07 12:35:08', '2020-03-07 12:35:08'),
(339, 660, 12, 149, 651, 116, 1400.00, 4, 34, 1, NULL, '2020-03-07 12:37:35', '2020-03-07 12:37:35'),
(340, 661, 12, 150, 652, 52, 4200.00, 1, 25, 3, NULL, '2020-03-07 12:38:18', '2020-03-07 12:38:18'),
(341, 662, 12, 150, 653, 68, 170.00, 1, 25, 3, NULL, '2020-03-07 12:38:18', '2020-03-07 12:38:18'),
(342, 664, 12, 151, 654, 138, 1620.00, 6, 14, 4, NULL, '2020-03-07 12:39:14', '2020-03-07 12:39:14'),
(343, 666, 12, 152, 655, 5, 2350.00, 1, 13, 3, NULL, '2020-03-07 12:39:53', '2020-03-07 12:39:53'),
(344, 667, 12, 153, 656, 147, 1860.00, 6, 15, 3, NULL, '2020-03-07 12:42:06', '2020-03-07 12:42:06'),
(345, 669, 12, 154, 657, 106, 2300.00, 6, 35, 5, NULL, '2020-03-07 12:44:57', '2020-03-07 12:44:57'),
(346, 670, 12, 155, 658, 66, 1164.00, 6, 1, 5, NULL, '2020-03-07 12:46:16', '2020-03-07 12:46:16'),
(347, 671, 12, 156, 659, 141, 1975.00, 1, 23, 3, NULL, '2020-03-07 12:47:03', '2020-03-07 12:47:03'),
(348, 674, 12, 157, 661, 233, 1085.00, 6, 36, 4, NULL, '2020-03-07 12:50:19', '2020-03-07 12:50:19'),
(349, 675, 12, 158, 662, 212, 560.00, 1, 8, 4, NULL, '2020-03-07 12:51:29', '2020-03-07 12:51:29'),
(350, 676, 12, 158, 663, 55, 40.00, 1, 8, 4, NULL, '2020-03-07 12:51:29', '2020-03-07 12:51:29'),
(351, 677, 12, 158, 664, 35, 170.00, 1, 8, 4, NULL, '2020-03-07 12:51:29', '2020-03-07 12:51:29'),
(352, 680, 12, 159, 665, 23, 4780.00, 1, 8, 4, NULL, '2020-03-07 13:36:20', '2020-03-07 13:36:20'),
(353, 681, 12, 159, 666, 21, 3500.00, 1, 8, 4, NULL, '2020-03-07 13:36:20', '2020-03-07 13:36:20'),
(354, 682, 12, 159, 667, 69, 480.00, 1, 8, 4, NULL, '2020-03-07 13:36:21', '2020-03-07 13:36:21'),
(355, 683, 12, 159, 668, 70, 250.00, 1, 8, 4, NULL, '2020-03-07 13:36:21', '2020-03-07 13:36:21'),
(356, 684, 12, 159, 669, 77, 270.00, 6, 8, 4, NULL, '2020-03-07 13:36:21', '2020-03-07 13:36:21'),
(357, 685, 12, 159, 670, 198, 150.00, 1, 8, 4, NULL, '2020-03-07 13:36:21', '2020-03-07 13:36:21'),
(358, 686, 12, 159, 671, 76, 45.00, 1, 8, 4, NULL, '2020-03-07 13:36:21', '2020-03-07 13:36:21'),
(359, 687, 12, 159, 672, 200, 30.00, 1, 8, 4, NULL, '2020-03-07 13:36:21', '2020-03-07 13:36:21'),
(360, 688, 12, 159, 673, 73, 420.00, 1, 8, 4, NULL, '2020-03-07 13:36:22', '2020-03-07 13:36:22'),
(361, 689, 12, 160, 674, 72, 450.00, 6, 8, 3, NULL, '2020-03-07 13:37:32', '2020-03-07 13:37:32'),
(362, 716, 13, 161, 675, 93, 1248.00, 6, 24, 4, NULL, '2020-03-07 15:10:53', '2020-03-07 15:10:53'),
(363, 717, 13, 162, 676, 94, 964.00, 6, 24, 4, NULL, '2020-03-07 15:11:47', '2020-03-07 15:11:47'),
(364, 720, 13, 163, 677, 72, 100.00, 6, 9, 4, NULL, '2020-03-07 15:14:29', '2020-03-07 15:14:29'),
(365, 721, 13, 163, 678, 80, 40.00, 1, 9, 4, NULL, '2020-03-07 15:14:29', '2020-03-07 15:14:29'),
(366, 722, 13, 163, 679, 200, 20.00, 1, 9, 4, NULL, '2020-03-07 15:14:29', '2020-03-07 15:14:29'),
(367, 723, 13, 164, 680, 58, 1759.00, 1, 10, 4, NULL, '2020-03-07 15:15:37', '2020-03-07 15:15:37'),
(368, 726, 13, 165, 681, 23, 1760.00, 1, 8, 3, NULL, '2020-03-07 15:17:36', '2020-03-07 15:17:36'),
(369, 727, 13, 165, 682, 21, 600.00, 1, 8, 3, NULL, '2020-03-07 15:17:36', '2020-03-07 15:17:36'),
(370, 728, 13, 165, 683, 82, 60.00, 1, 8, 3, NULL, '2020-03-07 15:17:36', '2020-03-07 15:17:36'),
(371, 729, 13, 165, 684, 200, 25.00, 1, 8, 3, NULL, '2020-03-07 15:17:36', '2020-03-07 15:17:36'),
(372, 730, 13, 166, 685, 32, 60.00, 1, 8, 4, NULL, '2020-03-07 15:18:54', '2020-03-07 15:18:54'),
(373, 733, 13, 167, 686, 135, 672.00, 4, 20, 4, NULL, '2020-03-07 15:23:05', '2020-03-07 15:23:05'),
(374, 736, 13, 168, 687, 137, 2492.00, 6, 20, 4, NULL, '2020-03-07 15:32:55', '2020-03-07 15:32:55');

-- --------------------------------------------------------

--
-- Table structure for table `purchase_groups`
--

CREATE TABLE `purchase_groups` (
  `id` int(10) UNSIGNED NOT NULL,
  `mis_head_id` int(10) UNSIGNED NOT NULL,
  `date_id` int(10) UNSIGNED NOT NULL,
  `user_id` int(10) UNSIGNED NOT NULL,
  `note` text COLLATE utf8mb4_unicode_ci,
  `deleted_at` timestamp NULL DEFAULT NULL,
  `created_at` timestamp NULL DEFAULT NULL,
  `updated_at` timestamp NULL DEFAULT NULL
) ENGINE=InnoDB DEFAULT CHARSET=utf8mb4 COLLATE=utf8mb4_unicode_ci;

--
-- Dumping data for table `purchase_groups`
--

INSERT INTO `purchase_groups` (`id`, `mis_head_id`, `date_id`, `user_id`, `note`, `deleted_at`, `created_at`, `updated_at`) VALUES
(1, 4, 1, 1, NULL, NULL, '2020-02-23 14:16:05', '2020-02-23 14:16:05'),
(2, 4, 1, 1, NULL, NULL, '2020-02-23 14:19:17', '2020-02-23 14:19:17'),
(3, 4, 1, 1, NULL, NULL, '2020-02-23 14:27:04', '2020-02-23 14:27:04'),
(4, 4, 1, 1, NULL, NULL, '2020-02-23 14:30:56', '2020-02-23 14:30:56'),
(5, 4, 1, 1, NULL, NULL, '2020-02-23 14:35:22', '2020-02-23 14:35:22'),
(6, 4, 1, 1, NULL, NULL, '2020-02-23 14:45:29', '2020-02-23 14:45:29'),
(7, 4, 1, 1, NULL, NULL, '2020-02-23 15:36:54', '2020-02-23 15:36:54'),
(8, 4, 1, 1, NULL, NULL, '2020-02-23 15:41:02', '2020-02-23 15:41:02'),
(9, 4, 1, 1, NULL, NULL, '2020-02-23 15:44:26', '2020-02-23 15:44:26'),
(10, 4, 1, 1, NULL, NULL, '2020-02-23 15:46:03', '2020-02-23 15:46:03'),
(11, 4, 1, 1, NULL, NULL, '2020-02-23 15:59:40', '2020-02-23 15:59:40'),
(12, 4, 1, 1, NULL, NULL, '2020-02-23 16:04:28', '2020-02-23 16:04:28'),
(13, 4, 1, 1, NULL, NULL, '2020-02-23 16:08:28', '2020-02-23 16:08:28'),
(14, 4, 1, 1, NULL, NULL, '2020-02-23 16:10:33', '2020-02-23 16:10:33'),
(15, 4, 1, 1, NULL, NULL, '2020-02-23 16:15:42', '2020-02-23 16:15:42'),
(16, 4, 1, 1, NULL, NULL, '2020-02-23 16:17:39', '2020-02-23 16:17:39'),
(17, 4, 1, 1, NULL, NULL, '2020-02-23 16:21:04', '2020-02-23 16:21:04'),
(18, 4, 1, 1, NULL, NULL, '2020-02-23 16:24:50', '2020-02-23 16:24:50'),
(19, 4, 1, 1, NULL, NULL, '2020-02-23 16:27:43', '2020-02-23 16:27:43'),
(20, 4, 1, 1, NULL, NULL, '2020-02-23 16:31:49', '2020-02-23 16:31:49'),
(21, 4, 1, 1, NULL, NULL, '2020-02-23 16:38:46', '2020-02-23 16:38:46'),
(22, 4, 1, 1, NULL, NULL, '2020-02-23 16:41:06', '2020-02-23 16:41:06'),
(23, 4, 1, 1, NULL, NULL, '2020-02-25 10:24:30', '2020-02-25 10:24:30'),
(24, 4, 1, 1, NULL, NULL, '2020-02-25 10:25:47', '2020-02-25 10:25:47'),
(25, 4, 1, 1, NULL, '2020-02-25 13:13:05', '2020-02-25 10:26:02', '2020-02-25 13:13:05'),
(26, 4, 1, 1, NULL, NULL, '2020-02-25 10:29:06', '2020-02-25 10:29:06'),
(27, 4, 1, 1, NULL, NULL, '2020-02-25 10:33:34', '2020-02-25 10:33:34'),
(28, 4, 1, 1, NULL, NULL, '2020-02-25 10:36:54', '2020-02-25 10:36:54'),
(29, 4, 1, 1, NULL, NULL, '2020-02-25 10:52:26', '2020-02-25 10:52:26'),
(30, 4, 1, 1, NULL, NULL, '2020-02-25 10:54:53', '2020-02-25 10:54:53'),
(31, 4, 1, 1, NULL, NULL, '2020-02-25 10:57:07', '2020-02-25 10:57:07'),
(32, 4, 1, 1, NULL, NULL, '2020-02-25 10:59:19', '2020-02-25 10:59:19'),
(33, 4, 1, 1, NULL, NULL, '2020-02-25 11:02:49', '2020-02-25 11:02:49'),
(34, 4, 1, 1, NULL, NULL, '2020-02-25 11:04:29', '2020-02-25 11:04:29'),
(35, 4, 1, 1, NULL, NULL, '2020-02-25 11:05:30', '2020-02-25 11:05:30'),
(36, 4, 1, 1, NULL, NULL, '2020-02-25 11:14:54', '2020-02-25 11:14:54'),
(37, 4, 1, 1, NULL, NULL, '2020-02-25 11:16:29', '2020-02-25 11:16:29'),
(38, 4, 1, 1, NULL, NULL, '2020-02-25 11:17:16', '2020-02-25 11:17:16'),
(39, 5, 1, 1, NULL, '2020-02-25 16:43:59', '2020-02-25 11:59:09', '2020-02-25 16:43:59'),
(40, 4, 1, 1, NULL, NULL, '2020-02-25 13:13:55', '2020-02-25 13:13:55'),
(41, 5, 1, 1, 'Sospen Big 2 pcs,Small 3 Pcs', NULL, '2020-02-25 16:46:15', '2020-02-25 16:46:15'),
(42, 4, 1, 1, NULL, NULL, '2020-02-25 17:10:50', '2020-02-25 17:10:50'),
(43, 4, 2, 1, NULL, NULL, '2020-02-25 18:10:06', '2020-02-25 18:10:06'),
(44, 4, 2, 1, NULL, NULL, '2020-02-25 18:11:47', '2020-02-25 18:11:47'),
(45, 4, 2, 1, NULL, NULL, '2020-02-25 18:13:26', '2020-02-25 18:13:26'),
(46, 4, 2, 1, NULL, NULL, '2020-02-25 18:15:32', '2020-02-25 18:15:32'),
(47, 4, 2, 1, NULL, '2020-02-25 18:45:28', '2020-02-25 18:16:44', '2020-02-25 18:45:28'),
(48, 4, 2, 1, NULL, NULL, '2020-02-25 18:16:56', '2020-02-25 18:16:56'),
(49, 4, 2, 1, NULL, NULL, '2020-02-25 18:18:59', '2020-02-25 18:18:59'),
(50, 4, 2, 1, NULL, NULL, '2020-02-25 18:21:18', '2020-02-25 18:21:18'),
(51, 4, 2, 1, NULL, NULL, '2020-02-25 18:29:54', '2020-02-25 18:29:54'),
(52, 4, 2, 1, NULL, NULL, '2020-02-25 18:34:12', '2020-02-25 18:34:12'),
(53, 4, 3, 1, NULL, NULL, '2020-03-01 12:58:36', '2020-03-01 12:58:36'),
(54, 4, 4, 1, 'Lakri', NULL, '2020-03-03 11:01:33', '2020-03-03 11:01:33'),
(55, 4, 4, 1, NULL, NULL, '2020-03-03 11:07:53', '2020-03-03 11:07:53'),
(56, 4, 4, 1, NULL, NULL, '2020-03-03 11:22:19', '2020-03-03 11:22:19'),
(57, 4, 4, 1, NULL, NULL, '2020-03-03 11:23:11', '2020-03-03 11:23:11'),
(58, 4, 4, 1, NULL, NULL, '2020-03-03 11:24:48', '2020-03-03 11:24:48'),
(59, 4, 4, 1, NULL, NULL, '2020-03-03 11:31:50', '2020-03-03 11:31:50'),
(60, 4, 4, 1, NULL, NULL, '2020-03-03 11:32:52', '2020-03-03 11:32:52'),
(61, 4, 4, 1, NULL, NULL, '2020-03-03 11:35:35', '2020-03-03 11:35:35'),
(62, 4, 4, 1, NULL, NULL, '2020-03-03 11:36:11', '2020-03-03 11:36:11'),
(63, 4, 4, 1, NULL, NULL, '2020-03-03 11:36:49', '2020-03-03 11:36:49'),
(64, 4, 4, 1, NULL, NULL, '2020-03-03 11:43:53', '2020-03-03 11:43:53'),
(65, 4, 4, 1, NULL, NULL, '2020-03-03 11:51:22', '2020-03-03 11:51:22'),
(66, 4, 4, 1, 'Air Freshner', NULL, '2020-03-03 12:09:44', '2020-03-03 12:09:44'),
(67, 4, 4, 1, NULL, NULL, '2020-03-03 12:48:33', '2020-03-03 12:48:33'),
(68, 4, 4, 1, 'Food Cake', NULL, '2020-03-03 12:55:49', '2020-03-03 12:55:49'),
(69, 4, 5, 1, 'Vegetabe Roll With Sos', NULL, '2020-03-03 13:24:33', '2020-03-03 13:24:33'),
(70, 4, 5, 1, 'Beaf', NULL, '2020-03-03 13:25:12', '2020-03-03 13:25:12'),
(71, 4, 5, 1, 'Apple', NULL, '2020-03-03 13:26:02', '2020-03-03 13:26:02'),
(72, 4, 5, 1, NULL, NULL, '2020-03-03 13:31:17', '2020-03-03 13:31:17'),
(73, 4, 5, 1, 'Sweet Curds(Cup', NULL, '2020-03-03 13:32:18', '2020-03-03 13:32:18'),
(74, 4, 5, 1, 'Sweet', NULL, '2020-03-03 13:33:23', '2020-03-03 13:33:23'),
(75, 4, 5, 1, 'Banana,Singara', NULL, '2020-03-03 13:34:36', '2020-03-03 13:34:36'),
(76, 4, 6, 1, 'Food Cake', NULL, '2020-03-03 16:10:53', '2020-03-03 16:10:53'),
(77, 4, 6, 1, NULL, NULL, '2020-03-03 16:14:27', '2020-03-03 16:14:27'),
(78, 4, 6, 1, 'Soft Drinks-(250ml)', NULL, '2020-03-03 16:20:15', '2020-03-03 16:20:15'),
(79, 4, 6, 1, NULL, NULL, '2020-03-03 16:26:22', '2020-03-03 16:26:22'),
(80, 4, 6, 1, 'Apple', NULL, '2020-03-03 16:28:23', '2020-03-03 16:28:23'),
(81, 4, 6, 1, 'Wood (Lakri)', NULL, '2020-03-03 16:29:44', '2020-03-03 16:29:44'),
(82, 4, 6, 1, 'Singara,Banana', NULL, '2020-03-03 16:34:20', '2020-03-03 16:34:20'),
(83, 4, 6, 1, 'Alo,Dhoniya-Pata,Lal Shak', NULL, '2020-03-03 16:37:56', '2020-03-03 16:37:56'),
(84, 4, 8, 1, 'Rashun,Chilly-Dry', NULL, '2020-03-05 11:58:18', '2020-03-05 11:58:18'),
(85, 4, 8, 1, 'Chiken (Coak', NULL, '2020-03-05 11:59:59', '2020-03-05 11:59:59'),
(86, 4, 8, 1, NULL, NULL, '2020-03-05 12:09:26', '2020-03-05 12:09:26'),
(87, 4, 8, 1, NULL, NULL, '2020-03-05 12:10:42', '2020-03-05 12:10:42'),
(88, 4, 8, 1, 'Chiken (deshi)', NULL, '2020-03-05 12:11:39', '2020-03-05 12:11:39'),
(89, 4, 8, 1, 'Sweet Curds(Cup)', NULL, '2020-03-05 12:12:15', '2020-03-05 12:12:15'),
(90, 4, 8, 1, NULL, NULL, '2020-03-05 12:17:20', '2020-03-05 12:17:20'),
(91, 4, 8, 1, 'Egg', NULL, '2020-03-05 12:18:19', '2020-03-05 12:18:19'),
(92, 4, 8, 1, 'Chiken (Coak)', NULL, '2020-03-05 12:19:05', '2020-03-05 12:19:05'),
(93, 4, 8, 1, 'Normal Rice', NULL, '2020-03-05 12:20:24', '2020-03-05 12:20:24'),
(94, 4, 8, 1, 'Peaj,Ada', NULL, '2020-03-05 12:21:19', '2020-03-05 12:21:19'),
(95, 4, 8, 1, 'Soyabin Oil , Ata', NULL, '2020-03-05 12:22:39', '2020-03-05 12:22:39'),
(96, 4, 8, 1, 'Soft Drinks-(250ml)', NULL, '2020-03-05 12:24:10', '2020-03-05 12:24:10'),
(97, 4, 8, 1, 'Ghee,Sweet Curds (Patil)', NULL, '2020-03-05 12:26:12', '2020-03-05 12:26:12'),
(98, 4, 8, 1, 'Soft Drinks-(250ml),Taki,Beaf', NULL, '2020-03-05 12:29:37', '2020-03-05 12:29:37'),
(99, 4, 8, 1, 'Achar', NULL, '2020-03-05 12:31:02', '2020-03-05 12:31:02'),
(100, 4, 8, 1, 'Kacha Bazar', NULL, '2020-03-05 12:35:12', '2020-03-05 12:35:12'),
(101, 4, 8, 1, NULL, NULL, '2020-03-05 12:39:03', '2020-03-05 12:39:03'),
(102, 4, 8, 1, NULL, NULL, '2020-03-05 12:41:38', '2020-03-05 12:41:38'),
(103, 4, 8, 1, 'Toilet Tissue,Facial Tissue', NULL, '2020-03-05 12:42:46', '2020-03-05 12:42:46'),
(104, 4, 9, 1, NULL, '2020-03-07 09:01:30', '2020-03-07 08:59:18', '2020-03-07 09:01:30'),
(105, 4, 9, 1, NULL, NULL, '2020-03-07 09:04:09', '2020-03-07 09:04:09'),
(106, 4, 9, 1, NULL, NULL, '2020-03-07 09:10:17', '2020-03-07 09:10:17'),
(107, 4, 9, 1, NULL, NULL, '2020-03-07 09:25:41', '2020-03-07 09:25:41'),
(108, 4, 9, 1, 'Chicken Burger', NULL, '2020-03-07 09:32:59', '2020-03-07 09:32:59'),
(109, 4, 9, 1, 'Lexus Biscuit,	Tea Bag', NULL, '2020-03-07 09:38:00', '2020-03-07 09:38:00'),
(110, 4, 9, 1, 'Grapes', NULL, '2020-03-07 09:42:25', '2020-03-07 09:42:25'),
(111, 4, 9, 1, 'Jafran Bug', NULL, '2020-03-07 09:46:01', '2020-03-07 09:46:01'),
(112, 4, 9, 1, 'Sweet Curds(Cup', NULL, '2020-03-07 09:47:00', '2020-03-07 09:47:00'),
(113, 4, 9, 1, 'Minarel Water (500ml)', NULL, '2020-03-07 09:48:54', '2020-03-07 09:48:54'),
(114, 4, 9, 1, 'Chiken (deshi)', NULL, '2020-03-07 09:52:31', '2020-03-07 09:52:31'),
(115, 4, 9, 1, NULL, NULL, '2020-03-07 09:55:18', '2020-03-07 09:55:18'),
(116, 4, 9, 1, NULL, NULL, '2020-03-07 09:56:44', '2020-03-07 09:56:44'),
(117, 4, 9, 1, NULL, NULL, '2020-03-07 09:57:44', '2020-03-07 09:57:44'),
(118, 4, 9, 1, NULL, NULL, '2020-03-07 10:05:48', '2020-03-07 10:05:48'),
(119, 4, 9, 1, NULL, NULL, '2020-03-07 10:17:12', '2020-03-07 10:17:12'),
(120, 4, 10, 1, 'Egg', NULL, '2020-03-07 10:36:27', '2020-03-07 10:36:27'),
(121, 4, 10, 1, 'Sorisha', NULL, '2020-03-07 10:37:50', '2020-03-07 10:37:50'),
(122, 4, 10, 1, 'Chiken (Coak', NULL, '2020-03-07 10:39:10', '2020-03-07 10:39:10'),
(123, 4, 10, 1, 'Soft Drinks-(250ml),Wood (Lakri', NULL, '2020-03-07 10:41:55', '2020-03-07 10:41:55'),
(124, 4, 10, 1, 'Normal Salt', NULL, '2020-03-07 10:43:38', '2020-03-07 10:43:38'),
(125, 4, 10, 1, NULL, NULL, '2020-03-07 10:48:14', '2020-03-07 10:48:14'),
(126, 4, 11, 1, 'Soyabin Oil', NULL, '2020-03-07 11:27:59', '2020-03-07 11:27:59'),
(127, 4, 11, 1, 'Chiken (deshi)', NULL, '2020-03-07 11:28:45', '2020-03-07 11:28:45'),
(128, 4, 11, 1, 'Mug Dal', NULL, '2020-03-07 11:33:31', '2020-03-07 11:33:31'),
(129, 4, 11, 1, 'Pepe', NULL, '2020-03-07 11:34:36', '2020-03-07 11:34:36'),
(130, 4, 11, 1, 'Apple', NULL, '2020-03-07 11:45:57', '2020-03-07 11:45:57'),
(131, 4, 11, 1, 'Sweet Curds(Cup)', NULL, '2020-03-07 11:46:41', '2020-03-07 11:46:41'),
(132, 4, 11, 1, 'Mutton', NULL, '2020-03-07 11:49:47', '2020-03-07 11:49:47'),
(133, 4, 11, 1, NULL, NULL, '2020-03-07 11:50:56', '2020-03-07 11:50:56'),
(134, 4, 11, 1, NULL, NULL, '2020-03-07 11:53:48', '2020-03-07 11:53:48'),
(135, 4, 11, 1, 'Danish Condenced', NULL, '2020-03-07 11:55:01', '2020-03-07 11:55:01'),
(136, 4, 11, 1, 'Mutton', NULL, '2020-03-07 11:55:50', '2020-03-07 11:55:50'),
(137, 4, 11, 1, NULL, NULL, '2020-03-07 11:56:44', '2020-03-07 11:56:44'),
(138, 4, 11, 1, NULL, NULL, '2020-03-07 11:59:06', '2020-03-07 11:59:06'),
(139, 4, 11, 1, NULL, NULL, '2020-03-07 12:01:33', '2020-03-07 12:01:33'),
(140, 4, 11, 1, NULL, NULL, '2020-03-07 12:07:21', '2020-03-07 12:07:21'),
(141, 4, 11, 1, NULL, NULL, '2020-03-07 12:12:00', '2020-03-07 12:12:00'),
(142, 4, 12, 1, 'Sandwich', NULL, '2020-03-07 12:30:24', '2020-03-07 12:30:24'),
(143, 4, 12, 1, 'Sweet Curds(Cup', NULL, '2020-03-07 12:31:19', '2020-03-07 12:31:19'),
(144, 4, 12, 1, 'Apple', NULL, '2020-03-07 12:31:58', '2020-03-07 12:31:58'),
(145, 4, 12, 1, NULL, NULL, '2020-03-07 12:33:01', '2020-03-07 12:33:01'),
(146, 4, 12, 1, 'Mutton', NULL, '2020-03-07 12:34:01', '2020-03-07 12:34:01'),
(147, 4, 12, 1, 'Beaf', NULL, '2020-03-07 12:34:33', '2020-03-07 12:34:33'),
(148, 4, 12, 1, 'Mug Dal', NULL, '2020-03-07 12:35:08', '2020-03-07 12:35:08'),
(149, 4, 12, 1, 'Soyabin Oil', NULL, '2020-03-07 12:37:35', '2020-03-07 12:37:35'),
(150, 4, 12, 1, NULL, NULL, '2020-03-07 12:38:18', '2020-03-07 12:38:18'),
(151, 4, 12, 1, 'Egg', NULL, '2020-03-07 12:39:14', '2020-03-07 12:39:14'),
(152, 4, 12, 1, 'Normal Rice', NULL, '2020-03-07 12:39:53', '2020-03-07 12:39:53'),
(153, 4, 12, 1, 'Lexus Biscuit', NULL, '2020-03-07 12:42:06', '2020-03-07 12:42:06'),
(154, 4, 12, 1, 'Vegetabe Roll', NULL, '2020-03-07 12:44:57', '2020-03-07 12:44:57'),
(155, 4, 12, 1, 'Soft Drinks-(250ml)', NULL, '2020-03-07 12:46:16', '2020-03-07 12:46:16'),
(156, 4, 12, 1, 'Wood (Lakri', NULL, '2020-03-07 12:47:03', '2020-03-07 12:47:03'),
(157, 4, 12, 1, 'Sammi Kabab', NULL, '2020-03-07 12:50:19', '2020-03-07 12:50:19'),
(158, 4, 12, 1, NULL, NULL, '2020-03-07 12:51:29', '2020-03-07 12:51:29'),
(159, 4, 12, 1, NULL, NULL, '2020-03-07 13:36:20', '2020-03-07 13:36:20'),
(160, 4, 12, 1, NULL, NULL, '2020-03-07 13:37:32', '2020-03-07 13:37:32'),
(161, 4, 13, 1, 'Minarel Water (500ml)', NULL, '2020-03-07 15:10:53', '2020-03-07 15:10:53'),
(162, 4, 13, 1, 'Minarel Water (1000ml)', NULL, '2020-03-07 15:11:47', '2020-03-07 15:11:47'),
(163, 4, 13, 1, NULL, NULL, '2020-03-07 15:14:29', '2020-03-07 15:14:29'),
(164, 4, 13, 1, 'Mutton', NULL, '2020-03-07 15:15:37', '2020-03-07 15:15:37'),
(165, 4, 13, 1, NULL, NULL, '2020-03-07 15:17:36', '2020-03-07 15:17:36'),
(166, 4, 13, 1, 'Dry Fish', NULL, '2020-03-07 15:18:54', '2020-03-07 15:18:54'),
(167, 4, 13, 1, 'Hand Wash', NULL, '2020-03-07 15:23:05', '2020-03-07 15:23:05'),
(168, 4, 13, 1, 'Aerosol', NULL, '2020-03-07 15:32:55', '2020-03-07 15:32:55');

-- --------------------------------------------------------

--
-- Table structure for table `r5_meal_types`
--

CREATE TABLE `r5_meal_types` (
  `id` int(10) UNSIGNED NOT NULL,
  `name` varchar(100) COLLATE utf8mb4_unicode_ci NOT NULL,
  `description` varchar(255) COLLATE utf8mb4_unicode_ci DEFAULT NULL,
  `created_at` timestamp NULL DEFAULT NULL,
  `updated_at` timestamp NULL DEFAULT NULL
) ENGINE=InnoDB DEFAULT CHARSET=utf8mb4 COLLATE=utf8mb4_unicode_ci;

--
-- Dumping data for table `r5_meal_types`
--

INSERT INTO `r5_meal_types` (`id`, `name`, `description`, `created_at`, `updated_at`) VALUES
(1, 'Fish', 'fish', '2019-12-02 21:58:46', NULL),
(2, 'Rice', 'Rice', '2019-12-02 21:59:37', NULL),
(3, 'Meat', 'Meat', '2019-12-02 21:59:46', NULL),
(4, 'Drinks', 'Drinks', '2019-12-02 21:59:55', NULL),
(6, 'Water', 'Water', '2020-01-20 07:36:12', NULL),
(7, 'Fruit', 'Fruit', '2020-01-20 08:53:45', NULL),
(8, 'Sweet', 'Sweet', '2020-01-20 08:54:02', NULL),
(9, 'Fastfood Item', 'Fastfood Item', '2020-01-20 08:54:30', NULL),
(10, 'Vegetables', 'Vegetables', '2020-01-20 08:55:20', NULL),
(11, 'Biriani', 'Biriani', '2020-01-20 09:10:09', NULL),
(12, 'Egg', 'Egg', '2020-01-20 09:14:51', NULL),
(13, 'Ruti', 'Ruti', '2020-01-20 10:08:47', NULL),
(14, 'Tea', 'Tea', '2020-01-20 10:09:47', NULL),
(15, 'Dal', 'Dal', '2020-01-20 10:10:09', NULL),
(16, 'Salad', 'Salad', '2020-01-20 10:18:59', NULL),
(17, 'Biscuits', 'Biscuits', '2020-01-21 04:11:14', NULL),
(18, 'Curds (Doi)', 'Curds (Doi)', '2020-01-21 04:17:59', NULL);

-- --------------------------------------------------------

--
-- Table structure for table `r6_meal_items`
--

CREATE TABLE `r6_meal_items` (
  `id` int(10) UNSIGNED NOT NULL,
  `name` varchar(100) COLLATE utf8mb4_unicode_ci NOT NULL,
  `price` int(11) NOT NULL,
  `meal_type_id` int(10) UNSIGNED NOT NULL,
  `description` varchar(255) COLLATE utf8mb4_unicode_ci DEFAULT NULL,
  `created_at` timestamp NULL DEFAULT NULL,
  `updated_at` timestamp NULL DEFAULT NULL
) ENGINE=InnoDB DEFAULT CHARSET=utf8mb4 COLLATE=utf8mb4_unicode_ci;

--
-- Dumping data for table `r6_meal_items`
--

INSERT INTO `r6_meal_items` (`id`, `name`, `price`, `meal_type_id`, `description`, `created_at`, `updated_at`) VALUES
(1, 'Plain Rice', 30, 2, NULL, '2019-12-03 03:00:47', NULL),
(2, 'Polau Rice', 60, 2, NULL, '2019-12-03 03:01:05', NULL),
(3, 'Hilsa Fish (Ilish)', 160, 1, NULL, '2019-12-03 03:01:21', NULL),
(4, 'Prawn (Chingri) Standard', 160, 1, NULL, '2019-12-03 03:01:41', NULL),
(6, 'Khichuri', 30, 2, NULL, '2020-01-20 14:14:25', NULL),
(7, 'Egg Curry', 25, 12, NULL, '2020-01-20 14:17:41', NULL),
(8, 'Egg Korma', 35, 12, NULL, '2020-01-20 14:17:51', NULL),
(9, 'Egg Mamlet', 20, 12, NULL, '2020-01-20 14:18:19', NULL),
(10, 'Chiken Biriani (Full)', 240, 11, NULL, '2020-01-20 14:26:53', NULL),
(11, 'Mutton Kacchi Biriyani (Full)', 320, 11, NULL, '2020-01-20 14:32:41', NULL),
(12, 'Teheri (Full)', 300, 11, NULL, '2020-01-20 14:33:42', NULL),
(13, '.5 Litre water', 15, 6, NULL, '2020-01-20 14:55:26', NULL),
(14, '1 litre water', 20, 6, NULL, '2020-01-20 14:56:04', NULL),
(15, 'Ruti', 15, 13, NULL, '2020-01-20 15:09:31', NULL),
(16, 'Dal', 20, 15, NULL, '2020-01-20 15:10:30', NULL),
(17, 'Tea', 10, 14, NULL, '2020-01-20 15:10:54', NULL),
(18, 'Salad', 10, 16, NULL, '2020-01-20 15:19:25', NULL),
(19, 'Singra', 10, 9, NULL, '2020-01-21 09:10:34', NULL),
(20, 'Biscuits', 10, 17, NULL, '2020-01-21 09:11:55', NULL),
(21, 'Mixed Vagetables', 30, 10, NULL, '2020-01-21 09:14:33', NULL),
(22, 'Mutton Curry', 150, 3, NULL, '2020-01-21 09:15:41', NULL),
(23, 'Rui Fish Curry', 110, 1, NULL, '2020-01-21 09:16:17', NULL),
(24, 'Mogh Dal', 20, 15, NULL, '2020-01-21 09:16:43', NULL),
(25, 'Curds (Doi)', 25, 18, NULL, '2020-01-21 09:18:19', NULL),
(26, 'All time Cake', 15, 9, NULL, '2020-01-21 09:28:46', NULL),
(27, 'Plain Cake', 25, 9, NULL, '2020-01-21 09:29:24', NULL),
(28, 'Banana', 10, 7, NULL, '2020-01-21 09:29:47', NULL),
(29, 'Coffee', 40, 14, NULL, '2020-01-21 09:32:06', NULL),
(30, 'Begun Vazi 1pcs', 10, 10, NULL, '2020-01-21 11:37:45', NULL),
(31, 'Beef Curry', 120, 3, NULL, '2020-01-21 11:38:12', NULL),
(32, 'Begun Vazi 2 Pcs', 20, 10, NULL, '2020-01-21 11:38:41', NULL),
(33, 'Begun Vorta', 20, 10, NULL, '2020-01-21 11:39:20', NULL),
(34, 'Banana Vorta', 20, 10, NULL, '2020-01-21 11:40:23', NULL),
(35, 'Taki Fish Vorta', 25, 1, NULL, '2020-01-21 11:40:51', NULL),
(36, 'Somocha', 10, 9, NULL, '2020-01-29 13:28:41', NULL),
(37, 'Shol Fish Curry', 160, 1, NULL, '2020-01-29 13:33:56', NULL),
(38, 'Chicken Curry', 110, 3, NULL, '2020-02-08 10:39:50', NULL),
(39, 'Mineral Water (330ml)', 10, 6, '2000ml for 4 person', '2020-02-08 10:41:07', NULL),
(40, 'Mineral Water (500ml)', 15, 6, NULL, '2020-02-08 10:41:18', NULL),
(41, 'Mineral Water (1000ml)', 20, 6, NULL, '2020-02-08 10:41:29', NULL),
(42, 'Mineral Water (1500ml)', 25, 6, NULL, '2020-02-08 10:41:42', NULL),
(43, 'Mineral Water (2000ml)', 30, 6, NULL, '2020-02-08 10:44:17', NULL),
(44, 'Dal Vorta', 20, 15, NULL, '2020-02-08 10:57:42', NULL),
(45, 'Batai Fish Curry', 110, 1, NULL, '2020-02-08 10:59:06', NULL),
(46, 'Bowal Fish Curry', 160, 1, NULL, '2020-02-08 10:59:35', NULL),
(48, 'Sweet', 30, 8, NULL, '2020-02-08 11:14:18', NULL),
(49, 'Salad for breakfast', 5, 16, NULL, '2020-02-16 15:56:46', NULL),
(50, 'Vegetable With Small Chingri', 40, 10, NULL, '2020-02-17 16:47:47', NULL),
(51, 'Apple', 30, 7, NULL, '2020-02-17 16:48:40', NULL),
(52, 'Soft Drinks (250ml)', 25, 4, NULL, '2020-02-17 17:22:28', NULL),
(53, 'Sprite (250ml)', 25, 4, NULL, '2020-02-17 17:23:45', NULL),
(54, '7 Up (250ml)', 20, 4, NULL, '2020-02-17 17:24:14', NULL),
(55, 'Beef Curry 1 Piece', 60, 3, NULL, '2020-02-17 17:29:14', NULL),
(56, 'Duck Meat Curry', 160, 3, NULL, '2020-02-25 18:32:03', NULL),
(57, 'Lal Shak', 25, 10, NULL, '2020-02-25 18:47:19', NULL),
(58, 'Apple Cool (Boroi)', 20, 7, NULL, '2020-02-25 18:54:47', NULL),
(59, 'Lal Shak With Chingri', 40, 10, NULL, '2020-03-03 14:26:18', NULL),
(60, 'Piece Cake', 20, 9, NULL, '2020-03-03 14:37:31', NULL),
(61, 'Beef Curry-3PCS', 180, 3, NULL, '2020-03-03 15:56:53', NULL),
(62, 'Vegetable Roll', 45, 9, NULL, '2020-03-07 14:21:22', NULL);

-- --------------------------------------------------------

--
-- Table structure for table `r7_menu_types`
--

CREATE TABLE `r7_menu_types` (
  `id` int(10) UNSIGNED NOT NULL,
  `name` varchar(100) COLLATE utf8mb4_unicode_ci NOT NULL,
  `description` varchar(255) COLLATE utf8mb4_unicode_ci DEFAULT NULL,
  `created_at` timestamp NULL DEFAULT NULL,
  `updated_at` timestamp NULL DEFAULT NULL
) ENGINE=InnoDB DEFAULT CHARSET=utf8mb4 COLLATE=utf8mb4_unicode_ci;

--
-- Dumping data for table `r7_menu_types`
--

INSERT INTO `r7_menu_types` (`id`, `name`, `description`, `created_at`, `updated_at`) VALUES
(1, 'Breakfast', NULL, '2019-12-02 21:53:51', NULL),
(2, 'Lunch', NULL, '2019-12-02 21:54:02', NULL),
(4, 'Morning Snacks', NULL, '2020-01-20 10:11:28', NULL),
(5, 'Dinner', NULL, '2020-01-21 04:46:17', NULL),
(6, 'Evening Snacks', 'Evening Snacks', '2020-01-21 04:47:17', NULL);

-- --------------------------------------------------------

--
-- Table structure for table `r9_food_menu`
--

CREATE TABLE `r9_food_menu` (
  `id` int(10) UNSIGNED NOT NULL,
  `menu_type_id` int(10) UNSIGNED NOT NULL,
  `name` varchar(191) COLLATE utf8mb4_unicode_ci NOT NULL,
  `price` double(10,2) NOT NULL DEFAULT '0.00',
  `created_at` timestamp NULL DEFAULT NULL,
  `updated_at` timestamp NULL DEFAULT NULL
) ENGINE=InnoDB DEFAULT CHARSET=utf8mb4 COLLATE=utf8mb4_unicode_ci;

--
-- Dumping data for table `r9_food_menu`
--

INSERT INTO `r9_food_menu` (`id`, `menu_type_id`, `name`, `price`, `created_at`, `updated_at`) VALUES
(1, 1, 'Breakfast (R)', 70.00, '2020-01-20 15:24:31', '2020-01-20 15:24:31'),
(2, 1, 'Morining Snaks 1', 30.00, '2020-01-21 09:14:52', '2020-01-21 09:14:52'),
(5, 4, 'Extra Coffee', 40.00, '2020-01-21 09:39:03', '2020-01-21 09:39:03'),
(6, 6, 'Evening Snacks', 35.00, '2020-01-21 09:48:25', '2020-01-21 09:48:25'),
(12, 5, 'Dinner', 200.00, '2020-01-29 13:25:24', '2020-01-29 13:25:39'),
(14, 1, 'Breakfast(SK+F)', 145.00, '2020-02-08 10:56:11', '2020-02-08 10:56:11'),
(16, 6, 'Evening Snacks', 40.00, '2020-02-08 11:15:15', '2020-02-08 11:15:15'),
(17, 1, 'Breakfast(Kh)', 70.00, '2020-02-16 15:57:50', '2020-02-17 15:21:45'),
(18, 4, 'Morning Snacks (B+T)', 20.00, '2020-02-16 15:59:00', '2020-02-17 15:21:26'),
(19, 2, 'Lunch', 260.00, '2020-02-16 16:00:51', '2020-02-16 16:00:51'),
(20, 2, 'Lunch (SK+F)', 505.00, '2020-02-17 16:30:16', '2020-02-17 16:30:16'),
(21, 2, 'Lunch (R)', 9360.00, '2020-02-17 16:38:21', '2020-02-17 16:38:21'),
(22, 6, 'Evening Snacks', 30.00, '2020-02-17 16:49:15', '2020-02-17 16:49:15'),
(23, 2, 'Lunch(Z)', 245.00, '2020-02-17 17:08:54', '2020-02-17 17:08:54'),
(26, 1, 'Breakfast(Kh)', 55.00, '2020-02-17 17:36:18', '2020-02-17 17:36:18'),
(27, 2, 'Lunch(Akij)', 430.00, '2020-02-17 17:37:11', '2020-02-17 17:37:11'),
(28, 4, 'Evening Snacks', 10.00, '2020-02-17 17:37:31', '2020-02-17 17:37:31'),
(29, 2, 'Lunch(Popular)', 280.00, '2020-02-25 18:14:29', '2020-02-25 18:14:29'),
(30, 2, 'Lunch(Popular)', 335.00, '2020-02-25 18:16:44', '2020-02-25 18:16:44'),
(31, 2, 'Lunch(ACI)', 220.00, '2020-02-25 18:35:47', '2020-02-25 18:35:47'),
(32, 6, 'Evening Snacks(T)', 10.00, '2020-02-25 18:36:45', '2020-02-25 18:36:45'),
(33, 4, 'Morning Snacks(P+T)', 35.00, '2020-02-25 18:44:43', '2020-02-25 18:44:43'),
(34, 2, 'Lunch', 255.00, '2020-02-25 18:49:47', '2020-02-25 18:49:47'),
(35, 6, 'Evening Snacks', 45.00, '2020-02-25 18:56:43', '2020-02-25 18:56:43'),
(36, 2, 'L01', 235.00, '2020-02-26 12:03:39', '2020-02-26 12:03:39'),
(37, 2, 'L02', 480.00, '2020-02-26 12:05:12', '2020-02-26 12:05:12'),
(38, 2, 'L03', 340.00, '2020-02-26 12:06:40', '2020-02-26 12:06:40'),
(39, 2, 'Lunch', 180.00, '2020-03-01 18:14:37', '2020-03-01 18:14:37'),
(40, 2, 'Lunch', 230.00, '2020-03-01 18:30:36', '2020-03-01 18:30:36'),
(41, 6, 'Evening Snacks (B+T)', 20.00, '2020-03-03 12:24:57', '2020-03-03 12:24:57'),
(43, 6, 'Evening Snacks Coffee', 40.00, '2020-03-03 12:30:32', '2020-03-03 12:30:32'),
(44, 1, 'Breakfast', 60.00, '2020-03-03 14:23:06', '2020-03-03 14:23:06'),
(45, 2, 'Lunch', 355.00, '2020-03-03 14:31:34', '2020-03-03 14:31:34'),
(46, 5, 'Dinner', 355.00, '2020-03-03 14:32:53', '2020-03-03 14:32:53'),
(47, 6, 'Evening Snacks', 30.00, '2020-03-03 14:39:13', '2020-03-03 14:39:13'),
(48, 4, 'Morning Snacks', 40.00, '2020-03-03 15:53:56', '2020-03-03 15:53:56'),
(49, 2, 'Lunch', 260.00, '2020-03-03 15:58:23', '2020-03-03 15:58:23'),
(50, 2, 'Lunch', 250.00, '2020-03-05 09:07:42', '2020-03-05 09:07:42'),
(51, 4, 'Morning Snacks', 10.00, '2020-03-05 09:09:03', '2020-03-05 09:09:03'),
(52, 2, 'Lunch', 240.00, '2020-03-05 11:37:01', '2020-03-05 11:37:01'),
(53, 6, 'Evening Snacks', 30.00, '2020-03-05 11:37:37', '2020-03-05 11:37:37'),
(54, 2, 'Lunch', 240.00, '2020-03-05 11:53:08', '2020-03-05 11:53:08'),
(55, 4, 'morning Snacks', 65.00, '2020-03-07 14:25:18', '2020-03-07 14:25:18'),
(56, 2, 'Lunch', 375.00, '2020-03-07 14:27:16', '2020-03-07 14:27:16'),
(57, 2, 'Lunch', 325.00, '2020-03-07 14:39:05', '2020-03-07 14:39:05'),
(58, 1, 'Lunch', 375.00, '2020-03-09 08:10:52', '2020-03-09 08:10:52'),
(59, 2, 'Lunch', 15.00, '2020-03-09 08:22:54', '2020-03-09 08:22:54'),
(60, 5, 'Dinner', 180.00, '2020-03-09 08:32:55', '2020-03-09 08:32:55');

-- --------------------------------------------------------

--
-- Table structure for table `r10_food_menu_items`
--

CREATE TABLE `r10_food_menu_items` (
  `id` int(10) UNSIGNED NOT NULL,
  `food_menu_id` int(10) UNSIGNED NOT NULL,
  `meal_item_id` int(10) UNSIGNED NOT NULL,
  `quantity` smallint(6) NOT NULL DEFAULT '0',
  `created_at` timestamp NULL DEFAULT NULL,
  `updated_at` timestamp NULL DEFAULT NULL
) ENGINE=InnoDB DEFAULT CHARSET=utf8mb4 COLLATE=utf8mb4_unicode_ci;

--
-- Dumping data for table `r10_food_menu_items`
--

INSERT INTO `r10_food_menu_items` (`id`, `food_menu_id`, `meal_item_id`, `quantity`, `created_at`, `updated_at`) VALUES
(1, 1, 9, 1, '2020-01-20 15:24:31', '2020-01-20 15:24:31'),
(2, 1, 15, 1, '2020-01-20 15:24:31', '2020-01-20 15:24:31'),
(3, 1, 16, 1, '2020-01-20 15:24:31', '2020-01-20 15:24:31'),
(4, 1, 17, 1, '2020-01-20 15:24:31', '2020-01-20 15:24:31'),
(5, 2, 20, 1, '2020-01-21 09:14:52', '2020-01-21 09:14:52'),
(6, 2, 17, 1, '2020-01-21 09:14:52', '2020-01-21 09:14:52'),
(7, 2, 19, 1, '2020-01-21 09:14:52', '2020-01-21 09:14:52'),
(15, 5, 29, 1, '2020-01-21 09:39:03', '2020-01-21 09:39:03'),
(16, 6, 26, 1, '2020-01-21 09:48:25', '2020-01-21 09:48:25'),
(17, 6, 28, 1, '2020-01-21 09:48:25', '2020-01-21 09:48:25'),
(18, 6, 17, 1, '2020-01-21 09:48:25', '2020-01-21 09:48:25'),
(52, 12, 1, 1, '2020-01-29 13:25:24', '2020-01-29 13:25:24'),
(53, 12, 21, 1, '2020-01-29 13:25:24', '2020-01-29 13:25:24'),
(54, 12, 23, 1, '2020-01-29 13:25:24', '2020-01-29 13:25:24'),
(55, 12, 16, 1, '2020-01-29 13:25:24', '2020-01-29 13:25:24'),
(56, 12, 18, 1, '2020-01-29 13:25:24', '2020-01-29 13:25:24'),
(61, 14, 15, 1, '2020-02-08 10:56:11', '2020-02-08 10:56:11'),
(62, 14, 38, 1, '2020-02-08 10:56:11', '2020-02-08 10:56:11'),
(63, 14, 39, 1, '2020-02-08 10:56:11', '2020-02-08 10:56:11'),
(64, 14, 17, 1, '2020-02-08 10:56:11', '2020-02-08 10:56:11'),
(72, 16, 48, 1, '2020-02-08 11:15:15', '2020-02-08 11:15:15'),
(73, 16, 20, 1, '2020-02-08 11:15:15', '2020-02-08 11:15:15'),
(74, 17, 6, 1, '2020-02-16 15:57:50', '2020-02-16 15:57:50'),
(75, 17, 7, 1, '2020-02-16 15:57:50', '2020-02-16 15:57:50'),
(76, 17, 17, 1, '2020-02-16 15:57:50', '2020-02-16 15:57:50'),
(77, 17, 49, 1, '2020-02-16 15:57:50', '2020-02-16 15:57:50'),
(78, 18, 20, 1, '2020-02-16 15:59:00', '2020-02-16 15:59:00'),
(79, 18, 17, 1, '2020-02-16 15:59:00', '2020-02-16 15:59:00'),
(80, 19, 1, 1, '2020-02-16 16:00:51', '2020-02-16 16:00:51'),
(81, 19, 35, 1, '2020-02-16 16:00:51', '2020-02-16 16:00:51'),
(82, 19, 21, 1, '2020-02-16 16:00:51', '2020-02-16 16:00:51'),
(83, 19, 31, 1, '2020-02-16 16:00:51', '2020-02-16 16:00:51'),
(84, 19, 16, 1, '2020-02-16 16:00:51', '2020-02-16 16:00:51'),
(85, 19, 18, 1, '2020-02-16 16:00:51', '2020-02-16 16:00:51'),
(86, 19, 25, 1, '2020-02-16 16:00:51', '2020-02-16 16:00:51'),
(87, 20, 1, 1, '2020-02-17 16:30:16', '2020-02-17 16:30:16'),
(88, 20, 44, 1, '2020-02-17 16:30:16', '2020-02-17 16:30:16'),
(89, 20, 45, 1, '2020-02-17 16:30:16', '2020-02-17 16:30:16'),
(90, 20, 46, 1, '2020-02-17 16:30:16', '2020-02-17 16:30:16'),
(91, 20, 22, 1, '2020-02-17 16:30:16', '2020-02-17 16:30:16'),
(92, 20, 18, 1, '2020-02-17 16:30:16', '2020-02-17 16:30:16'),
(93, 20, 25, 1, '2020-02-17 16:30:16', '2020-02-17 16:30:16'),
(94, 21, 2, 14, '2020-02-17 16:38:21', '2020-02-17 16:38:21'),
(95, 21, 22, 24, '2020-02-17 16:38:21', '2020-02-17 16:38:21'),
(96, 21, 31, 41, '2020-02-17 16:38:21', '2020-02-17 16:38:21'),
(97, 22, 51, 1, '2020-02-17 16:49:15', '2020-02-17 16:49:15'),
(98, 23, 1, 1, '2020-02-17 17:08:54', '2020-02-17 17:08:54'),
(99, 23, 50, 1, '2020-02-17 17:08:54', '2020-02-17 17:08:54'),
(100, 23, 31, 1, '2020-02-17 17:08:54', '2020-02-17 17:08:54'),
(101, 23, 16, 1, '2020-02-17 17:08:54', '2020-02-17 17:08:54'),
(102, 23, 18, 1, '2020-02-17 17:08:54', '2020-02-17 17:08:54'),
(103, 23, 25, 1, '2020-02-17 17:08:54', '2020-02-17 17:08:54'),
(121, 26, 6, 1, '2020-02-17 17:36:18', '2020-02-17 17:36:18'),
(122, 26, 7, 1, '2020-02-17 17:36:18', '2020-02-17 17:36:18'),
(123, 27, 1, 1, '2020-02-17 17:37:11', '2020-02-17 17:37:11'),
(124, 27, 30, 1, '2020-02-17 17:37:11', '2020-02-17 17:37:11'),
(125, 27, 31, 1, '2020-02-17 17:37:11', '2020-02-17 17:37:11'),
(126, 27, 16, 1, '2020-02-17 17:37:11', '2020-02-17 17:37:11'),
(127, 27, 54, 1, '2020-02-17 17:37:11', '2020-02-17 17:37:11'),
(128, 28, 17, 1, '2020-02-17 17:37:31', '2020-02-17 17:37:31'),
(129, 29, 1, 1, '2020-02-25 18:14:29', '2020-02-25 18:14:29'),
(130, 29, 45, 1, '2020-02-25 18:14:29', '2020-02-25 18:14:29'),
(131, 29, 31, 1, '2020-02-25 18:14:29', '2020-02-25 18:14:29'),
(132, 29, 16, 1, '2020-02-25 18:14:29', '2020-02-25 18:14:29'),
(133, 30, 1, 1, '2020-02-25 18:16:44', '2020-02-25 18:16:44'),
(134, 30, 21, 1, '2020-02-25 18:16:44', '2020-02-25 18:16:44'),
(135, 30, 23, 1, '2020-02-25 18:16:44', '2020-02-25 18:16:44'),
(136, 30, 31, 1, '2020-02-25 18:16:44', '2020-02-25 18:16:44'),
(137, 30, 16, 1, '2020-02-25 18:16:44', '2020-02-25 18:16:44'),
(138, 30, 25, 1, '2020-02-25 18:16:44', '2020-02-25 18:16:44'),
(139, 31, 1, 1, '2020-02-25 18:35:47', '2020-02-25 18:35:47'),
(140, 31, 30, 1, '2020-02-25 18:35:47', '2020-02-25 18:35:47'),
(141, 31, 56, 1, '2020-02-25 18:35:47', '2020-02-25 18:35:47'),
(142, 31, 16, 1, '2020-02-25 18:35:47', '2020-02-25 18:35:47'),
(143, 32, 17, 1, '2020-02-25 18:36:45', '2020-02-25 18:36:45'),
(144, 33, 27, 1, '2020-02-25 18:44:43', '2020-02-25 18:44:43'),
(145, 34, 1, 1, '2020-02-25 18:49:47', '2020-02-25 18:49:47'),
(146, 34, 57, 1, '2020-02-25 18:49:47', '2020-02-25 18:49:47'),
(147, 34, 56, 1, '2020-02-25 18:49:47', '2020-02-25 18:49:47'),
(148, 34, 16, 1, '2020-02-25 18:49:47', '2020-02-25 18:49:47'),
(149, 34, 39, 1, '2020-02-25 18:49:47', '2020-02-25 18:49:47'),
(150, 34, 18, 1, '2020-02-25 18:49:47', '2020-02-25 18:49:47'),
(151, 35, 58, 1, '2020-02-25 18:56:43', '2020-02-25 18:56:43'),
(152, 35, 27, 1, '2020-02-25 18:56:43', '2020-02-25 18:56:43'),
(153, 36, 1, 1, '2020-02-26 12:03:39', '2020-02-26 12:03:39'),
(154, 36, 35, 1, '2020-02-26 12:03:39', '2020-02-26 12:03:39'),
(155, 36, 21, 1, '2020-02-26 12:03:39', '2020-02-26 12:03:39'),
(156, 36, 31, 1, '2020-02-26 12:03:39', '2020-02-26 12:03:39'),
(157, 36, 16, 1, '2020-02-26 12:03:39', '2020-02-26 12:03:39'),
(158, 36, 18, 1, '2020-02-26 12:03:39', '2020-02-26 12:03:39'),
(159, 37, 1, 1, '2020-02-26 12:05:12', '2020-02-26 12:05:12'),
(160, 37, 44, 1, '2020-02-26 12:05:12', '2020-02-26 12:05:12'),
(161, 37, 45, 1, '2020-02-26 12:05:12', '2020-02-26 12:05:12'),
(162, 37, 46, 1, '2020-02-26 12:05:12', '2020-02-26 12:05:12'),
(163, 37, 22, 1, '2020-02-26 12:05:12', '2020-02-26 12:05:12'),
(164, 37, 18, 1, '2020-02-26 12:05:12', '2020-02-26 12:05:12'),
(165, 38, 1, 1, '2020-02-26 12:06:40', '2020-02-26 12:06:40'),
(166, 38, 4, 1, '2020-02-26 12:06:41', '2020-02-26 12:06:41'),
(167, 38, 31, 1, '2020-02-26 12:06:41', '2020-02-26 12:06:41'),
(168, 38, 16, 1, '2020-02-26 12:06:41', '2020-02-26 12:06:41'),
(169, 38, 18, 1, '2020-02-26 12:06:41', '2020-02-26 12:06:41'),
(170, 39, 1, 1, '2020-03-01 18:14:37', '2020-03-01 18:14:37'),
(171, 39, 30, 1, '2020-03-01 18:14:37', '2020-03-01 18:14:37'),
(172, 39, 38, 1, '2020-03-01 18:14:37', '2020-03-01 18:14:37'),
(173, 39, 16, 1, '2020-03-01 18:14:37', '2020-03-01 18:14:37'),
(174, 39, 18, 1, '2020-03-01 18:14:37', '2020-03-01 18:14:37'),
(175, 40, 1, 1, '2020-03-01 18:30:36', '2020-03-01 18:30:36'),
(176, 40, 23, 1, '2020-03-01 18:30:36', '2020-03-01 18:30:36'),
(177, 40, 55, 1, '2020-03-01 18:30:36', '2020-03-01 18:30:36'),
(178, 40, 16, 1, '2020-03-01 18:30:36', '2020-03-01 18:30:36'),
(179, 40, 18, 1, '2020-03-01 18:30:36', '2020-03-01 18:30:36'),
(180, 41, 20, 1, '2020-03-03 12:24:57', '2020-03-03 12:24:57'),
(181, 41, 17, 1, '2020-03-03 12:24:57', '2020-03-03 12:24:57'),
(183, 43, 29, 1, '2020-03-03 12:30:32', '2020-03-03 12:30:32'),
(184, 44, 6, 1, '2020-03-03 14:23:06', '2020-03-03 14:23:06'),
(185, 44, 7, 1, '2020-03-03 14:23:06', '2020-03-03 14:23:06'),
(186, 44, 49, 1, '2020-03-03 14:23:06', '2020-03-03 14:23:06'),
(187, 45, 1, 1, '2020-03-03 14:31:34', '2020-03-03 14:31:34'),
(188, 45, 59, 1, '2020-03-03 14:31:34', '2020-03-03 14:31:34'),
(189, 45, 45, 1, '2020-03-03 14:31:34', '2020-03-03 14:31:34'),
(190, 45, 31, 1, '2020-03-03 14:31:34', '2020-03-03 14:31:34'),
(191, 45, 16, 1, '2020-03-03 14:31:34', '2020-03-03 14:31:34'),
(192, 45, 18, 1, '2020-03-03 14:31:34', '2020-03-03 14:31:34'),
(193, 45, 25, 1, '2020-03-03 14:31:34', '2020-03-03 14:31:34'),
(194, 46, 1, 1, '2020-03-03 14:32:53', '2020-03-03 14:32:53'),
(195, 46, 59, 1, '2020-03-03 14:32:53', '2020-03-03 14:32:53'),
(196, 46, 31, 1, '2020-03-03 14:32:53', '2020-03-03 14:32:53'),
(197, 46, 45, 1, '2020-03-03 14:32:53', '2020-03-03 14:32:53'),
(198, 46, 16, 1, '2020-03-03 14:32:53', '2020-03-03 14:32:53'),
(199, 46, 18, 1, '2020-03-03 14:32:53', '2020-03-03 14:32:53'),
(200, 46, 25, 1, '2020-03-03 14:32:53', '2020-03-03 14:32:53'),
(201, 47, 60, 1, '2020-03-03 14:39:13', '2020-03-03 14:39:13'),
(202, 47, 17, 1, '2020-03-03 14:39:13', '2020-03-03 14:39:13'),
(203, 48, 51, 1, '2020-03-03 15:53:56', '2020-03-03 15:53:56'),
(204, 48, 20, 1, '2020-03-03 15:53:56', '2020-03-03 15:53:56'),
(205, 49, 1, 1, '2020-03-03 15:58:23', '2020-03-03 15:58:23'),
(206, 49, 21, 1, '2020-03-03 15:58:23', '2020-03-03 15:58:23'),
(207, 49, 61, 1, '2020-03-03 15:58:23', '2020-03-03 15:58:23'),
(208, 49, 16, 1, '2020-03-03 15:58:23', '2020-03-03 15:58:23'),
(209, 50, 30, 1, '2020-03-05 09:07:42', '2020-03-05 09:07:42'),
(210, 50, 38, 1, '2020-03-05 09:07:42', '2020-03-05 09:07:42'),
(211, 50, 8, 1, '2020-03-05 09:07:42', '2020-03-05 09:07:42'),
(212, 50, 18, 1, '2020-03-05 09:07:42', '2020-03-05 09:07:42'),
(213, 50, 2, 1, '2020-03-05 09:07:42', '2020-03-05 09:07:42'),
(214, 51, 17, 1, '2020-03-05 09:09:03', '2020-03-05 09:09:03'),
(215, 52, 1, 1, '2020-03-05 11:37:01', '2020-03-05 11:37:01'),
(216, 52, 30, 1, '2020-03-05 11:37:01', '2020-03-05 11:37:01'),
(217, 52, 35, 1, '2020-03-05 11:37:01', '2020-03-05 11:37:01'),
(218, 52, 16, 1, '2020-03-05 11:37:01', '2020-03-05 11:37:01'),
(219, 52, 18, 1, '2020-03-05 11:37:01', '2020-03-05 11:37:01'),
(220, 52, 52, 1, '2020-03-05 11:37:01', '2020-03-05 11:37:01'),
(221, 52, 31, 1, '2020-03-05 11:37:01', '2020-03-05 11:37:01'),
(222, 53, 48, 1, '2020-03-05 11:37:37', '2020-03-05 11:37:37'),
(223, 54, 10, 1, '2020-03-05 11:53:08', '2020-03-05 11:53:08'),
(224, 55, 62, 1, '2020-03-07 14:25:18', '2020-03-07 14:25:18'),
(225, 55, 39, 1, '2020-03-07 14:25:18', '2020-03-07 14:25:18'),
(226, 55, 17, 1, '2020-03-07 14:25:18', '2020-03-07 14:25:18'),
(227, 56, 1, 1, '2020-03-07 14:27:16', '2020-03-07 14:27:16'),
(228, 56, 21, 1, '2020-03-07 14:27:16', '2020-03-07 14:27:16'),
(229, 56, 22, 1, '2020-03-07 14:27:16', '2020-03-07 14:27:16'),
(230, 56, 23, 1, '2020-03-07 14:27:16', '2020-03-07 14:27:16'),
(231, 56, 16, 1, '2020-03-07 14:27:16', '2020-03-07 14:27:16'),
(232, 56, 18, 1, '2020-03-07 14:27:16', '2020-03-07 14:27:16'),
(233, 56, 25, 1, '2020-03-07 14:27:16', '2020-03-07 14:27:16'),
(234, 57, 2, 1, '2020-03-07 14:39:05', '2020-03-07 14:39:05'),
(235, 57, 21, 1, '2020-03-07 14:39:05', '2020-03-07 14:39:05'),
(236, 57, 22, 1, '2020-03-07 14:39:05', '2020-03-07 14:39:05'),
(237, 57, 8, 1, '2020-03-07 14:39:05', '2020-03-07 14:39:05'),
(238, 57, 52, 1, '2020-03-07 14:39:05', '2020-03-07 14:39:05'),
(239, 57, 18, 1, '2020-03-07 14:39:05', '2020-03-07 14:39:05'),
(240, 57, 17, 1, '2020-03-07 14:39:05', '2020-03-07 14:39:05'),
(241, 57, 49, 1, '2020-03-07 14:39:05', '2020-03-07 14:39:05'),
(242, 58, 1, 1, '2020-03-09 08:10:52', '2020-03-09 08:10:52'),
(243, 58, 18, 1, '2020-03-09 08:10:52', '2020-03-09 08:10:52'),
(244, 58, 33, 1, '2020-03-09 08:10:52', '2020-03-09 08:10:52'),
(245, 58, 3, 1, '2020-03-09 08:10:52', '2020-03-09 08:10:52'),
(246, 58, 38, 1, '2020-03-09 08:10:52', '2020-03-09 08:10:52'),
(247, 58, 16, 1, '2020-03-09 08:10:52', '2020-03-09 08:10:52'),
(248, 58, 25, 1, '2020-03-09 08:10:52', '2020-03-09 08:10:52'),
(249, 59, 40, 1, '2020-03-09 08:22:54', '2020-03-09 08:22:54'),
(250, 60, 1, 1, '2020-03-09 08:32:55', '2020-03-09 08:32:55'),
(251, 60, 33, 1, '2020-03-09 08:32:55', '2020-03-09 08:32:55'),
(252, 60, 23, 1, '2020-03-09 08:32:55', '2020-03-09 08:32:55'),
(253, 60, 16, 1, '2020-03-09 08:32:55', '2020-03-09 08:32:55');

-- --------------------------------------------------------

--
-- Table structure for table `r11_food_sales`
--

CREATE TABLE `r11_food_sales` (
  `id` int(10) UNSIGNED NOT NULL,
  `billing_id` int(10) UNSIGNED NOT NULL,
  `date_id` int(10) UNSIGNED NOT NULL,
  `menu_id` int(10) UNSIGNED NOT NULL,
  `quantity` tinyint(3) UNSIGNED NOT NULL DEFAULT '0',
  `bill` double(12,2) NOT NULL DEFAULT '0.00',
  `discount` double(14,2) NOT NULL DEFAULT '0.00',
  `vat` tinyint(3) UNSIGNED NOT NULL DEFAULT '0',
  `service_charge` tinyint(3) UNSIGNED NOT NULL DEFAULT '0',
  `deleted_at` timestamp NULL DEFAULT NULL,
  `created_at` timestamp NULL DEFAULT NULL,
  `updated_at` timestamp NULL DEFAULT NULL
) ENGINE=InnoDB DEFAULT CHARSET=utf8mb4 COLLATE=utf8mb4_unicode_ci;

--
-- Dumping data for table `r11_food_sales`
--

INSERT INTO `r11_food_sales` (`id`, `billing_id`, `date_id`, `menu_id`, `quantity`, `bill`, `discount`, `vat`, `service_charge`, `deleted_at`, `created_at`, `updated_at`) VALUES
(1, 1, 1, 17, 25, 1750.00, 0.00, 0, 10, '2020-02-17 13:18:32', '2020-02-16 16:04:47', '2020-02-17 13:18:32'),
(2, 1, 1, 18, 25, 500.00, 0.00, 0, 10, '2020-02-17 13:18:32', '2020-02-16 16:04:47', '2020-02-17 13:18:32'),
(3, 1, 1, 19, 25, 6500.00, 0.00, 0, 10, '2020-02-17 13:18:32', '2020-02-16 16:04:47', '2020-02-17 13:18:32'),
(4, 2, 1, 17, 25, 1750.00, 0.00, 0, 10, '2020-02-17 14:50:23', '2020-02-17 13:21:37', '2020-02-17 14:50:23'),
(5, 2, 1, 18, 25, 500.00, 0.00, 0, 10, '2020-02-17 14:50:23', '2020-02-17 13:21:37', '2020-02-17 14:50:23'),
(6, 2, 1, 19, 25, 6500.00, 0.00, 0, 10, '2020-02-17 14:50:23', '2020-02-17 13:21:37', '2020-02-17 14:50:23'),
(7, 3, 1, 17, 25, 1750.00, 0.00, 0, 10, NULL, '2020-02-17 14:53:22', '2020-02-17 14:53:22'),
(8, 3, 1, 18, 25, 500.00, 0.00, 0, 10, NULL, '2020-02-17 14:53:22', '2020-02-17 14:53:22'),
(9, 3, 1, 19, 25, 6500.00, 0.00, 0, 10, NULL, '2020-02-17 14:53:22', '2020-02-17 14:53:22'),
(10, 5, 1, 14, 75, 10875.00, 0.00, 0, 10, NULL, '2020-02-17 16:33:32', '2020-02-17 16:33:32'),
(11, 5, 1, 20, 75, 37875.00, 0.00, 0, 10, NULL, '2020-02-17 16:33:32', '2020-02-17 16:33:32'),
(12, 5, 1, 16, 75, 3000.00, 0.00, 0, 10, NULL, '2020-02-17 16:33:32', '2020-02-17 16:33:32'),
(13, 6, 1, 21, 1, 9360.00, 0.00, 0, 10, '2020-02-17 16:42:25', '2020-02-17 16:40:08', '2020-02-17 16:42:25'),
(14, 6, 1, 21, 1, 9360.00, 0.00, 0, 10, '2020-02-17 16:42:25', '2020-02-17 16:40:21', '2020-02-17 16:42:25'),
(15, 7, 1, 21, 1, 9360.00, 0.00, 0, 10, NULL, '2020-02-17 16:44:05', '2020-02-17 16:44:05'),
(16, 9, 1, 17, 57, 3990.00, 0.00, 0, 10, NULL, '2020-02-17 17:11:35', '2020-02-17 17:11:35'),
(17, 9, 1, 23, 57, 13965.00, 0.00, 0, 10, NULL, '2020-02-17 17:11:35', '2020-02-17 17:11:35'),
(18, 9, 1, 22, 57, 1710.00, 0.00, 0, 10, NULL, '2020-02-17 17:11:35', '2020-02-17 17:11:35'),
(19, 13, 1, 27, 28, 8400.00, 3640.00, 0, 0, NULL, '2020-02-17 17:46:08', '2020-02-17 17:46:08'),
(20, 19, 1, 12, 3, 600.00, 0.00, 0, 0, '2020-02-25 12:58:31', '2020-02-19 22:44:02', '2020-02-25 12:58:31'),
(21, 21, 1, 12, 3, 600.00, 0.00, 0, 0, '2020-02-25 12:45:19', '2020-02-19 22:47:00', '2020-02-25 12:45:19'),
(22, 22, 1, 12, 3, 600.00, 0.00, 0, 0, '2020-02-25 12:35:16', '2020-02-19 22:48:27', '2020-02-25 12:35:16'),
(23, 37, 1, 12, 2, 400.00, 0.00, 0, 0, '2020-02-19 23:25:52', '2020-02-19 23:24:15', '2020-02-19 23:25:52'),
(24, 38, 1, 1, 6, 420.00, 0.00, 0, 0, '2020-02-25 11:52:46', '2020-02-19 23:27:40', '2020-02-25 11:52:46'),
(25, 39, 1, 12, 2, 400.00, 0.00, 0, 0, NULL, '2020-02-25 12:15:07', '2020-02-25 12:15:07'),
(26, 42, 1, 12, 3, 600.00, 0.00, 0, 0, NULL, '2020-02-25 12:39:16', '2020-02-25 12:39:16'),
(27, 43, 1, 12, 3, 300.00, 300.00, 15, 0, '2020-02-25 12:49:33', '2020-02-25 12:48:51', '2020-02-25 12:49:33'),
(28, 44, 1, 12, 3, 300.00, 300.00, 0, 0, '2020-02-25 12:51:35', '2020-02-25 12:50:49', '2020-02-25 12:51:35'),
(29, 45, 1, 12, 3, 600.00, 0.00, 0, 0, NULL, '2020-02-25 12:53:15', '2020-02-25 12:53:15'),
(30, 46, 1, 12, 3, 600.00, 0.00, 0, 0, NULL, '2020-02-25 12:57:34', '2020-02-25 12:57:34'),
(31, 53, 2, 29, 7, 1960.00, 0.00, 0, 5, NULL, '2020-02-25 18:27:29', '2020-02-25 18:27:29'),
(32, 53, 2, 17, 30, 2100.00, 0.00, 0, 5, NULL, '2020-02-25 18:27:29', '2020-02-25 18:27:29'),
(33, 53, 2, 18, 32, 640.00, 0.00, 0, 5, NULL, '2020-02-25 18:27:29', '2020-02-25 18:27:29'),
(34, 53, 2, 30, 32, 10720.00, 0.00, 0, 5, NULL, '2020-02-25 18:27:29', '2020-02-25 18:27:29'),
(35, 53, 2, 28, 32, 320.00, 0.00, 0, 5, NULL, '2020-02-25 18:27:29', '2020-02-25 18:27:29'),
(36, 54, 2, 18, 24, 480.00, 0.00, 0, 10, NULL, '2020-02-25 18:42:08', '2020-02-25 18:42:08'),
(37, 54, 2, 31, 24, 5280.00, 0.00, 0, 10, NULL, '2020-02-25 18:42:08', '2020-02-25 18:42:08'),
(38, 54, 2, 32, 24, 240.00, 0.00, 0, 10, NULL, '2020-02-25 18:42:08', '2020-02-25 18:42:08'),
(39, 55, 2, 33, 25, 750.00, 125.00, 0, 10, NULL, '2020-02-25 19:01:21', '2020-02-25 19:01:21'),
(40, 55, 2, 19, 25, 6375.00, 125.00, 0, 10, NULL, '2020-02-25 19:01:21', '2020-02-25 19:01:21'),
(41, 55, 2, 6, 25, 825.00, 50.00, 0, 10, NULL, '2020-02-25 19:01:21', '2020-02-25 19:01:21'),
(42, 62, 2, 12, 13, 1430.00, 1170.00, 0, 0, '2020-03-01 11:28:55', '2020-03-01 11:21:26', '2020-03-01 11:28:55'),
(43, 62, 2, 12, 13, 2600.00, 0.00, 0, 0, '2020-03-01 11:28:55', '2020-03-01 11:22:53', '2020-03-01 11:28:55'),
(44, 62, 2, 12, 12, 2400.00, 0.00, 0, 0, '2020-03-01 11:28:55', '2020-03-01 11:24:00', '2020-03-01 11:28:55'),
(45, 67, 3, 12, 2, 400.00, 0.00, 15, 0, '2020-03-01 13:25:16', '2020-03-01 13:22:36', '2020-03-01 13:25:16'),
(46, 67, 3, 36, 2, 350.00, 120.00, 15, 0, '2020-03-01 13:25:16', '2020-03-01 13:22:36', '2020-03-01 13:25:16'),
(47, 73, 3, 1, 1, 70.00, 0.00, 0, 0, NULL, '2020-03-01 13:49:08', '2020-03-01 13:49:08'),
(48, 85, 4, 17, 37, 2590.00, 0.00, 0, 10, NULL, '2020-03-03 12:31:11', '2020-03-03 12:31:11'),
(49, 85, 4, 40, 37, 8510.00, 0.00, 0, 10, NULL, '2020-03-03 12:31:11', '2020-03-03 12:31:11'),
(50, 85, 4, 41, 37, 740.00, 0.00, 0, 10, NULL, '2020-03-03 12:31:11', '2020-03-03 12:31:11'),
(51, 85, 4, 43, 5, 200.00, 0.00, 0, 10, NULL, '2020-03-03 12:31:11', '2020-03-03 12:31:11'),
(52, 89, 5, 44, 69, 4140.00, 0.00, 0, 10, NULL, '2020-03-03 14:41:47', '2020-03-03 14:41:47'),
(53, 89, 5, 18, 69, 1380.00, 0.00, 0, 10, NULL, '2020-03-03 14:41:47', '2020-03-03 14:41:47'),
(54, 89, 5, 45, 69, 24495.00, 0.00, 0, 10, NULL, '2020-03-03 14:41:47', '2020-03-03 14:41:47'),
(55, 89, 5, 47, 69, 1725.00, 345.00, 0, 10, NULL, '2020-03-03 14:41:47', '2020-03-03 14:41:47'),
(56, 89, 5, 44, 21, 1260.00, 0.00, 0, 10, NULL, '2020-03-03 14:41:47', '2020-03-03 14:41:47'),
(57, 89, 5, 18, 21, 420.00, 0.00, 0, 10, NULL, '2020-03-03 14:41:47', '2020-03-03 14:41:47'),
(58, 89, 5, 45, 21, 7455.00, 0.00, 0, 10, NULL, '2020-03-03 14:41:47', '2020-03-03 14:41:47'),
(59, 89, 5, 47, 13, 325.00, 65.00, 0, 10, NULL, '2020-03-03 14:41:47', '2020-03-03 14:41:47'),
(60, 89, 5, 46, 13, 4615.00, 0.00, 0, 10, NULL, '2020-03-03 14:41:47', '2020-03-03 14:41:47'),
(61, 90, 5, 48, 15, 600.00, 0.00, 0, 10, NULL, '2020-03-03 16:02:14', '2020-03-03 16:02:14'),
(62, 90, 5, 19, 15, 3900.00, 0.00, 0, 10, NULL, '2020-03-03 16:02:14', '2020-03-03 16:02:14'),
(63, 105, 6, 51, 50, 500.00, 0.00, 0, 10, '2020-03-05 09:11:34', '2020-03-05 09:09:41', '2020-03-05 09:11:34'),
(64, 105, 6, 50, 47, 11750.00, 0.00, 0, 10, '2020-03-05 09:11:34', '2020-03-05 09:09:41', '2020-03-05 09:11:34'),
(65, 105, 6, 51, 50, 500.00, 0.00, 0, 10, '2020-03-05 09:11:34', '2020-03-05 09:10:46', '2020-03-05 09:11:34'),
(66, 105, 6, 50, 47, 11750.00, 0.00, 0, 10, '2020-03-05 09:11:34', '2020-03-05 09:10:46', '2020-03-05 09:11:34'),
(67, 106, 6, 51, 50, 500.00, 0.00, 0, 10, NULL, '2020-03-05 09:13:29', '2020-03-05 09:13:29'),
(68, 106, 6, 50, 47, 11750.00, 0.00, 0, 10, NULL, '2020-03-05 09:13:29', '2020-03-05 09:13:29'),
(69, 127, 8, 17, 55, 3850.00, 0.00, 0, 5, NULL, '2020-03-05 11:42:41', '2020-03-05 11:42:41'),
(70, 127, 8, 52, 55, 12925.00, 275.00, 0, 5, NULL, '2020-03-05 11:42:41', '2020-03-05 11:42:41'),
(71, 127, 8, 53, 55, 1375.00, 275.00, 0, 5, NULL, '2020-03-05 11:42:41', '2020-03-05 11:42:41'),
(72, 128, 8, 18, 26, 520.00, 0.00, 0, 0, NULL, '2020-03-05 11:53:40', '2020-03-05 11:53:40'),
(73, 128, 8, 41, 26, 520.00, 0.00, 0, 0, NULL, '2020-03-05 11:53:40', '2020-03-05 11:53:40'),
(74, 128, 8, 54, 26, 5460.00, 780.00, 0, 0, NULL, '2020-03-05 11:53:40', '2020-03-05 11:53:40'),
(75, 134, 9, 18, 19, 380.00, 0.00, 0, 10, '2020-03-05 13:08:24', '2020-03-05 13:07:35', '2020-03-05 13:08:24'),
(76, 134, 9, 34, 19, 4845.00, 0.00, 0, 10, '2020-03-05 13:08:24', '2020-03-05 13:07:35', '2020-03-05 13:08:24'),
(77, 134, 9, 22, 19, 570.00, 0.00, 0, 10, '2020-03-05 13:08:24', '2020-03-05 13:07:35', '2020-03-05 13:08:24'),
(78, 135, 9, 18, 19, 380.00, 0.00, 15, 0, '2020-03-05 13:10:34', '2020-03-05 13:09:55', '2020-03-05 13:10:34'),
(79, 135, 9, 34, 19, 4845.00, 0.00, 15, 0, '2020-03-05 13:10:34', '2020-03-05 13:09:55', '2020-03-05 13:10:34'),
(80, 135, 9, 22, 19, 570.00, 0.00, 15, 0, '2020-03-05 13:10:34', '2020-03-05 13:09:55', '2020-03-05 13:10:34'),
(81, 136, 9, 18, 19, 380.00, 0.00, 0, 0, NULL, '2020-03-05 13:11:48', '2020-03-05 13:11:48'),
(82, 136, 9, 34, 19, 4845.00, 0.00, 0, 0, NULL, '2020-03-05 13:11:48', '2020-03-05 13:11:48'),
(83, 136, 9, 22, 19, 570.00, 0.00, 0, 0, NULL, '2020-03-05 13:11:48', '2020-03-05 13:11:48'),
(84, 137, 9, 39, 36, 6120.00, 360.00, 0, 0, NULL, '2020-03-05 13:15:11', '2020-03-05 13:15:11'),
(85, 144, 10, 18, 16, 320.00, 0.00, 0, 0, '2020-03-07 11:19:27', '2020-03-07 11:18:53', '2020-03-07 11:19:27'),
(86, 144, 10, 36, 17, 3995.00, 0.00, 0, 0, '2020-03-07 11:19:27', '2020-03-07 11:18:53', '2020-03-07 11:19:27'),
(87, 144, 10, 32, 6, 60.00, 0.00, 0, 0, '2020-03-07 11:19:27', '2020-03-07 11:18:53', '2020-03-07 11:19:27'),
(88, 145, 10, 18, 16, 320.00, 0.00, 0, 10, NULL, '2020-03-07 11:21:24', '2020-03-07 11:21:24'),
(89, 145, 10, 36, 17, 3995.00, 0.00, 0, 10, NULL, '2020-03-07 11:21:24', '2020-03-07 11:21:24'),
(90, 145, 10, 32, 6, 60.00, 0.00, 0, 10, NULL, '2020-03-07 11:21:24', '2020-03-07 11:21:24'),
(91, 148, 11, 1, 1, 70.00, 0.00, 0, 0, NULL, '2020-03-07 11:40:12', '2020-03-07 11:40:12'),
(92, 164, 12, 55, 95, 6175.00, 0.00, 0, 10, '2020-03-07 14:32:15', '2020-03-07 14:30:19', '2020-03-07 14:32:15'),
(93, 164, 12, 56, 95, 35150.00, 475.00, 0, 10, '2020-03-07 14:32:15', '2020-03-07 14:30:19', '2020-03-07 14:32:15'),
(94, 164, 12, 41, 95, 1900.00, 0.00, 0, 10, '2020-03-07 14:32:15', '2020-03-07 14:30:19', '2020-03-07 14:32:15'),
(95, 165, 12, 55, 94, 6110.00, 0.00, 0, 10, '2020-03-07 14:56:47', '2020-03-07 14:34:53', '2020-03-07 14:56:47'),
(96, 165, 12, 56, 94, 34780.00, 470.00, 0, 10, '2020-03-07 14:56:47', '2020-03-07 14:34:54', '2020-03-07 14:56:47'),
(97, 165, 12, 41, 94, 1880.00, 0.00, 0, 10, '2020-03-07 14:56:47', '2020-03-07 14:34:54', '2020-03-07 14:56:47'),
(98, 166, 12, 57, 79, 25675.00, 0.00, 0, 10, '2020-03-07 15:01:11', '2020-03-07 15:00:02', '2020-03-07 15:01:11'),
(99, 166, 12, 57, 79, 25675.00, 0.00, 0, 10, '2020-03-07 15:01:11', '2020-03-07 15:00:02', '2020-03-07 15:01:11'),
(100, 166, 12, 57, 79, 25675.00, 0.00, 0, 10, '2020-03-07 15:01:11', '2020-03-07 15:00:02', '2020-03-07 15:01:11'),
(101, 167, 12, 57, 79, 25675.00, 0.00, 0, 0, NULL, '2020-03-07 15:02:41', '2020-03-07 15:02:41'),
(102, 167, 12, 57, 79, 25675.00, 0.00, 0, 0, NULL, '2020-03-07 15:02:41', '2020-03-07 15:02:41'),
(103, 167, 12, 57, 79, 25675.00, 0.00, 0, 0, NULL, '2020-03-07 15:02:41', '2020-03-07 15:02:41'),
(104, 168, 12, 55, 94, 6110.00, 0.00, 0, 10, NULL, '2020-03-07 15:06:49', '2020-03-07 15:06:49'),
(105, 168, 12, 56, 94, 34780.00, 470.00, 0, 10, NULL, '2020-03-07 15:06:49', '2020-03-07 15:06:49'),
(106, 168, 12, 41, 94, 1880.00, 0.00, 0, 10, NULL, '2020-03-07 15:06:49', '2020-03-07 15:06:49'),
(107, 183, 13, 18, 15, 300.00, 0.00, 0, 0, '2020-03-09 08:16:04', '2020-03-09 08:14:10', '2020-03-09 08:16:04'),
(108, 183, 13, 56, 45, 15750.00, 1125.00, 0, 0, '2020-03-09 08:16:04', '2020-03-09 08:14:10', '2020-03-09 08:16:04'),
(109, 183, 13, 18, 15, 300.00, 0.00, 0, 0, '2020-03-09 08:16:04', '2020-03-09 08:14:38', '2020-03-09 08:16:04'),
(110, 183, 13, 56, 45, 15750.00, 1125.00, 0, 0, '2020-03-09 08:16:04', '2020-03-09 08:14:38', '2020-03-09 08:16:04'),
(111, 183, 13, 5, 8, 320.00, 0.00, 0, 0, '2020-03-09 08:16:04', '2020-03-09 08:14:38', '2020-03-09 08:16:04'),
(112, 185, 13, 1, 1, 70.00, 0.00, 0, 0, NULL, '2020-03-09 08:17:45', '2020-03-09 08:17:45'),
(113, 186, 13, 18, 15, 300.00, 0.00, 0, 0, NULL, '2020-03-09 08:23:47', '2020-03-09 08:23:47'),
(114, 186, 13, 56, 45, 15750.00, 1125.00, 0, 0, NULL, '2020-03-09 08:23:47', '2020-03-09 08:23:47'),
(115, 186, 13, 5, 8, 320.00, 0.00, 0, 0, NULL, '2020-03-09 08:23:47', '2020-03-09 08:23:47'),
(116, 186, 13, 59, 13, 195.00, 0.00, 0, 0, NULL, '2020-03-09 08:23:47', '2020-03-09 08:23:47'),
(117, 187, 13, 12, 1, 200.00, 0.00, 0, 0, NULL, '2020-03-09 08:29:48', '2020-03-09 08:29:48'),
(118, 189, 13, 1, 1, 70.00, 0.00, 0, 0, NULL, '2020-03-09 08:34:09', '2020-03-09 08:34:09'),
(119, 189, 13, 60, 1, 170.00, 10.00, 0, 0, NULL, '2020-03-09 08:34:09', '2020-03-09 08:34:09'),
(120, 190, 13, 5, 2, 80.00, 0.00, 0, 0, NULL, '2020-03-09 08:42:12', '2020-03-09 09:14:17');

-- --------------------------------------------------------

--
-- Table structure for table `roles`
--

CREATE TABLE `roles` (
  `id` int(10) UNSIGNED NOT NULL,
  `name` varchar(191) COLLATE utf8mb4_unicode_ci NOT NULL,
  `description` varchar(191) COLLATE utf8mb4_unicode_ci NOT NULL,
  `parent_id` int(11) NOT NULL,
  `created_at` timestamp NULL DEFAULT NULL,
  `updated_at` timestamp NULL DEFAULT NULL
) ENGINE=InnoDB DEFAULT CHARSET=utf8mb4 COLLATE=utf8mb4_unicode_ci;

--
-- Dumping data for table `roles`
--

INSERT INTO `roles` (`id`, `name`, `description`, `parent_id`, `created_at`, `updated_at`) VALUES
(1, 'Super Admin', 'super admin', 0, NULL, NULL),
(2, 'Admin', 'admin', 1, NULL, NULL);

-- --------------------------------------------------------

--
-- Table structure for table `s1_unit_types`
--

CREATE TABLE `s1_unit_types` (
  `id` int(10) UNSIGNED NOT NULL,
  `name` varchar(191) COLLATE utf8mb4_unicode_ci NOT NULL,
  `short_name` varchar(191) COLLATE utf8mb4_unicode_ci NOT NULL,
  `description` text COLLATE utf8mb4_unicode_ci,
  `deleted_at` timestamp NULL DEFAULT NULL,
  `created_at` timestamp NULL DEFAULT NULL,
  `updated_at` timestamp NULL DEFAULT NULL
) ENGINE=InnoDB DEFAULT CHARSET=utf8mb4 COLLATE=utf8mb4_unicode_ci;

--
-- Dumping data for table `s1_unit_types`
--

INSERT INTO `s1_unit_types` (`id`, `name`, `short_name`, `description`, `deleted_at`, `created_at`, `updated_at`) VALUES
(1, 'KG', 'kg', NULL, NULL, '2020-02-08 22:20:12', '2020-02-08 22:20:12'),
(2, 'Liter', 'liter', NULL, NULL, '2020-02-08 22:21:24', '2020-02-08 22:21:24'),
(3, 'Piece', 'piece', NULL, NULL, '2020-02-08 22:22:16', '2020-02-08 22:22:16'),
(4, 'Dozon', 'dozon', NULL, NULL, '2020-02-08 22:22:43', '2020-02-08 22:22:43');

-- --------------------------------------------------------

--
-- Table structure for table `s2_units`
--

CREATE TABLE `s2_units` (
  `id` int(10) UNSIGNED NOT NULL,
  `unit_type_id` int(10) UNSIGNED NOT NULL,
  `name` varchar(191) COLLATE utf8mb4_unicode_ci NOT NULL,
  `short_name` varchar(191) COLLATE utf8mb4_unicode_ci NOT NULL,
  `description` text COLLATE utf8mb4_unicode_ci,
  `multiply_by` double(14,6) NOT NULL DEFAULT '1.000000',
  `deleted_at` timestamp NULL DEFAULT NULL,
  `created_at` timestamp NULL DEFAULT NULL,
  `updated_at` timestamp NULL DEFAULT NULL
) ENGINE=InnoDB DEFAULT CHARSET=utf8mb4 COLLATE=utf8mb4_unicode_ci;

--
-- Dumping data for table `s2_units`
--

INSERT INTO `s2_units` (`id`, `unit_type_id`, `name`, `short_name`, `description`, `multiply_by`, `deleted_at`, `created_at`, `updated_at`) VALUES
(1, 1, 'kg', 'kg', NULL, 1.000000, NULL, '2020-02-08 22:20:23', '2020-02-08 22:20:23'),
(2, 1, 'Gram', 'gm', NULL, 1000.000000, NULL, '2020-02-08 22:20:56', '2020-02-08 22:20:56'),
(3, 1, 'Miligram', 'mg', NULL, 1000000.000000, NULL, '2020-02-08 22:21:13', '2020-02-08 22:21:13'),
(4, 2, 'Liter', 'liter', NULL, 1.000000, NULL, '2020-02-08 22:21:37', '2020-02-08 22:21:37'),
(5, 2, 'Mililiter', 'ml', NULL, 1000.000000, NULL, '2020-02-08 22:21:59', '2020-02-08 22:21:59'),
(6, 3, 'piece', 'piece', NULL, 1.000000, NULL, '2020-02-08 22:22:29', '2020-02-08 22:22:29'),
(7, 4, 'dozon', 'dzn', NULL, 1.000000, NULL, '2020-02-08 22:23:16', '2020-02-08 22:23:16'),
(8, 4, 'Hali', 'hali', NULL, 3.000000, NULL, '2020-02-08 22:23:40', '2020-02-08 22:23:40');

-- --------------------------------------------------------

--
-- Table structure for table `staff`
--

CREATE TABLE `staff` (
  `id` int(10) UNSIGNED NOT NULL,
  `type_id` enum('3','5') COLLATE utf8mb4_unicode_ci NOT NULL,
  `name` varchar(100) COLLATE utf8mb4_unicode_ci NOT NULL,
  `phone_no` varchar(15) COLLATE utf8mb4_unicode_ci DEFAULT NULL,
  `address` varchar(255) COLLATE utf8mb4_unicode_ci DEFAULT NULL,
  `created_at` timestamp NULL DEFAULT NULL,
  `updated_at` timestamp NULL DEFAULT NULL
) ENGINE=InnoDB DEFAULT CHARSET=utf8mb4 COLLATE=utf8mb4_unicode_ci;

--
-- Dumping data for table `staff`
--

INSERT INTO `staff` (`id`, `type_id`, `name`, `phone_no`, `address`, `created_at`, `updated_at`) VALUES
(1, '5', 'Claudine L. Blue', '+44 1632 960379', 'Brownsville, Kentucky(KY), 42210', '2019-12-11 03:26:02', '2019-12-11 03:26:02'),
(2, '5', 'Irene J McClure', '337-255-9859', 'Lafayette, Louisiana(LA), 70501', '2019-12-11 03:27:33', '2019-12-11 03:27:33'),
(3, '3', 'Kelli I Zimmerman', '813-625-1485', 'Tampa, Florida(FL), 33610', '2019-12-11 03:28:40', '2019-12-11 03:28:40'),
(4, '3', 'Liam Hemsworth', ' 256-652-9521', '1883 Strother Street', '2019-12-11 03:31:09', '2019-12-11 03:31:09');

-- --------------------------------------------------------

--
-- Table structure for table `suppliers`
--

CREATE TABLE `suppliers` (
  `id` int(10) UNSIGNED NOT NULL,
  `name` varchar(191) COLLATE utf8mb4_unicode_ci NOT NULL,
  `contact_no` varchar(191) COLLATE utf8mb4_unicode_ci NOT NULL,
  `address` text COLLATE utf8mb4_unicode_ci,
  `designation` text COLLATE utf8mb4_unicode_ci,
  `created_at` timestamp NULL DEFAULT NULL,
  `updated_at` timestamp NULL DEFAULT NULL
) ENGINE=InnoDB DEFAULT CHARSET=utf8mb4 COLLATE=utf8mb4_unicode_ci;

--
-- Dumping data for table `suppliers`
--

INSERT INTO `suppliers` (`id`, `name`, `contact_no`, `address`, `designation`, `created_at`, `updated_at`) VALUES
(1, 'Shestro Enterprise', '01711486808', 'Kistro pur sadar Mymensingh', 'Shopkeeper', '2020-02-11 00:02:36', '2020-03-03 16:17:04'),
(2, 'Sumon Broiler House', '01725060417', 'Mechua Bazar,Mymensingh', 'Shopkeeper', '2020-02-20 08:49:50', '2020-02-20 08:49:50'),
(3, 'M/S Al-Amin Store', '01677614762', 'Mechua Bazar,Mymensingh', 'Shopkeeper', '2020-02-20 09:10:26', '2020-02-20 09:10:26'),
(4, 'M/S Arnob Trade Link', '0171890312', '96/3 S.K Road, Mymensingh', 'Shopkeeper', '2020-02-23 14:17:44', '2020-02-23 14:17:44'),
(5, 'M/S Kazi Enterprise', '01748312426', 'Akuya,Mymensingh', NULL, '2020-02-23 14:24:59', '2020-02-26 12:29:30'),
(6, 'Moni Misttanno Vander', '01713565332', 'BAU Mor,Mymensingh', 'Supplier', '2020-02-23 14:29:27', '2020-02-23 14:29:27'),
(7, 'Mohadeb Store', '01700000000', 'Sodeshi Bazar,Mymensingh', 'Supplier', '2020-02-23 14:33:24', '2020-02-23 14:33:24'),
(8, 'Unknown', '09100000000', 'Mymensingh', 'Sales Man', '2020-02-23 14:37:03', '2020-02-23 14:37:03'),
(9, 'Sumon Store', '01921821240', 'Hasmat market,Charpara,Mymensingh', 'Shopkeeper', '2020-02-23 15:26:39', '2020-02-23 15:26:39'),
(10, 'Humayun Mangso Ghor', '01716075714', 'Charpara Bazar,Mymensingh', 'Supplier', '2020-02-23 15:38:22', '2020-02-23 15:38:22'),
(11, 'Dhaka Misti Mokh', '01746475869', 'Charpara Bazar,Mymensingh', 'Shopkeeper', '2020-02-23 15:55:37', '2020-02-23 15:55:37'),
(12, 'Ruma Confectionary and Presty Shop', '01799999999', 'Charpara Bazar,Mymensingh', 'Shopkeeper', '2020-02-23 16:30:59', '2020-02-23 16:30:59'),
(13, 'Nazrul & Brother\'s', '01712474777', 'Mesoa Bazar Mymensingh', 'Shop Kipar', '2020-02-25 10:24:28', '2020-02-25 10:24:28'),
(14, 'Nate Rasul (SM) Dim Arod', '01717097807', 'Mesoa Bazar Mymensingh', 'Dukandar', '2020-02-25 10:27:47', '2020-02-25 10:27:47'),
(15, 'Romania Food & Vebarage Ltd.', '8827441', 'Mymensingh', 'Company', '2020-02-25 10:54:53', '2020-02-25 10:54:53'),
(16, 'Squer Co.Ltd', '9859007', 'Mymensingh', 'Saplire', '2020-02-25 11:11:17', '2020-02-25 11:11:17'),
(17, 'Janani Paper House', '01711585429', 'Mymensingh', 'Company', '2020-02-25 11:11:25', '2020-02-25 11:11:25'),
(18, 'M/S Sharmi Enterprise', '01718885854', 'Charpara Mor Mymensingh', 'Shopkeepar', '2020-02-25 11:19:10', '2020-02-25 11:19:10'),
(19, 'Josho Madhab Bhander', '01911237846', 'Soto Bazer Mymensingh', 'Shop keeper', '2020-02-25 11:21:25', '2020-02-25 11:21:25'),
(20, 'ACI Conjumar Brands Ltd', '9859007', 'Mymensingh', 'Saplire', '2020-02-25 18:32:44', '2020-02-25 18:32:44'),
(21, 'Pran Sales Department', '01704134745', 'Mymensingh Sadar,mymensingh', 'Supplier', '2020-03-01 12:57:28', '2020-03-01 12:57:28'),
(22, 'M/S Haque Enterprise', '01715110958', 'Hakkani Keowatkhali Mymensingh', 'Shopkeeper', '2020-03-01 13:00:03', '2020-03-01 13:00:03'),
(23, 'Shukkur Ali Lakri Shop', '01720298592', 'Digarkandha,Hridoy mor Mymensingh', 'Shopkeeper', '2020-03-03 11:00:07', '2020-03-03 11:00:07'),
(24, 'M.N Distribution Co.Ltd', '01768598896', '29 C.K. Gosh Road,Mymensingh', 'Supplier', '2020-03-03 11:04:38', '2020-03-03 11:04:38'),
(25, 'Bkash Chandra Dhor', '01708559667', 'Mesoa Bazar Mymensingh', 'Shopkeeper', '2020-03-03 11:11:49', '2020-03-03 11:11:49'),
(26, 'M/S Three Star Foods Garden', '01716123064', '77/B Bagmara Road, Mymensingh', 'Shopkeeper', '2020-03-03 11:34:45', '2020-03-03 11:34:45'),
(27, 'Sarinda Lights & Electric', '01705695558', '21/B Rambabu Road,Mymensingh', 'Shopkeeper', '2020-03-03 11:57:09', '2020-03-03 11:57:09'),
(28, 'Shamim Cookarise', '01996080191', 'Somir Plaza Charpara', 'Shopkeeper', '2020-03-03 12:00:52', '2020-03-03 12:00:52'),
(29, 'kashem Industrial Ltd', '01990744472', 'Mymensingh Sadar,mymensingh', 'Supplier', '2020-03-03 12:09:03', '2020-03-03 12:09:03'),
(30, 'Amin Traders', '01947802459', 'Mesoa Bazar Mymensingh', 'Shopkeeper', '2020-03-03 12:34:43', '2020-03-03 12:34:43'),
(31, 'M/S Nur Enterprise', '01724734911', 'Soto Bazar Mymensingh', 'Shopkeeper', '2020-03-03 16:12:27', '2020-03-03 16:12:27'),
(32, 'Newbie Enterprise', '01790828180', 'Sadar, Mymensingh', 'Supplire', '2020-03-07 09:36:03', '2020-03-07 09:36:03'),
(33, 'Matri Oli Mils', '01733288027', 'Mesoa Bazar Mymensingh', 'Shopkeepar', '2020-03-07 11:26:34', '2020-03-07 11:26:34'),
(34, 'Milon Bala Paul', '01711682384', 'Dal Potri Mymensingh', 'Shopkeepar', '2020-03-07 12:36:56', '2020-03-07 12:36:56'),
(35, 'M.F.C Fast Food', '01740904174', 'BAU Mymensingh', 'Shopkeepar', '2020-03-07 12:44:08', '2020-03-07 12:44:08'),
(36, 'Sarinda Restaurent', '01712121434', 'CK Gosh Road Mymensungh', 'Shopkeepar', '2020-03-07 12:49:40', '2020-03-07 12:49:40'),
(37, 'test001', '78678678', NULL, NULL, '2020-03-07 14:47:36', '2020-03-07 14:47:36');

-- --------------------------------------------------------

--
-- Table structure for table `transaction_heads`
--

CREATE TABLE `transaction_heads` (
  `id` int(10) UNSIGNED NOT NULL,
  `ac_head_id` int(10) UNSIGNED NOT NULL,
  `name` varchar(191) COLLATE utf8mb4_unicode_ci NOT NULL,
  `debit` decimal(14,2) NOT NULL DEFAULT '0.00',
  `credit` decimal(14,2) NOT NULL DEFAULT '0.00',
  `amount` decimal(14,2) NOT NULL DEFAULT '0.00',
  `code` varchar(191) COLLATE utf8mb4_unicode_ci NOT NULL,
  `transactionable_id` int(11) NOT NULL,
  `transactionable_type` varchar(191) COLLATE utf8mb4_unicode_ci NOT NULL,
  `created_at` timestamp NULL DEFAULT NULL,
  `updated_at` timestamp NULL DEFAULT NULL
) ENGINE=InnoDB DEFAULT CHARSET=utf8mb4 COLLATE=utf8mb4_unicode_ci;

--
-- Dumping data for table `transaction_heads`
--

INSERT INTO `transaction_heads` (`id`, `ac_head_id`, `name`, `debit`, `credit`, `amount`, `code`, `transactionable_id`, `transactionable_type`, `created_at`, `updated_at`) VALUES
(1, 3, 'MFMSF', '0.00', '0.00', '0.00', '7701', 15, 'App\\AccountHeadChild_I', NULL, '2019-12-12 00:05:20'),
(2, 3, 'UPP', '0.00', '0.00', '0.00', '7702', 15, 'App\\AccountHeadChild_I', NULL, '2019-12-12 00:08:23'),
(3, 3, 'FSP', '0.00', '0.00', '0.00', '7703', 15, 'App\\AccountHeadChild_I', NULL, '2019-11-21 10:02:31'),
(4, 3, 'Enrich', '0.00', '0.00', '0.00', '7704', 15, 'App\\AccountHeadChild_I', NULL, NULL),
(5, 3, 'Training venue Charge', '0.00', '0.00', '0.00', '4501', 18, 'App\\AccountHeadChild_I', NULL, NULL),
(6, 3, 'Conference Room Fare', '0.00', '0.00', '0.00', '4502', 18, 'App\\AccountHeadChild_I', NULL, NULL),
(7, 3, 'Accommodation', '0.00', '0.00', '0.00', '4503', 18, 'App\\AccountHeadChild_I', NULL, NULL),
(8, 3, 'Food Bill received', '0.00', '0.00', '0.00', '4504', 18, 'App\\AccountHeadChild_I', NULL, NULL),
(9, 3, 'Training Service Charge Received', '0.00', '0.00', '0.00', '4505', 18, 'App\\AccountHeadChild_I', NULL, NULL),
(10, 3, 'Training matirials Bill', '0.00', '0.00', '0.00', '4506', 18, 'App\\AccountHeadChild_I', NULL, NULL),
(11, 3, 'Facilitators Honorarirum', '0.00', '0.00', '0.00', '4507', 18, 'App\\AccountHeadChild_I', NULL, NULL),
(12, 3, 'Equipment Charge', '0.00', '0.00', '0.00', '4508', 18, 'App\\AccountHeadChild_I', NULL, NULL),
(13, 3, 'Tranees convence received', '0.00', '0.00', '0.00', '4509', 18, 'App\\AccountHeadChild_I', NULL, NULL),
(14, 3, 'Residence Personal', '0.00', '0.00', '0.00', '4510', 18, 'App\\AccountHeadChild_I', NULL, NULL),
(15, 3, 'Food bill Received (Personal)', '0.00', '0.00', '0.00', '4511', 18, 'App\\AccountHeadChild_I', NULL, NULL),
(16, 4, 'Food cost', '0.00', '0.00', '0.00', '5701', 19, 'App\\AccountHeadChild_I', NULL, NULL),
(17, 4, 'Special Allawonces', '0.00', '0.00', '0.00', '5703', 19, 'App\\AccountHeadChild_I', NULL, NULL),
(18, 4, 'Supporting Staff cost for cook', '0.00', '0.00', '0.00', '5705', 19, 'App\\AccountHeadChild_I', NULL, NULL),
(19, 4, 'Training matirials cost', '0.00', '0.00', '0.00', '5706', 19, 'App\\AccountHeadChild_I', NULL, NULL),
(20, 4, 'Trainees Convyence cost', '0.00', '0.00', '0.00', '5707', 19, 'App\\AccountHeadChild_I', NULL, NULL),
(21, 4, 'RESO. Person H cost', '0.00', '0.00', '0.00', '5708', 19, 'App\\AccountHeadChild_I', NULL, NULL),
(22, 4, 'Extra Service Sttaf Cost', '0.00', '0.00', '0.00', '5709', 19, 'App\\AccountHeadChild_I', NULL, NULL),
(23, 3, 'Dining Charge', '0.00', '0.00', '0.00', '4512', 18, 'App\\AccountHeadChild_I', NULL, NULL),
(26, 1, 'Furniture', '0.00', '0.00', '0.00', '1201', 2, 'App\\AccountHeadChild_II', NULL, NULL),
(27, 1, 'Telephone Set', '0.00', '0.00', '0.00', '1251', 3, 'App\\AccountHeadChild_II', NULL, NULL),
(28, 1, 'Spiral Machine', '0.00', '0.00', '0.00', '1252', 3, 'App\\AccountHeadChild_II', NULL, NULL),
(29, 1, 'Photo copier', '0.00', '0.00', '0.00', '1253', 3, 'App\\AccountHeadChild_II', NULL, NULL),
(30, 1, 'Video Camera', '0.00', '0.00', '0.00', '1255', 3, 'App\\AccountHeadChild_II', NULL, NULL),
(31, 1, 'Vehical A/C', '0.00', '0.00', '0.00', '1301', 4, 'App\\AccountHeadChild_II', NULL, NULL),
(32, 1, 'Motor Cycle', '0.00', '0.00', '0.00', '1302', 4, 'App\\AccountHeadChild_II', NULL, NULL),
(33, 1, 'Computer System', '0.00', '0.00', '0.00', '1351', 5, 'App\\AccountHeadChild_II', NULL, NULL),
(34, 1, 'Television', '0.00', '0.00', '0.00', '1352', 5, 'App\\AccountHeadChild_II', NULL, NULL),
(35, 1, 'Generator', '0.00', '0.00', '0.00', '1353', 5, 'App\\AccountHeadChild_II', NULL, NULL),
(36, 1, 'Refrigerator', '0.00', '0.00', '0.00', '1354', 5, 'App\\AccountHeadChild_II', NULL, NULL),
(37, 1, 'Electric Fan', '0.00', '0.00', '0.00', '1355', 5, 'App\\AccountHeadChild_II', NULL, NULL),
(38, 1, 'Solar System', '0.00', '0.00', '0.00', '1356', 5, 'App\\AccountHeadChild_II', NULL, NULL),
(39, 1, 'Air Conditioner', '0.00', '0.00', '0.00', '1357', 5, 'App\\AccountHeadChild_II', NULL, NULL),
(40, 1, 'Server', '0.00', '0.00', '0.00', '1401', 6, 'App\\AccountHeadChild_II', NULL, NULL),
(41, 1, 'Microcredit Software', '0.00', '0.00', '0.00', '1402', 6, 'App\\AccountHeadChild_II', NULL, NULL),
(42, 1, 'Loan A/C With members -JAGARON', '0.00', '0.00', '0.00', '1901', 7, 'App\\AccountHeadChild_II', NULL, NULL),
(43, 1, 'Loan A/C With members -AGRASHOR', '0.00', '0.00', '0.00', '1902', 7, 'App\\AccountHeadChild_II', NULL, NULL),
(44, 1, 'Loan A/C With members -BUNIAD', '0.00', '0.00', '0.00', '1903', 7, 'App\\AccountHeadChild_II', NULL, NULL),
(45, 1, 'Loan A/C With members -SUFALON', '0.00', '0.00', '0.00', '1904', 7, 'App\\AccountHeadChild_II', NULL, NULL),
(46, 1, 'Loan A/C With members -MFMSF', '0.00', '0.00', '0.00', '1905', 7, 'App\\AccountHeadChild_II', NULL, NULL),
(47, 1, 'Loan A/C With members -EFRRAP', '0.00', '0.00', '0.00', '1906', 7, 'App\\AccountHeadChild_II', NULL, NULL),
(48, 1, 'By Cycle Loan (staff)', '0.00', '0.00', '0.00', '2002', 8, 'App\\AccountHeadChild_II', NULL, NULL),
(49, 1, 'Rain Coat', '0.00', '0.00', '0.00', '2005', 8, 'App\\AccountHeadChild_II', NULL, NULL),
(50, 1, 'LLPI', '0.00', '0.00', '0.00', '2301', 10, 'App\\AccountHeadChild_II', NULL, NULL),
(51, 1, 'DMFI', '0.00', '0.00', '0.00', '2302', 10, 'App\\AccountHeadChild_II', NULL, NULL),
(52, 2, 'JAGARON (SS)', '0.00', '0.00', '0.00', '3141', 18, 'App\\AccountHeadChild_II', NULL, NULL),
(53, 2, 'Monthly Savings(DPS)', '0.00', '0.00', '0.00', '3151', 21, 'App\\AccountHeadChild_II', NULL, NULL),
(54, 2, 'RMC (PKSF) Principal', '0.00', '0.00', '0.00', '3351', 11, 'App\\AccountHeadChild_II', NULL, NULL),
(55, 2, 'UMC (PKSF) Principal', '0.00', '0.00', '0.00', '3352', 11, 'App\\AccountHeadChild_II', NULL, NULL),
(56, 2, 'ME (PKSF) Principal', '0.00', '0.00', '0.00', '3353', 11, 'App\\AccountHeadChild_II', NULL, NULL),
(57, 2, 'JAGARON (PKSF) Principal', '0.00', '0.00', '0.00', '3354', 11, 'App\\AccountHeadChild_II', NULL, NULL),
(58, 2, 'AGRASHOR (PKSF) Principal', '0.00', '0.00', '0.00', '3355', 11, 'App\\AccountHeadChild_II', NULL, NULL),
(59, 2, 'SUFALON (PKSF) Principal', '0.00', '0.00', '0.00', '3356', 11, 'App\\AccountHeadChild_II', NULL, NULL),
(60, 3, 'Other Income', '0.00', '0.00', '0.00', '4256', 12, 'App\\AccountHeadChild_II', NULL, NULL),
(61, 3, 'Income from Training Center', '0.00', '0.00', '0.00', '4259', 12, 'App\\AccountHeadChild_II', NULL, NULL),
(62, 3, 'ENRICH Project Income', '0.00', '0.00', '0.00', '4260', 12, 'App\\AccountHeadChild_II', NULL, NULL),
(63, 3, 'ENRICH Project Grant Income', '0.00', '0.00', '0.00', '4261', 12, 'App\\AccountHeadChild_II', NULL, NULL),
(64, 3, 'Sale of pass book (DPS)', '0.00', '0.00', '0.00', '4262', 12, 'App\\AccountHeadChild_II', NULL, NULL),
(65, 3, 'FK norway project', '0.00', '0.00', '0.00', '4263', 12, 'App\\AccountHeadChild_II', NULL, NULL),
(66, 3, 'Bad Debts', '0.00', '0.00', '0.00', '4264', 12, 'App\\AccountHeadChild_II', NULL, NULL),
(67, 3, 'Income for vahicle sale', '0.00', '0.00', '0.00', '4265', 12, 'App\\AccountHeadChild_II', NULL, NULL),
(68, 3, 'Bank Interest', '0.00', '0.00', '0.00', '4301', 13, 'App\\AccountHeadChild_II', NULL, NULL),
(69, 3, 'Bank Interest?FDR', '0.00', '0.00', '0.00', '4302', 13, 'App\\AccountHeadChild_II', NULL, NULL),
(70, 3, 'Bank Interest?LLP', '0.00', '0.00', '0.00', '4303', 13, 'App\\AccountHeadChild_II', NULL, NULL),
(71, 3, 'Bank Interest?DMF', '0.00', '0.00', '0.00', '4304', 13, 'App\\AccountHeadChild_II', NULL, NULL),
(72, 3, 'Bank Interest?DF', '0.00', '0.00', '0.00', '4305', 13, 'App\\AccountHeadChild_II', NULL, NULL),
(73, 4, 'RMC Service Charge paid to HO', '0.00', '0.00', '0.00', '5221', 14, 'App\\AccountHeadChild_II', NULL, NULL),
(74, 4, 'UMC Service Charge paid to HO', '0.00', '0.00', '0.00', '5222', 14, 'App\\AccountHeadChild_II', NULL, NULL),
(75, 4, 'ME Service Charge paid to HO', '0.00', '0.00', '0.00', '5223', 14, 'App\\AccountHeadChild_II', NULL, NULL),
(76, 4, 'UPP Service Charge paid to HO', '0.00', '0.00', '0.00', '5224', 14, 'App\\AccountHeadChild_II', NULL, NULL),
(77, 4, 'SL Service Charge paid to HO', '0.00', '0.00', '0.00', '5225', 14, 'App\\AccountHeadChild_II', NULL, NULL),
(78, 4, 'ASMP  Service Charge paid to HO', '0.00', '0.00', '0.00', '5226', 14, 'App\\AccountHeadChild_II', NULL, NULL),
(79, 4, 'Printing & Stationery', '0.00', '0.00', '0.00', '5451', 16, 'App\\AccountHeadChild_II', NULL, NULL),
(80, 4, 'Fuel Cost', '0.00', '0.00', '0.00', '5452', 16, 'App\\AccountHeadChild_II', NULL, NULL),
(81, 4, 'Office Rent', '0.00', '0.00', '0.00', '5453', 16, 'App\\AccountHeadChild_II', NULL, NULL),
(82, 4, 'Postage & Telephone', '0.00', '0.00', '0.00', '5454', 16, 'App\\AccountHeadChild_II', NULL, NULL),
(83, 4, 'Electricity Bill', '0.00', '0.00', '0.00', '5455', 16, 'App\\AccountHeadChild_II', NULL, NULL),
(84, 4, 'Entertainment Cost', '0.00', '0.00', '0.00', '5456', 16, 'App\\AccountHeadChild_II', NULL, NULL),
(85, 4, 'Repair & Maintenance Cost', '0.00', '0.00', '0.00', '5457', 16, 'App\\AccountHeadChild_II', NULL, NULL),
(86, 4, 'Gas bill & installation', '0.00', '0.00', '0.00', '5458', 16, 'App\\AccountHeadChild_II', NULL, NULL),
(87, 4, 'Advertisement', '0.00', '0.00', '0.00', '5459', 16, 'App\\AccountHeadChild_II', NULL, NULL),
(88, 4, 'VAT/TAX', '0.00', '0.00', '0.00', '5460', 16, 'App\\AccountHeadChild_II', NULL, NULL),
(89, 4, 'Audit & Professional Fee', '0.00', '0.00', '0.00', '5461', 16, 'App\\AccountHeadChild_II', NULL, NULL),
(90, 4, 'Training Allowance', '0.00', '0.00', '0.00', '5462', 16, 'App\\AccountHeadChild_II', NULL, NULL),
(91, 4, 'Software Cost', '0.00', '0.00', '0.00', '5463', 16, 'App\\AccountHeadChild_II', NULL, NULL),
(92, 4, 'LLPE', '0.00', '0.00', '0.00', '5464', 16, 'App\\AccountHeadChild_II', NULL, NULL),
(93, 4, 'DMFE', '0.00', '0.00', '0.00', '5465', 16, 'App\\AccountHeadChild_II', NULL, NULL),
(94, 4, 'Depricaition', '0.00', '0.00', '0.00', '5466', 16, 'App\\AccountHeadChild_II', NULL, NULL),
(95, 4, 'Legal Expense', '0.00', '0.00', '0.00', '5467', 16, 'App\\AccountHeadChild_II', NULL, NULL),
(96, 4, 'Miscellaneous Expense', '0.00', '0.00', '0.00', '5468', 16, 'App\\AccountHeadChild_II', NULL, NULL),
(97, 4, 'Honorarium fee', '0.00', '0.00', '0.00', '5469', 16, 'App\\AccountHeadChild_II', NULL, NULL),
(98, 4, 'Service Charge Paid to PKSF (RMC)', '0.00', '0.00', '0.00', '5131', 19, 'App\\AccountHeadChild_II', NULL, NULL),
(99, 4, 'Service Charge Paid to PKSF (UMC)', '0.00', '0.00', '0.00', '5132', 19, 'App\\AccountHeadChild_II', NULL, NULL),
(100, 4, 'Service Charge Paid to PKSF (ME)', '0.00', '0.00', '0.00', '5133', 19, 'App\\AccountHeadChild_II', NULL, NULL),
(101, 4, 'Service Charge Paid to PKSF (UPP)', '0.00', '0.00', '0.00', '5134', 19, 'App\\AccountHeadChild_II', NULL, NULL),
(102, 4, 'Service Charge Paid to PKSF (ID loan)', '0.00', '0.00', '0.00', '5135', 19, 'App\\AccountHeadChild_II', NULL, NULL),
(103, 4, 'Service Charge Paid to PKSF (JAGARON)', '0.00', '0.00', '0.00', '5136', 19, 'App\\AccountHeadChild_II', NULL, NULL),
(104, 4, 'Service Charge Paid to PKSF (AGRASHOR)', '0.00', '0.00', '0.00', '5137', 19, 'App\\AccountHeadChild_II', NULL, NULL),
(105, 4, 'Service Charge Paid to PKSF (BUNIAD)', '0.00', '0.00', '0.00', '5138', 19, 'App\\AccountHeadChild_II', NULL, NULL),
(106, 4, 'Interest on Group Savings', '0.00', '0.00', '0.00', '5121', 20, 'App\\AccountHeadChild_II', NULL, NULL),
(107, 2, 'Emergency Fund JAGARON', '0.00', '0.00', '0.00', '3161', 22, 'App\\AccountHeadChild_II', NULL, NULL),
(108, 3, 'Service Charge A/C JAGARON', '0.00', '0.00', '0.00', '4151', 23, 'App\\AccountHeadChild_II', NULL, NULL),
(109, 3, 'Service Charge A/C AGRASHOR', '0.00', '0.00', '0.00', '4152', 23, 'App\\AccountHeadChild_II', NULL, NULL),
(110, 3, 'Service Charge A/C BUNIAD', '0.00', '0.00', '0.00', '4153', 23, 'App\\AccountHeadChild_II', NULL, NULL),
(111, 3, 'Service Charge A/C  SUFOLON', '0.00', '0.00', '0.00', '4154', 23, 'App\\AccountHeadChild_II', NULL, NULL),
(112, 3, 'Service Charge A/C EFRRAP', '0.00', '0.00', '0.00', '4155', 23, 'App\\AccountHeadChild_II', NULL, NULL),
(113, 3, 'Service Charge A/C  MFMSF', '0.00', '0.00', '0.00', '4156', 23, 'App\\AccountHeadChild_II', NULL, NULL),
(114, 4, 'Staff Salary & Allowance', '0.00', '0.00', '0.00', '5311', 15, 'App\\AccountHeadChild_II', NULL, '2020-01-17 20:58:09'),
(115, 4, 'Traveling Cost/ Conveyance', '0.00', '0.00', '0.00', '5471', 16, 'App\\AccountHeadChild_II', NULL, NULL),
(116, 4, 'Bank/D.D/T.T Charge & comm;.', '0.00', '0.00', '0.00', '5501', 24, 'App\\AccountHeadChild_II', NULL, NULL),
(117, 2, 'Current Account Principal (HO & Branch)RMC', '0.00', '0.00', '0.00', '3421', 26, 'App\\AccountHeadChild_II', NULL, NULL),
(118, 2, 'Current Account Principal (HO & Branch)UMC', '0.00', '0.00', '0.00', '3422', 26, 'App\\AccountHeadChild_II', NULL, NULL),
(119, 2, 'Current Account Principal (Branch & HO)ME', '0.00', '0.00', '0.00', '3423', 26, 'App\\AccountHeadChild_II', NULL, NULL),
(120, 2, 'Current Account Principal (Branch & HO)UPP', '0.00', '0.00', '0.00', '3424', 26, 'App\\AccountHeadChild_II', NULL, NULL),
(121, 2, 'Current Account Principal (Branch & HO)SL', '0.00', '0.00', '0.00', '3425', 26, 'App\\AccountHeadChild_II', NULL, NULL),
(122, 2, 'Current Account Principal (Branch & HO)JAGARON', '0.00', '0.00', '0.00', '3426', 26, 'App\\AccountHeadChild_II', NULL, NULL),
(123, 2, 'Current Account Principal (Branch & HO)AGRASHOR', '0.00', '0.00', '0.00', '3427', 26, 'App\\AccountHeadChild_II', NULL, NULL),
(124, 2, 'Current Account Principal (Branch & HO)MFMSF', '0.00', '0.00', '0.00', '3428', 26, 'App\\AccountHeadChild_II', NULL, NULL),
(125, 2, 'Loan Loss Provision Fund (LLP)', '0.00', '0.00', '0.00', '3521', 27, 'App\\AccountHeadChild_II', NULL, NULL),
(126, 2, 'Disaster Management Fund (DMF)', '0.00', '0.00', '0.00', '3522', 27, 'App\\AccountHeadChild_II', NULL, NULL),
(127, 2, 'Accumulated Depreciation', '0.00', '0.00', '0.00', '3523', 27, 'App\\AccountHeadChild_II', NULL, NULL),
(128, 2, 'Provision for Expenses', '0.00', '0.00', '0.00', '3524', 27, 'App\\AccountHeadChild_II', NULL, NULL),
(129, 2, 'Payable for Savings Interest', '0.00', '0.00', '0.00', '3525', 27, 'App\\AccountHeadChild_II', NULL, NULL),
(130, 2, 'Retained Surplus/Deficit', '0.00', '0.00', '0.00', '3621', 28, 'App\\AccountHeadChild_II', NULL, NULL),
(131, 1, 'Building/Office Construction', '0.00', '0.00', '0.00', '1153', 1, 'App\\AccountHeadChild_II', NULL, NULL),
(132, 1, 'Veceom Cleaner', '0.00', '0.00', '0.00', '1358', 5, 'App\\AccountHeadChild_II', NULL, NULL),
(133, 1, 'Sound System', '0.00', '0.00', '0.00', '1359', 5, 'App\\AccountHeadChild_II', NULL, NULL),
(134, 1, 'AC/DC Motors & Feetings', '0.00', '0.00', '0.00', '1360', 5, 'App\\AccountHeadChild_II', NULL, NULL),
(135, 1, 'Lift', '0.00', '0.00', '0.00', '1361', 5, 'App\\AccountHeadChild_II', NULL, NULL),
(136, 1, 'IPS', '0.00', '0.00', '0.00', '1362', 5, 'App\\AccountHeadChild_II', NULL, NULL),
(137, 1, 'Oven', '0.00', '0.00', '0.00', '1363', 5, 'App\\AccountHeadChild_II', NULL, NULL),
(138, 1, 'Multimedia And Overhead Projector', '0.00', '0.00', '0.00', '1254', 3, 'App\\AccountHeadChild_II', NULL, NULL),
(139, 1, 'Fire extinguisher', '0.00', '0.00', '0.00', '1256', 3, 'App\\AccountHeadChild_II', NULL, NULL),
(140, 1, 'DFI', '0.00', '0.00', '0.00', '2303', 10, 'App\\AccountHeadChild_II', NULL, NULL),
(141, 1, 'Savings FDR', '0.00', '0.00', '0.00', '2304', 10, 'App\\AccountHeadChild_II', NULL, NULL),
(142, 1, 'Other Savings FDR', '0.00', '0.00', '0.00', '2305', 10, 'App\\AccountHeadChild_II', NULL, NULL),
(143, 2, 'AGRASHOR (SS)', '0.00', '0.00', '0.00', '3142', 18, 'App\\AccountHeadChild_II', NULL, NULL),
(144, 2, 'BUNIAD (SS)', '0.00', '0.00', '0.00', '3143', 18, 'App\\AccountHeadChild_II', NULL, NULL),
(145, 2, 'MFMSF (SS)', '0.00', '0.00', '0.00', '3144', 18, 'App\\AccountHeadChild_II', NULL, NULL),
(146, 2, 'SUFALON (SS)', '0.00', '0.00', '0.00', '3145', 18, 'App\\AccountHeadChild_II', NULL, NULL),
(147, 2, 'Emergency Fund AGRASOR', '0.00', '0.00', '0.00', '3162', 22, 'App\\AccountHeadChild_II', NULL, NULL),
(148, 2, 'Emergency Fund BUNIAD', '0.00', '0.00', '0.00', '3163', 22, 'App\\AccountHeadChild_II', NULL, NULL),
(149, 2, 'Emergency fund SUFALON', '0.00', '0.00', '0.00', '3164', 22, 'App\\AccountHeadChild_II', NULL, NULL),
(150, 2, 'Emergency Fund FSP', '0.00', '0.00', '0.00', '3165', 22, 'App\\AccountHeadChild_II', NULL, NULL),
(151, 2, 'Emergency Fund EFRRAP', '0.00', '0.00', '0.00', '3166', 22, 'App\\AccountHeadChild_II', NULL, NULL),
(152, 2, 'Health Insurance', '0.00', '0.00', '0.00', '3167', 22, 'App\\AccountHeadChild_II', NULL, NULL),
(153, 4, 'Service Charge Paid to PKSF (SUFOLON)', '0.00', '0.00', '0.00', '5139', 19, 'App\\AccountHeadChild_II', NULL, NULL),
(154, 4, 'Daily Allowance', '0.00', '0.00', '0.00', '5472', 16, 'App\\AccountHeadChild_II', NULL, NULL),
(155, 4, 'Meeting Expenses', '0.00', '0.00', '0.00', '5473', 16, 'App\\AccountHeadChild_II', NULL, NULL),
(156, 4, 'Festival Allowance', '0.00', '0.00', '0.00', '5474', 15, 'App\\AccountHeadChild_II', NULL, NULL),
(157, 4, 'News Paper Bill', '0.00', '0.00', '0.00', '5476', 16, 'App\\AccountHeadChild_II', NULL, NULL),
(158, 4, 'Registration Fees', '0.00', '0.00', '0.00', '5477', 16, 'App\\AccountHeadChild_II', NULL, NULL),
(159, 4, 'Insurance Fee', '0.00', '0.00', '0.00', '5478', 16, 'App\\AccountHeadChild_II', NULL, NULL),
(160, 4, 'Scholarship Fee', '0.00', '0.00', '0.00', '5479', 16, 'App\\AccountHeadChild_II', NULL, NULL),
(161, 4, 'Donation', '0.00', '1.00', '-1.00', '5480', 16, 'App\\AccountHeadChild_II', NULL, '2020-01-20 10:29:21'),
(162, 4, 'Incentive DPS', '0.00', '0.00', '0.00', '5481', 16, 'App\\AccountHeadChild_II', NULL, NULL),
(163, 4, 'Office Maintenance', '0.00', '0.00', '0.00', '5482', 16, 'App\\AccountHeadChild_II', NULL, NULL),
(164, 4, 'Project Profile', '0.00', '0.00', '0.00', '5483', 16, 'App\\AccountHeadChild_II', NULL, NULL),
(165, 4, 'FK norway project expenses', '0.00', '0.00', '0.00', '5484', 16, 'App\\AccountHeadChild_II', NULL, NULL),
(166, 4, 'Expenses for Training Center', '0.00', '0.00', '0.00', '5485', 16, 'App\\AccountHeadChild_II', NULL, NULL),
(167, 4, 'City Allowance', '0.00', '0.00', '0.00', '5486', 16, 'App\\AccountHeadChild_II', NULL, NULL),
(168, 4, 'Cookarige', '0.00', '0.00', '0.00', '5487', 16, 'App\\AccountHeadChild_II', NULL, '2020-01-17 18:17:53'),
(169, 4, 'Security Guard Allowance', '0.00', '0.00', '0.00', '5488', 16, 'App\\AccountHeadChild_II', NULL, NULL),
(170, 4, 'Annual/Special Program', '0.00', '0.00', '0.00', '5489', 16, 'App\\AccountHeadChild_II', NULL, NULL),
(171, 4, 'Service Charge Rebate', '0.00', '0.00', '0.00', '5491', 16, 'App\\AccountHeadChild_II', NULL, NULL),
(172, 4, 'Bank Charge of LLP', '0.00', '0.00', '0.00', '5502', 24, 'App\\AccountHeadChild_II', NULL, NULL),
(173, 4, 'Bank Charge of DMF', '0.00', '0.00', '0.00', '5503', 24, 'App\\AccountHeadChild_II', NULL, NULL),
(174, 3, 'Income From Sale of Land', '0.00', '0.00', '0.00', '4266', 12, 'App\\AccountHeadChild_II', NULL, NULL),
(175, 4, 'Imterest Paid on Bank Loan', '0.00', '0.00', '0.00', '5492', 16, 'App\\AccountHeadChild_II', NULL, NULL),
(176, 4, 'Interest on Savings(staff)', '0.00', '0.00', '0.00', '5493', 16, 'App\\AccountHeadChild_II', NULL, NULL),
(177, 1, 'Advance', '0.00', '0.00', '0.00', '2101', 9, 'App\\AccountHeadChild_II', NULL, NULL),
(178, 1, 'Loan A/C with Climate Change Project', '0.00', '0.00', '0.00', '1511', 29, 'App\\AccountHeadChild_II', NULL, NULL),
(179, 1, 'Loan to MICR Project', '0.00', '0.00', '0.00', '1512', 29, 'App\\AccountHeadChild_II', NULL, NULL),
(180, 1, 'VGD Project Loan A/C', '0.00', '0.00', '0.00', '1513', 29, 'App\\AccountHeadChild_II', NULL, NULL),
(181, 1, 'Non Formal Education Project Loan A/C', '0.00', '0.00', '0.00', '1514', 29, 'App\\AccountHeadChild_II', NULL, NULL),
(182, 2, 'Special Saving (Staff)', '0.00', '0.00', '0.00', '3202', 38, 'App\\AccountHeadChild_II', NULL, NULL),
(183, 2, 'Current Account Principal (Branch & HO) EFRREP', '0.00', '0.00', '0.00', '3429', 26, 'App\\AccountHeadChild_II', NULL, NULL),
(184, 2, 'Current Account Principal (Branch & HO) AGRICULTURE', '0.00', '0.00', '0.00', '3430', 26, 'App\\AccountHeadChild_II', NULL, NULL),
(185, 2, 'Current Account Principal (Branch & HO) ID Loan(C&B)', '0.00', '0.00', '0.00', '3431', 26, 'App\\AccountHeadChild_II', NULL, NULL),
(186, 2, 'Current Account Principal (Branch & HO) MFMSFP(Kachina-1)', '0.00', '0.00', '0.00', '3432', 26, 'App\\AccountHeadChild_II', NULL, NULL),
(187, 2, 'Current Account Principal (Branch & HO) SUFOLON', '0.00', '0.00', '0.00', '3433', 26, 'App\\AccountHeadChild_II', NULL, NULL),
(188, 2, 'payable for Organization cotribution', '0.00', '0.00', '0.00', '3551', 30, 'App\\AccountHeadChild_II', NULL, NULL),
(189, 2, 'payable to Gratuity Fund', '0.00', '0.00', '0.00', '3552', 30, 'App\\AccountHeadChild_II', NULL, NULL),
(190, 2, 'Advance against sale of Land', '0.00', '0.00', '0.00', '3553', 30, 'App\\AccountHeadChild_II', NULL, NULL),
(191, 2, 'Motorcycle Installment Collection', '0.00', '0.00', '0.00', '3554', 30, 'App\\AccountHeadChild_II', NULL, NULL),
(192, 2, 'Advance Grant for ENRICH pro.', '0.00', '0.00', '0.00', '3555', 30, 'App\\AccountHeadChild_II', NULL, NULL),
(193, 2, 'payable to PF Contribution', '0.00', '0.00', '0.00', '3556', 30, 'App\\AccountHeadChild_II', NULL, NULL),
(194, 2, 'payable to PF Loan A/C', '0.00', '0.00', '0.00', '3534', 30, 'App\\AccountHeadChild_II', NULL, NULL),
(195, 2, 'payable to PF Service A/C', '0.00', '0.00', '0.00', '3557', 30, 'App\\AccountHeadChild_II', NULL, NULL),
(196, 2, 'payable to Salary Tax', '0.00', '0.00', '0.00', '3558', 30, 'App\\AccountHeadChild_II', NULL, NULL),
(197, 2, 'ED Loan', '0.00', '0.00', '0.00', '3559', 30, 'App\\AccountHeadChild_II', NULL, NULL),
(198, 3, 'Admission fees A/C', '0.00', '0.00', '0.00', '4267', 12, 'App\\AccountHeadChild_II', NULL, NULL),
(199, 3, 'Sale of Passbook ( Member)', '0.00', '0.00', '0.00', '4268', 12, 'App\\AccountHeadChild_II', NULL, NULL),
(200, 3, 'Sale Of Form Fee', '1.00', '0.00', '-1.00', '4269', 12, 'App\\AccountHeadChild_II', NULL, '2020-01-20 10:29:21'),
(201, 1, 'Office Security', '0.00', '0.00', '0.00', '1551', 31, 'App\\AccountHeadChild_II', NULL, NULL),
(202, 1, 'Suspense A/C', '0.00', '0.00', '0.00', '1552', 31, 'App\\AccountHeadChild_II', NULL, NULL),
(203, 2, 'Current Account Principal (Branch & HO) Training Academy Mymensingh Loan', '0.00', '0.00', '0.00', '3434', 26, 'App\\AccountHeadChild_II', NULL, NULL),
(204, 2, 'Bank Loan (southeast)', '0.00', '0.00', '0.00', '3560', 30, 'App\\AccountHeadChild_II', NULL, NULL),
(205, 2, 'Provident Fund (PF)', '0.00', '0.00', '0.00', '3526', 27, 'App\\AccountHeadChild_II', NULL, NULL),
(206, 4, 'JAGORON Service Charge paid to HO', '0.00', '0.00', '0.00', '2526', 14, 'App\\AccountHeadChild_II', NULL, NULL),
(207, 4, 'AGROSOR Service Charge paid to HO', '0.00', '0.00', '0.00', '2527', 14, 'App\\AccountHeadChild_II', NULL, NULL),
(208, 3, 'Income from Training fee', '0.00', '0.00', '0.00', '4270', 12, 'App\\AccountHeadChild_II', NULL, NULL),
(209, 3, 'Sale of Passbook ( security savings)', '0.00', '0.00', '0.00', '4271', 12, 'App\\AccountHeadChild_II', NULL, NULL),
(210, 1, 'Mobile Set', '0.00', '0.00', '0.00', '1257', 3, 'App\\AccountHeadChild_II', NULL, NULL),
(211, 4, 'EFRRAP Service Charge Paid to HO', '0.00', '0.00', '0.00', '2528', 14, 'App\\AccountHeadChild_II', NULL, NULL),
(212, 2, 'Capital fund', '0.00', '0.00', '0.00', '3602', 32, 'App\\AccountHeadChild_II', NULL, NULL),
(213, 4, 'MFMSF Service charge paid to H/O', '0.00', '0.00', '0.00', '3537', 14, 'App\\AccountHeadChild_II', NULL, NULL),
(214, 4, 'SUFOLON service charge paid to H/O', '0.00', '0.00', '0.00', '3539', 14, 'App\\AccountHeadChild_II', NULL, NULL),
(215, 2, 'ENRICH Pro. (ACL)', '0.00', '0.00', '0.00', '3357', 11, 'App\\AccountHeadChild_II', NULL, NULL),
(216, 2, 'ENRICH Pro. (IGA)', '0.00', '0.00', '0.00', '3358', 11, 'App\\AccountHeadChild_II', NULL, NULL),
(217, 2, 'ENRICH Pro. (LIL)', '0.00', '0.00', '0.00', '3359', 11, 'App\\AccountHeadChild_II', NULL, NULL),
(218, 1, 'Fund A/C With Branch- RMC', '0.00', '0.00', '0.00', '1601', 33, 'App\\AccountHeadChild_II', NULL, NULL),
(219, 1, 'Fund A/C With Branch- UMC', '0.00', '0.00', '0.00', '1602', 33, 'App\\AccountHeadChild_II', NULL, NULL),
(220, 1, 'Fund A/C With Branch- ME', '0.00', '0.00', '0.00', '1603', 33, 'App\\AccountHeadChild_II', NULL, NULL),
(221, 1, 'Fund A/C With Branch- MFMSF', '0.00', '0.00', '0.00', '1604', 33, 'App\\AccountHeadChild_II', NULL, NULL),
(222, 1, 'Fund A/C With Branch- UPP', '0.00', '0.00', '0.00', '1605', 33, 'App\\AccountHeadChild_II', NULL, NULL),
(223, 1, 'Fund A/C With Branch- JAGORAN', '0.00', '0.00', '0.00', '1606', 33, 'App\\AccountHeadChild_II', NULL, NULL),
(224, 1, 'Fund A/C With Branch- AGRASHOR', '0.00', '0.00', '0.00', '1607', 33, 'App\\AccountHeadChild_II', NULL, NULL),
(225, 1, 'Fund A/C With Branch- SUFOLON', '0.00', '0.00', '0.00', '1608', 33, 'App\\AccountHeadChild_II', NULL, NULL),
(226, 1, 'Fund A/C With Branch- AGRICULTURE', '0.00', '0.00', '0.00', '1609', 33, 'App\\AccountHeadChild_II', NULL, NULL),
(227, 1, 'Fund A/C With Branch- SEASONAL', '0.00', '0.00', '0.00', '1610', 33, 'App\\AccountHeadChild_II', NULL, NULL),
(228, 1, 'Fund A/C With Branch- EFRRAP', '0.00', '0.00', '0.00', '1611', 33, 'App\\AccountHeadChild_II', NULL, NULL),
(229, 3, 'Service charge from Branch- MFMSF', '0.00', '0.00', '0.00', '4404', 34, 'App\\AccountHeadChild_II', NULL, NULL),
(230, 1, 'Fund A/C With Branch-FSP', '0.00', '0.00', '0.00', '1612', 33, 'App\\AccountHeadChild_II', NULL, NULL),
(231, 1, 'Fund A/C With Branch ID Loan (C&B)', '0.00', '0.00', '0.00', '1613', 33, 'App\\AccountHeadChild_II', NULL, NULL),
(232, 1, 'Fund A/C With Branch MFMSFP (Kachina-01)', '0.00', '0.00', '0.00', '1614', 33, 'App\\AccountHeadChild_II', NULL, NULL),
(233, 1, 'Fund A/C With Branch ENRICH (IGA PRO.)', '0.00', '0.00', '0.00', '1615', 33, 'App\\AccountHeadChild_II', NULL, NULL),
(234, 1, 'Fund A/C With Branch ENRICH (Livelihood impro.)', '0.00', '0.00', '0.00', '1616', 33, 'App\\AccountHeadChild_II', NULL, NULL),
(235, 1, 'Fund A/C With Branch ENRICH (Asset creation.)', '0.00', '0.00', '0.00', '1617', 33, 'App\\AccountHeadChild_II', NULL, NULL),
(236, 2, 'Emergency Fund MFMSF', '0.00', '0.00', '0.00', '3168', 22, 'App\\AccountHeadChild_II', NULL, NULL),
(237, 2, 'Other Branch Loan A/C', '0.00', '0.00', '0.00', '3565', 30, 'App\\AccountHeadChild_II', NULL, NULL),
(238, 4, 'BUNIAD Service Charge Paid HO', '0.00', '0.00', '0.00', '3540', 14, 'App\\AccountHeadChild_II', NULL, NULL),
(239, 4, 'Expenses for training to Beneficiaries', '0.00', '0.00', '0.00', '5494', 16, 'App\\AccountHeadChild_II', NULL, NULL),
(240, 2, 'Current Account Principle ( Branch & h/O ) -FSP', '0.00', '0.00', '0.00', '3435', 26, 'App\\AccountHeadChild_II', NULL, NULL),
(241, 2, 'Current Account Principle ( Branch & h/O ) ENRICH (LIL)', '0.00', '0.00', '0.00', '3436', 26, 'App\\AccountHeadChild_II', NULL, NULL),
(242, 2, 'Current Account Principle ( Branch & h/O ) ENRICH ( ACL)', '0.00', '0.00', '0.00', '3437', 26, 'App\\AccountHeadChild_II', NULL, NULL),
(243, 1, 'Loan A/C With members - FSP', '0.00', '0.00', '0.00', '1907', 7, 'App\\AccountHeadChild_II', NULL, NULL),
(244, 1, 'Loan A/C With members - LRP', '0.00', '0.00', '0.00', '1908', 7, 'App\\AccountHeadChild_II', NULL, NULL),
(245, 3, 'Service Charge A/C FSP', '0.00', '0.00', '0.00', '4157', 23, 'App\\AccountHeadChild_II', NULL, NULL),
(246, 3, 'Service Charge A/C DMF   [4158]', '0.00', '0.00', '0.00', '4158', 23, 'App\\AccountHeadChild_II', NULL, NULL),
(247, 4, 'FSP Service Charge Paid HO', '0.00', '0.00', '0.00', '3541', 14, 'App\\AccountHeadChild_II', NULL, NULL),
(248, 4, 'Bank Charge DF', '0.00', '0.00', '0.00', '5504', 24, 'App\\AccountHeadChild_II', NULL, NULL),
(249, 4, 'Decoration Fee', '0.00', '0.00', '0.00', '5495', 16, 'App\\AccountHeadChild_II', NULL, NULL),
(250, 4, 'Field Day', '0.00', '0.00', '0.00', '5496', 16, 'App\\AccountHeadChild_II', NULL, NULL),
(251, 4, 'Project Contribution', '0.00', '0.00', '0.00', '5498', 16, 'App\\AccountHeadChild_II', NULL, NULL),
(252, 1, 'Reserve Fund FDR', '0.00', '0.00', '0.00', '2306', 10, 'App\\AccountHeadChild_II', NULL, NULL),
(253, 2, 'Bank Loan (Midland )', '0.00', '0.00', '0.00', '3561', 30, 'App\\AccountHeadChild_II', NULL, NULL),
(254, 3, 'Service Charge A/C - LRP', '0.00', '0.00', '0.00', '4159', 23, 'App\\AccountHeadChild_II', NULL, NULL),
(255, 2, 'ED', '0.00', '0.00', '0.00', '3711', 35, 'App\\AccountHeadChild_II', NULL, NULL),
(256, 2, 'PF', '0.00', '0.00', '0.00', '3712', 35, 'App\\AccountHeadChild_II', NULL, NULL),
(257, 2, 'DMF', '0.00', '0.00', '0.00', '3713', 35, 'App\\AccountHeadChild_II', NULL, NULL),
(258, 2, 'Current Account Principle ( Branch & h/O ) LRP', '0.00', '0.00', '0.00', '3439', 26, 'App\\AccountHeadChild_II', NULL, NULL),
(259, 4, 'Work Shop', '0.00', '0.00', '0.00', '5497', 16, 'App\\AccountHeadChild_II', NULL, NULL),
(260, 3, 'Bank Interest-FDR', '0.00', '0.00', '0.00', '4397', 13, 'App\\AccountHeadChild_II', NULL, NULL),
(261, 1, 'By Cycle', '0.00', '0.00', '0.00', '1303', 4, 'App\\AccountHeadChild_II', NULL, NULL),
(262, 4, 'Abnormal Loss', '0.00', '0.00', '0.00', '5470', 16, 'App\\AccountHeadChild_II', NULL, NULL),
(263, 1, 'Loan A/C with Member-DMF', '0.00', '0.00', '0.00', '1909', 7, 'App\\AccountHeadChild_II', NULL, NULL),
(264, 2, 'Current Account Principle(Branch & H/O)-DMF', '0.00', '0.00', '0.00', '3440', 26, 'App\\AccountHeadChild_II', NULL, NULL),
(265, 1, 'Loan A/C With members -IGA', '0.00', '0.00', '0.00', '1910', 7, 'App\\AccountHeadChild_II', NULL, NULL),
(266, 1, 'Loan A/C With members -LIL', '0.00', '0.00', '0.00', '1911', 7, 'App\\AccountHeadChild_II', NULL, NULL),
(267, 1, 'Loan A/C With members -ACL', '0.00', '0.00', '0.00', '1912', 7, 'App\\AccountHeadChild_II', NULL, NULL),
(268, 3, 'Service Charge A/C IGA', '0.00', '0.00', '0.00', '4160', 23, 'App\\AccountHeadChild_II', NULL, NULL),
(269, 3, 'Service Charge A/C LIL', '0.00', '0.00', '0.00', '4161', 23, 'App\\AccountHeadChild_II', NULL, NULL),
(270, 3, 'Service Charge A/C ACL', '0.00', '0.00', '0.00', '4162', 23, 'App\\AccountHeadChild_II', NULL, NULL),
(271, 2, 'DD Admin', '0.00', '0.00', '0.00', '3715', 35, 'App\\AccountHeadChild_II', NULL, NULL),
(272, 3, 'Office Rent Receive', '0.00', '0.00', '0.00', '4272', 12, 'App\\AccountHeadChild_II', NULL, NULL),
(273, 1, 'Mobile Loan', '0.00', '0.00', '0.00', '2006', 8, 'App\\AccountHeadChild_II', NULL, NULL),
(274, 4, 'DMF Service Charge Paid HO', '0.00', '0.00', '0.00', '3542', 14, 'App\\AccountHeadChild_II', NULL, NULL),
(275, 2, 'Emergency Fund Enrich (IGA)', '0.00', '0.00', '0.00', '3169', 22, 'App\\AccountHeadChild_II', NULL, NULL),
(276, 2, 'Emergency Fund Enrich (LIL)', '0.00', '0.00', '0.00', '3170', 22, 'App\\AccountHeadChild_II', NULL, NULL),
(277, 2, 'Emergency Fund Enrich (ACL)', '0.00', '0.00', '0.00', '3171', 22, 'App\\AccountHeadChild_II', NULL, NULL),
(278, 4, 'Enrich Project Expenses', '0.00', '0.00', '0.00', '5499', 16, 'App\\AccountHeadChild_II', NULL, NULL),
(279, 4, 'Bad Debts Expenditure', '0.00', '0.00', '0.00', '5651', 36, 'App\\AccountHeadChild_II', NULL, NULL),
(280, 4, 'Training Center Service Charge Paid to HO', '2.00', '1.00', '1.00', '3543', 14, 'App\\AccountHeadChild_II', NULL, '2020-01-20 10:29:21'),
(281, 3, 'Income for Motorcycle sale', '0.00', '0.00', '0.00', '4273', 12, 'App\\AccountHeadChild_II', NULL, NULL),
(282, 3, 'Income for Air Condition sale', '0.00', '0.00', '0.00', '4274', 12, 'App\\AccountHeadChild_II', NULL, NULL),
(283, 3, 'FK Narway project Income', '0.00', '0.00', '0.00', '4275', 12, 'App\\AccountHeadChild_II', NULL, NULL),
(284, 4, 'Provident Fund Expenses', '0.00', '0.00', '0.00', '5475', 16, 'App\\AccountHeadChild_II', NULL, NULL),
(285, 4, 'Gratuity Fund Expenses', '0.00', '0.00', '0.00', '5490', 16, 'App\\AccountHeadChild_II', NULL, NULL),
(286, 2, 'Seasonal  (PKSF) Principal', '0.00', '0.00', '0.00', '3361', 11, 'App\\AccountHeadChild_II', NULL, NULL),
(287, 2, 'MFMSF  (PKSF) Principal', '0.00', '0.00', '0.00', '3362', 11, 'App\\AccountHeadChild_II', NULL, NULL),
(288, 2, 'EFRRAP  (PKSF) Principal', '0.00', '0.00', '0.00', '3363', 11, 'App\\AccountHeadChild_II', NULL, NULL),
(289, 2, 'MEP  (PKSF) Principal', '0.00', '0.00', '0.00', '3364', 11, 'App\\AccountHeadChild_II', NULL, NULL),
(290, 2, 'FSP  (PKSF) Principal', '0.00', '0.00', '0.00', '3365', 11, 'App\\AccountHeadChild_II', NULL, NULL),
(291, 2, 'LRP  (PKSF) Principal', '0.00', '0.00', '0.00', '3366', 11, 'App\\AccountHeadChild_II', NULL, NULL),
(292, 2, 'Agriculture  (PKSF) Principal', '0.00', '0.00', '0.00', '3367', 11, 'App\\AccountHeadChild_II', NULL, NULL),
(293, 2, 'UPP  (PKSF) Principal', '0.00', '0.00', '0.00', '3368', 11, 'App\\AccountHeadChild_II', NULL, NULL),
(294, 2, 'ID  (PKSF) Principal', '0.00', '0.00', '0.00', '3369', 11, 'App\\AccountHeadChild_II', NULL, NULL),
(295, 4, 'Service Charge Paid to PKSF (Seasonal)', '0.00', '0.00', '0.00', '5140', 19, 'App\\AccountHeadChild_II', NULL, NULL),
(296, 4, 'Service Charge Paid to PKSF (Agriculture)', '0.00', '0.00', '0.00', '5141', 19, 'App\\AccountHeadChild_II', NULL, NULL),
(297, 4, 'Service Charge Paid to PKSF (MFMSF)', '0.00', '0.00', '0.00', '5142', 19, 'App\\AccountHeadChild_II', NULL, NULL),
(298, 4, 'Service Charge Paid to PKSF (EFRRAP)', '0.00', '0.00', '0.00', '5143', 19, 'App\\AccountHeadChild_II', NULL, NULL),
(299, 4, 'Service Charge Paid to PKSF (MEP)', '0.00', '0.00', '0.00', '5144', 19, 'App\\AccountHeadChild_II', NULL, NULL),
(300, 4, 'Service Charge Paid to PKSF (FSP)', '0.00', '0.00', '0.00', '5145', 19, 'App\\AccountHeadChild_II', NULL, NULL),
(301, 4, 'Service Charge Paid to PKSF (LRP)', '0.00', '0.00', '0.00', '5146', 19, 'App\\AccountHeadChild_II', NULL, NULL),
(302, 2, 'Current Account Principal (Branch & HO) Training Center Trishal Loan', '0.00', '0.00', '0.00', '3441', 26, 'App\\AccountHeadChild_II', NULL, NULL),
(303, 3, 'House Rent', '0.00', '0.00', '0.00', '4255', 12, 'App\\AccountHeadChild_II', NULL, NULL),
(304, 1, 'Project Security A/C', '0.00', '0.00', '0.00', '1553', 31, 'App\\AccountHeadChild_II', NULL, NULL),
(305, 1, 'Washing Machine', '0.00', '0.00', '0.00', '1366', 5, 'App\\AccountHeadChild_II', NULL, NULL),
(306, 4, 'Service Charge Paid to PKSF ENRICH(IGA)', '0.00', '1.00', '-1.00', '5147', 19, 'App\\AccountHeadChild_II', NULL, '2020-01-20 10:29:21'),
(307, 4, 'Service Charge Paid to PKSF ENRICH(LIL)', '0.00', '0.00', '0.00', '5148', 19, 'App\\AccountHeadChild_II', NULL, NULL),
(308, 4, 'Service Charge Paid to PKSF ENRICH(ACL)', '0.00', '0.00', '0.00', '5149', 19, 'App\\AccountHeadChild_II', NULL, NULL),
(309, 3, 'Income for Generatar sale', '0.00', '0.00', '0.00', '4276', 12, 'App\\AccountHeadChild_II', NULL, NULL),
(310, 1, 'Grihayan Project Loan', '0.00', '0.00', '0.00', '1554', 31, 'App\\AccountHeadChild_II', NULL, NULL),
(311, 2, 'Mutual Trust Bank Loan A/C', '0.00', '0.00', '0.00', '3562', 30, 'App\\AccountHeadChild_II', NULL, NULL),
(312, 2, 'NRB Bank Loan A/C', '0.00', '0.00', '0.00', '3563', 30, 'App\\AccountHeadChild_II', NULL, NULL),
(313, 3, 'Vat Received', '0.00', '0.00', '0.00', '4277', 12, 'App\\AccountHeadChild_II', NULL, NULL),
(314, 3, 'Tax Received', '0.00', '0.00', '0.00', '4278', 12, 'App\\AccountHeadChild_II', NULL, NULL),
(315, 4, 'Vat Paid', '0.00', '0.00', '0.00', '5975', 16, 'App\\AccountHeadChild_II', NULL, NULL),
(316, 4, 'Tax Paid', '0.00', '0.00', '0.00', '5976', 16, 'App\\AccountHeadChild_II', NULL, NULL),
(317, 1, 'FDR Interest Receivable A/C', '0.00', '0.00', '0.00', '2307', 10, 'App\\AccountHeadChild_II', NULL, NULL),
(318, 1, 'FK Norway Project Loan', '0.00', '0.00', '0.00', '1516', 29, 'App\\AccountHeadChild_II', NULL, NULL),
(319, 3, 'Income from Computer Sale', '0.00', '0.00', '0.00', '4257', 12, 'App\\AccountHeadChild_II', NULL, NULL),
(320, 4, 'Incentive Allowance', '0.00', '0.00', '0.00', '5977', 16, 'App\\AccountHeadChild_II', NULL, NULL),
(321, 1, 'Security For Land', '0.00', '0.00', '0.00', '1556', 31, 'App\\AccountHeadChild_II', NULL, NULL),
(322, 1, 'Motor Cycle Loan A/C (staff)', '0.00', '0.00', '0.00', '2007', 8, 'App\\AccountHeadChild_II', NULL, NULL),
(323, 4, 'HardShip Allowance(ED)', '0.00', '0.00', '0.00', '5978', 16, 'App\\AccountHeadChild_II', NULL, NULL),
(324, 2, 'Capitat Gain From Motorcycle', '0.00', '1.00', '1.00', '3603', 32, 'App\\AccountHeadChild_II', NULL, '2020-01-20 10:29:21'),
(325, 2, 'Project Security Received', '0.00', '0.00', '0.00', '3527', 27, 'App\\AccountHeadChild_II', NULL, NULL),
(326, 1, 'Blood Pressur Machine', '0.00', '0.00', '0.00', '1258', 3, 'App\\AccountHeadChild_II', NULL, NULL),
(327, 4, 'Loss On Asset', '0.00', '0.00', '0.00', '5652', 36, 'App\\AccountHeadChild_II', NULL, NULL),
(328, 4, 'Pension Expenses', '0.00', '0.00', '0.00', '5979', 16, 'App\\AccountHeadChild_II', NULL, NULL),
(329, 2, 'Health Savings (staff)', '0.00', '0.00', '0.00', '3203', 38, 'App\\AccountHeadChild_II', NULL, NULL),
(330, 4, 'Loss On Sale Of Land', '0.00', '0.00', '0.00', '5653', 36, 'App\\AccountHeadChild_II', NULL, NULL),
(331, 1, 'Vehical Loan A/C (ED)', '0.00', '0.00', '0.00', '2008', 8, 'App\\AccountHeadChild_II', NULL, NULL),
(332, 2, 'Health Project A/C', '0.00', '0.00', '0.00', '3528', 27, 'App\\AccountHeadChild_II', NULL, NULL),
(333, 2, 'Advance Grant for Probin Kormosuchi', '0.00', '0.00', '0.00', '3564', 30, 'App\\AccountHeadChild_II', NULL, NULL),
(334, 3, 'Probin Kormosuchi Grant Income', '0.00', '0.00', '0.00', '4280', 12, 'App\\AccountHeadChild_II', NULL, NULL),
(335, 4, 'Probin Kormosuchi Expenses', '0.00', '0.00', '0.00', '5980', 16, 'App\\AccountHeadChild_II', NULL, NULL),
(336, 4, 'Interest on FGS Savings', '0.00', '0.00', '0.00', '5122', 20, 'App\\AccountHeadChild_II', NULL, NULL),
(337, 1, 'DI Project Loan', '0.00', '0.00', '0.00', '1555', 31, 'App\\AccountHeadChild_II', NULL, NULL),
(338, 4, 'Adolescent Confurance', '0.00', '0.00', '0.00', '5981', 16, 'App\\AccountHeadChild_II', NULL, NULL),
(339, 1, 'Advance For Building', '0.00', '0.00', '0.00', '2102', 9, 'App\\AccountHeadChild_II', NULL, NULL),
(340, 1, 'Loan A/C With members - EDUCATION', '0.00', '0.00', '0.00', '1913', 7, 'App\\AccountHeadChild_II', NULL, NULL),
(341, 3, 'Service Charge A/C EDUCATION', '0.00', '0.00', '0.00', '4163', 23, 'App\\AccountHeadChild_II', NULL, NULL),
(342, 2, 'Staff Welfare', '0.00', '0.00', '0.00', '3208', 40, 'App\\AccountHeadChild_II', NULL, NULL),
(343, 1, 'Advance Income Tax', '0.00', '0.00', '0.00', '2103', 9, 'App\\AccountHeadChild_II', NULL, NULL),
(344, 2, 'Advance against Training', '0.00', '0.00', '0.00', '3566', 30, 'App\\AccountHeadChild_II', NULL, NULL),
(345, 4, 'Other Expenses', '0.00', '0.00', '0.00', '5982', 16, 'App\\AccountHeadChild_II', NULL, NULL),
(346, 3, 'Sale of Pass Book (FGS)', '0.00', '0.00', '0.00', '4279', 12, 'App\\AccountHeadChild_II', NULL, '2019-11-22 15:47:55'),
(347, 3, 'Income From Sale Of Furniture', '0.00', '0.00', '0.00', '4254', 12, 'App\\AccountHeadChild_II', NULL, NULL),
(348, 4, 'JAGARON (GS)', '0.00', '0.00', '0.00', '3121', 3, 'App\\AccountHeadChild_III', NULL, NULL),
(349, 4, 'AGRASHOR (GS)', '0.00', '0.00', '0.00', '3122', 4, 'App\\AccountHeadChild_III', NULL, NULL),
(350, 4, 'BUNIAD (GS)', '0.00', '0.00', '0.00', '3123', 5, 'App\\AccountHeadChild_III', NULL, NULL),
(351, 4, 'MFMSF (GS)', '0.00', '0.00', '0.00', '3124', 6, 'App\\AccountHeadChild_III', NULL, NULL),
(352, 4, 'SUFALON (GS)', '0.00', '0.00', '0.00', '3125', 7, 'App\\AccountHeadChild_III', NULL, NULL),
(353, 1, 'Cash in hand', '0.00', '0.00', '0.00', '1751', 1, 'App\\AccountHeadChild_III', NULL, '2019-12-12 00:08:24'),
(373, 4, 'EFRRAP (GS)', '0.00', '0.00', '0.00', '3126', 8, 'App\\AccountHeadChild_III', NULL, NULL),
(376, 4, 'FSP (GS)', '0.00', '0.00', '0.00', '3127', 9, 'App\\AccountHeadChild_III', NULL, NULL),
(419, 4, 'Enrich IGA (GS)', '0.00', '0.00', '0.00', '3128', 10, 'App\\AccountHeadChild_III', NULL, NULL),
(420, 4, 'Enrich LIL (GS)', '0.00', '0.00', '0.00', '3129', 11, 'App\\AccountHeadChild_III', NULL, NULL),
(421, 4, 'Enrich ACL (GS)', '0.00', '0.00', '0.00', '3130', 3, 'App\\AccountHeadChild_III', NULL, NULL),
(431, 1, 'Prime Bank, T.A - Mymensingh Branch, C/A-17431030009729', '0.00', '0.00', '0.00', '1875', 2, 'App\\AccountHeadChild_III', NULL, NULL),
(432, 1, 'Sunaly Bank, T.A - Matsha Gabeshana Institute Branch, C/A-3301200006064', '0.00', '0.00', '0.00', '1876', 2, 'App\\AccountHeadChild_III', NULL, NULL),
(440, 4, 'Jagaron (H.S)', '0.00', '0.00', '0.00', '3181', 3, 'App\\AccountHeadChild_III', NULL, NULL),
(441, 4, 'Agroshor (H.S)', '0.00', '0.00', '0.00', '3182', 4, 'App\\AccountHeadChild_III', NULL, '2019-12-13 05:32:09'),
(442, 4, 'Sufolon (H.S)', '0.00', '0.00', '0.00', '3183', 7, 'App\\AccountHeadChild_III', NULL, '2019-12-13 05:32:09'),
(448, 4, 'JAGARON (FGS)', '0.00', '0.00', '0.00', '3191', 3, 'App\\AccountHeadChild_III', NULL, NULL),
(449, 4, 'AGRASHOR (FGS)', '0.00', '0.00', '0.00', '3192', 4, 'App\\AccountHeadChild_III', NULL, NULL),
(450, 4, 'SUFALON (FGS)', '0.00', '0.00', '0.00', '3193', 7, 'App\\AccountHeadChild_III', NULL, '2019-12-13 05:32:09'),
(453, 4, 'EDUCATION (GS)', '0.00', '0.00', '0.00', '3131', 13, 'App\\AccountHeadChild_III', NULL, '2019-12-13 05:32:09'),
(455, 1, 'Account Head', '1.00', '0.00', '1.00', '000', 1, 'App\\AccountHeadChild_II', '2020-01-17 18:56:47', '2020-01-20 10:29:20'),
(456, 1, 'Office Equipment', '0.00', '0.00', '0.00', '1259', 3, 'App\\AccountHeadChild_II', '2020-02-13 12:42:01', '2020-02-13 12:42:01');

-- --------------------------------------------------------

--
-- Table structure for table `users`
--

CREATE TABLE `users` (
  `id` int(10) UNSIGNED NOT NULL,
  `name` varchar(50) COLLATE utf8mb4_unicode_ci NOT NULL,
  `role_id` int(10) UNSIGNED NOT NULL,
  `email` varchar(30) COLLATE utf8mb4_unicode_ci NOT NULL,
  `email_verified_at` timestamp NULL DEFAULT NULL,
  `password` varchar(191) COLLATE utf8mb4_unicode_ci NOT NULL,
  `remember_token` varchar(100) COLLATE utf8mb4_unicode_ci DEFAULT NULL,
  `created_at` timestamp NULL DEFAULT NULL,
  `updated_at` timestamp NULL DEFAULT NULL
) ENGINE=InnoDB DEFAULT CHARSET=utf8mb4 COLLATE=utf8mb4_unicode_ci;

--
-- Dumping data for table `users`
--

INSERT INTO `users` (`id`, `name`, `role_id`, `email`, `email_verified_at`, `password`, `remember_token`, `created_at`, `updated_at`) VALUES
(1, 'mtcadmin01', 1, 'mtcadmin01@gmail.com', NULL, '$2y$10$JsIPV2aJAK8tDJ7TQphz.enBRWkqEH90COX5hFN9JzupbJOnjzl0O', 'GXSYabHcKcwGFQMh4TMAC0Kg3YtAdFNHwRq8I5xFdjRdaILlPXLHdgLobXds', '2019-08-14 20:30:21', '2019-08-14 20:30:21'),
(2, 'farhan', 1, 'faru@gmail.com', NULL, '$2y$10$.iwzTL10vX9zGNzjOEoV0uASk0.yGAwjR6TX1YB4wQyF.HphFhFJ.', NULL, '2019-09-15 18:04:04', NULL);

-- --------------------------------------------------------

--
-- Table structure for table `v1_venues`
--

CREATE TABLE `v1_venues` (
  `id` int(10) UNSIGNED NOT NULL,
  `name` varchar(191) COLLATE utf8mb4_unicode_ci NOT NULL,
  `location` varchar(191) COLLATE utf8mb4_unicode_ci NOT NULL,
  `price` varchar(191) COLLATE utf8mb4_unicode_ci NOT NULL,
  `feature` varchar(191) COLLATE utf8mb4_unicode_ci NOT NULL,
  `created_at` timestamp NULL DEFAULT NULL,
  `updated_at` timestamp NULL DEFAULT NULL
) ENGINE=InnoDB DEFAULT CHARSET=utf8mb4 COLLATE=utf8mb4_unicode_ci;

--
-- Dumping data for table `v1_venues`
--

INSERT INTO `v1_venues` (`id`, `name`, `location`, `price`, `feature`, `created_at`, `updated_at`) VALUES
(50, 'VIP Venue-400', '4th floor (Extension)', '28000', 'Capacity of upto 800 persons.\r\nSurround Sound Systems.\r\nAir conditioned.', NULL, NULL),
(51, 'Training Venue Venue-200', '2nd floor', '18000', 'Capacity of upto 350 persons.\r\nSurround Sound Systems.\r\nAir Conditioned.', NULL, NULL),
(52, 'Venue-401', '4th floor (Extension)', '16000', 'Capacity of upto 120 persons. Surround Sound Systems. Air Conditioned.', NULL, NULL),
(53, 'Executive Meeting  Room -500', '5th floor', '12000', 'Capacity of upto 100 persons. Surround Sound Systems. Air Conditioned.', NULL, NULL),
(54, 'Training Venue-(200A)', '2nd floor', '10000', 'Hall Room Capacity-10-25', NULL, NULL),
(55, 'Training Venue-(200B)', '1st floor', '4000', 'Dining. Capacity-40', NULL, NULL),
(57, 'Training Venue-(102)', '1st floor', '5000', 'Hall Room Capacity 30-55', NULL, NULL),
(58, 'Training  Venue-(200C)', '2nd Floor', '2500', 'Capacity 15-25', NULL, NULL),
(59, 'Training Venue-200A', '2nd Floor', '10000', 'Capacity: 50-150', NULL, NULL),
(60, 'Executive Meeting Room Ac With Sound System', '4th floor', '7000', 'Capacity: 40-60', NULL, NULL);

-- --------------------------------------------------------

--
-- Table structure for table `visitors`
--

CREATE TABLE `visitors` (
  `id` int(10) UNSIGNED NOT NULL,
  `guest_id` int(10) UNSIGNED NOT NULL,
  `booking_id` int(10) UNSIGNED NOT NULL,
  `name` varchar(191) COLLATE utf8mb4_unicode_ci NOT NULL,
  `contact_no` varchar(191) COLLATE utf8mb4_unicode_ci DEFAULT NULL,
  `address` text COLLATE utf8mb4_unicode_ci,
  `appearance` int(10) UNSIGNED NOT NULL DEFAULT '1',
  `created_at` timestamp NULL DEFAULT NULL,
  `updated_at` timestamp NULL DEFAULT NULL
) ENGINE=InnoDB DEFAULT CHARSET=utf8mb4 COLLATE=utf8mb4_unicode_ci;

-- --------------------------------------------------------

--
-- Table structure for table `vouchers`
--

CREATE TABLE `vouchers` (
  `id` int(10) UNSIGNED NOT NULL,
  `v_group_id` int(10) UNSIGNED NOT NULL,
  `date_id` int(10) UNSIGNED NOT NULL,
  `debit_head_id` int(10) UNSIGNED NOT NULL,
  `credit_head_id` int(10) UNSIGNED NOT NULL,
  `amount` double(14,2) NOT NULL,
  `note` text COLLATE utf8mb4_unicode_ci,
  `deleted_at` timestamp NULL DEFAULT NULL,
  `created_at` timestamp NULL DEFAULT NULL,
  `updated_at` timestamp NULL DEFAULT NULL
) ENGINE=InnoDB DEFAULT CHARSET=utf8mb4 COLLATE=utf8mb4_unicode_ci;

--
-- Dumping data for table `vouchers`
--

INSERT INTO `vouchers` (`id`, `v_group_id`, `date_id`, `debit_head_id`, `credit_head_id`, `amount`, `note`, `deleted_at`, `created_at`, `updated_at`) VALUES
(1, 1, 1, 353, 5, 0.00, NULL, '2020-02-17 13:18:32', '2020-02-16 16:03:04', '2020-02-17 13:18:32'),
(2, 1, 1, 96, 353, 1000.00, NULL, '2020-02-17 13:18:32', '2020-02-16 16:05:37', '2020-02-17 13:18:32'),
(3, 1, 1, 353, 5, 4000.00, NULL, '2020-02-17 13:18:32', '2020-02-16 16:05:37', '2020-02-17 13:18:32'),
(4, 1, 1, 353, 8, 9625.00, NULL, '2020-02-17 13:18:32', '2020-02-16 16:05:38', '2020-02-17 13:18:32'),
(5, 1, 1, 353, 5, 0.00, NULL, '2020-02-17 14:50:23', '2020-02-17 13:20:33', '2020-02-17 14:50:23'),
(6, 1, 1, 96, 353, 1000.00, NULL, '2020-02-17 14:50:23', '2020-02-17 13:22:03', '2020-02-17 14:50:23'),
(7, 1, 1, 353, 5, 4000.00, NULL, '2020-02-17 14:50:23', '2020-02-17 13:22:03', '2020-02-17 14:50:23'),
(8, 1, 1, 353, 8, 9625.00, NULL, '2020-02-17 14:50:23', '2020-02-17 13:22:03', '2020-02-17 14:50:23'),
(9, 1, 1, 353, 5, 0.00, NULL, NULL, '2020-02-17 14:52:32', '2020-02-17 14:52:32'),
(10, 1, 1, 353, 5, 3000.00, NULL, NULL, '2020-02-17 14:53:32', '2020-02-17 14:53:32'),
(11, 1, 1, 353, 8, 9625.00, NULL, NULL, '2020-02-17 14:53:32', '2020-02-17 14:53:32'),
(12, 1, 1, 353, 5, 0.00, NULL, '2020-02-17 16:41:02', '2020-02-17 15:19:15', '2020-02-17 16:41:02'),
(13, 1, 1, 353, 5, 0.00, NULL, NULL, '2020-02-17 16:32:42', '2020-02-17 16:32:42'),
(14, 1, 1, 353, 5, 9000.00, NULL, NULL, '2020-02-17 16:33:53', '2020-02-17 16:33:53'),
(15, 1, 1, 353, 8, 56925.00, NULL, NULL, '2020-02-17 16:33:54', '2020-02-17 16:33:54'),
(16, 2, 1, 353, 60, 184.00, 'Photocopy of SK+F', NULL, '2020-02-17 16:34:52', '2020-02-17 16:34:52'),
(17, 1, 1, 353, 5, 0.00, NULL, '2020-02-17 16:42:25', '2020-02-17 16:39:51', '2020-02-17 16:42:25'),
(18, 1, 1, 353, 5, 0.00, NULL, NULL, '2020-02-17 16:43:50', '2020-02-17 16:43:50'),
(19, 1, 1, 353, 5, 4000.00, NULL, NULL, '2020-02-17 16:44:14', '2020-02-17 16:44:14'),
(20, 1, 1, 353, 8, 10296.00, NULL, NULL, '2020-02-17 16:44:14', '2020-02-17 16:44:14'),
(21, 1, 1, 353, 5, 0.00, NULL, '2020-02-17 17:03:47', '2020-02-17 16:55:15', '2020-02-17 17:03:47'),
(22, 1, 1, 353, 5, 0.00, NULL, NULL, '2020-02-17 17:10:41', '2020-02-17 17:10:41'),
(23, 1, 1, 353, 5, 7000.00, NULL, NULL, '2020-02-17 17:11:58', '2020-02-17 17:11:58'),
(24, 1, 1, 353, 8, 21631.50, NULL, NULL, '2020-02-17 17:11:58', '2020-02-17 17:11:58'),
(25, 3, 1, 353, 60, 366.00, NULL, NULL, '2020-02-17 17:15:27', '2020-02-17 17:15:27'),
(26, 1, 1, 353, 5, 0.00, NULL, '2020-02-17 17:40:58', '2020-02-17 17:34:23', '2020-02-17 17:40:58'),
(27, 1, 1, 353, 5, 0.00, NULL, '2020-02-17 17:40:49', '2020-02-17 17:39:05', '2020-02-17 17:40:49'),
(28, 1, 1, 353, 5, 0.00, NULL, '2020-02-17 17:42:53', '2020-02-17 17:42:25', '2020-02-17 17:42:53'),
(29, 1, 1, 353, 5, 0.00, NULL, NULL, '2020-02-17 17:44:37', '2020-02-17 17:44:37'),
(30, 1, 1, 353, 5, 3500.00, NULL, NULL, '2020-02-17 17:46:26', '2020-02-17 17:46:26'),
(31, 1, 1, 353, 8, 8400.00, NULL, NULL, '2020-02-17 17:46:27', '2020-02-17 17:46:27'),
(32, 4, 1, 353, 12, 1000.00, NULL, NULL, '2020-02-17 17:46:56', '2020-02-17 17:46:56'),
(33, 1, 1, 353, 14, 0.00, NULL, '2020-02-25 15:00:47', '2020-02-19 22:34:58', '2020-02-25 15:00:47'),
(34, 1, 1, 96, 353, 300.00, NULL, '2020-02-25 15:00:47', '2020-02-19 22:35:11', '2020-02-25 15:00:47'),
(35, 1, 1, 353, 14, 2000.00, NULL, '2020-02-25 15:00:47', '2020-02-19 22:35:11', '2020-02-25 15:00:47'),
(36, 1, 1, 353, 14, 0.00, NULL, '2020-02-25 13:13:58', '2020-02-19 22:36:59', '2020-02-25 13:13:58'),
(37, 1, 1, 96, 353, 300.00, NULL, '2020-02-25 13:13:58', '2020-02-19 22:37:12', '2020-02-25 13:13:58'),
(38, 1, 1, 353, 14, 2000.00, NULL, '2020-02-25 13:13:58', '2020-02-19 22:37:12', '2020-02-25 13:13:58'),
(39, 1, 1, 353, 14, 0.00, NULL, '2020-02-25 13:09:46', '2020-02-19 22:38:31', '2020-02-25 13:09:46'),
(40, 1, 1, 96, 353, 300.00, NULL, '2020-02-25 13:09:46', '2020-02-19 22:38:39', '2020-02-25 13:09:46'),
(41, 1, 1, 353, 14, 2000.00, NULL, '2020-02-25 13:09:46', '2020-02-19 22:38:39', '2020-02-25 13:09:46'),
(42, 1, 1, 353, 14, 0.00, NULL, '2020-02-25 13:03:56', '2020-02-19 22:39:49', '2020-02-25 13:03:56'),
(43, 1, 1, 96, 353, 300.00, NULL, '2020-02-25 13:03:56', '2020-02-19 22:39:56', '2020-02-25 13:03:56'),
(44, 1, 1, 353, 14, 2000.00, NULL, '2020-02-25 13:03:56', '2020-02-19 22:39:56', '2020-02-25 13:03:56'),
(45, 1, 1, 353, 14, 0.00, NULL, '2020-02-25 13:01:09', '2020-02-19 22:41:09', '2020-02-25 13:01:09'),
(46, 1, 1, 96, 353, 300.00, NULL, '2020-02-25 13:01:09', '2020-02-19 22:41:17', '2020-02-25 13:01:09'),
(47, 1, 1, 353, 14, 2000.00, NULL, '2020-02-25 13:01:09', '2020-02-19 22:41:17', '2020-02-25 13:01:09'),
(48, 1, 1, 353, 14, 0.00, NULL, '2020-02-25 12:58:31', '2020-02-19 22:43:15', '2020-02-25 12:58:31'),
(49, 1, 1, 96, 353, 100.00, NULL, '2020-02-25 12:58:31', '2020-02-19 22:44:10', '2020-02-25 12:58:31'),
(50, 1, 1, 353, 14, 1200.00, NULL, '2020-02-25 12:58:31', '2020-02-19 22:44:10', '2020-02-25 12:58:31'),
(51, 1, 1, 353, 8, 600.00, NULL, '2020-02-25 12:58:31', '2020-02-19 22:44:10', '2020-02-25 12:58:31'),
(52, 1, 1, 353, 14, 0.00, NULL, '2020-02-19 22:45:49', '2020-02-19 22:45:33', '2020-02-19 22:45:49'),
(53, 1, 1, 353, 14, 0.00, NULL, '2020-02-25 12:45:19', '2020-02-19 22:46:41', '2020-02-25 12:45:19'),
(54, 1, 1, 96, 353, 100.00, NULL, '2020-02-25 12:45:19', '2020-02-19 22:47:10', '2020-02-25 12:45:19'),
(55, 1, 1, 353, 14, 1200.00, NULL, '2020-02-25 12:45:19', '2020-02-19 22:47:10', '2020-02-25 12:45:19'),
(56, 1, 1, 353, 8, 600.00, NULL, '2020-02-25 12:45:19', '2020-02-19 22:47:10', '2020-02-25 12:45:19'),
(57, 1, 1, 353, 14, 0.00, NULL, '2020-02-25 12:35:16', '2020-02-19 22:48:16', '2020-02-25 12:35:16'),
(58, 1, 1, 96, 353, 100.00, NULL, '2020-02-25 12:35:16', '2020-02-19 22:48:37', '2020-02-25 12:35:16'),
(59, 1, 1, 353, 14, 1200.00, NULL, '2020-02-25 12:35:16', '2020-02-19 22:48:37', '2020-02-25 12:35:16'),
(60, 1, 1, 353, 8, 600.00, NULL, '2020-02-25 12:35:16', '2020-02-19 22:48:37', '2020-02-25 12:35:16'),
(61, 1, 1, 353, 14, 0.00, NULL, NULL, '2020-02-19 22:49:57', '2020-02-19 22:49:57'),
(62, 1, 1, 353, 14, 1200.00, NULL, NULL, '2020-02-19 22:50:03', '2020-02-19 22:50:03'),
(63, 1, 1, 353, 14, 0.00, NULL, NULL, '2020-02-19 22:51:36', '2020-02-19 22:51:36'),
(64, 1, 1, 353, 14, 300.00, NULL, NULL, '2020-02-19 22:51:41', '2020-02-19 22:51:41'),
(65, 1, 1, 353, 14, 0.00, NULL, '2020-02-25 12:29:35', '2020-02-19 22:53:57', '2020-02-25 12:29:35'),
(66, 1, 1, 96, 353, 300.00, NULL, '2020-02-25 12:29:35', '2020-02-19 22:54:08', '2020-02-25 12:29:35'),
(67, 1, 1, 353, 14, 2500.00, NULL, '2020-02-25 12:29:35', '2020-02-19 22:54:08', '2020-02-25 12:29:35'),
(68, 1, 1, 353, 14, 0.00, NULL, '2020-02-25 12:19:19', '2020-02-19 22:58:26', '2020-02-25 12:19:19'),
(69, 1, 1, 96, 353, 500.00, NULL, '2020-02-25 12:19:19', '2020-02-19 22:58:51', '2020-02-25 12:19:19'),
(70, 1, 1, 353, 14, 4300.00, NULL, '2020-02-25 12:19:19', '2020-02-19 22:58:51', '2020-02-25 12:19:19'),
(71, 1, 1, 353, 14, 0.00, NULL, NULL, '2020-02-19 23:00:17', '2020-02-19 23:00:17'),
(72, 1, 1, 353, 14, 750.00, NULL, NULL, '2020-02-19 23:00:28', '2020-02-19 23:00:28'),
(73, 1, 1, 353, 14, 0.00, NULL, NULL, '2020-02-19 23:02:14', '2020-02-19 23:02:14'),
(74, 1, 1, 353, 14, 300.00, NULL, NULL, '2020-02-19 23:02:19', '2020-02-19 23:02:19'),
(75, 1, 1, 353, 14, 0.00, NULL, NULL, '2020-02-19 23:03:35', '2020-02-19 23:03:35'),
(76, 1, 1, 353, 14, 1200.00, NULL, NULL, '2020-02-19 23:03:40', '2020-02-19 23:03:40'),
(77, 1, 1, 353, 14, 0.00, NULL, NULL, '2020-02-19 23:07:15', '2020-02-19 23:07:15'),
(78, 1, 1, 353, 14, 1200.00, NULL, NULL, '2020-02-19 23:07:20', '2020-02-19 23:07:20'),
(79, 1, 1, 353, 14, 0.00, NULL, '2020-02-19 23:09:54', '2020-02-19 23:09:23', '2020-02-19 23:09:54'),
(80, 1, 1, 353, 14, 0.00, NULL, NULL, '2020-02-19 23:12:14', '2020-02-19 23:12:14'),
(81, 1, 1, 353, 14, 300.00, NULL, NULL, '2020-02-19 23:12:18', '2020-02-19 23:12:18'),
(82, 1, 1, 353, 14, 0.00, NULL, NULL, '2020-02-19 23:14:10', '2020-02-19 23:14:10'),
(83, 1, 1, 353, 14, 300.00, NULL, NULL, '2020-02-19 23:14:42', '2020-02-19 23:14:42'),
(84, 1, 1, 353, 14, 0.00, NULL, NULL, '2020-02-19 23:16:07', '2020-02-19 23:16:07'),
(85, 1, 1, 353, 14, 300.00, NULL, NULL, '2020-02-19 23:16:12', '2020-02-19 23:16:12'),
(86, 1, 1, 353, 14, 0.00, NULL, NULL, '2020-02-19 23:19:33', '2020-02-19 23:19:33'),
(87, 1, 1, 353, 14, 1800.00, NULL, NULL, '2020-02-19 23:19:40', '2020-02-19 23:19:40'),
(88, 1, 1, 353, 14, 0.00, NULL, NULL, '2020-02-19 23:21:24', '2020-02-19 23:21:24'),
(89, 1, 1, 353, 14, 300.00, NULL, NULL, '2020-02-19 23:21:32', '2020-02-19 23:21:32'),
(90, 1, 1, 353, 14, 0.00, NULL, '2020-02-19 23:25:52', '2020-02-19 23:23:50', '2020-02-19 23:25:52'),
(91, 1, 1, 353, 14, 0.00, NULL, '2020-02-25 11:52:46', '2020-02-19 23:27:01', '2020-02-25 11:52:46'),
(92, 1, 1, 96, 353, 20.00, NULL, '2020-02-25 11:52:46', '2020-02-19 23:27:52', '2020-02-25 11:52:46'),
(93, 1, 1, 353, 14, 6600.00, NULL, '2020-02-25 11:52:46', '2020-02-19 23:27:52', '2020-02-25 11:52:46'),
(94, 1, 1, 353, 8, 420.00, NULL, '2020-02-25 11:52:46', '2020-02-19 23:27:52', '2020-02-25 11:52:46'),
(95, 5, 1, 353, 60, 680.00, 'Photocopy Bill', NULL, '2020-02-19 23:29:04', '2020-02-19 23:29:04'),
(96, 6, 1, 353, 15, 800.00, NULL, '2020-02-25 15:39:31', '2020-02-19 23:30:16', '2020-02-25 15:39:31'),
(97, 7, 1, 353, 16, 4387.00, NULL, NULL, '2020-02-23 14:16:06', '2020-02-23 14:16:06'),
(98, 7, 1, 353, 16, 550.00, NULL, NULL, '2020-02-23 14:16:06', '2020-02-23 14:16:06'),
(99, 7, 1, 353, 16, 300.00, NULL, NULL, '2020-02-23 14:16:07', '2020-02-23 14:16:07'),
(100, 7, 1, 353, 16, 160.00, NULL, NULL, '2020-02-23 14:16:07', '2020-02-23 14:16:07'),
(101, 7, 1, 353, 16, 3672.00, NULL, NULL, '2020-02-23 14:19:17', '2020-02-23 14:19:17'),
(102, 7, 1, 353, 16, 2400.00, NULL, NULL, '2020-02-23 14:27:04', '2020-02-23 14:27:04'),
(103, 7, 1, 353, 16, 2140.00, NULL, NULL, '2020-02-23 14:30:57', '2020-02-23 14:30:57'),
(104, 7, 1, 353, 16, 500.00, NULL, NULL, '2020-02-23 14:35:22', '2020-02-23 14:35:22'),
(105, 7, 1, 353, 16, 2750.00, NULL, NULL, '2020-02-23 14:45:29', '2020-02-23 14:45:29'),
(106, 7, 1, 353, 16, 1720.00, NULL, NULL, '2020-02-23 14:45:29', '2020-02-23 14:45:29'),
(107, 7, 1, 353, 16, 300.00, NULL, NULL, '2020-02-23 14:45:29', '2020-02-23 14:45:29'),
(108, 7, 1, 353, 16, 680.00, NULL, NULL, '2020-02-23 14:45:29', '2020-02-25 17:00:29'),
(109, 7, 1, 353, 16, 200.00, NULL, NULL, '2020-02-23 14:45:29', '2020-02-23 14:45:29'),
(110, 7, 1, 353, 16, 225.00, NULL, NULL, '2020-02-23 14:45:29', '2020-02-23 14:45:29'),
(111, 7, 1, 353, 16, 70.00, NULL, NULL, '2020-02-23 15:36:54', '2020-02-23 15:36:54'),
(112, 7, 1, 353, 16, 150.00, NULL, NULL, '2020-02-23 15:36:55', '2020-02-23 15:36:55'),
(113, 7, 1, 353, 16, 20.00, NULL, NULL, '2020-02-23 15:36:55', '2020-02-23 15:36:55'),
(114, 7, 1, 353, 16, 120.00, NULL, NULL, '2020-02-23 15:36:55', '2020-02-23 15:36:55'),
(115, 7, 1, 353, 16, 50.00, NULL, NULL, '2020-02-23 15:36:55', '2020-02-23 15:36:55'),
(116, 7, 1, 353, 16, 6693.00, NULL, NULL, '2020-02-23 15:41:02', '2020-02-23 15:41:02'),
(117, 8, 1, 16, 353, 800.00, NULL, NULL, '2020-02-23 15:43:04', '2020-02-23 15:43:04'),
(118, 7, 1, 353, 16, 1273.00, NULL, NULL, '2020-02-23 15:44:26', '2020-02-23 15:44:26'),
(119, 7, 1, 353, 16, 80.00, NULL, NULL, '2020-02-23 15:46:03', '2020-02-23 15:46:03'),
(120, 7, 1, 353, 16, 180.00, NULL, NULL, '2020-02-23 15:59:40', '2020-02-23 15:59:40'),
(121, 9, 1, 16, 353, 40.00, NULL, NULL, '2020-02-23 16:02:39', '2020-02-23 16:02:39'),
(122, 7, 1, 353, 16, 150.00, NULL, NULL, '2020-02-23 16:04:28', '2020-02-23 16:04:28'),
(123, 7, 1, 353, 16, 30.00, NULL, NULL, '2020-02-23 16:04:28', '2020-02-23 16:04:28'),
(124, 7, 1, 353, 16, 10.00, NULL, NULL, '2020-02-23 16:08:28', '2020-02-23 16:08:28'),
(125, 7, 1, 353, 16, 20.00, NULL, NULL, '2020-02-23 16:10:33', '2020-02-23 16:10:33'),
(126, 7, 1, 353, 16, 560.00, NULL, NULL, '2020-02-23 16:15:42', '2020-02-23 16:15:42'),
(127, 7, 1, 353, 16, 150.00, NULL, NULL, '2020-02-23 16:15:42', '2020-02-23 16:15:42'),
(128, 7, 1, 353, 16, 560.00, NULL, NULL, '2020-02-23 16:15:43', '2020-02-23 16:15:43'),
(129, 7, 1, 353, 16, 440.00, NULL, NULL, '2020-02-23 16:15:43', '2020-02-23 16:15:43'),
(130, 7, 1, 353, 16, 175.00, NULL, NULL, '2020-02-23 16:15:43', '2020-02-23 16:15:43'),
(131, 7, 1, 353, 16, 600.00, NULL, NULL, '2020-02-23 16:17:39', '2020-02-23 16:17:39'),
(132, 7, 1, 353, 16, 6575.00, NULL, NULL, '2020-02-23 16:17:39', '2020-02-23 16:17:39'),
(133, 7, 1, 353, 16, 2600.00, NULL, NULL, '2020-02-23 16:21:04', '2020-02-23 16:21:04'),
(134, 7, 1, 353, 16, 1200.00, NULL, NULL, '2020-02-23 16:21:04', '2020-02-23 16:21:04'),
(135, 10, 1, 16, 353, 20.00, NULL, NULL, '2020-02-23 16:21:31', '2020-02-23 16:21:31'),
(136, 11, 1, 16, 353, 40.00, NULL, NULL, '2020-02-23 16:22:39', '2020-02-23 16:22:39'),
(137, 7, 1, 353, 16, 3672.00, NULL, NULL, '2020-02-23 16:24:50', '2020-02-23 16:24:50'),
(138, 7, 1, 353, 16, 747.00, NULL, NULL, '2020-02-23 16:27:43', '2020-02-23 16:27:43'),
(139, 7, 1, 353, 16, 664.00, NULL, NULL, '2020-02-23 16:31:49', '2020-02-23 16:31:49'),
(140, 7, 1, 353, 16, 980.00, NULL, NULL, '2020-02-23 16:38:46', '2020-02-23 16:38:46'),
(141, 7, 1, 353, 16, 3540.00, NULL, NULL, '2020-02-23 16:41:06', '2020-02-23 16:41:06'),
(142, 7, 1, 353, 16, 140.00, NULL, NULL, '2020-02-25 10:24:30', '2020-02-25 10:24:30'),
(143, 7, 1, 353, 16, 4200.00, NULL, NULL, '2020-02-25 10:25:47', '2020-02-25 10:25:47'),
(144, 7, 1, 353, 16, 2350.00, NULL, '2020-02-25 13:13:05', '2020-02-25 10:26:02', '2020-02-25 13:13:05'),
(145, 7, 1, 353, 16, 2250.00, NULL, NULL, '2020-02-25 10:29:06', '2020-02-25 10:29:06'),
(146, 7, 1, 353, 16, 630.00, NULL, NULL, '2020-02-25 10:33:34', '2020-02-25 10:33:34'),
(147, 7, 1, 353, 16, 3600.00, NULL, NULL, '2020-02-25 10:33:34', '2020-02-25 10:33:34'),
(148, 7, 1, 353, 16, 550.00, NULL, NULL, '2020-02-25 10:33:34', '2020-02-25 10:33:34'),
(149, 7, 1, 353, 16, 550.00, NULL, NULL, '2020-02-25 10:36:54', '2020-02-25 10:36:54'),
(150, 7, 1, 353, 16, 11000.00, NULL, NULL, '2020-02-25 10:36:54', '2020-02-25 10:36:54'),
(151, 7, 1, 353, 16, 2070.00, NULL, NULL, '2020-02-25 10:36:54', '2020-02-25 10:36:54'),
(152, 7, 1, 353, 16, 550.00, NULL, NULL, '2020-02-25 10:52:26', '2020-02-25 10:52:26'),
(153, 7, 1, 353, 16, 70.00, NULL, NULL, '2020-02-25 10:52:26', '2020-02-25 10:52:26'),
(154, 7, 1, 353, 16, 1140.00, NULL, NULL, '2020-02-25 10:54:53', '2020-02-25 10:54:53'),
(155, 7, 1, 353, 16, 1450.00, NULL, NULL, '2020-02-25 10:54:54', '2020-02-25 10:54:54'),
(156, 7, 1, 353, 16, 1860.00, NULL, NULL, '2020-02-25 10:57:07', '2020-02-25 10:57:07'),
(157, 7, 1, 353, 16, 897.00, NULL, NULL, '2020-02-25 10:59:19', '2020-02-25 10:59:19'),
(158, 7, 1, 353, 16, 140.00, NULL, NULL, '2020-02-25 11:02:49', '2020-02-25 11:02:49'),
(159, 7, 1, 353, 16, 120.00, NULL, NULL, '2020-02-25 11:02:49', '2020-02-25 11:02:49'),
(160, 7, 1, 353, 16, 300.00, NULL, NULL, '2020-02-25 11:04:29', '2020-02-25 17:08:31'),
(161, 7, 1, 353, 16, 80.00, NULL, NULL, '2020-02-25 11:05:30', '2020-02-25 11:05:30'),
(162, 7, 1, 353, 16, 120.00, NULL, NULL, '2020-02-25 11:05:30', '2020-02-25 11:05:30'),
(163, 7, 1, 353, 16, 600.00, NULL, NULL, '2020-02-25 11:05:30', '2020-02-25 11:05:30'),
(164, 7, 1, 353, 16, 150.00, NULL, NULL, '2020-02-25 11:05:30', '2020-02-25 11:05:30'),
(165, 7, 1, 353, 16, 200.00, NULL, NULL, '2020-02-25 11:05:30', '2020-02-25 11:05:30'),
(166, 7, 1, 353, 16, 60.00, NULL, NULL, '2020-02-25 11:05:30', '2020-02-25 11:05:30'),
(167, 7, 1, 353, 16, 60.00, NULL, NULL, '2020-02-25 11:05:31', '2020-02-25 11:05:31'),
(168, 7, 1, 353, 16, 700.00, NULL, NULL, '2020-02-25 11:05:31', '2020-02-25 11:05:31'),
(169, 7, 1, 353, 16, 2665.00, NULL, NULL, '2020-02-25 11:05:31', '2020-02-25 11:05:31'),
(170, 7, 1, 353, 16, 1500.00, NULL, NULL, '2020-02-25 11:05:31', '2020-02-25 11:05:31'),
(171, 7, 1, 353, 163, 1008.00, NULL, NULL, '2020-02-25 11:14:54', '2020-02-25 11:14:54'),
(172, 7, 1, 353, 163, 2040.00, NULL, NULL, '2020-02-25 11:14:54', '2020-02-25 11:14:54'),
(173, 7, 1, 353, 163, 1248.00, NULL, NULL, '2020-02-25 11:14:54', '2020-02-25 11:14:54'),
(174, 7, 1, 353, 163, 2040.00, NULL, NULL, '2020-02-25 11:16:30', '2020-02-25 11:16:30'),
(175, 7, 1, 353, 163, 598.00, NULL, NULL, '2020-02-25 11:17:16', '2020-02-25 11:17:16'),
(176, 7, 1, 353, 163, 1031.00, NULL, NULL, '2020-02-25 11:17:17', '2020-02-25 11:17:17'),
(177, 7, 1, 353, 163, 1584.00, NULL, NULL, '2020-02-25 11:17:17', '2020-02-25 11:17:17'),
(178, 12, 1, 163, 353, 540.00, '2 Rim A4 80gm Paper', '2020-02-25 16:50:28', '2020-02-25 11:28:14', '2020-02-25 16:50:28'),
(179, 13, 1, 115, 353, 545.00, 'Traveling Cost', NULL, '2020-02-25 11:30:12', '2020-02-25 11:30:12'),
(180, 14, 1, 18, 353, 1350.00, 'Supporting Staff Cost For Cook', NULL, '2020-02-25 11:31:44', '2020-02-25 11:31:44'),
(181, 15, 1, 96, 353, 298.00, 'Miscellaneous Expense', NULL, '2020-02-25 11:33:18', '2020-02-25 11:33:18'),
(182, 7, 1, 168, 353, 2500.00, NULL, '2020-02-25 16:43:59', '2020-02-25 11:59:09', '2020-02-25 16:43:59'),
(183, 7, 1, 168, 353, 1650.00, NULL, '2020-02-25 16:43:59', '2020-02-25 11:59:09', '2020-02-25 16:43:59'),
(184, 1, 1, 353, 14, 0.00, NULL, NULL, '2020-02-25 12:14:12', '2020-02-25 12:14:12'),
(185, 1, 1, 353, 14, 6600.00, NULL, NULL, '2020-02-25 12:15:21', '2020-02-25 12:15:21'),
(186, 1, 1, 353, 8, 400.00, NULL, NULL, '2020-02-25 12:15:21', '2020-02-25 12:15:21'),
(187, 1, 1, 353, 14, 0.00, NULL, '2020-02-25 15:39:08', '2020-02-25 12:24:50', '2020-02-25 15:39:08'),
(188, 1, 1, 96, 353, 500.00, NULL, '2020-02-25 15:39:08', '2020-02-25 12:27:18', '2020-02-25 15:39:08'),
(189, 1, 1, 353, 14, 4300.00, NULL, '2020-02-25 15:39:08', '2020-02-25 12:27:18', '2020-02-25 15:39:08'),
(190, 1, 1, 353, 14, 0.00, NULL, NULL, '2020-02-25 12:32:37', '2020-02-25 12:32:37'),
(191, 1, 1, 353, 14, 2200.00, NULL, NULL, '2020-02-25 12:32:50', '2020-02-25 12:32:50'),
(192, 1, 1, 353, 14, 0.00, NULL, NULL, '2020-02-25 12:38:19', '2020-02-25 12:38:19'),
(193, 1, 1, 353, 14, 1100.00, NULL, NULL, '2020-02-25 12:39:27', '2020-02-25 12:39:27'),
(194, 1, 1, 353, 8, 600.00, NULL, NULL, '2020-02-25 12:39:27', '2020-02-25 12:39:27'),
(195, 1, 1, 353, 14, 0.00, NULL, '2020-02-25 12:49:33', '2020-02-25 12:47:51', '2020-02-25 12:49:33'),
(196, 1, 1, 353, 14, 0.00, NULL, '2020-02-25 12:51:35', '2020-02-25 12:50:34', '2020-02-25 12:51:35'),
(197, 1, 1, 353, 14, 0.00, NULL, NULL, '2020-02-25 12:52:58', '2020-02-25 12:52:58'),
(198, 1, 1, 353, 14, 1100.00, NULL, NULL, '2020-02-25 12:53:24', '2020-02-25 12:53:24'),
(199, 1, 1, 353, 8, 600.00, NULL, NULL, '2020-02-25 12:53:25', '2020-02-25 12:53:25'),
(200, 1, 1, 353, 14, 0.00, NULL, NULL, '2020-02-25 12:57:14', '2020-02-25 12:57:14'),
(201, 1, 1, 353, 14, 1100.00, NULL, NULL, '2020-02-25 12:57:40', '2020-02-25 12:57:40'),
(202, 1, 1, 353, 8, 600.00, NULL, NULL, '2020-02-25 12:57:40', '2020-02-25 12:57:40'),
(203, 1, 1, 353, 14, 0.00, NULL, NULL, '2020-02-25 13:00:23', '2020-02-25 13:00:23'),
(204, 1, 1, 353, 14, 1700.00, NULL, NULL, '2020-02-25 13:00:30', '2020-02-25 13:00:30'),
(205, 1, 1, 353, 14, 0.00, NULL, NULL, '2020-02-25 13:03:29', '2020-02-25 13:03:29'),
(206, 1, 1, 353, 14, 1700.00, NULL, NULL, '2020-02-25 13:03:35', '2020-02-25 13:03:35'),
(207, 1, 1, 353, 14, 0.00, NULL, NULL, '2020-02-25 13:08:53', '2020-02-25 13:08:53'),
(208, 1, 1, 353, 14, 1700.00, NULL, NULL, '2020-02-25 13:09:26', '2020-02-25 13:09:26'),
(209, 1, 1, 353, 14, 0.00, NULL, NULL, '2020-02-25 13:13:33', '2020-02-25 13:13:33'),
(210, 1, 1, 353, 14, 1700.00, NULL, NULL, '2020-02-25 13:13:40', '2020-02-25 13:13:40'),
(211, 7, 1, 353, 16, 2350.00, NULL, NULL, '2020-02-25 13:13:55', '2020-02-25 13:13:55'),
(212, 1, 1, 353, 14, 0.00, NULL, NULL, '2020-02-25 13:16:21', '2020-02-25 13:16:21'),
(213, 1, 1, 353, 14, 1700.00, NULL, NULL, '2020-02-25 13:17:16', '2020-02-25 13:17:16'),
(214, 1, 1, 353, 14, 0.00, NULL, NULL, '2020-02-25 15:42:12', '2020-02-25 15:42:12'),
(215, 1, 1, 353, 14, 3800.00, NULL, NULL, '2020-02-25 15:42:44', '2020-02-25 15:42:44'),
(216, 16, 1, 353, 15, 800.00, 'Roti/Rich,Chicken Curry', NULL, '2020-02-25 16:24:25', '2020-02-25 16:24:25'),
(217, 7, 1, 353, 168, 2500.00, NULL, NULL, '2020-02-25 16:46:15', '2020-02-25 16:46:15'),
(218, 7, 1, 353, 168, 1650.00, NULL, NULL, '2020-02-25 16:46:15', '2020-02-25 16:46:15'),
(219, 17, 1, 79, 353, 540.00, 'A4 80 Gram Papers', NULL, '2020-02-25 16:51:47', '2020-02-25 16:51:47'),
(220, 7, 1, 353, 16, 3960.00, NULL, NULL, '2020-02-25 17:10:50', '2020-02-25 17:10:50'),
(221, 18, 1, 16, 353, 40.00, 'Labor for purchseiung food item.', NULL, '2020-02-25 17:13:34', '2020-02-25 17:13:34'),
(222, 19, 2, 353, 16, 840.00, NULL, NULL, '2020-02-25 18:10:06', '2020-02-25 18:10:06'),
(223, 19, 2, 353, 16, 375.00, NULL, NULL, '2020-02-25 18:11:48', '2020-02-25 18:11:48'),
(224, 19, 2, 353, 16, 30.00, NULL, NULL, '2020-02-25 18:11:48', '2020-02-25 18:11:48'),
(225, 19, 2, 353, 16, 270.00, NULL, NULL, '2020-02-25 18:13:26', '2020-02-25 18:13:26'),
(226, 19, 2, 353, 16, 1530.00, NULL, NULL, '2020-02-25 18:15:32', '2020-02-25 18:15:32'),
(227, 19, 2, 353, 16, 1110.00, NULL, '2020-02-25 18:45:28', '2020-02-25 18:16:44', '2020-02-25 18:45:28'),
(228, 19, 2, 353, 16, 1110.00, NULL, NULL, '2020-02-25 18:16:56', '2020-02-25 18:16:56'),
(229, 19, 2, 353, 16, 60.00, NULL, NULL, '2020-02-25 18:18:59', '2020-02-25 18:18:59'),
(230, 19, 2, 353, 16, 230.00, NULL, NULL, '2020-02-25 18:18:59', '2020-02-25 18:18:59'),
(231, 19, 2, 353, 16, 370.00, NULL, NULL, '2020-02-25 18:21:18', '2020-02-25 18:21:18'),
(232, 20, 2, 353, 5, 0.00, NULL, NULL, '2020-02-25 18:21:48', '2020-02-25 18:21:48'),
(233, 20, 2, 353, 5, 3000.00, NULL, NULL, '2020-02-25 18:27:58', '2020-02-25 18:27:58'),
(234, 20, 2, 353, 8, 16527.00, NULL, NULL, '2020-02-25 18:27:58', '2020-02-25 18:27:58'),
(235, 21, 2, 353, 12, 1000.00, 'Multimedia', NULL, '2020-02-25 18:29:12', '2020-02-25 18:29:12'),
(236, 19, 2, 353, 16, 1100.00, NULL, NULL, '2020-02-25 18:29:54', '2020-02-25 18:29:54'),
(237, 19, 2, 353, 16, 300.00, NULL, NULL, '2020-02-25 18:29:55', '2020-02-25 18:29:55'),
(238, 19, 2, 353, 16, 2220.00, NULL, NULL, '2020-02-25 18:29:55', '2020-02-25 18:29:55'),
(239, 19, 2, 353, 16, 3000.00, NULL, NULL, '2020-02-25 18:29:55', '2020-02-25 18:29:55'),
(240, 19, 2, 353, 16, 335.00, NULL, NULL, '2020-02-25 18:29:55', '2020-02-25 18:29:55'),
(241, 19, 2, 353, 16, 100.00, NULL, NULL, '2020-02-25 18:29:55', '2020-02-25 18:29:55'),
(242, 19, 2, 353, 16, 180.00, NULL, NULL, '2020-02-25 18:29:55', '2020-02-25 18:29:55'),
(243, 19, 2, 353, 16, 90.00, NULL, NULL, '2020-02-25 18:29:55', '2020-02-25 18:29:55'),
(244, 19, 2, 353, 16, 100.00, NULL, NULL, '2020-02-25 18:29:55', '2020-02-25 18:29:55'),
(245, 19, 2, 353, 16, 130.00, NULL, NULL, '2020-02-25 18:29:55', '2020-02-25 18:29:55'),
(246, 19, 2, 353, 16, 25.00, NULL, NULL, '2020-02-25 18:29:55', '2020-02-25 18:29:55'),
(247, 19, 2, 353, 16, 90.00, NULL, NULL, '2020-02-25 18:29:55', '2020-02-25 18:29:55'),
(248, 19, 2, 353, 16, 30.00, NULL, NULL, '2020-02-25 18:29:55', '2020-02-25 18:29:55'),
(249, 19, 2, 353, 16, 60.00, NULL, NULL, '2020-02-25 18:29:55', '2020-02-25 18:29:55'),
(250, 19, 2, 353, 163, 4984.00, NULL, NULL, '2020-02-25 18:34:12', '2020-02-25 18:34:12'),
(251, 22, 2, 157, 353, 640.00, 'News Paper Bill', NULL, '2020-02-25 18:35:35', '2020-02-25 18:35:35'),
(252, 23, 2, 115, 353, 185.00, 'Traveling Cost', NULL, '2020-02-25 18:36:28', '2020-02-25 18:36:28'),
(253, 24, 2, 96, 353, 109.00, 'Miscellaneous', NULL, '2020-02-25 18:39:06', '2020-02-25 18:39:06'),
(254, 20, 2, 353, 5, 0.00, NULL, NULL, '2020-02-25 18:40:13', '2020-02-25 18:40:13'),
(255, 25, 2, 22, 353, 2100.00, NULL, NULL, '2020-02-25 18:41:13', '2020-02-25 18:41:13'),
(256, 20, 2, 353, 5, 2000.00, NULL, NULL, '2020-02-25 18:42:23', '2020-02-25 18:42:23'),
(257, 20, 2, 353, 8, 6600.00, NULL, NULL, '2020-02-25 18:42:24', '2020-02-25 18:42:24'),
(258, 26, 2, 163, 353, 20757.00, NULL, NULL, '2020-02-25 18:43:12', '2020-02-25 18:43:12'),
(259, 20, 2, 353, 5, 0.00, NULL, NULL, '2020-02-25 18:58:40', '2020-02-25 18:58:40'),
(260, 20, 2, 353, 5, 4000.00, NULL, NULL, '2020-02-25 19:01:33', '2020-02-25 19:01:33'),
(261, 20, 2, 353, 8, 8745.00, NULL, NULL, '2020-02-25 19:01:33', '2020-02-25 19:01:33'),
(262, 20, 2, 353, 14, 0.00, NULL, NULL, '2020-02-25 19:20:33', '2020-02-25 19:20:33'),
(263, 20, 2, 353, 14, 3300.00, NULL, NULL, '2020-02-25 19:20:45', '2020-02-25 19:20:45'),
(264, 20, 2, 353, 14, 0.00, NULL, NULL, '2020-02-25 19:33:08', '2020-02-25 19:33:08'),
(265, 20, 2, 353, 14, 3600.00, NULL, NULL, '2020-02-25 19:33:15', '2020-02-25 19:33:15'),
(266, 20, 2, 353, 14, 0.00, NULL, NULL, '2020-02-25 19:37:18', '2020-02-25 19:37:18'),
(267, 20, 2, 353, 14, 0.00, NULL, '2020-03-01 10:19:49', '2020-02-25 19:39:42', '2020-03-01 10:19:49'),
(268, 20, 2, 353, 14, 600.00, NULL, '2020-03-01 10:19:49', '2020-02-25 19:39:47', '2020-03-01 10:19:49'),
(269, 20, 2, 353, 14, 0.00, NULL, '2020-03-01 10:20:03', '2020-02-26 12:17:58', '2020-03-01 10:20:03'),
(270, 20, 2, 353, 14, 1200.00, NULL, NULL, '2020-03-01 10:20:34', '2020-03-01 10:20:34'),
(271, 20, 2, 353, 14, 0.00, NULL, '2020-03-01 11:05:13', '2020-03-01 11:01:47', '2020-03-01 11:05:13'),
(272, 20, 2, 353, 14, 0.00, NULL, '2020-03-01 11:28:55', '2020-03-01 11:20:14', '2020-03-01 11:28:55'),
(273, 20, 2, 353, 14, 0.00, NULL, NULL, '2020-03-01 11:35:39', '2020-03-01 11:35:39'),
(274, 20, 2, 353, 14, 4800.00, NULL, NULL, '2020-03-01 11:37:35', '2020-03-01 11:37:35'),
(275, 27, 2, 353, 15, 2510.00, 'Dinner Bill Receive from Popular Pharmaceuticals Ltd.', NULL, '2020-03-01 11:39:05', '2020-03-01 11:39:05'),
(276, 28, 3, 353, 16, 1170.00, NULL, NULL, '2020-03-01 12:58:36', '2020-03-01 12:58:36'),
(277, 29, 3, 86, 353, 1200.00, NULL, NULL, '2020-03-01 13:01:26', '2020-03-01 13:01:26'),
(278, 30, 3, 96, 353, 296.00, NULL, NULL, '2020-03-01 13:02:19', '2020-03-01 13:02:19'),
(279, 31, 3, 432, 353, 100000.00, NULL, '2020-03-01 16:51:42', '2020-03-01 13:04:45', '2020-03-01 16:51:42'),
(280, 32, 3, 353, 14, 0.00, NULL, NULL, '2020-03-01 13:07:21', '2020-03-01 13:07:21'),
(281, 32, 3, 353, 14, 1200.00, NULL, NULL, '2020-03-01 13:07:40', '2020-03-01 13:07:40'),
(282, 32, 3, 353, 14, 0.00, NULL, NULL, '2020-03-01 13:12:09', '2020-03-01 13:12:09'),
(283, 32, 3, 353, 14, 2400.00, NULL, NULL, '2020-03-01 13:12:44', '2020-03-01 13:12:44'),
(284, 32, 3, 353, 14, 0.00, NULL, NULL, '2020-03-01 13:16:41', '2020-03-01 13:16:41'),
(285, 32, 3, 353, 14, 1100.00, NULL, NULL, '2020-03-01 13:16:51', '2020-03-01 13:16:51'),
(286, 32, 3, 353, 14, 0.00, NULL, '2020-03-01 13:25:16', '2020-03-01 13:20:44', '2020-03-01 13:25:16'),
(287, 32, 3, 353, 14, 0.00, NULL, NULL, '2020-03-01 13:26:39', '2020-03-01 13:26:39'),
(288, 32, 3, 353, 14, 1500.00, NULL, NULL, '2020-03-01 13:26:50', '2020-03-01 13:26:50'),
(289, 33, 3, 353, 15, 810.00, 'Food Bill', NULL, '2020-03-01 13:28:27', '2020-03-01 13:28:27'),
(290, 32, 3, 353, 14, 0.00, NULL, NULL, '2020-03-01 13:32:39', '2020-03-01 13:32:39'),
(291, 32, 3, 353, 14, 6600.00, NULL, NULL, '2020-03-01 13:33:08', '2020-03-01 13:33:08'),
(292, 32, 3, 353, 14, 0.00, NULL, NULL, '2020-03-01 13:36:20', '2020-03-01 13:36:20'),
(293, 32, 3, 353, 14, 1200.00, NULL, NULL, '2020-03-01 13:36:30', '2020-03-01 13:36:30'),
(294, 32, 3, 353, 14, 0.00, NULL, NULL, '2020-03-01 13:39:17', '2020-03-01 13:39:17'),
(295, 32, 3, 353, 14, 1200.00, NULL, NULL, '2020-03-01 13:39:27', '2020-03-01 13:39:27'),
(296, 32, 3, 353, 14, 0.00, NULL, '2020-03-01 15:32:03', '2020-03-01 13:44:51', '2020-03-01 15:32:03'),
(297, 32, 3, 353, 14, 2400.00, NULL, '2020-03-01 15:32:03', '2020-03-01 13:45:07', '2020-03-01 15:32:03'),
(298, 32, 3, 353, 14, 0.00, NULL, NULL, '2020-03-01 13:47:25', '2020-03-01 13:47:25'),
(299, 32, 3, 353, 14, 300.00, NULL, NULL, '2020-03-01 13:49:20', '2020-03-01 13:49:20'),
(300, 32, 3, 353, 8, 70.00, NULL, NULL, '2020-03-01 13:49:20', '2020-03-01 13:49:20'),
(301, 32, 3, 353, 14, 0.00, NULL, '2020-03-01 15:10:37', '2020-03-01 15:09:54', '2020-03-01 15:10:37'),
(302, 32, 3, 353, 14, 0.00, NULL, NULL, '2020-03-01 15:14:01', '2020-03-01 15:14:01'),
(303, 32, 3, 353, 14, 3500.00, NULL, NULL, '2020-03-01 15:14:13', '2020-03-01 15:14:13'),
(304, 34, 3, 353, 15, 600.00, 'Dinner for Room No. 502,314', NULL, '2020-03-01 15:15:41', '2020-03-01 15:15:41'),
(305, 32, 3, 353, 14, 0.00, NULL, '2020-03-01 15:36:51', '2020-03-01 15:35:58', '2020-03-01 15:36:51'),
(306, 32, 3, 353, 14, 0.00, NULL, NULL, '2020-03-01 15:38:55', '2020-03-01 15:38:55'),
(307, 32, 3, 353, 14, 5600.00, NULL, NULL, '2020-03-01 15:39:25', '2020-03-01 15:39:25'),
(308, 35, 3, 353, 15, 1600.00, 'Food Bill 414,415 Parson 2 Diner+Breckfrist', NULL, '2020-03-01 15:41:23', '2020-03-01 15:41:23'),
(309, 36, 3, 353, 15, 200.00, 'Dinner 1 Parson.', NULL, '2020-03-01 16:11:37', '2020-03-01 16:11:37'),
(310, 37, 3, 353, 15, 100.00, 'Hilsha Fish Egg', NULL, '2020-03-01 16:12:58', '2020-03-01 16:12:58'),
(311, 32, 3, 353, 5, 0.00, NULL, NULL, '2020-03-01 16:30:02', '2020-03-01 16:30:02'),
(312, 32, 3, 353, 5, 1500.00, NULL, NULL, '2020-03-01 16:30:20', '2020-03-01 16:30:20'),
(313, 38, 2, 353, 432, 100000.00, NULL, '2020-03-01 17:02:59', '2020-03-01 16:53:47', '2020-03-01 17:02:59'),
(314, 39, 2, 432, 353, 100000.00, NULL, NULL, '2020-03-01 17:03:39', '2020-03-01 17:03:39'),
(315, 40, 4, 353, 14, 0.00, NULL, NULL, '2020-03-01 17:26:41', '2020-03-01 17:26:41'),
(316, 40, 4, 353, 14, 300.00, NULL, NULL, '2020-03-01 17:26:53', '2020-03-01 17:26:53'),
(317, 40, 4, 353, 14, 0.00, NULL, NULL, '2020-03-01 17:28:57', '2020-03-01 17:28:57'),
(318, 40, 4, 353, 14, 750.00, NULL, NULL, '2020-03-01 17:29:04', '2020-03-01 17:29:04'),
(319, 40, 4, 353, 14, 0.00, NULL, NULL, '2020-03-01 17:46:58', '2020-03-01 17:46:58'),
(320, 40, 4, 353, 14, 1200.00, NULL, NULL, '2020-03-01 17:47:08', '2020-03-01 17:47:08'),
(321, 40, 4, 353, 14, 0.00, NULL, NULL, '2020-03-01 17:56:14', '2020-03-01 17:56:14'),
(322, 40, 4, 353, 14, 300.00, NULL, NULL, '2020-03-01 17:56:22', '2020-03-01 17:56:22'),
(323, 40, 4, 353, 14, 0.00, NULL, NULL, '2020-03-01 17:57:59', '2020-03-01 17:57:59'),
(324, 40, 4, 353, 14, 700.00, NULL, NULL, '2020-03-01 17:58:07', '2020-03-01 17:58:07'),
(325, 40, 4, 353, 5, 0.00, NULL, NULL, '2020-03-01 18:04:16', '2020-03-01 18:04:16'),
(326, 40, 4, 353, 14, 2400.00, NULL, NULL, '2020-03-01 18:06:30', '2020-03-01 18:06:30'),
(327, 41, 4, 353, 15, 380.00, NULL, NULL, '2020-03-01 18:08:03', '2020-03-01 18:08:03'),
(328, 42, 4, 353, 15, 1000.00, 'Dinner 5 Person', NULL, '2020-03-01 18:10:22', '2020-03-01 18:10:22'),
(329, 43, 4, 353, 60, 130.00, 'Photocopy Bill', NULL, '2020-03-01 18:11:43', '2020-03-01 18:12:07'),
(330, 44, 4, 353, 15, 3420.00, '19 Person', NULL, '2020-03-01 18:26:32', '2020-03-01 18:26:32'),
(331, 45, 4, 353, 15, 380.00, '405-food Bill (31-01-20 to 03-02-20', NULL, '2020-03-03 10:45:51', '2020-03-03 10:45:51'),
(332, 46, 4, 353, 15, 1000.00, 'Food Bill', NULL, '2020-03-03 10:48:02', '2020-03-03 10:48:02'),
(333, 47, 4, 353, 60, 130.00, 'Photo Copy', NULL, '2020-03-03 10:50:38', '2020-03-03 10:50:38'),
(334, 48, 4, 353, 16, 1000.00, NULL, NULL, '2020-03-03 11:01:33', '2020-03-03 11:01:33'),
(335, 48, 4, 353, 16, 720.00, NULL, NULL, '2020-03-03 11:07:53', '2020-03-03 11:07:53'),
(336, 48, 4, 353, 16, 1124.00, NULL, NULL, '2020-03-03 11:07:53', '2020-03-03 11:07:53'),
(337, 48, 4, 353, 16, 6000.00, NULL, NULL, '2020-03-03 11:22:19', '2020-03-03 11:22:19'),
(338, 48, 4, 353, 16, 1900.00, NULL, NULL, '2020-03-03 11:22:19', '2020-03-03 11:22:19'),
(339, 48, 4, 353, 16, 440.00, NULL, NULL, '2020-03-03 11:22:19', '2020-03-03 11:22:19'),
(340, 48, 4, 353, 16, 550.00, NULL, NULL, '2020-03-03 11:22:19', '2020-03-03 11:22:19'),
(341, 48, 4, 353, 16, 4700.00, NULL, NULL, '2020-03-03 11:23:11', '2020-03-03 11:23:11'),
(342, 48, 4, 353, 16, 2620.00, NULL, NULL, '2020-03-03 11:24:48', '2020-03-03 11:24:48'),
(343, 48, 4, 353, 16, 5115.00, NULL, NULL, '2020-03-03 11:31:50', '2020-03-03 11:31:50'),
(344, 48, 4, 353, 16, 725.00, NULL, NULL, '2020-03-03 11:32:52', '2020-03-03 11:32:52'),
(345, 48, 4, 353, 16, 820.00, NULL, NULL, '2020-03-03 11:35:35', '2020-03-03 11:35:35'),
(346, 48, 4, 353, 16, 755.00, NULL, NULL, '2020-03-03 11:36:11', '2020-03-03 11:36:11'),
(347, 48, 4, 353, 16, 3933.00, NULL, NULL, '2020-03-03 11:36:49', '2020-03-03 11:36:49'),
(348, 48, 4, 353, 16, 220.00, NULL, NULL, '2020-03-03 11:43:53', '2020-03-03 11:43:53'),
(349, 48, 4, 353, 16, 6000.00, NULL, NULL, '2020-03-03 11:51:22', '2020-03-03 11:51:22'),
(350, 48, 4, 353, 16, 500.00, NULL, NULL, '2020-03-03 11:51:22', '2020-03-03 11:51:22'),
(351, 48, 4, 353, 16, 280.00, NULL, NULL, '2020-03-03 11:51:22', '2020-03-03 11:51:22'),
(352, 48, 4, 353, 16, 50.00, NULL, NULL, '2020-03-03 11:51:22', '2020-03-03 11:51:22'),
(353, 48, 4, 353, 16, 100.00, NULL, NULL, '2020-03-03 11:51:22', '2020-03-03 11:51:22'),
(354, 48, 4, 353, 16, 180.00, NULL, NULL, '2020-03-03 11:51:22', '2020-03-03 11:52:17'),
(355, 48, 4, 353, 16, 100.00, NULL, NULL, '2020-03-03 11:51:22', '2020-03-03 11:51:22'),
(356, 48, 4, 353, 16, 150.00, NULL, NULL, '2020-03-03 11:51:23', '2020-03-03 11:51:23'),
(357, 48, 4, 353, 16, 300.00, NULL, NULL, '2020-03-03 11:51:23', '2020-03-03 11:51:23'),
(358, 48, 4, 353, 16, 60.00, NULL, NULL, '2020-03-03 11:51:23', '2020-03-03 11:51:23'),
(359, 48, 4, 353, 16, 120.00, NULL, NULL, '2020-03-03 11:51:23', '2020-03-03 11:51:23'),
(360, 48, 4, 353, 16, 30.00, NULL, NULL, '2020-03-03 11:51:23', '2020-03-03 11:51:23'),
(361, 48, 4, 353, 16, 160.00, NULL, NULL, '2020-03-03 11:51:23', '2020-03-03 11:51:23'),
(362, 48, 4, 353, 16, 630.00, NULL, NULL, '2020-03-03 11:51:23', '2020-03-03 11:52:17'),
(363, 49, 4, 115, 353, 30.00, 'Labar Cost,', NULL, '2020-03-03 11:54:57', '2020-03-03 11:54:57'),
(364, 50, 4, 163, 353, 720.00, 'Office & Recivsition Er 4 pcs Light', NULL, '2020-03-03 11:59:04', '2020-03-03 11:59:04'),
(365, 51, 4, 163, 353, 70.00, 'Sizar  1 Pcs', NULL, '2020-03-03 12:05:29', '2020-03-03 12:05:29'),
(366, 48, 4, 353, 163, 1550.00, NULL, NULL, '2020-03-03 12:09:44', '2020-03-03 12:09:44'),
(367, 52, 4, 115, 353, 220.00, NULL, NULL, '2020-03-03 12:10:17', '2020-03-03 12:10:17'),
(368, 53, 4, 22, 353, 2025.00, NULL, NULL, '2020-03-03 12:11:10', '2020-03-03 12:11:10'),
(369, 54, 4, 96, 353, 104.00, NULL, '2020-03-03 13:21:22', '2020-03-03 12:11:34', '2020-03-03 13:21:22'),
(370, 40, 4, 353, 5, 0.00, NULL, NULL, '2020-03-03 12:21:56', '2020-03-03 12:21:56'),
(371, 40, 4, 353, 5, 3500.00, NULL, NULL, '2020-03-03 12:31:26', '2020-03-03 12:31:26'),
(372, 40, 4, 353, 8, 13244.00, NULL, NULL, '2020-03-03 12:31:26', '2020-03-03 12:31:26'),
(373, 55, 4, 353, 60, 40.00, 'Photo Copy', NULL, '2020-03-03 12:32:05', '2020-03-03 12:32:05'),
(374, 48, 4, 353, 16, 120.00, NULL, NULL, '2020-03-03 12:48:33', '2020-03-03 12:48:33'),
(375, 48, 4, 353, 16, 1740.00, NULL, NULL, '2020-03-03 12:48:33', '2020-03-03 12:48:33'),
(376, 48, 4, 353, 16, 480.00, NULL, NULL, '2020-03-03 12:55:49', '2020-03-03 12:55:49'),
(377, 56, 5, 353, 16, 1175.00, NULL, NULL, '2020-03-03 13:24:33', '2020-03-03 13:24:33'),
(378, 56, 5, 353, 16, 1650.00, NULL, NULL, '2020-03-03 13:25:13', '2020-03-03 13:25:13'),
(379, 56, 5, 353, 16, 350.00, NULL, NULL, '2020-03-03 13:26:02', '2020-03-03 13:26:02'),
(380, 56, 5, 353, 16, 100.00, NULL, NULL, '2020-03-03 13:31:17', '2020-03-03 13:31:17'),
(381, 56, 5, 353, 16, 30.00, NULL, NULL, '2020-03-03 13:31:17', '2020-03-03 13:31:17'),
(382, 56, 5, 353, 16, 50.00, NULL, NULL, '2020-03-03 13:31:17', '2020-03-03 13:31:17'),
(383, 56, 5, 353, 16, 30.00, NULL, NULL, '2020-03-03 13:31:17', '2020-03-03 13:31:17'),
(384, 56, 5, 353, 16, 60.00, NULL, NULL, '2020-03-03 13:31:17', '2020-03-03 13:31:17'),
(385, 56, 5, 353, 16, 180.00, NULL, NULL, '2020-03-03 13:31:17', '2020-03-03 13:31:17'),
(386, 56, 5, 353, 16, 720.00, NULL, NULL, '2020-03-03 13:32:19', '2020-03-03 13:32:19'),
(387, 56, 5, 353, 16, 790.00, NULL, NULL, '2020-03-03 13:33:23', '2020-03-03 13:33:23'),
(388, 56, 5, 353, 16, 220.00, NULL, NULL, '2020-03-03 13:34:36', '2020-03-03 13:34:36'),
(389, 56, 5, 353, 16, 220.00, NULL, NULL, '2020-03-03 13:34:36', '2020-03-03 13:34:36'),
(390, 57, 5, 16, 353, 785.00, 'Holud ,Moris, Doniya Gura Kora Babod', NULL, '2020-03-03 13:35:40', '2020-03-03 13:35:40'),
(391, 58, 5, 115, 353, 70.00, NULL, NULL, '2020-03-03 13:36:19', '2020-03-03 13:36:19'),
(392, 59, 5, 163, 353, 200.00, NULL, NULL, '2020-03-03 13:36:47', '2020-03-03 13:36:47'),
(393, 60, 5, 17, 353, 1533.00, 'Extra Salary', NULL, '2020-03-03 13:39:51', '2020-03-03 13:39:51'),
(394, 61, 5, 22, 353, 450.00, NULL, NULL, '2020-03-03 13:40:17', '2020-03-03 13:40:17'),
(395, 62, 5, 96, 353, 97.00, NULL, NULL, '2020-03-03 13:40:50', '2020-03-03 13:40:50'),
(396, 63, 5, 353, 14, 0.00, NULL, NULL, '2020-03-03 14:16:11', '2020-03-03 14:16:11'),
(397, 63, 5, 353, 14, 1600.00, NULL, NULL, '2020-03-03 14:16:23', '2020-03-03 14:16:23'),
(398, 63, 5, 353, 14, 0.00, NULL, NULL, '2020-03-03 14:19:00', '2020-03-03 14:19:00'),
(399, 63, 5, 353, 14, 600.00, NULL, NULL, '2020-03-03 14:19:06', '2020-03-03 14:19:06'),
(400, 63, 5, 353, 14, 0.00, NULL, NULL, '2020-03-03 14:20:33', '2020-03-03 14:20:33'),
(401, 63, 5, 353, 14, 700.00, NULL, NULL, '2020-03-03 14:20:37', '2020-03-03 14:20:37'),
(402, 63, 5, 353, 5, 0.00, NULL, NULL, '2020-03-03 14:35:36', '2020-03-03 14:35:36'),
(403, 63, 5, 353, 5, 10000.00, NULL, NULL, '2020-03-03 14:42:25', '2020-03-03 14:42:25'),
(404, 63, 5, 353, 8, 50396.50, NULL, NULL, '2020-03-03 14:42:25', '2020-03-03 14:42:25'),
(405, 64, 5, 353, 12, 2000.00, NULL, NULL, '2020-03-03 14:44:25', '2020-03-03 14:44:25'),
(406, 63, 5, 353, 5, 0.00, NULL, NULL, '2020-03-03 16:01:28', '2020-03-03 16:01:28'),
(407, 63, 5, 353, 5, 2000.00, NULL, NULL, '2020-03-03 16:02:20', '2020-03-03 16:02:20'),
(408, 63, 5, 353, 8, 4950.00, NULL, NULL, '2020-03-03 16:02:20', '2020-03-03 16:02:20'),
(409, 65, 5, 353, 12, 1000.00, 'Multimedia Bill', NULL, '2020-03-03 16:03:02', '2020-03-03 16:03:02'),
(410, 66, 6, 82, 353, 3499.00, 'Internet Bill', NULL, '2020-03-03 16:09:51', '2020-03-03 16:09:51'),
(411, 67, 6, 353, 14, 0.00, NULL, NULL, '2020-03-03 16:10:51', '2020-03-03 16:10:51'),
(412, 68, 6, 353, 16, 480.00, NULL, NULL, '2020-03-03 16:10:53', '2020-03-03 16:10:53'),
(413, 67, 6, 353, 14, 1200.00, NULL, NULL, '2020-03-03 16:11:03', '2020-03-03 16:11:03'),
(414, 68, 6, 353, 16, 710.00, NULL, NULL, '2020-03-03 16:14:27', '2020-03-03 16:14:27'),
(415, 67, 6, 353, 14, 0.00, NULL, NULL, '2020-03-03 16:18:11', '2020-03-03 16:18:11'),
(416, 67, 6, 353, 14, 1200.00, NULL, NULL, '2020-03-03 16:18:20', '2020-03-03 16:18:20'),
(417, 68, 6, 353, 16, 747.00, NULL, NULL, '2020-03-03 16:20:15', '2020-03-03 16:20:15'),
(418, 67, 6, 353, 14, 0.00, NULL, NULL, '2020-03-03 16:20:15', '2020-03-03 16:20:15'),
(419, 67, 6, 353, 14, 750.00, NULL, NULL, '2020-03-03 16:20:22', '2020-03-03 16:20:22'),
(420, 67, 6, 353, 14, 0.00, NULL, NULL, '2020-03-03 16:23:21', '2020-03-03 16:23:21'),
(421, 67, 6, 353, 14, 1200.00, NULL, NULL, '2020-03-03 16:23:30', '2020-03-03 16:23:30'),
(422, 67, 6, 353, 14, 0.00, NULL, NULL, '2020-03-03 16:25:54', '2020-03-03 16:25:54'),
(423, 68, 6, 353, 16, 1820.00, NULL, NULL, '2020-03-03 16:26:22', '2020-03-03 16:26:22'),
(424, 68, 6, 353, 16, 576.00, NULL, NULL, '2020-03-03 16:26:22', '2020-03-03 16:26:22'),
(425, 68, 6, 353, 16, 750.00, NULL, NULL, '2020-03-03 16:28:23', '2020-03-03 16:28:23'),
(426, 67, 6, 353, 14, 0.00, NULL, NULL, '2020-03-03 16:28:24', '2020-03-03 16:28:24'),
(427, 68, 6, 353, 16, 1000.00, NULL, NULL, '2020-03-03 16:29:44', '2020-03-03 16:29:44'),
(428, 67, 6, 353, 14, 0.00, NULL, NULL, '2020-03-03 16:30:07', '2020-03-03 16:30:07'),
(429, 67, 6, 353, 14, 300.00, NULL, NULL, '2020-03-03 16:30:17', '2020-03-03 16:30:17'),
(430, 67, 6, 353, 14, 0.00, NULL, NULL, '2020-03-03 16:33:11', '2020-03-03 16:33:11'),
(431, 67, 6, 353, 14, 500.00, NULL, NULL, '2020-03-03 16:33:26', '2020-03-03 16:33:26'),
(432, 68, 6, 353, 16, 450.00, NULL, NULL, '2020-03-03 16:34:20', '2020-03-05 09:55:38'),
(433, 67, 6, 353, 14, 0.00, NULL, NULL, '2020-03-03 16:35:45', '2020-03-03 16:35:45'),
(434, 67, 6, 353, 14, 2100.00, NULL, NULL, '2020-03-03 16:35:56', '2020-03-03 16:35:56'),
(435, 68, 6, 353, 16, 160.00, NULL, NULL, '2020-03-03 16:37:56', '2020-03-03 16:37:56'),
(436, 68, 6, 353, 16, 20.00, NULL, NULL, '2020-03-03 16:37:56', '2020-03-03 16:37:56'),
(437, 68, 6, 353, 16, 30.00, NULL, NULL, '2020-03-03 16:37:56', '2020-03-03 16:37:56'),
(438, 69, 6, 115, 353, 70.00, 'Traveling', NULL, '2020-03-03 16:39:00', '2020-03-03 16:39:00'),
(439, 70, 6, 96, 353, 75.00, 'Miscellaneous', NULL, '2020-03-03 16:41:22', '2020-03-03 16:41:22'),
(440, 67, 6, 353, 14, 0.00, NULL, NULL, '2020-03-03 16:50:08', '2020-03-03 16:50:08'),
(441, 67, 6, 353, 14, 700.00, NULL, NULL, '2020-03-03 16:50:16', '2020-03-03 16:50:16'),
(442, 67, 6, 353, 14, 0.00, NULL, NULL, '2020-03-03 16:52:48', '2020-03-03 16:52:48'),
(443, 67, 6, 353, 14, 600.00, NULL, NULL, '2020-03-03 16:52:53', '2020-03-03 16:52:53'),
(444, 67, 6, 353, 14, 0.00, NULL, NULL, '2020-03-03 16:57:54', '2020-03-03 16:57:54'),
(445, 67, 6, 353, 14, 1300.00, NULL, NULL, '2020-03-03 16:58:00', '2020-03-03 16:58:00'),
(446, 67, 6, 353, 14, 0.00, NULL, NULL, '2020-03-03 17:10:02', '2020-03-03 17:10:02'),
(447, 67, 6, 353, 14, 900.00, NULL, NULL, '2020-03-03 17:10:12', '2020-03-03 17:10:12'),
(448, 67, 6, 353, 14, 0.00, NULL, NULL, '2020-03-03 17:14:14', '2020-03-03 17:14:14'),
(449, 67, 6, 353, 14, 1800.00, NULL, NULL, '2020-03-03 17:14:21', '2020-03-03 17:14:21'),
(450, 67, 6, 353, 5, 0.00, NULL, '2020-03-05 09:11:34', '2020-03-05 09:03:55', '2020-03-05 09:11:34'),
(451, 67, 6, 353, 5, 0.00, NULL, NULL, '2020-03-05 09:12:56', '2020-03-05 09:12:56'),
(452, 67, 6, 353, 5, 3500.00, NULL, NULL, '2020-03-05 09:13:38', '2020-03-05 09:13:38'),
(453, 67, 6, 353, 8, 13475.00, NULL, NULL, '2020-03-05 09:13:39', '2020-03-05 09:13:39'),
(454, 67, 6, 353, 14, 0.00, NULL, NULL, '2020-03-05 09:21:49', '2020-03-05 09:21:49'),
(455, 67, 6, 353, 14, 3300.00, NULL, NULL, '2020-03-05 09:21:55', '2020-03-05 09:21:55'),
(456, 71, 6, 353, 15, 40.00, 'Food Bill', NULL, '2020-03-05 09:22:38', '2020-03-05 09:22:38'),
(457, 67, 6, 353, 14, 0.00, NULL, NULL, '2020-03-05 09:25:19', '2020-03-05 09:25:19'),
(458, 67, 6, 353, 14, 900.00, NULL, NULL, '2020-03-05 09:25:29', '2020-03-05 09:25:29'),
(459, 72, 6, 353, 15, 140.00, NULL, NULL, '2020-03-05 09:25:58', '2020-03-05 09:25:58'),
(460, 67, 6, 353, 14, 0.00, NULL, NULL, '2020-03-05 09:29:12', '2020-03-05 09:29:12'),
(461, 67, 6, 353, 14, 2700.00, NULL, NULL, '2020-03-05 09:29:19', '2020-03-05 09:29:19'),
(462, 73, 6, 353, 15, 200.00, NULL, NULL, '2020-03-05 09:30:04', '2020-03-05 09:57:57'),
(463, 67, 6, 353, 14, 0.00, NULL, NULL, '2020-03-05 09:41:20', '2020-03-05 09:41:20'),
(464, 67, 6, 353, 14, 2400.00, NULL, NULL, '2020-03-05 09:41:26', '2020-03-05 09:41:26'),
(465, 74, 6, 353, 15, 200.00, NULL, NULL, '2020-03-05 09:42:01', '2020-03-05 09:42:01'),
(466, 75, 6, 353, 15, 270.00, '415 Er Food Bill', NULL, '2020-03-05 09:44:19', '2020-03-05 09:44:19'),
(467, 76, 6, 353, 15, 250.00, '406 Er Food Bill', NULL, '2020-03-05 09:45:06', '2020-03-05 09:45:06'),
(468, 77, 6, 353, 60, 40.00, 'Pepsi + Water', NULL, '2020-03-05 09:46:13', '2020-03-05 09:46:13'),
(469, 67, 6, 353, 14, 0.00, NULL, '2020-03-05 10:13:37', '2020-03-05 10:10:54', '2020-03-05 10:13:37'),
(470, 67, 6, 353, 14, 600.00, NULL, NULL, '2020-03-05 10:13:54', '2020-03-05 10:13:54'),
(471, 67, 6, 353, 14, 1050.00, NULL, NULL, '2020-03-05 10:14:05', '2020-03-05 10:14:05'),
(472, 78, 8, 353, 14, 0.00, NULL, NULL, '2020-03-05 10:29:50', '2020-03-05 10:29:50'),
(473, 78, 8, 353, 14, 300.00, NULL, NULL, '2020-03-05 10:29:57', '2020-03-05 10:29:57'),
(474, 78, 8, 353, 14, 0.00, NULL, NULL, '2020-03-05 10:32:27', '2020-03-05 10:32:27'),
(475, 78, 8, 353, 14, 2200.00, NULL, NULL, '2020-03-05 10:32:33', '2020-03-05 10:32:33'),
(476, 78, 8, 353, 14, 0.00, NULL, NULL, '2020-03-05 10:34:06', '2020-03-05 10:34:06'),
(477, 78, 8, 353, 14, 0.00, NULL, '2020-03-05 12:51:12', '2020-03-05 10:34:15', '2020-03-05 12:51:12'),
(478, 78, 8, 353, 14, 2200.00, NULL, '2020-03-05 12:51:12', '2020-03-05 10:34:20', '2020-03-05 12:51:12'),
(479, 78, 8, 353, 14, 0.00, NULL, NULL, '2020-03-05 10:36:34', '2020-03-05 10:36:34'),
(480, 78, 8, 353, 14, 600.00, NULL, NULL, '2020-03-05 10:36:42', '2020-03-05 10:36:42'),
(481, 78, 8, 353, 14, 0.00, NULL, NULL, '2020-03-05 10:38:57', '2020-03-05 10:38:57'),
(482, 78, 8, 353, 14, 3600.00, NULL, NULL, '2020-03-05 10:39:03', '2020-03-05 10:39:03'),
(483, 78, 8, 353, 14, 0.00, NULL, NULL, '2020-03-05 10:40:18', '2020-03-05 10:40:18'),
(484, 78, 8, 353, 14, 300.00, NULL, NULL, '2020-03-05 10:40:23', '2020-03-05 10:40:23'),
(485, 78, 8, 353, 14, 0.00, NULL, NULL, '2020-03-05 10:51:50', '2020-03-05 10:51:50'),
(486, 78, 8, 353, 14, 300.00, NULL, NULL, '2020-03-05 10:51:54', '2020-03-05 10:51:54'),
(487, 78, 8, 353, 14, 0.00, NULL, '2020-03-05 10:55:03', '2020-03-05 10:54:23', '2020-03-05 10:55:03'),
(488, 78, 8, 353, 14, 0.00, NULL, NULL, '2020-03-05 10:56:16', '2020-03-05 10:56:16'),
(489, 78, 8, 353, 14, 1500.00, NULL, NULL, '2020-03-05 10:56:22', '2020-03-05 10:56:22'),
(490, 78, 8, 353, 14, 2200.00, NULL, NULL, '2020-03-05 10:56:41', '2020-03-05 10:56:41'),
(491, 78, 8, 353, 14, 0.00, NULL, NULL, '2020-03-05 10:58:41', '2020-03-05 10:58:41'),
(492, 78, 8, 353, 14, 600.00, NULL, NULL, '2020-03-05 10:58:45', '2020-03-05 10:58:45'),
(493, 78, 8, 353, 14, 0.00, NULL, NULL, '2020-03-05 11:02:16', '2020-03-05 11:02:16'),
(494, 78, 8, 353, 14, 5250.00, NULL, NULL, '2020-03-05 11:03:50', '2020-03-05 11:03:50'),
(495, 78, 8, 353, 14, 0.00, NULL, NULL, '2020-03-05 11:08:27', '2020-03-05 11:08:27'),
(496, 78, 8, 353, 14, 6400.00, NULL, NULL, '2020-03-05 11:08:40', '2020-03-05 11:08:40'),
(497, 79, 8, 353, 15, 3105.00, '502,314 Food Bill', NULL, '2020-03-05 11:12:00', '2020-03-05 11:12:00'),
(498, 79, 8, 353, 9, 345.00, '502,314 Food Service Charge', NULL, '2020-03-05 11:12:01', '2020-03-05 11:12:01'),
(499, 78, 8, 353, 14, 0.00, NULL, NULL, '2020-03-05 11:22:34', '2020-03-05 11:22:34'),
(500, 78, 8, 353, 14, 1950.00, NULL, NULL, '2020-03-05 11:23:04', '2020-03-05 11:23:04'),
(501, 80, 8, 353, 14, 600.00, 'Residence Bill Rate er cheye besi rakha hoyece', NULL, '2020-03-05 11:24:22', '2020-03-05 11:24:22'),
(502, 81, 8, 353, 15, 4100.00, 'Food Bill Receive(Personal) from Opsonin', NULL, '2020-03-05 11:31:50', '2020-03-05 11:31:50'),
(503, 82, 8, 353, 15, 1720.00, 'Food Bill Receive(Personal) from Opsonin Pharmaceuticals Ltd.', NULL, '2020-03-05 11:33:38', '2020-03-05 11:33:38'),
(504, 78, 8, 353, 5, 0.00, NULL, '2020-03-05 11:55:10', '2020-03-05 11:39:47', '2020-03-05 11:55:10'),
(505, 78, 8, 353, 5, 0.00, NULL, NULL, '2020-03-05 11:40:09', '2020-03-05 11:40:09'),
(506, 78, 8, 353, 5, 4000.00, NULL, NULL, '2020-03-05 11:43:17', '2020-03-05 11:43:17'),
(507, 78, 8, 353, 8, 19057.50, NULL, NULL, '2020-03-05 11:43:17', '2020-03-05 11:43:17'),
(508, 83, 8, 353, 60, 56.00, 'Photocopy Bill', NULL, '2020-03-05 11:44:08', '2020-03-05 11:44:08'),
(509, 78, 8, 353, 5, 0.00, NULL, NULL, '2020-03-05 11:48:46', '2020-03-05 11:48:46'),
(510, 78, 8, 353, 5, 3000.00, NULL, NULL, '2020-03-05 11:54:30', '2020-03-05 11:54:30'),
(511, 78, 8, 353, 8, 6500.00, NULL, NULL, '2020-03-05 11:54:30', '2020-03-05 11:54:30'),
(512, 84, 8, 353, 16, 3500.00, NULL, NULL, '2020-03-05 11:58:18', '2020-03-05 11:58:18'),
(513, 84, 8, 353, 16, 290.00, NULL, NULL, '2020-03-05 11:58:18', '2020-03-05 11:58:18'),
(514, 84, 8, 353, 16, 1386.00, NULL, NULL, '2020-03-05 11:59:59', '2020-03-05 11:59:59'),
(515, 84, 8, 353, 16, 770.00, NULL, NULL, '2020-03-05 11:59:59', '2020-03-05 11:59:59'),
(516, 84, 8, 353, 16, 175.00, NULL, NULL, '2020-03-05 12:09:26', '2020-03-05 12:09:26'),
(517, 84, 8, 353, 16, 168.00, NULL, NULL, '2020-03-05 12:09:26', '2020-03-05 12:09:26'),
(518, 84, 8, 353, 16, 420.00, NULL, NULL, '2020-03-05 12:09:26', '2020-03-05 12:09:26'),
(519, 84, 8, 353, 16, 36.00, NULL, NULL, '2020-03-05 12:09:26', '2020-03-05 12:09:26'),
(520, 84, 8, 353, 16, 20.00, NULL, NULL, '2020-03-05 12:09:26', '2020-03-05 12:09:26'),
(521, 84, 8, 353, 16, 300.00, NULL, NULL, '2020-03-05 12:10:42', '2020-03-05 12:10:42'),
(522, 84, 8, 353, 16, 400.00, NULL, NULL, '2020-03-05 12:11:39', '2020-03-05 12:11:39'),
(523, 84, 8, 353, 16, 885.00, NULL, NULL, '2020-03-05 12:12:15', '2020-03-05 12:12:15'),
(524, 84, 8, 353, 16, 3700.00, NULL, NULL, '2020-03-05 12:17:20', '2020-03-05 12:17:20'),
(525, 84, 8, 353, 16, 680.00, NULL, NULL, '2020-03-05 12:17:20', '2020-03-05 12:17:20'),
(526, 84, 8, 353, 16, 190.00, NULL, NULL, '2020-03-05 12:17:20', '2020-03-05 12:17:20'),
(527, 84, 8, 353, 16, 620.00, NULL, NULL, '2020-03-05 12:17:20', '2020-03-05 12:17:20'),
(528, 84, 8, 353, 16, 40.00, NULL, NULL, '2020-03-05 12:17:20', '2020-03-05 12:17:20'),
(529, 84, 8, 353, 16, 520.00, NULL, NULL, '2020-03-05 12:17:20', '2020-03-05 12:17:20'),
(530, 84, 8, 353, 16, 480.00, NULL, NULL, '2020-03-05 12:17:20', '2020-03-05 12:17:20'),
(531, 84, 8, 353, 16, 100.00, NULL, NULL, '2020-03-05 12:17:20', '2020-03-05 12:17:20'),
(532, 84, 8, 353, 16, 140.00, NULL, NULL, '2020-03-05 12:17:21', '2020-03-05 12:17:21'),
(533, 84, 8, 353, 16, 80.00, NULL, NULL, '2020-03-05 12:17:21', '2020-03-05 12:17:21'),
(534, 84, 8, 353, 16, 400.00, NULL, NULL, '2020-03-05 12:17:21', '2020-03-05 12:17:21'),
(535, 84, 8, 353, 16, 5800.00, NULL, NULL, '2020-03-05 12:17:21', '2020-03-05 12:17:21'),
(536, 84, 8, 353, 16, 2250.00, NULL, NULL, '2020-03-05 12:18:19', '2020-03-05 12:18:19'),
(537, 84, 8, 353, 16, 3126.00, NULL, NULL, '2020-03-05 12:19:05', '2020-03-05 12:19:05'),
(538, 84, 8, 353, 16, 4700.00, NULL, NULL, '2020-03-05 12:20:24', '2020-03-05 12:20:24'),
(539, 84, 8, 353, 16, 4800.00, NULL, NULL, '2020-03-05 12:20:24', '2020-03-05 12:20:24'),
(540, 84, 8, 353, 16, 4200.00, NULL, NULL, '2020-03-05 12:20:24', '2020-03-05 12:20:24'),
(541, 84, 8, 353, 16, 5500.00, NULL, NULL, '2020-03-05 12:21:19', '2020-03-05 12:21:19'),
(542, 84, 8, 353, 16, 550.00, NULL, NULL, '2020-03-05 12:21:19', '2020-03-05 12:21:19'),
(543, 84, 8, 353, 16, 3672.00, NULL, NULL, '2020-03-05 12:22:39', '2020-03-05 12:22:39'),
(544, 84, 8, 353, 16, 720.00, NULL, NULL, '2020-03-05 12:22:39', '2020-03-05 12:22:39'),
(545, 84, 8, 353, 16, 966.00, NULL, NULL, '2020-03-05 12:24:10', '2020-03-05 12:24:10'),
(546, 84, 8, 353, 16, 200.00, NULL, NULL, '2020-03-05 12:26:12', '2020-03-05 12:26:12'),
(547, 84, 8, 353, 16, 100.00, NULL, NULL, '2020-03-05 12:26:12', '2020-03-05 12:26:12'),
(548, 84, 8, 353, 16, 650.00, NULL, NULL, '2020-03-05 12:29:37', '2020-03-05 12:29:37'),
(549, 84, 8, 353, 16, 4200.00, NULL, NULL, '2020-03-05 12:29:37', '2020-03-05 12:29:37'),
(550, 84, 8, 353, 16, 855.00, NULL, NULL, '2020-03-05 12:29:37', '2020-03-05 12:29:37'),
(551, 84, 8, 353, 16, 65.00, NULL, NULL, '2020-03-05 12:31:02', '2020-03-05 12:31:02'),
(552, 84, 8, 353, 16, 240.00, NULL, NULL, '2020-03-05 12:35:12', '2020-03-05 12:35:12');
INSERT INTO `vouchers` (`id`, `v_group_id`, `date_id`, `debit_head_id`, `credit_head_id`, `amount`, `note`, `deleted_at`, `created_at`, `updated_at`) VALUES
(553, 84, 8, 353, 16, 300.00, NULL, NULL, '2020-03-05 12:35:12', '2020-03-05 12:35:12'),
(554, 84, 8, 353, 16, 175.00, NULL, NULL, '2020-03-05 12:35:12', '2020-03-05 12:35:12'),
(555, 84, 8, 353, 16, 100.00, NULL, NULL, '2020-03-05 12:35:12', '2020-03-05 12:35:12'),
(556, 84, 8, 353, 16, 60.00, NULL, NULL, '2020-03-05 12:35:13', '2020-03-05 12:35:13'),
(557, 84, 8, 353, 16, 110.00, NULL, NULL, '2020-03-05 12:35:13', '2020-03-05 12:35:13'),
(558, 84, 8, 353, 16, 80.00, NULL, NULL, '2020-03-05 12:35:13', '2020-03-05 12:35:13'),
(559, 84, 8, 353, 16, 50.00, NULL, NULL, '2020-03-05 12:35:13', '2020-03-05 12:35:13'),
(560, 84, 8, 353, 16, 200.00, NULL, NULL, '2020-03-05 12:35:13', '2020-03-05 12:35:13'),
(561, 85, 8, 115, 353, 40.00, NULL, NULL, '2020-03-05 12:35:42', '2020-03-05 12:35:42'),
(562, 84, 8, 353, 16, 220.00, NULL, NULL, '2020-03-05 12:39:03', '2020-03-05 12:39:03'),
(563, 84, 8, 353, 16, 240.00, NULL, NULL, '2020-03-05 12:39:03', '2020-03-05 12:39:03'),
(564, 84, 8, 353, 16, 60.00, NULL, NULL, '2020-03-05 12:39:03', '2020-03-05 12:39:03'),
(565, 84, 8, 353, 16, 100.00, NULL, NULL, '2020-03-05 12:39:03', '2020-03-05 12:39:03'),
(566, 84, 8, 353, 16, 190.00, NULL, NULL, '2020-03-05 12:39:03', '2020-03-05 12:39:03'),
(567, 84, 8, 353, 16, 30.00, NULL, NULL, '2020-03-05 12:39:03', '2020-03-05 12:39:03'),
(568, 84, 8, 353, 16, 60.00, NULL, NULL, '2020-03-05 12:39:03', '2020-03-05 12:39:03'),
(569, 84, 8, 353, 16, 35.00, NULL, NULL, '2020-03-05 12:39:03', '2020-03-05 12:39:03'),
(570, 84, 8, 353, 16, 770.00, NULL, NULL, '2020-03-05 12:41:38', '2020-03-05 12:41:38'),
(571, 84, 8, 353, 16, 300.00, NULL, NULL, '2020-03-05 12:41:38', '2020-03-05 12:41:38'),
(572, 84, 8, 353, 16, 50.00, NULL, NULL, '2020-03-05 12:41:38', '2020-03-05 12:41:38'),
(573, 84, 8, 353, 16, 60.00, NULL, NULL, '2020-03-05 12:41:38', '2020-03-05 12:41:38'),
(574, 84, 8, 353, 16, 25.00, NULL, NULL, '2020-03-05 12:41:38', '2020-03-05 12:41:38'),
(575, 84, 8, 353, 16, 30.00, NULL, NULL, '2020-03-05 12:41:38', '2020-03-05 12:41:38'),
(576, 84, 8, 353, 16, 50.00, NULL, NULL, '2020-03-05 12:41:38', '2020-03-05 12:41:38'),
(577, 84, 8, 353, 16, 40.00, NULL, NULL, '2020-03-05 12:41:38', '2020-03-05 12:41:38'),
(578, 84, 8, 353, 16, 60.00, NULL, NULL, '2020-03-05 12:41:38', '2020-03-05 12:41:38'),
(579, 84, 8, 353, 16, 40.00, NULL, NULL, '2020-03-05 12:41:38', '2020-03-05 12:41:38'),
(580, 84, 8, 353, 163, 1008.00, NULL, NULL, '2020-03-05 12:42:46', '2020-03-05 12:42:46'),
(581, 84, 8, 353, 163, 4080.00, NULL, NULL, '2020-03-05 12:42:46', '2020-03-05 12:42:46'),
(582, 86, 8, 85, 353, 10000.00, 'Lift Repair', NULL, '2020-03-05 12:43:30', '2020-03-05 12:43:30'),
(583, 87, 8, 115, 353, 400.00, NULL, NULL, '2020-03-05 12:44:13', '2020-03-05 12:44:13'),
(584, 88, 8, 22, 353, 300.00, NULL, NULL, '2020-03-05 12:44:41', '2020-03-05 12:44:41'),
(585, 89, 8, 96, 353, 50.00, NULL, NULL, '2020-03-05 12:45:08', '2020-03-05 12:45:08'),
(586, 90, 9, 353, 14, 0.00, NULL, NULL, '2020-03-05 12:55:52', '2020-03-05 12:55:52'),
(587, 90, 9, 353, 14, 1800.00, NULL, NULL, '2020-03-05 12:56:00', '2020-03-05 12:56:00'),
(588, 90, 9, 353, 14, 0.00, NULL, NULL, '2020-03-05 12:57:13', '2020-03-05 12:57:13'),
(589, 90, 9, 353, 14, 2000.00, NULL, NULL, '2020-03-05 12:57:18', '2020-03-05 12:57:18'),
(590, 90, 9, 353, 14, 0.00, NULL, NULL, '2020-03-05 12:58:55', '2020-03-05 12:58:55'),
(591, 90, 9, 353, 14, 300.00, NULL, NULL, '2020-03-05 12:59:01', '2020-03-05 12:59:01'),
(592, 90, 9, 353, 14, 0.00, NULL, NULL, '2020-03-05 13:00:12', '2020-03-05 13:00:12'),
(593, 90, 9, 353, 14, 300.00, NULL, NULL, '2020-03-05 13:00:17', '2020-03-05 13:00:17'),
(594, 90, 9, 353, 14, 0.00, NULL, NULL, '2020-03-05 13:01:29', '2020-03-05 13:01:29'),
(595, 90, 9, 353, 14, 2000.00, NULL, NULL, '2020-03-05 13:01:33', '2020-03-05 13:01:33'),
(596, 91, 9, 353, 15, 200.00, NULL, NULL, '2020-03-05 13:02:49', '2020-03-05 13:02:49'),
(597, 91, 9, 353, 15, 400.00, NULL, NULL, '2020-03-05 13:02:49', '2020-03-05 13:02:49'),
(598, 91, 9, 353, 15, 200.00, NULL, NULL, '2020-03-05 13:02:49', '2020-03-05 13:02:49'),
(599, 92, 9, 353, 344, 10000.00, 'BRB Cables', NULL, '2020-03-05 13:04:29', '2020-03-05 13:04:29'),
(600, 90, 9, 353, 5, 0.00, NULL, '2020-03-05 13:08:24', '2020-03-05 13:06:25', '2020-03-05 13:08:24'),
(601, 90, 9, 353, 5, 0.00, NULL, '2020-03-05 13:10:34', '2020-03-05 13:09:25', '2020-03-05 13:10:34'),
(602, 90, 9, 353, 5, 0.00, NULL, NULL, '2020-03-05 13:11:20', '2020-03-05 13:11:20'),
(603, 90, 9, 353, 5, 2000.00, NULL, NULL, '2020-03-05 13:11:53', '2020-03-05 13:11:53'),
(604, 90, 9, 353, 8, 5795.00, NULL, NULL, '2020-03-05 13:11:53', '2020-03-05 13:11:53'),
(605, 90, 9, 353, 5, 0.00, NULL, NULL, '2020-03-05 13:12:59', '2020-03-05 13:12:59'),
(606, 90, 9, 353, 5, 4000.00, NULL, NULL, '2020-03-05 13:15:20', '2020-03-05 13:15:20'),
(607, 90, 9, 353, 8, 6120.00, NULL, NULL, '2020-03-05 13:15:20', '2020-03-05 13:15:20'),
(608, 93, 9, 353, 16, 1720.00, NULL, '2020-03-07 09:01:30', '2020-03-07 08:59:18', '2020-03-07 09:01:30'),
(609, 93, 9, 353, 16, 1720.00, NULL, NULL, '2020-03-07 09:04:09', '2020-03-07 09:04:09'),
(610, 93, 9, 353, 16, 3990.00, NULL, NULL, '2020-03-07 09:04:09', '2020-03-07 09:04:09'),
(611, 93, 9, 353, 16, 70.00, NULL, NULL, '2020-03-07 09:10:17', '2020-03-07 09:10:17'),
(612, 93, 9, 353, 16, 200.00, NULL, NULL, '2020-03-07 09:10:17', '2020-03-07 09:10:17'),
(613, 93, 9, 353, 16, 100.00, NULL, NULL, '2020-03-07 09:10:17', '2020-03-07 09:10:17'),
(614, 93, 9, 353, 16, 1200.00, NULL, NULL, '2020-03-07 09:25:41', '2020-03-07 09:25:41'),
(615, 93, 9, 353, 16, 1484.00, NULL, NULL, '2020-03-07 09:32:59', '2020-03-07 09:32:59'),
(616, 93, 9, 353, 16, 117.00, NULL, NULL, '2020-03-07 09:38:00', '2020-03-07 09:38:00'),
(617, 93, 9, 353, 16, 80.00, NULL, NULL, '2020-03-07 09:38:00', '2020-03-07 09:38:00'),
(618, 93, 9, 353, 16, 600.00, NULL, NULL, '2020-03-07 09:42:25', '2020-03-07 09:42:25'),
(619, 93, 9, 353, 16, 900.00, NULL, NULL, '2020-03-07 09:46:01', '2020-03-07 09:46:01'),
(620, 93, 9, 353, 16, 500.00, NULL, NULL, '2020-03-07 09:47:00', '2020-03-07 09:47:00'),
(621, 93, 9, 353, 16, 1040.00, NULL, NULL, '2020-03-07 09:48:54', '2020-03-07 09:48:54'),
(622, 93, 9, 353, 16, 2550.00, NULL, NULL, '2020-03-07 09:52:31', '2020-03-07 09:52:31'),
(623, 93, 9, 353, 16, 15.00, NULL, NULL, '2020-03-07 09:55:18', '2020-03-07 09:55:18'),
(624, 93, 9, 353, 16, 35.00, NULL, NULL, '2020-03-07 09:55:18', '2020-03-07 09:55:18'),
(625, 93, 9, 353, 16, 60.00, NULL, NULL, '2020-03-07 09:56:44', '2020-03-07 09:56:44'),
(626, 93, 9, 353, 16, 100.00, NULL, NULL, '2020-03-07 09:57:44', '2020-03-07 09:57:44'),
(627, 93, 9, 353, 16, 100.00, NULL, NULL, '2020-03-07 09:57:44', '2020-03-07 09:57:44'),
(628, 93, 9, 353, 16, 350.00, NULL, NULL, '2020-03-07 10:05:48', '2020-03-07 10:05:48'),
(629, 93, 9, 353, 16, 3500.00, NULL, NULL, '2020-03-07 10:05:48', '2020-03-07 10:05:48'),
(630, 93, 9, 353, 16, 2450.00, NULL, NULL, '2020-03-07 10:05:48', '2020-03-07 10:05:48'),
(631, 93, 9, 353, 16, 1000.00, NULL, NULL, '2020-03-07 10:05:48', '2020-03-07 10:05:48'),
(632, 93, 9, 353, 16, 50.00, NULL, NULL, '2020-03-07 10:05:48', '2020-03-07 10:05:48'),
(633, 93, 9, 353, 16, 100.00, NULL, NULL, '2020-03-07 10:05:48', '2020-03-07 10:05:48'),
(634, 93, 9, 353, 16, 100.00, NULL, NULL, '2020-03-07 10:05:48', '2020-03-07 10:05:48'),
(635, 93, 9, 353, 16, 40.00, NULL, NULL, '2020-03-07 10:05:48', '2020-03-07 10:05:48'),
(636, 93, 9, 353, 16, 240.00, NULL, NULL, '2020-03-07 10:05:48', '2020-03-07 10:05:48'),
(637, 93, 9, 353, 16, 220.00, NULL, NULL, '2020-03-07 10:05:49', '2020-03-07 10:05:49'),
(638, 93, 9, 353, 16, 200.00, NULL, NULL, '2020-03-07 10:05:49', '2020-03-07 10:05:49'),
(639, 93, 9, 353, 16, 80.00, NULL, NULL, '2020-03-07 10:05:49', '2020-03-07 10:05:49'),
(640, 94, 9, 16, 353, 20.00, 'Labar Cost For Bazar.', NULL, '2020-03-07 10:09:22', '2020-03-07 10:09:22'),
(641, 93, 9, 353, 163, 1080.00, NULL, NULL, '2020-03-07 10:17:12', '2020-03-07 10:17:12'),
(642, 93, 9, 353, 163, 960.00, NULL, NULL, '2020-03-07 10:17:12', '2020-03-07 10:17:12'),
(643, 93, 9, 353, 163, 4500.00, NULL, NULL, '2020-03-07 10:17:12', '2020-03-07 10:17:12'),
(644, 93, 9, 353, 163, 890.00, NULL, NULL, '2020-03-07 10:17:12', '2020-03-07 10:17:12'),
(645, 93, 9, 353, 163, 1080.00, NULL, NULL, '2020-03-07 10:17:12', '2020-03-07 10:17:12'),
(646, 95, 9, 1, 353, 160.00, NULL, '2020-03-07 10:19:00', '2020-03-07 10:18:48', '2020-03-07 10:19:00'),
(647, 96, 9, 115, 353, 160.00, NULL, NULL, '2020-03-07 10:19:27', '2020-03-07 10:19:27'),
(648, 97, 10, 353, 16, 2250.00, NULL, NULL, '2020-03-07 10:36:27', '2020-03-07 10:36:27'),
(649, 98, 10, 353, 14, 0.00, NULL, NULL, '2020-03-07 10:37:47', '2020-03-07 10:37:47'),
(650, 97, 10, 353, 16, 30.00, NULL, NULL, '2020-03-07 10:37:50', '2020-03-07 10:37:50'),
(651, 98, 10, 353, 14, 3200.00, NULL, NULL, '2020-03-07 10:38:34', '2020-03-07 10:38:34'),
(652, 97, 10, 353, 16, 2565.00, NULL, NULL, '2020-03-07 10:39:10', '2020-03-07 10:39:10'),
(653, 98, 10, 353, 14, 0.00, NULL, NULL, '2020-03-07 10:41:16', '2020-03-07 10:41:16'),
(654, 98, 10, 353, 14, 750.00, NULL, NULL, '2020-03-07 10:41:21', '2020-03-07 10:41:21'),
(655, 97, 10, 353, 16, 1975.00, NULL, NULL, '2020-03-07 10:41:55', '2020-03-07 10:41:55'),
(656, 97, 10, 353, 16, 2988.00, NULL, NULL, '2020-03-07 10:41:55', '2020-03-07 10:41:55'),
(657, 97, 10, 353, 16, 730.00, NULL, NULL, '2020-03-07 10:43:38', '2020-03-07 10:43:38'),
(658, 98, 10, 353, 14, 0.00, NULL, NULL, '2020-03-07 10:44:12', '2020-03-07 10:44:12'),
(659, 98, 10, 353, 14, 8800.00, NULL, NULL, '2020-03-07 10:44:19', '2020-03-07 10:44:19'),
(660, 98, 10, 353, 14, 0.00, NULL, NULL, '2020-03-07 10:46:48', '2020-03-07 10:46:48'),
(661, 98, 10, 353, 14, 3600.00, NULL, NULL, '2020-03-07 10:47:56', '2020-03-07 10:47:56'),
(662, 97, 10, 353, 16, 440.00, NULL, NULL, '2020-03-07 10:48:14', '2020-03-07 10:48:14'),
(663, 97, 10, 353, 16, 120.00, NULL, NULL, '2020-03-07 10:48:14', '2020-03-07 10:48:14'),
(664, 97, 10, 353, 16, 150.00, NULL, NULL, '2020-03-07 10:48:14', '2020-03-07 10:48:14'),
(665, 97, 10, 353, 16, 90.00, NULL, NULL, '2020-03-07 10:48:14', '2020-03-07 10:48:14'),
(666, 97, 10, 353, 16, 120.00, NULL, NULL, '2020-03-07 10:48:14', '2020-03-07 10:48:14'),
(667, 97, 10, 353, 16, 375.00, NULL, NULL, '2020-03-07 10:48:14', '2020-03-07 10:48:14'),
(668, 97, 10, 353, 16, 4000.00, NULL, NULL, '2020-03-07 10:48:14', '2020-03-07 10:48:14'),
(669, 97, 10, 353, 16, 90.00, NULL, NULL, '2020-03-07 10:48:14', '2020-03-07 10:48:14'),
(670, 97, 10, 353, 16, 300.00, NULL, NULL, '2020-03-07 10:48:14', '2020-03-07 10:48:14'),
(671, 97, 10, 353, 16, 225.00, NULL, NULL, '2020-03-07 10:48:14', '2020-03-07 10:48:14'),
(672, 97, 10, 353, 16, 75.00, NULL, NULL, '2020-03-07 10:48:15', '2020-03-07 10:48:15'),
(673, 97, 10, 353, 16, 200.00, NULL, NULL, '2020-03-07 10:48:15', '2020-03-07 10:48:15'),
(674, 97, 10, 353, 16, 250.00, NULL, NULL, '2020-03-07 10:48:15', '2020-03-07 10:48:15'),
(675, 99, 10, 16, 353, 50.00, 'Labar, bazar beg', NULL, '2020-03-07 10:49:12', '2020-03-07 10:49:12'),
(676, 100, 10, 353, 14, 400.00, NULL, NULL, '2020-03-07 10:49:27', '2020-03-07 10:49:27'),
(677, 101, 10, 163, 353, 10143.00, 'Londry', NULL, '2020-03-07 10:50:22', '2020-03-07 10:50:22'),
(678, 102, 10, 86, 353, 1100.00, 'Gas Bill', '2020-03-07 10:52:54', '2020-03-07 10:51:07', '2020-03-07 10:52:54'),
(679, 98, 10, 353, 14, 0.00, NULL, NULL, '2020-03-07 10:51:40', '2020-03-07 10:51:40'),
(680, 98, 10, 353, 14, 1200.00, NULL, NULL, '2020-03-07 10:52:12', '2020-03-07 10:52:12'),
(681, 103, 10, 86, 353, 1200.00, 'Gas Bill', NULL, '2020-03-07 10:53:25', '2020-03-07 10:53:25'),
(682, 104, 10, 115, 353, 100.00, NULL, NULL, '2020-03-07 10:54:23', '2020-03-07 10:54:23'),
(683, 105, 10, 96, 353, 27.00, NULL, NULL, '2020-03-07 10:55:15', '2020-03-07 10:55:15'),
(684, 98, 10, 353, 14, 0.00, NULL, NULL, '2020-03-07 10:55:26', '2020-03-07 10:55:26'),
(685, 98, 10, 353, 14, 4500.00, NULL, NULL, '2020-03-07 10:55:32', '2020-03-07 10:55:32'),
(686, 106, 10, 353, 15, 5090.00, 'Food Bill Room Number 503,410,501', NULL, '2020-03-07 10:57:22', '2020-03-07 10:57:22'),
(687, 107, 10, 353, 15, 7050.00, 'Food Parcal For Incepta 47', NULL, '2020-03-07 11:00:16', '2020-03-07 11:00:16'),
(688, 98, 10, 353, 5, 0.00, NULL, '2020-03-07 11:19:27', '2020-03-07 11:17:17', '2020-03-07 11:19:27'),
(689, 98, 10, 353, 5, 0.00, NULL, NULL, '2020-03-07 11:20:40', '2020-03-07 11:20:40'),
(690, 98, 10, 353, 5, 2000.00, NULL, NULL, '2020-03-07 11:21:32', '2020-03-07 11:21:32'),
(691, 98, 10, 353, 8, 4812.50, NULL, NULL, '2020-03-07 11:21:32', '2020-03-07 11:21:32'),
(692, 108, 11, 353, 16, 1480.00, NULL, NULL, '2020-03-07 11:27:59', '2020-03-07 11:27:59'),
(693, 108, 11, 353, 16, 2275.00, NULL, NULL, '2020-03-07 11:28:45', '2020-03-07 11:28:45'),
(694, 108, 11, 353, 16, 210.00, NULL, NULL, '2020-03-07 11:33:31', '2020-03-07 11:33:31'),
(695, 108, 11, 353, 16, 120.00, NULL, NULL, '2020-03-07 11:33:31', '2020-03-07 12:20:18'),
(696, 108, 11, 353, 16, 240.00, NULL, NULL, '2020-03-07 11:34:36', '2020-03-07 11:34:36'),
(697, 108, 11, 353, 16, 50.00, NULL, NULL, '2020-03-07 11:34:36', '2020-03-07 11:34:36'),
(698, 109, 11, 353, 14, 0.00, NULL, NULL, '2020-03-07 11:36:32', '2020-03-07 11:36:32'),
(699, 109, 11, 353, 14, 1000.00, NULL, NULL, '2020-03-07 11:36:37', '2020-03-07 11:36:37'),
(700, 109, 11, 353, 14, 0.00, NULL, NULL, '2020-03-07 11:38:07', '2020-03-07 11:38:07'),
(701, 109, 11, 353, 14, 1100.00, NULL, NULL, '2020-03-07 11:38:14', '2020-03-07 11:38:14'),
(702, 109, 11, 353, 14, 0.00, NULL, NULL, '2020-03-07 11:39:53', '2020-03-07 11:39:53'),
(703, 109, 11, 353, 14, 750.00, NULL, NULL, '2020-03-07 11:41:12', '2020-03-07 11:41:12'),
(704, 109, 11, 353, 8, 70.00, NULL, NULL, '2020-03-07 11:41:12', '2020-03-07 11:41:12'),
(705, 110, 11, 353, 1, 400.00, '2 Old Tv Sales By Sharif Sir', NULL, '2020-03-07 11:42:24', '2020-03-07 11:42:24'),
(706, 111, 11, 432, 353, 14624.00, NULL, NULL, '2020-03-07 11:44:23', '2020-03-07 11:44:23'),
(707, 108, 11, 353, 16, 710.00, NULL, NULL, '2020-03-07 11:45:57', '2020-03-07 11:45:57'),
(708, 108, 11, 353, 16, 915.00, NULL, NULL, '2020-03-07 11:46:41', '2020-03-07 11:46:41'),
(709, 108, 11, 353, 16, 9315.00, NULL, NULL, '2020-03-07 11:49:47', '2020-03-07 11:49:47'),
(710, 108, 11, 353, 16, 275.00, NULL, NULL, '2020-03-07 11:49:47', '2020-03-07 11:49:47'),
(711, 108, 11, 353, 16, 360.00, NULL, NULL, '2020-03-07 11:50:56', '2020-03-07 11:50:56'),
(712, 108, 11, 353, 16, 1200.00, NULL, NULL, '2020-03-07 11:50:56', '2020-03-07 11:50:56'),
(713, 108, 11, 353, 16, 1484.00, NULL, NULL, '2020-03-07 11:53:48', '2020-03-07 11:53:48'),
(714, 108, 11, 353, 16, 2400.00, NULL, NULL, '2020-03-07 11:55:01', '2020-03-07 11:55:01'),
(715, 108, 11, 353, 16, 9108.00, NULL, NULL, '2020-03-07 11:55:50', '2020-03-07 11:55:50'),
(716, 108, 11, 353, 16, 275.00, NULL, NULL, '2020-03-07 11:55:50', '2020-03-07 11:55:50'),
(717, 108, 11, 353, 16, 1932.00, NULL, NULL, '2020-03-07 11:56:44', '2020-03-07 11:56:44'),
(718, 108, 11, 353, 16, 650.00, NULL, NULL, '2020-03-07 11:59:06', '2020-03-07 11:59:06'),
(719, 108, 11, 353, 16, 140.00, NULL, NULL, '2020-03-07 11:59:07', '2020-03-07 11:59:07'),
(720, 108, 11, 353, 16, 90.00, NULL, NULL, '2020-03-07 11:59:07', '2020-03-07 11:59:07'),
(721, 108, 11, 353, 16, 60.00, NULL, NULL, '2020-03-07 12:01:33', '2020-03-07 12:01:33'),
(722, 108, 11, 353, 16, 135.00, NULL, NULL, '2020-03-07 12:01:33', '2020-03-07 12:01:33'),
(723, 108, 11, 353, 16, 480.00, NULL, NULL, '2020-03-07 12:07:21', '2020-03-07 12:07:21'),
(724, 108, 11, 353, 16, 50.00, NULL, NULL, '2020-03-07 12:07:21', '2020-03-07 12:07:21'),
(725, 108, 11, 353, 16, 120.00, NULL, NULL, '2020-03-07 12:07:21', '2020-03-07 12:07:21'),
(726, 108, 11, 353, 16, 100.00, NULL, NULL, '2020-03-07 12:07:22', '2020-03-07 12:07:22'),
(727, 108, 11, 353, 16, 150.00, NULL, NULL, '2020-03-07 12:07:22', '2020-03-07 12:07:22'),
(728, 108, 11, 353, 16, 150.00, NULL, NULL, '2020-03-07 12:07:22', '2020-03-07 12:07:22'),
(729, 108, 11, 353, 16, 150.00, NULL, NULL, '2020-03-07 12:07:22', '2020-03-07 12:07:22'),
(730, 108, 11, 353, 16, 560.00, NULL, NULL, '2020-03-07 12:07:22', '2020-03-07 12:07:22'),
(731, 108, 11, 353, 16, 400.00, NULL, NULL, '2020-03-07 12:07:22', '2020-03-07 12:07:22'),
(732, 108, 11, 353, 16, 3000.00, NULL, NULL, '2020-03-07 12:07:22', '2020-03-07 12:07:22'),
(733, 108, 11, 353, 16, 1340.00, NULL, NULL, '2020-03-07 12:07:22', '2020-03-07 12:07:22'),
(734, 112, 11, 16, 353, 70.00, NULL, NULL, '2020-03-07 12:07:47', '2020-03-07 12:07:47'),
(735, 108, 11, 353, 16, 1170.00, NULL, NULL, '2020-03-07 12:12:00', '2020-03-07 12:12:00'),
(736, 108, 11, 353, 16, 210.00, NULL, NULL, '2020-03-07 12:12:01', '2020-03-07 12:12:01'),
(737, 108, 11, 353, 16, 80.00, NULL, NULL, '2020-03-07 12:12:01', '2020-03-07 12:12:01'),
(738, 108, 11, 353, 16, 80.00, NULL, NULL, '2020-03-07 12:12:01', '2020-03-07 12:12:01'),
(739, 108, 11, 353, 16, 20.00, NULL, NULL, '2020-03-07 12:12:01', '2020-03-07 12:12:01'),
(740, 108, 11, 353, 16, 40.00, NULL, NULL, '2020-03-07 12:12:01', '2020-03-07 12:12:01'),
(741, 113, 11, 163, 353, 855.00, NULL, NULL, '2020-03-07 12:14:40', '2020-03-07 12:21:37'),
(742, 114, 11, 115, 353, 240.00, NULL, NULL, '2020-03-07 12:15:11', '2020-03-07 12:15:11'),
(743, 115, 11, 18, 353, 450.00, NULL, NULL, '2020-03-07 12:15:42', '2020-03-07 12:15:42'),
(744, 116, 11, 96, 353, 223.00, NULL, NULL, '2020-03-07 12:16:09', '2020-03-07 12:16:09'),
(745, 117, 12, 353, 14, 0.00, NULL, NULL, '2020-03-07 12:25:40', '2020-03-07 12:25:40'),
(746, 117, 12, 353, 14, 1100.00, NULL, NULL, '2020-03-07 12:25:53', '2020-03-07 12:25:53'),
(747, 118, 12, 353, 16, 1250.00, NULL, NULL, '2020-03-07 12:30:24', '2020-03-07 12:30:24'),
(748, 118, 12, 353, 16, 1485.00, NULL, NULL, '2020-03-07 12:31:19', '2020-03-07 12:31:19'),
(749, 118, 12, 353, 16, 640.00, NULL, NULL, '2020-03-07 12:31:58', '2020-03-07 12:31:58'),
(750, 118, 12, 353, 16, 100.00, NULL, NULL, '2020-03-07 12:33:01', '2020-03-07 12:33:01'),
(751, 118, 12, 353, 16, 550.00, NULL, NULL, '2020-03-07 12:33:01', '2020-03-07 12:33:01'),
(752, 117, 12, 353, 14, 0.00, NULL, NULL, '2020-03-07 12:33:20', '2020-03-07 12:33:20'),
(753, 117, 12, 353, 14, 600.00, NULL, NULL, '2020-03-07 12:33:26', '2020-03-07 12:33:26'),
(754, 118, 12, 353, 16, 18837.00, NULL, NULL, '2020-03-07 12:34:01', '2020-03-07 12:34:01'),
(755, 118, 12, 353, 16, 275.00, NULL, NULL, '2020-03-07 12:34:33', '2020-03-07 12:34:33'),
(756, 118, 12, 353, 16, 280.00, NULL, NULL, '2020-03-07 12:35:08', '2020-03-07 12:35:08'),
(757, 117, 12, 353, 14, 0.00, NULL, NULL, '2020-03-07 12:35:57', '2020-03-07 12:35:57'),
(758, 117, 12, 353, 14, 3000.00, NULL, NULL, '2020-03-07 12:36:04', '2020-03-07 12:36:04'),
(759, 118, 12, 353, 16, 1400.00, NULL, NULL, '2020-03-07 12:37:35', '2020-03-07 12:37:35'),
(760, 118, 12, 353, 16, 4200.00, NULL, NULL, '2020-03-07 12:38:18', '2020-03-07 12:38:18'),
(761, 118, 12, 353, 16, 170.00, NULL, NULL, '2020-03-07 12:38:18', '2020-03-07 12:38:18'),
(762, 117, 12, 353, 14, 0.00, NULL, NULL, '2020-03-07 12:39:00', '2020-03-07 12:39:00'),
(763, 118, 12, 353, 16, 1620.00, NULL, NULL, '2020-03-07 12:39:14', '2020-03-07 12:39:14'),
(764, 117, 12, 353, 14, 2400.00, NULL, NULL, '2020-03-07 12:39:15', '2020-03-07 12:39:15'),
(765, 118, 12, 353, 16, 2350.00, NULL, NULL, '2020-03-07 12:39:53', '2020-03-07 12:39:53'),
(766, 118, 12, 353, 16, 1860.00, NULL, NULL, '2020-03-07 12:42:06', '2020-03-07 12:42:06'),
(767, 117, 12, 353, 14, 0.00, NULL, '2020-03-07 12:43:56', '2020-03-07 12:42:07', '2020-03-07 12:43:56'),
(768, 118, 12, 353, 16, 2300.00, NULL, NULL, '2020-03-07 12:44:57', '2020-03-07 12:44:57'),
(769, 118, 12, 353, 16, 1164.00, NULL, NULL, '2020-03-07 12:46:16', '2020-03-07 12:46:16'),
(770, 118, 12, 353, 16, 1975.00, NULL, NULL, '2020-03-07 12:47:03', '2020-03-07 12:47:03'),
(771, 117, 12, 353, 14, 0.00, NULL, NULL, '2020-03-07 12:47:21', '2020-03-07 12:47:21'),
(772, 117, 12, 353, 14, 750.00, NULL, NULL, '2020-03-07 12:47:26', '2020-03-07 12:47:26'),
(773, 119, 12, 353, 14, 220.00, 'Room 407', NULL, '2020-03-07 12:49:29', '2020-03-07 12:49:29'),
(774, 118, 12, 353, 16, 1085.00, NULL, NULL, '2020-03-07 12:50:19', '2020-03-07 12:50:19'),
(775, 118, 12, 353, 16, 560.00, NULL, NULL, '2020-03-07 12:51:29', '2020-03-07 12:51:29'),
(776, 118, 12, 353, 16, 40.00, NULL, NULL, '2020-03-07 12:51:29', '2020-03-07 12:51:29'),
(777, 118, 12, 353, 16, 170.00, NULL, NULL, '2020-03-07 12:51:29', '2020-03-07 12:51:29'),
(778, 117, 12, 353, 14, 0.00, NULL, NULL, '2020-03-07 13:35:02', '2020-03-07 13:35:02'),
(779, 117, 12, 353, 14, 1200.00, NULL, NULL, '2020-03-07 13:35:11', '2020-03-07 13:35:11'),
(780, 118, 12, 353, 16, 4780.00, NULL, NULL, '2020-03-07 13:36:20', '2020-03-07 13:36:20'),
(781, 118, 12, 353, 16, 3500.00, NULL, NULL, '2020-03-07 13:36:20', '2020-03-07 13:36:20'),
(782, 118, 12, 353, 16, 480.00, NULL, NULL, '2020-03-07 13:36:20', '2020-03-07 13:36:20'),
(783, 118, 12, 353, 16, 250.00, NULL, NULL, '2020-03-07 13:36:21', '2020-03-07 13:36:21'),
(784, 118, 12, 353, 16, 270.00, NULL, NULL, '2020-03-07 13:36:21', '2020-03-07 13:36:21'),
(785, 118, 12, 353, 16, 150.00, NULL, NULL, '2020-03-07 13:36:21', '2020-03-07 13:36:21'),
(786, 118, 12, 353, 16, 45.00, NULL, NULL, '2020-03-07 13:36:21', '2020-03-07 13:36:21'),
(787, 118, 12, 353, 16, 30.00, NULL, NULL, '2020-03-07 13:36:21', '2020-03-07 13:36:21'),
(788, 118, 12, 353, 16, 420.00, NULL, NULL, '2020-03-07 13:36:21', '2020-03-07 13:36:21'),
(789, 118, 12, 353, 16, 450.00, NULL, NULL, '2020-03-07 13:37:32', '2020-03-07 13:37:32'),
(790, 120, 12, 16, 353, 60.00, NULL, NULL, '2020-03-07 13:37:52', '2020-03-07 13:37:52'),
(791, 117, 12, 353, 14, 0.00, NULL, NULL, '2020-03-07 13:38:21', '2020-03-07 13:38:21'),
(792, 117, 12, 353, 14, 1600.00, NULL, NULL, '2020-03-07 13:38:30', '2020-03-07 13:38:30'),
(793, 121, 12, 96, 353, 47.00, NULL, NULL, '2020-03-07 13:39:18', '2020-03-07 13:39:18'),
(794, 121, 12, 22, 353, 1500.00, NULL, NULL, '2020-03-07 13:39:18', '2020-03-07 13:39:18'),
(795, 121, 12, 115, 353, 215.00, NULL, NULL, '2020-03-07 13:39:19', '2020-03-07 13:39:19'),
(796, 117, 12, 353, 14, 0.00, NULL, NULL, '2020-03-07 13:41:20', '2020-03-07 13:41:20'),
(797, 117, 12, 353, 14, 500.00, NULL, NULL, '2020-03-07 13:41:26', '2020-03-07 13:41:26'),
(798, 117, 12, 353, 14, 0.00, NULL, NULL, '2020-03-07 13:45:06', '2020-03-07 13:45:06'),
(799, 117, 12, 353, 14, 2400.00, NULL, NULL, '2020-03-07 13:45:20', '2020-03-07 13:45:20'),
(800, 117, 12, 353, 5, 0.00, NULL, '2020-03-07 14:01:25', '2020-03-07 13:48:36', '2020-03-07 14:01:25'),
(801, 117, 12, 353, 14, 0.00, NULL, NULL, '2020-03-07 13:51:49', '2020-03-07 13:51:49'),
(802, 117, 12, 353, 14, 3000.00, NULL, NULL, '2020-03-07 13:51:56', '2020-03-07 13:51:56'),
(803, 117, 12, 353, 14, 0.00, NULL, NULL, '2020-03-07 13:53:50', '2020-03-07 13:53:50'),
(804, 117, 12, 353, 14, 700.00, NULL, NULL, '2020-03-07 13:53:58', '2020-03-07 13:53:58'),
(805, 117, 12, 353, 14, 0.00, NULL, NULL, '2020-03-07 13:58:38', '2020-03-07 13:58:38'),
(806, 117, 12, 353, 14, 2700.00, NULL, NULL, '2020-03-07 14:01:41', '2020-03-07 14:01:41'),
(807, 122, 12, 353, 15, 1200.00, 'Room 405', NULL, '2020-03-07 14:02:29', '2020-03-07 14:02:29'),
(808, 117, 12, 353, 14, 0.00, NULL, NULL, '2020-03-07 14:05:45', '2020-03-07 14:05:45'),
(809, 117, 12, 353, 14, 1200.00, NULL, NULL, '2020-03-07 14:06:10', '2020-03-07 14:06:10'),
(810, 123, 12, 353, 15, 450.00, 'Room-315', NULL, '2020-03-07 14:07:07', '2020-03-07 14:07:07'),
(811, 124, 12, 353, 15, 200.00, 'Room-316', NULL, '2020-03-07 14:12:54', '2020-03-07 14:12:54'),
(812, 125, 12, 353, 15, 540.00, 'Room-312', NULL, '2020-03-07 14:13:57', '2020-03-07 14:13:57'),
(813, 117, 12, 353, 5, 0.00, NULL, '2020-03-07 14:32:15', '2020-03-07 14:29:09', '2020-03-07 14:32:15'),
(814, 117, 12, 353, 5, 0.00, NULL, '2020-03-07 14:56:47', '2020-03-07 14:33:47', '2020-03-07 14:56:47'),
(815, 117, 12, 353, 5, 8000.00, NULL, '2020-03-07 14:56:47', '2020-03-07 14:34:59', '2020-03-07 14:56:47'),
(816, 117, 12, 353, 8, 47047.00, NULL, '2020-03-07 14:56:47', '2020-03-07 14:34:59', '2020-03-07 14:56:47'),
(817, 117, 12, 353, 5, 0.00, NULL, '2020-03-07 15:01:11', '2020-03-07 14:58:49', '2020-03-07 15:01:11'),
(818, 117, 12, 353, 5, 0.00, NULL, NULL, '2020-03-07 15:02:16', '2020-03-07 15:02:16'),
(819, 117, 12, 353, 5, 21000.00, NULL, NULL, '2020-03-07 15:03:13', '2020-03-07 15:03:13'),
(820, 117, 12, 353, 8, 77025.00, NULL, NULL, '2020-03-07 15:03:13', '2020-03-07 15:03:13'),
(821, 126, 12, 353, 12, 3000.00, 'Multimedia Charge', NULL, '2020-03-07 15:03:50', '2020-03-07 15:03:50'),
(822, 117, 12, 353, 5, 0.00, NULL, NULL, '2020-03-07 15:05:51', '2020-03-07 15:05:51'),
(823, 117, 12, 353, 5, 8000.00, NULL, NULL, '2020-03-07 15:06:55', '2020-03-07 15:06:55'),
(824, 117, 12, 353, 8, 47047.00, NULL, NULL, '2020-03-07 15:06:55', '2020-03-07 15:06:55'),
(825, 127, 13, 353, 16, 1248.00, NULL, NULL, '2020-03-07 15:10:53', '2020-03-07 15:10:53'),
(826, 127, 13, 353, 16, 964.00, NULL, NULL, '2020-03-07 15:11:47', '2020-03-07 15:11:47'),
(827, 128, 13, 353, 14, 0.00, NULL, NULL, '2020-03-07 15:13:57', '2020-03-07 15:13:57'),
(828, 128, 13, 353, 14, 6600.00, NULL, NULL, '2020-03-07 15:14:07', '2020-03-07 15:14:07'),
(829, 127, 13, 353, 16, 100.00, NULL, NULL, '2020-03-07 15:14:29', '2020-03-07 15:14:29'),
(830, 127, 13, 353, 16, 40.00, NULL, NULL, '2020-03-07 15:14:29', '2020-03-07 15:14:29'),
(831, 127, 13, 353, 16, 20.00, NULL, NULL, '2020-03-07 15:14:29', '2020-03-07 15:14:29'),
(832, 127, 13, 353, 16, 1759.00, NULL, NULL, '2020-03-07 15:15:37', '2020-03-07 15:15:37'),
(833, 128, 13, 353, 14, 0.00, NULL, NULL, '2020-03-07 15:16:39', '2020-03-07 15:16:39'),
(834, 128, 13, 353, 14, 1500.00, NULL, NULL, '2020-03-07 15:16:45', '2020-03-07 15:16:45'),
(835, 127, 13, 353, 16, 1760.00, NULL, NULL, '2020-03-07 15:17:36', '2020-03-07 15:17:36'),
(836, 127, 13, 353, 16, 600.00, NULL, NULL, '2020-03-07 15:17:36', '2020-03-07 15:17:36'),
(837, 127, 13, 353, 16, 60.00, NULL, NULL, '2020-03-07 15:17:36', '2020-03-07 15:17:36'),
(838, 127, 13, 353, 16, 25.00, NULL, NULL, '2020-03-07 15:17:36', '2020-03-07 15:17:36'),
(839, 129, 13, 16, 353, 10.00, 'Beg Parches For Bazar', NULL, '2020-03-07 15:18:14', '2020-03-07 15:18:14'),
(840, 127, 13, 353, 16, 60.00, NULL, NULL, '2020-03-07 15:18:54', '2020-03-07 15:18:54'),
(841, 128, 13, 353, 14, 0.00, NULL, NULL, '2020-03-07 15:19:00', '2020-03-07 15:19:00'),
(842, 128, 13, 353, 14, 300.00, NULL, NULL, '2020-03-07 15:19:05', '2020-03-07 15:19:05'),
(843, 130, 13, 163, 353, 500.00, NULL, NULL, '2020-03-07 15:21:15', '2020-03-07 15:21:15'),
(844, 130, 13, 163, 353, 620.00, NULL, NULL, '2020-03-07 15:21:15', '2020-03-07 15:21:15'),
(845, 127, 13, 353, 163, 672.00, NULL, NULL, '2020-03-07 15:23:05', '2020-03-07 15:23:05'),
(846, 128, 13, 353, 14, 0.00, NULL, NULL, '2020-03-07 15:31:23', '2020-03-07 15:31:23'),
(847, 128, 13, 353, 14, 3900.00, NULL, NULL, '2020-03-07 15:31:30', '2020-03-07 15:31:30'),
(848, 131, 13, 353, 14, 400.00, NULL, NULL, '2020-03-07 15:32:50', '2020-03-07 15:32:50'),
(849, 127, 13, 353, 163, 2492.00, NULL, NULL, '2020-03-07 15:32:55', '2020-03-07 15:32:55'),
(850, 132, 13, 163, 353, 850.00, 'Huldar ,Maltiplag', NULL, '2020-03-07 15:34:07', '2020-03-07 15:34:07'),
(851, 133, 13, 18, 353, 2025.00, NULL, NULL, '2020-03-07 15:34:44', '2020-03-07 15:34:44'),
(852, 134, 13, 79, 353, 670.00, NULL, NULL, '2020-03-07 15:35:17', '2020-03-07 15:35:17'),
(853, 135, 13, 115, 353, 90.00, NULL, NULL, '2020-03-07 15:35:41', '2020-03-07 15:35:41'),
(854, 128, 13, 353, 14, 0.00, NULL, NULL, '2020-03-07 15:37:50', '2020-03-07 15:37:50'),
(855, 128, 13, 353, 14, 1050.00, NULL, NULL, '2020-03-07 15:37:56', '2020-03-07 15:37:56'),
(856, 128, 13, 353, 14, 0.00, NULL, NULL, '2020-03-07 15:40:45', '2020-03-07 15:40:45'),
(857, 128, 13, 353, 14, 6600.00, NULL, NULL, '2020-03-07 15:40:51', '2020-03-07 15:40:51'),
(858, 128, 13, 353, 14, 0.00, NULL, NULL, '2020-03-07 15:43:19', '2020-03-07 15:43:19'),
(859, 128, 13, 353, 14, 900.00, NULL, NULL, '2020-03-07 15:43:25', '2020-03-07 15:43:25'),
(860, 128, 13, 353, 14, 0.00, NULL, NULL, '2020-03-07 15:46:55', '2020-03-07 15:46:55'),
(861, 128, 13, 353, 14, 700.00, NULL, NULL, '2020-03-07 15:47:03', '2020-03-07 15:47:03'),
(862, 128, 13, 353, 14, 0.00, NULL, NULL, '2020-03-07 15:49:03', '2020-03-07 15:49:03'),
(863, 128, 13, 353, 14, 6600.00, NULL, NULL, '2020-03-07 15:49:08', '2020-03-07 15:49:08'),
(864, 128, 13, 353, 14, 0.00, NULL, NULL, '2020-03-09 07:57:35', '2020-03-09 07:57:35'),
(865, 128, 13, 353, 14, 1200.00, NULL, NULL, '2020-03-09 07:57:41', '2020-03-09 07:57:41'),
(866, 128, 13, 353, 14, 0.00, NULL, NULL, '2020-03-09 08:00:23', '2020-03-09 08:00:23'),
(867, 128, 13, 353, 14, 1700.00, NULL, NULL, '2020-03-09 08:00:37', '2020-03-09 08:00:37'),
(868, 128, 13, 353, 14, 0.00, NULL, NULL, '2020-03-09 08:03:06', '2020-03-09 08:03:06'),
(869, 128, 13, 353, 14, 2200.00, NULL, NULL, '2020-03-09 08:03:41', '2020-03-09 08:03:41'),
(870, 128, 13, 353, 14, 0.00, NULL, '2020-03-09 08:07:11', '2020-03-09 08:06:15', '2020-03-09 08:07:11'),
(871, 128, 13, 353, 14, 0.00, NULL, NULL, '2020-03-09 08:08:48', '2020-03-09 08:08:48'),
(872, 128, 13, 353, 14, 700.00, NULL, NULL, '2020-03-09 08:08:56', '2020-03-09 08:08:56'),
(873, 128, 13, 353, 5, 0.00, NULL, '2020-03-09 08:16:04', '2020-03-09 08:12:33', '2020-03-09 08:16:04'),
(874, 128, 13, 353, 14, 0.00, NULL, NULL, '2020-03-09 08:13:15', '2020-03-09 08:13:15'),
(875, 128, 13, 353, 14, 4000.00, NULL, NULL, '2020-03-09 08:14:06', '2020-03-09 08:14:06'),
(876, 128, 13, 353, 14, 0.00, NULL, NULL, '2020-03-09 08:17:15', '2020-03-09 08:17:15'),
(877, 128, 13, 353, 5, 0.00, NULL, NULL, '2020-03-09 08:17:41', '2020-03-09 08:17:41'),
(878, 128, 13, 353, 14, 700.00, NULL, NULL, '2020-03-09 08:17:53', '2020-03-09 08:17:53'),
(879, 128, 13, 353, 8, 70.00, NULL, NULL, '2020-03-09 08:17:54', '2020-03-09 08:17:54'),
(880, 128, 13, 353, 5, 5000.00, NULL, NULL, '2020-03-09 08:23:55', '2020-03-09 08:23:55'),
(881, 128, 13, 353, 8, 16565.00, NULL, NULL, '2020-03-09 08:23:55', '2020-03-09 08:23:55'),
(882, 128, 13, 353, 14, 0.00, NULL, NULL, '2020-03-09 08:29:35', '2020-03-09 08:29:35'),
(883, 128, 13, 353, 14, 1200.00, NULL, NULL, '2020-03-09 08:29:56', '2020-03-09 08:29:56'),
(884, 128, 13, 353, 8, 200.00, NULL, NULL, '2020-03-09 08:29:57', '2020-03-09 08:29:57'),
(885, 128, 13, 353, 14, 0.00, NULL, NULL, '2020-03-09 08:30:17', '2020-03-09 08:30:17'),
(886, 128, 13, 353, 14, 600.00, NULL, NULL, '2020-03-09 08:30:25', '2020-03-09 08:30:25'),
(887, 136, 13, 353, 15, 20.00, NULL, NULL, '2020-03-09 08:33:42', '2020-03-09 08:33:42'),
(888, 137, 13, 353, 344, 40000.00, NULL, NULL, '2020-03-09 08:35:42', '2020-03-09 08:35:42');

-- --------------------------------------------------------

--
-- Table structure for table `voucher_groups`
--

CREATE TABLE `voucher_groups` (
  `id` int(10) UNSIGNED NOT NULL,
  `date_id` int(10) UNSIGNED NOT NULL,
  `type_id` int(10) UNSIGNED NOT NULL,
  `note` text COLLATE utf8mb4_unicode_ci,
  `code` text COLLATE utf8mb4_unicode_ci NOT NULL,
  `user_id` int(10) UNSIGNED NOT NULL,
  `deleted_at` timestamp NULL DEFAULT NULL,
  `created_at` timestamp NULL DEFAULT NULL,
  `updated_at` timestamp NULL DEFAULT NULL
) ENGINE=InnoDB DEFAULT CHARSET=utf8mb4 COLLATE=utf8mb4_unicode_ci;

--
-- Dumping data for table `voucher_groups`
--

INSERT INTO `voucher_groups` (`id`, `date_id`, `type_id`, `note`, `code`, `user_id`, `deleted_at`, `created_at`, `updated_at`) VALUES
(1, 1, 10, 'Auto Receiptvoucher', 'rv-20-02-01', 1, NULL, '2020-02-16 16:03:04', '2020-02-16 16:03:04'),
(2, 1, 2, NULL, 'RV-20-02-02', 1, NULL, '2020-02-17 16:34:52', '2020-02-17 16:34:52'),
(3, 1, 2, NULL, 'RV-20-02-03', 1, NULL, '2020-02-17 17:15:27', '2020-02-17 17:15:27'),
(4, 1, 2, NULL, 'RV-20-02-04', 1, NULL, '2020-02-17 17:46:56', '2020-02-17 17:46:56'),
(5, 1, 2, NULL, 'RV-20-02-05', 1, NULL, '2020-02-19 23:29:04', '2020-02-19 23:29:04'),
(6, 1, 2, NULL, 'RV-20-02-06', 1, '2020-02-25 15:39:31', '2020-02-19 23:30:16', '2020-02-25 15:39:31'),
(7, 1, 11, 'Auto Paymentvoucher', 'pv-20-02-07', 1, NULL, '2020-02-23 14:16:06', '2020-02-23 14:16:06'),
(8, 1, 1, NULL, 'PV-20-02-08', 1, NULL, '2020-02-23 15:43:04', '2020-02-23 15:43:04'),
(9, 1, 1, NULL, 'PV-20-02-09', 1, NULL, '2020-02-23 16:02:39', '2020-02-23 16:02:39'),
(10, 1, 1, NULL, 'PV-20-02-10', 1, NULL, '2020-02-23 16:21:31', '2020-02-23 16:21:31'),
(11, 1, 1, NULL, 'PV-20-02-11', 1, NULL, '2020-02-23 16:22:39', '2020-02-23 16:22:39'),
(12, 1, 1, NULL, 'PV-20-02-12', 1, '2020-02-25 16:50:28', '2020-02-25 11:28:14', '2020-02-25 16:50:28'),
(13, 1, 1, NULL, 'PV-20-02-13', 1, NULL, '2020-02-25 11:30:12', '2020-02-25 11:30:12'),
(14, 1, 1, NULL, 'PV-20-02-14', 1, NULL, '2020-02-25 11:31:44', '2020-02-25 11:31:44'),
(15, 1, 1, NULL, 'PV-20-02-15', 1, NULL, '2020-02-25 11:33:18', '2020-02-25 11:33:18'),
(16, 1, 2, 'Food Bill Receive Personal', 'RV-20-02-16', 1, NULL, '2020-02-25 16:24:25', '2020-02-25 16:24:25'),
(17, 1, 1, 'Printing & Stationery', 'PV-20-02-17', 1, NULL, '2020-02-25 16:51:47', '2020-02-25 16:51:47'),
(18, 1, 1, 'Food cost', 'PV-20-02-18', 1, NULL, '2020-02-25 17:13:34', '2020-02-25 17:13:34'),
(19, 2, 11, 'Auto Paymentvoucher', 'pv-20-02-01', 1, NULL, '2020-02-25 18:10:06', '2020-02-25 18:10:06'),
(20, 2, 10, 'Auto Receiptvoucher', 'rv-20-02-02', 1, NULL, '2020-02-25 18:21:48', '2020-02-25 18:21:48'),
(21, 2, 2, 'Equipment Charge Popular(Multimedia)', 'RV-20-02-03', 1, NULL, '2020-02-25 18:29:12', '2020-02-25 18:29:12'),
(22, 2, 1, NULL, 'PV-20-02-04', 1, NULL, '2020-02-25 18:35:35', '2020-02-25 18:35:35'),
(23, 2, 1, NULL, 'PV-20-02-05', 1, NULL, '2020-02-25 18:36:28', '2020-02-25 18:36:28'),
(24, 2, 1, NULL, 'PV-20-02-06', 1, NULL, '2020-02-25 18:39:06', '2020-02-25 18:39:06'),
(25, 2, 1, 'Extra Sttaf Cost', 'PV-20-02-07', 1, NULL, '2020-02-25 18:41:13', '2020-02-25 18:41:13'),
(26, 2, 1, 'Office Maintenance.', 'PV-20-02-08', 1, NULL, '2020-02-25 18:43:12', '2020-02-25 18:43:12'),
(27, 2, 2, 'Dinner Bill', 'RV-20-02-09', 1, NULL, '2020-03-01 11:39:05', '2020-03-01 11:39:05'),
(28, 3, 11, 'Auto Paymentvoucher', 'pv-20-02-01', 1, NULL, '2020-03-01 12:58:36', '2020-03-01 12:58:36'),
(29, 3, 1, 'Gas Bill', 'PV-20-02-02', 1, NULL, '2020-03-01 13:01:26', '2020-03-01 13:01:26'),
(30, 3, 1, 'Miscellaneous', 'PV-20-02-03', 1, NULL, '2020-03-01 13:02:19', '2020-03-01 13:02:19'),
(31, 3, 4, 'Bank Deposit', 'CR-20-02-04', 1, '2020-03-01 16:51:42', '2020-03-01 13:04:45', '2020-03-01 16:51:42'),
(32, 3, 10, 'Auto Receiptvoucher', 'rv-20-02-05', 1, NULL, '2020-03-01 13:07:21', '2020-03-01 13:07:21'),
(33, 3, 2, 'Food Bill Receive from MD. Waheduzzaman', 'RV-20-02-06', 1, NULL, '2020-03-01 13:28:27', '2020-03-01 13:28:27'),
(34, 3, 2, 'Dinner for Room No. 502,314', 'RV-20-02-07', 1, NULL, '2020-03-01 15:15:41', '2020-03-01 15:15:41'),
(35, 3, 2, 'Food Bill', 'RV-20-02-08', 1, NULL, '2020-03-01 15:41:23', '2020-03-01 15:41:23'),
(36, 3, 2, 'Food Bill', 'RV-20-02-09', 1, NULL, '2020-03-01 16:11:37', '2020-03-01 16:11:37'),
(37, 3, 2, 'Food Bill', 'RV-20-02-10', 1, NULL, '2020-03-01 16:12:58', '2020-03-01 16:12:58'),
(38, 2, 4, 'Bank Deposit', 'CR-20-02-10', 1, '2020-03-01 17:02:59', '2020-03-01 16:53:47', '2020-03-01 17:02:59'),
(39, 2, 4, 'Bank Deposit', 'CR-20-02-10', 1, NULL, '2020-03-01 17:03:39', '2020-03-01 17:03:39'),
(40, 4, 10, 'Auto Receiptvoucher', 'rv-20-02-01', 1, NULL, '2020-03-01 17:26:41', '2020-03-01 17:26:41'),
(41, 4, 2, 'Food Bill Receive Personal 405 Asraful Islam Khan', 'RV-20-02-02', 1, NULL, '2020-03-01 18:08:03', '2020-03-01 18:08:03'),
(42, 4, 2, 'Food Bill Receive Personal  Kiron', 'RV-20-02-03', 1, NULL, '2020-03-01 18:10:22', '2020-03-01 18:10:22'),
(43, 4, 2, 'Other Income', 'RV-20-02-04', 1, NULL, '2020-03-01 18:11:43', '2020-03-01 18:11:43'),
(44, 4, 2, 'EON Group Food Bill 19 Person', 'RV-20-02-05', 1, NULL, '2020-03-01 18:26:32', '2020-03-01 18:26:32'),
(45, 4, 2, 'Food Bill Receive', 'RV-20-02-06', 1, NULL, '2020-03-03 10:45:51', '2020-03-03 10:45:51'),
(46, 4, 2, 'Food Bill Receive', 'RV-20-02-07', 1, NULL, '2020-03-03 10:48:02', '2020-03-03 10:48:02'),
(47, 4, 2, 'Photo Copie', 'RV-20-02-08', 1, NULL, '2020-03-03 10:50:38', '2020-03-03 10:50:38'),
(48, 4, 11, 'Auto Paymentvoucher', 'pv-20-02-09', 1, NULL, '2020-03-03 11:01:33', '2020-03-03 11:01:33'),
(49, 4, 1, NULL, 'PV-20-02-10', 1, NULL, '2020-03-03 11:54:57', '2020-03-03 11:54:57'),
(50, 4, 1, NULL, 'PV-20-02-11', 1, NULL, '2020-03-03 11:59:04', '2020-03-03 11:59:04'),
(51, 4, 1, 'Sizar (Kesi)', 'PV-20-02-12', 1, NULL, '2020-03-03 12:05:29', '2020-03-03 12:05:29'),
(52, 4, 1, 'Traveling Cost/ Conveyance [ 5471 ]', 'PV-20-02-13', 1, NULL, '2020-03-03 12:10:17', '2020-03-03 12:10:17'),
(53, 4, 1, 'Extra Service Sttaf Cost [ 5709', 'PV-20-02-14', 1, NULL, '2020-03-03 12:11:10', '2020-03-03 12:11:10'),
(54, 4, 1, 'Miscellaneous Expense', 'PV-20-02-15', 1, '2020-03-03 13:21:22', '2020-03-03 12:11:34', '2020-03-03 13:21:22'),
(55, 4, 2, 'Photo Copy', 'RV-20-02-16', 1, NULL, '2020-03-03 12:32:05', '2020-03-03 12:32:05'),
(56, 5, 11, 'Auto Paymentvoucher', 'pv-20-02-01', 1, NULL, '2020-03-03 13:24:33', '2020-03-03 13:24:33'),
(57, 5, 1, 'Holud ,Moris, Doniya Gura Kora Babod', 'PV-20-02-02', 1, NULL, '2020-03-03 13:35:40', '2020-03-03 13:35:40'),
(58, 5, 1, 'Traveling Cost/ Conveyance [', 'PV-20-02-03', 1, NULL, '2020-03-03 13:36:19', '2020-03-03 13:36:19'),
(59, 5, 1, 'Office Maintenance [ 5482 ]', 'PV-20-02-04', 1, NULL, '2020-03-03 13:36:47', '2020-03-03 13:36:47'),
(60, 5, 1, 'Special Allawonces', 'PV-20-02-05', 1, NULL, '2020-03-03 13:39:51', '2020-03-03 13:39:51'),
(61, 5, 1, 'Extra Service Sttaf Cost', 'PV-20-02-06', 1, NULL, '2020-03-03 13:40:17', '2020-03-03 13:40:17'),
(62, 5, 1, 'Miscellaneous Expense', 'PV-20-02-07', 1, NULL, '2020-03-03 13:40:50', '2020-03-03 13:40:50'),
(63, 5, 10, 'Auto Receiptvoucher', 'rv-20-02-08', 1, NULL, '2020-03-03 14:16:11', '2020-03-03 14:16:11'),
(64, 5, 2, 'Equipment Charge [ 4508 ]', 'RV-20-02-09', 1, NULL, '2020-03-03 14:44:25', '2020-03-03 14:44:25'),
(65, 5, 2, 'Equipment Charge [ 4508 ]', 'RV-20-02-10', 1, NULL, '2020-03-03 16:03:02', '2020-03-03 16:03:02'),
(66, 6, 1, 'Postage & Telephone [ 5454 ]', 'PV-20-02-01', 1, NULL, '2020-03-03 16:09:51', '2020-03-03 16:09:51'),
(67, 6, 10, 'Auto Receiptvoucher', 'rv-20-02-02', 1, NULL, '2020-03-03 16:10:51', '2020-03-03 16:10:51'),
(68, 6, 11, 'Auto Paymentvoucher', 'pv-20-02-03', 1, NULL, '2020-03-03 16:10:53', '2020-03-03 16:10:53'),
(69, 6, 1, 'Traveling Cost', 'PV-20-02-04', 1, NULL, '2020-03-03 16:39:00', '2020-03-03 16:39:00'),
(70, 6, 1, 'Miscellaneous Expense', 'PV-20-02-05', 1, NULL, '2020-03-03 16:41:22', '2020-03-03 16:41:22'),
(71, 6, 2, 'Food bill Received (Personal) [ 4511 ]', 'RV-20-02-06', 1, NULL, '2020-03-05 09:22:38', '2020-03-05 09:22:38'),
(72, 6, 2, 'Food bill Received (Personal)', 'RV-20-02-07', 1, NULL, '2020-03-05 09:25:58', '2020-03-05 09:25:58'),
(73, 6, 2, 'Food bill Received (Personal)', 'RV-20-02-08', 1, NULL, '2020-03-05 09:30:04', '2020-03-05 09:30:04'),
(74, 6, 2, 'Food bill Received (Personal)', 'RV-20-02-09', 1, NULL, '2020-03-05 09:42:01', '2020-03-05 09:42:01'),
(75, 6, 2, 'Food bill Received (Persona', 'RV-20-02-10', 1, NULL, '2020-03-05 09:44:19', '2020-03-05 09:44:19'),
(76, 6, 2, 'Food bill Received (Personal) [ 4511 ]', 'RV-20-02-11', 1, NULL, '2020-03-05 09:45:06', '2020-03-05 09:45:06'),
(77, 6, 2, 'Other Income', 'RV-20-02-12', 1, NULL, '2020-03-05 09:46:13', '2020-03-05 09:46:13'),
(78, 8, 10, 'Auto Receiptvoucher', 'rv-20-02-01', 1, NULL, '2020-03-05 10:29:50', '2020-03-05 10:29:50'),
(79, 8, 2, 'Food bill Received (Persona', 'RV-20-02-02', 1, NULL, '2020-03-05 11:12:00', '2020-03-05 11:12:00'),
(80, 8, 2, 'Residence Personal', 'RV-20-02-03', 1, NULL, '2020-03-05 11:24:22', '2020-03-05 11:24:22'),
(81, 8, 2, NULL, 'RV-20-02-04', 1, NULL, '2020-03-05 11:31:50', '2020-03-05 11:31:50'),
(82, 8, 2, NULL, 'RV-20-02-05', 1, NULL, '2020-03-05 11:33:38', '2020-03-05 11:33:38'),
(83, 8, 2, 'Other Income', 'RV-20-02-06', 1, NULL, '2020-03-05 11:44:07', '2020-03-05 11:44:07'),
(84, 8, 11, 'Auto Paymentvoucher', 'pv-20-02-07', 1, NULL, '2020-03-05 11:58:18', '2020-03-05 11:58:18'),
(85, 8, 1, NULL, 'PV-20-02-08', 1, NULL, '2020-03-05 12:35:42', '2020-03-05 12:35:42'),
(86, 8, 1, 'Repair & Maintenance Cost', 'PV-20-02-09', 1, NULL, '2020-03-05 12:43:29', '2020-03-05 12:43:29'),
(87, 8, 1, 'Traveling Cost/ Conveyance [', 'PV-20-02-10', 1, NULL, '2020-03-05 12:44:13', '2020-03-05 12:44:13'),
(88, 8, 1, 'Extra Service Sttaf Cost', 'PV-20-02-11', 1, NULL, '2020-03-05 12:44:41', '2020-03-05 12:44:41'),
(89, 8, 1, 'Miscellaneous Expense', 'PV-20-02-12', 1, NULL, '2020-03-05 12:45:08', '2020-03-05 12:45:08'),
(90, 9, 10, 'Auto Receiptvoucher', 'rv-20-02-01', 1, NULL, '2020-03-05 12:55:52', '2020-03-05 12:55:52'),
(91, 9, 2, 'Food bill Received (Persona', 'RV-20-02-02', 1, NULL, '2020-03-05 13:02:49', '2020-03-05 13:02:49'),
(92, 9, 2, 'Advance against Training', 'RV-20-02-03', 1, NULL, '2020-03-05 13:04:29', '2020-03-05 13:04:29'),
(93, 9, 11, 'Auto Paymentvoucher', 'pv-20-02-04', 1, NULL, '2020-03-07 08:59:18', '2020-03-07 08:59:18'),
(94, 9, 1, 'Food cost Labar Cost For Bazar', 'PV-20-02-05', 1, NULL, '2020-03-07 10:09:22', '2020-03-07 10:09:22'),
(95, 9, 1, NULL, 'PV-20-02-06', 1, '2020-03-07 10:19:00', '2020-03-07 10:18:48', '2020-03-07 10:19:00'),
(96, 9, 1, NULL, 'PV-20-02-06', 1, NULL, '2020-03-07 10:19:27', '2020-03-07 10:19:27'),
(97, 10, 11, 'Auto Paymentvoucher', 'pv-20-02-01', 1, NULL, '2020-03-07 10:36:27', '2020-03-07 10:36:27'),
(98, 10, 10, 'Auto Receiptvoucher', 'rv-20-02-02', 1, NULL, '2020-03-07 10:37:47', '2020-03-07 10:37:47'),
(99, 10, 1, 'Food cost', 'PV-20-02-03', 1, NULL, '2020-03-07 10:49:12', '2020-03-07 10:49:12'),
(100, 10, 2, 'Room No. 312 Per night 100Tk kore rater cheye besi rakha hoyece', 'RV-20-02-04', 1, NULL, '2020-03-07 10:49:27', '2020-03-07 10:49:27'),
(101, 10, 1, 'Office Maintenance', 'PV-20-02-05', 1, NULL, '2020-03-07 10:50:22', '2020-03-07 10:50:22'),
(102, 10, 1, 'Gas bill & installation', 'PV-20-02-06', 1, '2020-03-07 10:52:54', '2020-03-07 10:51:07', '2020-03-07 10:52:54'),
(103, 10, 1, 'Gas bill & installation', 'PV-20-02-06', 1, NULL, '2020-03-07 10:53:25', '2020-03-07 10:53:25'),
(104, 10, 1, 'Traveling Cost/ Conveyance', 'PV-20-02-07', 1, NULL, '2020-03-07 10:54:23', '2020-03-07 10:54:23'),
(105, 10, 1, 'Miscellaneous Expense', 'PV-20-02-08', 1, NULL, '2020-03-07 10:55:15', '2020-03-07 10:55:15'),
(106, 10, 2, 'Food Bill Room Number 503,410,501', 'RV-20-02-09', 1, NULL, '2020-03-07 10:57:22', '2020-03-07 10:57:22'),
(107, 10, 2, 'Food Parcal For Incepta 47', 'RV-20-02-10', 1, NULL, '2020-03-07 11:00:16', '2020-03-07 11:00:16'),
(108, 11, 11, 'Auto Paymentvoucher', 'pv-20-02-01', 1, NULL, '2020-03-07 11:27:59', '2020-03-07 11:27:59'),
(109, 11, 10, 'Auto Receiptvoucher', 'rv-20-02-02', 1, NULL, '2020-03-07 11:36:32', '2020-03-07 11:36:32'),
(110, 11, 2, '2 Old Tv Sales By Sharif Sir', 'RV-20-02-03', 1, NULL, '2020-03-07 11:42:24', '2020-03-07 11:42:24'),
(111, 11, 4, 'Bank Receive Byer Crops', 'CR-20-02-04', 1, NULL, '2020-03-07 11:44:23', '2020-03-07 11:44:23'),
(112, 11, 1, 'Food cost [', 'PV-20-02-05', 1, NULL, '2020-03-07 12:07:47', '2020-03-07 12:07:47'),
(113, 11, 1, 'Office Maintenance', 'PV-20-02-06', 1, NULL, '2020-03-07 12:14:40', '2020-03-07 12:14:40'),
(114, 11, 1, 'Traveling Cost', 'PV-20-02-07', 1, NULL, '2020-03-07 12:15:11', '2020-03-07 12:15:11'),
(115, 11, 1, 'Supporting Staff cost for cook', 'PV-20-02-08', 1, NULL, '2020-03-07 12:15:42', '2020-03-07 12:15:42'),
(116, 11, 1, 'Miscellaneous Expense', 'PV-20-02-09', 1, NULL, '2020-03-07 12:16:09', '2020-03-07 12:16:09'),
(117, 12, 10, 'Auto Receiptvoucher', 'rv-20-02-01', 1, NULL, '2020-03-07 12:25:40', '2020-03-07 12:25:40'),
(118, 12, 11, 'Auto Paymentvoucher', 'pv-20-02-02', 1, NULL, '2020-03-07 12:30:24', '2020-03-07 12:30:24'),
(119, 12, 2, 'Residence Personal', 'RV-20-02-03', 1, NULL, '2020-03-07 12:49:29', '2020-03-07 12:49:29'),
(120, 12, 1, 'Food cost', 'PV-20-02-04', 1, NULL, '2020-03-07 13:37:52', '2020-03-07 13:37:52'),
(121, 12, 1, 'Miscellaneous Expense,Extra Service Sttaf Cost,Traveling Cost', 'PV-20-02-05', 1, NULL, '2020-03-07 13:39:18', '2020-03-07 13:39:18'),
(122, 12, 2, NULL, 'RV-20-02-06', 1, NULL, '2020-03-07 14:02:29', '2020-03-07 14:02:29'),
(123, 12, 2, NULL, 'RV-20-02-07', 1, NULL, '2020-03-07 14:07:07', '2020-03-07 14:07:07'),
(124, 12, 2, 'Food bill Received (Personal) Room-316', 'RV-20-02-08', 1, NULL, '2020-03-07 14:12:54', '2020-03-07 14:12:54'),
(125, 12, 2, 'Food bill Received (Personal) Room-312', 'RV-20-02-09', 1, NULL, '2020-03-07 14:13:57', '2020-03-07 14:13:57'),
(126, 12, 2, 'Equipment Charge', 'RV-20-02-10', 1, NULL, '2020-03-07 15:03:50', '2020-03-07 15:03:50'),
(127, 13, 11, 'Auto Paymentvoucher', 'pv-20-02-01', 1, NULL, '2020-03-07 15:10:53', '2020-03-07 15:10:53'),
(128, 13, 10, 'Auto Receiptvoucher', 'rv-20-02-02', 1, NULL, '2020-03-07 15:13:57', '2020-03-07 15:13:57'),
(129, 13, 1, 'Food cost', 'PV-20-02-03', 1, NULL, '2020-03-07 15:18:14', '2020-03-07 15:18:14'),
(130, 13, 1, 'Office Maintenance', 'PV-20-02-04', 1, NULL, '2020-03-07 15:21:15', '2020-03-07 15:21:15'),
(131, 13, 2, 'Residence Personal Room 306,305,304,302', 'RV-20-02-05', 1, NULL, '2020-03-07 15:32:50', '2020-03-07 15:32:50'),
(132, 13, 1, 'Office Maintenance [ 5482', 'PV-20-02-06', 1, NULL, '2020-03-07 15:34:07', '2020-03-07 15:34:07'),
(133, 13, 1, 'Supporting Staff cost for cook', 'PV-20-02-07', 1, NULL, '2020-03-07 15:34:44', '2020-03-07 15:34:44'),
(134, 13, 1, 'Printing & Stationery', 'PV-20-02-08', 1, NULL, '2020-03-07 15:35:17', '2020-03-07 15:35:17'),
(135, 13, 1, 'Traveling Cost', 'PV-20-02-09', 1, NULL, '2020-03-07 15:35:41', '2020-03-07 15:35:41'),
(136, 13, 2, 'Sales of Tea', 'RV-20-02-10', 1, NULL, '2020-03-09 08:33:42', '2020-03-09 08:33:42'),
(137, 13, 2, 'Advance Receive from SMC', 'RV-20-02-11', 1, NULL, '2020-03-09 08:35:42', '2020-03-09 08:35:42');

-- --------------------------------------------------------

--
-- Table structure for table `voucher_types`
--

CREATE TABLE `voucher_types` (
  `id` int(10) UNSIGNED NOT NULL,
  `name` varchar(191) COLLATE utf8mb4_unicode_ci NOT NULL,
  `short_name` varchar(191) COLLATE utf8mb4_unicode_ci DEFAULT NULL,
  `created_at` timestamp NULL DEFAULT NULL,
  `updated_at` timestamp NULL DEFAULT NULL
) ENGINE=InnoDB DEFAULT CHARSET=utf8mb4 COLLATE=utf8mb4_unicode_ci;

--
-- Dumping data for table `voucher_types`
--

INSERT INTO `voucher_types` (`id`, `name`, `short_name`, `created_at`, `updated_at`) VALUES
(1, 'Payment', 'pv', NULL, NULL),
(2, 'Receipt', 'rv', NULL, NULL),
(3, 'Journal', 'jr', NULL, NULL),
(4, 'Contra', 'cr', NULL, NULL),
(5, 'Hotel Receipt', 'rv', NULL, NULL),
(6, 'Venue Receipt', 'rv', NULL, NULL),
(7, 'Restaurant Receipt', 'rv', NULL, NULL),
(8, 'Restaurant Payment', 'pv', NULL, NULL),
(9, 'Inventory Payment', 'pv', NULL, NULL),
(10, 'Auto Receipt', 'rv', NULL, NULL),
(11, 'Auto Payment', 'pv', NULL, NULL);

-- --------------------------------------------------------

--
-- Table structure for table `voucher_update_histories`
--

CREATE TABLE `voucher_update_histories` (
  `id` int(10) UNSIGNED NOT NULL,
  `voucher_id` int(10) UNSIGNED NOT NULL,
  `date_id` int(10) UNSIGNED NOT NULL,
  `user_id` int(10) UNSIGNED NOT NULL,
  `amount` double(14,2) NOT NULL DEFAULT '0.00',
  `note` text COLLATE utf8mb4_unicode_ci,
  `created_at` timestamp NULL DEFAULT NULL,
  `updated_at` timestamp NULL DEFAULT NULL
) ENGINE=InnoDB DEFAULT CHARSET=utf8mb4 COLLATE=utf8mb4_unicode_ci;

--
-- Dumping data for table `voucher_update_histories`
--

INSERT INTO `voucher_update_histories` (`id`, `voucher_id`, `date_id`, `user_id`, `amount`, `note`, `created_at`, `updated_at`) VALUES
(1, 1, 1, 1, 1000.00, 'Deleted From Grocery Purchase - [id: 1]', '2020-02-12 22:32:04', '2020-02-12 22:32:04'),
(2, 2, 1, 1, 1000.00, 'Deleted From Grocery Purchase - [id: 2]', '2020-02-12 22:32:04', '2020-02-12 22:32:04'),
(3, 3, 1, 1, 1000.00, 'Deleted From Grocery Purchase - [id: 3]', '2020-02-12 22:32:04', '2020-02-12 22:32:04'),
(4, 4, 1, 1, 1000.00, 'Deleted From Grocery Purchase - [id: 4]', '2020-02-12 22:32:04', '2020-02-12 22:32:04'),
(5, 1, 1, 1, 0.00, 'Deleted Payment form MIS Bill  - [payment_id: 1]', '2020-02-17 13:18:32', '2020-02-17 13:18:32'),
(6, 2, 1, 1, 1000.00, 'Deleted Payment form MIS Bill  - [payment_id: 2]', '2020-02-17 13:18:32', '2020-02-17 13:18:32'),
(7, 3, 1, 1, 4000.00, 'Deleted Payment form MIS Bill  - [payment_id: 3]', '2020-02-17 13:18:32', '2020-02-17 13:18:32'),
(8, 4, 1, 1, 9625.00, 'Deleted Payment form MIS Bill  - [payment_id: 4]', '2020-02-17 13:18:32', '2020-02-17 13:18:32'),
(9, 5, 1, 1, 0.00, 'Deleted Payment form MIS Bill  - [payment_id: 5]', '2020-02-17 14:50:23', '2020-02-17 14:50:23'),
(10, 6, 1, 1, 1000.00, 'Deleted Payment form MIS Bill  - [payment_id: 6]', '2020-02-17 14:50:23', '2020-02-17 14:50:23'),
(11, 7, 1, 1, 4000.00, 'Deleted Payment form MIS Bill  - [payment_id: 7]', '2020-02-17 14:50:23', '2020-02-17 14:50:23'),
(12, 8, 1, 1, 9625.00, 'Deleted Payment form MIS Bill  - [payment_id: 8]', '2020-02-17 14:50:23', '2020-02-17 14:50:23'),
(13, 12, 1, 1, 0.00, 'Deleted Payment form MIS Bill  - [payment_id: 12]', '2020-02-17 16:41:02', '2020-02-17 16:41:02'),
(14, 17, 1, 1, 0.00, 'Deleted Payment form MIS Bill  - [payment_id: 16]', '2020-02-17 16:42:25', '2020-02-17 16:42:25'),
(15, 21, 1, 1, 0.00, 'Deleted Payment form MIS Bill  - [payment_id: 20]', '2020-02-17 17:03:47', '2020-02-17 17:03:47'),
(16, 27, 1, 1, 0.00, 'Deleted Payment form MIS Bill  - [payment_id: 25]', '2020-02-17 17:40:49', '2020-02-17 17:40:49'),
(17, 26, 1, 1, 0.00, 'Deleted Payment form MIS Bill  - [payment_id: 24]', '2020-02-17 17:40:58', '2020-02-17 17:40:58'),
(18, 28, 1, 1, 0.00, 'Deleted Payment form MIS Bill  - [payment_id: 26]', '2020-02-17 17:42:53', '2020-02-17 17:42:53'),
(19, 52, 1, 1, 0.00, 'Deleted Payment form MIS Bill  - [payment_id: 49]', '2020-02-19 22:45:49', '2020-02-19 22:45:49'),
(20, 79, 1, 1, 0.00, 'Deleted Payment form MIS Bill  - [payment_id: 76]', '2020-02-19 23:09:54', '2020-02-19 23:09:54'),
(21, 90, 1, 1, 0.00, 'Deleted Payment form MIS Bill  - [payment_id: 87]', '2020-02-19 23:25:52', '2020-02-19 23:25:52'),
(22, 91, 1, 1, 0.00, 'Deleted Payment form MIS Bill  - [payment_id: 88]', '2020-02-25 11:52:46', '2020-02-25 11:52:46'),
(23, 92, 1, 1, 20.00, 'Deleted Payment form MIS Bill  - [payment_id: 89]', '2020-02-25 11:52:46', '2020-02-25 11:52:46'),
(24, 93, 1, 1, 6600.00, 'Deleted Payment form MIS Bill  - [payment_id: 90]', '2020-02-25 11:52:46', '2020-02-25 11:52:46'),
(25, 94, 1, 1, 420.00, 'Deleted Payment form MIS Bill  - [payment_id: 91]', '2020-02-25 11:52:46', '2020-02-25 11:52:46'),
(26, 68, 1, 1, 0.00, 'Deleted Payment form MIS Bill  - [payment_id: 65]', '2020-02-25 12:19:19', '2020-02-25 12:19:19'),
(27, 69, 1, 1, 500.00, 'Deleted Payment form MIS Bill  - [payment_id: 66]', '2020-02-25 12:19:19', '2020-02-25 12:19:19'),
(28, 70, 1, 1, 4300.00, 'Deleted Payment form MIS Bill  - [payment_id: 67]', '2020-02-25 12:19:19', '2020-02-25 12:19:19'),
(29, 65, 1, 1, 0.00, 'Deleted Payment form MIS Bill  - [payment_id: 62]', '2020-02-25 12:29:35', '2020-02-25 12:29:35'),
(30, 66, 1, 1, 300.00, 'Deleted Payment form MIS Bill  - [payment_id: 63]', '2020-02-25 12:29:35', '2020-02-25 12:29:35'),
(31, 67, 1, 1, 2500.00, 'Deleted Payment form MIS Bill  - [payment_id: 64]', '2020-02-25 12:29:35', '2020-02-25 12:29:35'),
(32, 57, 1, 1, 0.00, 'Deleted Payment form MIS Bill  - [payment_id: 54]', '2020-02-25 12:35:16', '2020-02-25 12:35:16'),
(33, 58, 1, 1, 100.00, 'Deleted Payment form MIS Bill  - [payment_id: 55]', '2020-02-25 12:35:16', '2020-02-25 12:35:16'),
(34, 59, 1, 1, 1200.00, 'Deleted Payment form MIS Bill  - [payment_id: 56]', '2020-02-25 12:35:16', '2020-02-25 12:35:16'),
(35, 60, 1, 1, 600.00, 'Deleted Payment form MIS Bill  - [payment_id: 57]', '2020-02-25 12:35:16', '2020-02-25 12:35:16'),
(36, 53, 1, 1, 0.00, 'Deleted Payment form MIS Bill  - [payment_id: 50]', '2020-02-25 12:45:19', '2020-02-25 12:45:19'),
(37, 54, 1, 1, 100.00, 'Deleted Payment form MIS Bill  - [payment_id: 51]', '2020-02-25 12:45:19', '2020-02-25 12:45:19'),
(38, 55, 1, 1, 1200.00, 'Deleted Payment form MIS Bill  - [payment_id: 52]', '2020-02-25 12:45:19', '2020-02-25 12:45:19'),
(39, 56, 1, 1, 600.00, 'Deleted Payment form MIS Bill  - [payment_id: 53]', '2020-02-25 12:45:19', '2020-02-25 12:45:19'),
(40, 195, 1, 1, 0.00, 'Deleted Payment form MIS Bill  - [payment_id: 103]', '2020-02-25 12:49:33', '2020-02-25 12:49:33'),
(41, 196, 1, 1, 0.00, 'Deleted Payment form MIS Bill  - [payment_id: 104]', '2020-02-25 12:51:35', '2020-02-25 12:51:35'),
(42, 48, 1, 1, 0.00, 'Deleted Payment form MIS Bill  - [payment_id: 45]', '2020-02-25 12:58:31', '2020-02-25 12:58:31'),
(43, 49, 1, 1, 100.00, 'Deleted Payment form MIS Bill  - [payment_id: 46]', '2020-02-25 12:58:31', '2020-02-25 12:58:31'),
(44, 50, 1, 1, 1200.00, 'Deleted Payment form MIS Bill  - [payment_id: 47]', '2020-02-25 12:58:31', '2020-02-25 12:58:31'),
(45, 51, 1, 1, 600.00, 'Deleted Payment form MIS Bill  - [payment_id: 48]', '2020-02-25 12:58:31', '2020-02-25 12:58:31'),
(46, 45, 1, 1, 0.00, 'Deleted Payment form MIS Bill  - [payment_id: 42]', '2020-02-25 13:01:09', '2020-02-25 13:01:09'),
(47, 46, 1, 1, 300.00, 'Deleted Payment form MIS Bill  - [payment_id: 43]', '2020-02-25 13:01:09', '2020-02-25 13:01:09'),
(48, 47, 1, 1, 2000.00, 'Deleted Payment form MIS Bill  - [payment_id: 44]', '2020-02-25 13:01:09', '2020-02-25 13:01:09'),
(49, 42, 1, 1, 0.00, 'Deleted Payment form MIS Bill  - [payment_id: 39]', '2020-02-25 13:03:56', '2020-02-25 13:03:56'),
(50, 43, 1, 1, 300.00, 'Deleted Payment form MIS Bill  - [payment_id: 40]', '2020-02-25 13:03:56', '2020-02-25 13:03:56'),
(51, 44, 1, 1, 2000.00, 'Deleted Payment form MIS Bill  - [payment_id: 41]', '2020-02-25 13:03:56', '2020-02-25 13:03:56'),
(52, 39, 1, 1, 0.00, 'Deleted Payment form MIS Bill  - [payment_id: 36]', '2020-02-25 13:09:46', '2020-02-25 13:09:46'),
(53, 40, 1, 1, 300.00, 'Deleted Payment form MIS Bill  - [payment_id: 37]', '2020-02-25 13:09:46', '2020-02-25 13:09:46'),
(54, 41, 1, 1, 2000.00, 'Deleted Payment form MIS Bill  - [payment_id: 38]', '2020-02-25 13:09:46', '2020-02-25 13:09:46'),
(55, 144, 1, 1, 2350.00, 'Deleted From Grocery Purchase - [id: 44]', '2020-02-25 13:13:05', '2020-02-25 13:13:05'),
(56, 36, 1, 1, 0.00, 'Deleted Payment form MIS Bill  - [payment_id: 33]', '2020-02-25 13:13:58', '2020-02-25 13:13:58'),
(57, 37, 1, 1, 300.00, 'Deleted Payment form MIS Bill  - [payment_id: 34]', '2020-02-25 13:13:58', '2020-02-25 13:13:58'),
(58, 38, 1, 1, 2000.00, 'Deleted Payment form MIS Bill  - [payment_id: 35]', '2020-02-25 13:13:58', '2020-02-25 13:13:58'),
(59, 33, 1, 1, 0.00, 'Deleted Payment form MIS Bill  - [payment_id: 30]', '2020-02-25 15:00:47', '2020-02-25 15:00:47'),
(60, 34, 1, 1, 300.00, 'Deleted Payment form MIS Bill  - [payment_id: 31]', '2020-02-25 15:00:47', '2020-02-25 15:00:47'),
(61, 35, 1, 1, 2000.00, 'Deleted Payment form MIS Bill  - [payment_id: 32]', '2020-02-25 15:00:47', '2020-02-25 15:00:47'),
(62, 32, 1, 1, 1000.00, NULL, '2020-02-25 15:10:41', '2020-02-25 15:10:41'),
(63, 187, 1, 1, 0.00, 'Deleted Payment form MIS Bill  - [payment_id: 95]', '2020-02-25 15:39:08', '2020-02-25 15:39:08'),
(64, 188, 1, 1, 500.00, 'Deleted Payment form MIS Bill  - [payment_id: 96]', '2020-02-25 15:39:08', '2020-02-25 15:39:08'),
(65, 189, 1, 1, 4300.00, 'Deleted Payment form MIS Bill  - [payment_id: 97]', '2020-02-25 15:39:08', '2020-02-25 15:39:08'),
(66, 96, 1, 1, 800.00, 'Deleted Voucher - [id: 96]', '2020-02-25 15:39:31', '2020-02-25 15:39:31'),
(67, 117, 1, 1, 800.00, NULL, '2020-02-25 16:34:26', '2020-02-25 16:34:26'),
(68, 182, 1, 1, 2500.00, 'Deleted From Grocery Purchase - [id: 78]', '2020-02-25 16:43:59', '2020-02-25 16:43:59'),
(69, 183, 1, 1, 1650.00, 'Deleted From Grocery Purchase - [id: 79]', '2020-02-25 16:43:59', '2020-02-25 16:43:59'),
(70, 178, 1, 1, 540.00, 'Deleted Voucher - [id: 178]', '2020-02-25 16:50:28', '2020-02-25 16:50:28'),
(71, 180, 1, 1, 1350.00, 'Supporting Staff Cost For Cook', '2020-02-25 16:53:08', '2020-02-25 16:53:08'),
(72, 180, 1, 1, 1350.00, 'Supporting Staff Cost For Cook', '2020-02-25 16:53:36', '2020-02-25 16:53:36'),
(73, 180, 1, 1, 1350.00, 'Supporting Staff Cost For Cook', '2020-02-25 16:54:00', '2020-02-25 16:54:00'),
(74, 108, 1, 1, 220.00, 'Updated From Grocery Purchase- [id: 6]', '2020-02-25 17:00:29', '2020-02-25 17:00:29'),
(75, 160, 1, 1, 150.00, 'Updated From Grocery Purchase- [id: 34]', '2020-02-25 17:08:31', '2020-02-25 17:08:31'),
(76, 227, 2, 1, 1110.00, 'Deleted From Grocery Purchase - [id: 89]', '2020-02-25 18:45:28', '2020-02-25 18:45:28'),
(77, 267, 2, 1, 0.00, 'Deleted Payment form MIS Bill  - [payment_id: 137]', '2020-03-01 10:19:49', '2020-03-01 10:19:49'),
(78, 268, 2, 1, 600.00, 'Deleted Payment form MIS Bill  - [payment_id: 138]', '2020-03-01 10:19:49', '2020-03-01 10:19:49'),
(79, 269, 2, 1, 0.00, 'Deleted Payment form MIS Bill  - [payment_id: 139]', '2020-03-01 10:20:03', '2020-03-01 10:20:03'),
(80, 271, 2, 1, 0.00, 'Deleted Payment form MIS Bill  - [payment_id: 141]', '2020-03-01 11:05:13', '2020-03-01 11:05:13'),
(81, 272, 2, 1, 0.00, 'Deleted Payment form MIS Bill  - [payment_id: 142]', '2020-03-01 11:28:55', '2020-03-01 11:28:55'),
(82, 286, 3, 1, 0.00, 'Deleted Payment form MIS Bill  - [payment_id: 151]', '2020-03-01 13:25:16', '2020-03-01 13:25:16'),
(83, 301, 3, 1, 0.00, 'Deleted Payment form MIS Bill  - [payment_id: 165]', '2020-03-01 15:10:37', '2020-03-01 15:10:37'),
(84, 296, 3, 1, 0.00, 'Deleted Payment form MIS Bill  - [payment_id: 160]', '2020-03-01 15:32:03', '2020-03-01 15:32:03'),
(85, 297, 3, 1, 2400.00, 'Deleted Payment form MIS Bill  - [payment_id: 161]', '2020-03-01 15:32:03', '2020-03-01 15:32:03'),
(86, 305, 3, 1, 0.00, 'Deleted Payment form MIS Bill  - [payment_id: 168]', '2020-03-01 15:36:51', '2020-03-01 15:36:51'),
(87, 279, 3, 1, 100000.00, 'Deleted Voucher - [id: 279]', '2020-03-01 16:51:42', '2020-03-01 16:51:42'),
(88, 313, 2, 1, 100000.00, 'Deleted Voucher - [id: 313]', '2020-03-01 17:02:59', '2020-03-01 17:02:59'),
(89, 329, 4, 1, 30.00, 'Photocopy Bill', '2020-03-01 18:12:07', '2020-03-01 18:12:07'),
(90, 354, 4, 1, 18.00, 'Updated From Grocery Purchase- [id: 65]', '2020-03-03 11:52:17', '2020-03-03 11:52:17'),
(91, 362, 4, 1, 63.00, 'Updated From Grocery Purchase- [id: 65]', '2020-03-03 11:52:17', '2020-03-03 11:52:17'),
(92, 369, 4, 1, 84.00, NULL, '2020-03-03 12:12:00', '2020-03-03 12:12:00'),
(93, 369, 4, 1, 104.00, 'Deleted Voucher - [id: 369]', '2020-03-03 13:21:22', '2020-03-03 13:21:22'),
(94, 450, 6, 1, 0.00, 'Deleted Payment form MIS Bill  - [payment_id: 226]', '2020-03-05 09:11:34', '2020-03-05 09:11:34'),
(95, 432, 6, 1, 240.00, 'Updated From Grocery Purchase- [id: 82]', '2020-03-05 09:55:38', '2020-03-05 09:55:38'),
(96, 462, 6, 1, 210.00, NULL, '2020-03-05 09:57:57', '2020-03-05 09:57:57'),
(97, 469, 6, 1, 0.00, 'Deleted Payment form MIS Bill  - [payment_id: 238]', '2020-03-05 10:13:37', '2020-03-05 10:13:37'),
(98, 487, 8, 1, 0.00, 'Deleted Payment form MIS Bill  - [payment_id: 256]', '2020-03-05 10:55:03', '2020-03-05 10:55:03'),
(99, 504, 8, 1, 0.00, 'Deleted Payment form MIS Bill  - [payment_id: 268]', '2020-03-05 11:55:10', '2020-03-05 11:55:10'),
(100, 477, 8, 1, 0.00, 'Deleted Payment form MIS Bill  - [payment_id: 246]', '2020-03-05 12:51:12', '2020-03-05 12:51:12'),
(101, 478, 8, 1, 2200.00, 'Deleted Payment form MIS Bill  - [payment_id: 247]', '2020-03-05 12:51:12', '2020-03-05 12:51:12'),
(102, 600, 9, 1, 0.00, 'Deleted Payment form MIS Bill  - [payment_id: 285]', '2020-03-05 13:08:24', '2020-03-05 13:08:24'),
(103, 601, 9, 1, 0.00, 'Deleted Payment form MIS Bill  - [payment_id: 286]', '2020-03-05 13:10:34', '2020-03-05 13:10:34'),
(104, 608, 9, 1, 1720.00, 'Deleted From Grocery Purchase - [id: 236]', '2020-03-07 09:01:30', '2020-03-07 09:01:30'),
(105, 646, 9, 1, 160.00, 'Deleted Voucher - [id: 646]', '2020-03-07 10:19:00', '2020-03-07 10:19:00'),
(106, 678, 10, 1, 1100.00, 'Deleted Voucher - [id: 678]', '2020-03-07 10:52:54', '2020-03-07 10:52:54'),
(107, 688, 10, 1, 0.00, 'Deleted Payment form MIS Bill  - [payment_id: 305]', '2020-03-07 11:19:27', '2020-03-07 11:19:27'),
(108, 695, 11, 1, 130.00, 'Updated From Grocery Purchase- [id: 128]', '2020-03-07 12:20:18', '2020-03-07 12:20:18'),
(109, 741, 11, 1, 885.00, NULL, '2020-03-07 12:21:37', '2020-03-07 12:21:37'),
(110, 767, 12, 1, 0.00, 'Deleted Payment form MIS Bill  - [payment_id: 324]', '2020-03-07 12:43:56', '2020-03-07 12:43:56'),
(111, 800, 12, 1, 0.00, 'Deleted Payment form MIS Bill  - [payment_id: 335]', '2020-03-07 14:01:25', '2020-03-07 14:01:25'),
(112, 813, 12, 1, 0.00, 'Deleted Payment form MIS Bill  - [payment_id: 344]', '2020-03-07 14:32:15', '2020-03-07 14:32:15'),
(113, 814, 12, 1, 0.00, 'Deleted Payment form MIS Bill  - [payment_id: 345]', '2020-03-07 14:56:47', '2020-03-07 14:56:47'),
(114, 815, 12, 1, 8000.00, 'Deleted Payment form MIS Bill  - [payment_id: 346]', '2020-03-07 14:56:47', '2020-03-07 14:56:47'),
(115, 816, 12, 1, 47047.00, 'Deleted Payment form MIS Bill  - [payment_id: 347]', '2020-03-07 14:56:47', '2020-03-07 14:56:47'),
(116, 817, 12, 1, 0.00, 'Deleted Payment form MIS Bill  - [payment_id: 348]', '2020-03-07 15:01:11', '2020-03-07 15:01:11'),
(117, 870, 13, 1, 0.00, 'Deleted Payment form MIS Bill  - [payment_id: 379]', '2020-03-09 08:07:11', '2020-03-09 08:07:11'),
(118, 873, 13, 1, 0.00, 'Deleted Payment form MIS Bill  - [payment_id: 382]', '2020-03-09 08:16:04', '2020-03-09 08:16:04');

--
-- Indexes for dumped tables
--

--
-- Indexes for table `account_heads`
--
ALTER TABLE `account_heads`
  ADD PRIMARY KEY (`id`),
  ADD UNIQUE KEY `account_heads_code_unique` (`code`);

--
-- Indexes for table `account_head_child_i`
--
ALTER TABLE `account_head_child_i`
  ADD PRIMARY KEY (`id`),
  ADD KEY `account_head_child_i_ac_head_id_index` (`ac_head_id`);

--
-- Indexes for table `account_head_child_ii`
--
ALTER TABLE `account_head_child_ii`
  ADD PRIMARY KEY (`id`),
  ADD KEY `account_head_child_ii_ac_head_child_i_id_index` (`ac_head_child_i_id`);

--
-- Indexes for table `account_head_child_iii`
--
ALTER TABLE `account_head_child_iii`
  ADD PRIMARY KEY (`id`),
  ADD KEY `account_head_child_iii_ac_head_child_ii_id_index` (`ac_head_child_ii_id`);

--
-- Indexes for table `account_head_child_iv`
--
ALTER TABLE `account_head_child_iv`
  ADD PRIMARY KEY (`id`),
  ADD KEY `account_head_child_iv_ac_head_child_iii_id_index` (`ac_head_child_iii_id`);

--
-- Indexes for table `billings`
--
ALTER TABLE `billings`
  ADD PRIMARY KEY (`id`),
  ADD KEY `billings_guest_id_index` (`guest_id`),
  ADD KEY `billings_date_id_index` (`date_id`),
  ADD KEY `billings_mis_voucher_id_index` (`mis_voucher_id`);

--
-- Indexes for table `bookings`
--
ALTER TABLE `bookings`
  ADD PRIMARY KEY (`id`),
  ADD KEY `bookings_guest_id_index` (`guest_id`),
  ADD KEY `bookings_billing_id_index` (`billing_id`),
  ADD KEY `bookings_room_id_index` (`room_id`);

--
-- Indexes for table `checkout`
--
ALTER TABLE `checkout`
  ADD PRIMARY KEY (`id`);

--
-- Indexes for table `checkouts`
--
ALTER TABLE `checkouts`
  ADD PRIMARY KEY (`id`),
  ADD KEY `checkouts_billing_id_index` (`billing_id`),
  ADD KEY `checkouts_mis_voucher_id_index` (`mis_voucher_id`);

--
-- Indexes for table `configurations`
--
ALTER TABLE `configurations`
  ADD PRIMARY KEY (`id`);

--
-- Indexes for table `current_balance`
--
ALTER TABLE `current_balance`
  ADD PRIMARY KEY (`id`),
  ADD KEY `current_balance_thead_id_index` (`thead_id`);

--
-- Indexes for table `dates`
--
ALTER TABLE `dates`
  ADD PRIMARY KEY (`id`);

--
-- Indexes for table `deliveries`
--
ALTER TABLE `deliveries`
  ADD PRIMARY KEY (`id`),
  ADD KEY `deliveries_current_stock_id_index` (`current_stock_id`),
  ADD KEY `deliveries_stock_id_index` (`stock_id`),
  ADD KEY `deliveries_date_id_index` (`date_id`),
  ADD KEY `deliveries_unit_id_index` (`unit_id`);

--
-- Indexes for table `e1_departments`
--
ALTER TABLE `e1_departments`
  ADD PRIMARY KEY (`id`);

--
-- Indexes for table `e2_employee_designations`
--
ALTER TABLE `e2_employee_designations`
  ADD PRIMARY KEY (`id`);

--
-- Indexes for table `e3_salary_grades`
--
ALTER TABLE `e3_salary_grades`
  ADD PRIMARY KEY (`id`);

--
-- Indexes for table `e4_employees`
--
ALTER TABLE `e4_employees`
  ADD PRIMARY KEY (`id`),
  ADD KEY `e4_employees_department_id_index` (`department_id`),
  ADD KEY `e4_employees_designation_id_index` (`designation_id`),
  ADD KEY `e4_employees_salary_grade_id_index` (`salary_grade_id`);

--
-- Indexes for table `e5_leave_categories`
--
ALTER TABLE `e5_leave_categories`
  ADD PRIMARY KEY (`id`);

--
-- Indexes for table `e6_leaves`
--
ALTER TABLE `e6_leaves`
  ADD PRIMARY KEY (`id`),
  ADD KEY `e6_leaves_leave_category_id_foreign` (`leave_category_id`);

--
-- Indexes for table `general_infos`
--
ALTER TABLE `general_infos`
  ADD PRIMARY KEY (`id`);

--
-- Indexes for table `guests`
--
ALTER TABLE `guests`
  ADD PRIMARY KEY (`id`);

--
-- Indexes for table `h1_building_types`
--
ALTER TABLE `h1_building_types`
  ADD PRIMARY KEY (`id`);

--
-- Indexes for table `h2_buildings`
--
ALTER TABLE `h2_buildings`
  ADD PRIMARY KEY (`id`),
  ADD KEY `h2_buildings_building_type_foreign` (`building_type`);

--
-- Indexes for table `h3_floor_types`
--
ALTER TABLE `h3_floor_types`
  ADD PRIMARY KEY (`id`);

--
-- Indexes for table `h4_floors`
--
ALTER TABLE `h4_floors`
  ADD PRIMARY KEY (`id`),
  ADD KEY `h4_floors_building_id_foreign` (`building_id`),
  ADD KEY `h4_floors_floor_type_foreign` (`floor_type`);

--
-- Indexes for table `h5_room_categories`
--
ALTER TABLE `h5_room_categories`
  ADD PRIMARY KEY (`id`);

--
-- Indexes for table `h6_rooms`
--
ALTER TABLE `h6_rooms`
  ADD PRIMARY KEY (`id`),
  ADD KEY `h6_rooms_floor_id_foreign` (`floor_id`),
  ADD KEY `h6_rooms_category_id_foreign` (`category_id`);

--
-- Indexes for table `m1_mis_heads`
--
ALTER TABLE `m1_mis_heads`
  ADD PRIMARY KEY (`id`),
  ADD KEY `m1_mis_heads_voucher_type_id_index` (`voucher_type_id`),
  ADD KEY `m1_mis_heads_credit_head_id_index` (`credit_head_id`),
  ADD KEY `m1_mis_heads_debit_head_id_index` (`debit_head_id`);

--
-- Indexes for table `m2_mis_head_child_i`
--
ALTER TABLE `m2_mis_head_child_i`
  ADD PRIMARY KEY (`id`),
  ADD KEY `m2_mis_head_child_i_mis_head_id_index` (`mis_head_id`),
  ADD KEY `m2_mis_head_child_i_credit_head_id_index` (`credit_head_id`),
  ADD KEY `m2_mis_head_child_i_debit_head_id_index` (`debit_head_id`);

--
-- Indexes for table `m3_mis_ledger_heads`
--
ALTER TABLE `m3_mis_ledger_heads`
  ADD PRIMARY KEY (`id`),
  ADD UNIQUE KEY `m3_mis_ledger_heads_code_unique` (`code`),
  ADD KEY `m3_mis_ledger_heads_mis_head_id_index` (`mis_head_id`),
  ADD KEY `m3_mis_ledger_heads_unit_type_id_index` (`unit_type_id`);

--
-- Indexes for table `m4_mis_vouchers_i`
--
ALTER TABLE `m4_mis_vouchers_i`
  ADD PRIMARY KEY (`id`),
  ADD KEY `m4_mis_vouchers_i_mis_head_id_index` (`mis_head_id`),
  ADD KEY `m4_mis_vouchers_i_ledger_head_id_index` (`ledger_head_id`),
  ADD KEY `m4_mis_vouchers_i_date_id_index` (`date_id`),
  ADD KEY `m4_mis_vouchers_i_voucher_id_index` (`voucher_id`);

--
-- Indexes for table `migrations`
--
ALTER TABLE `migrations`
  ADD PRIMARY KEY (`id`);

--
-- Indexes for table `mis_current_stocks`
--
ALTER TABLE `mis_current_stocks`
  ADD PRIMARY KEY (`id`),
  ADD KEY `mis_current_stocks_stock_id_index` (`stock_id`),
  ADD KEY `mis_current_stocks_date_id_index` (`date_id`);

--
-- Indexes for table `password_resets`
--
ALTER TABLE `password_resets`
  ADD KEY `password_resets_email_index` (`email`);

--
-- Indexes for table `payments`
--
ALTER TABLE `payments`
  ADD PRIMARY KEY (`id`),
  ADD KEY `payments_billing_id_index` (`billing_id`),
  ADD KEY `payments_mis_voucher_id_index` (`mis_voucher_id`);

--
-- Indexes for table `purchases`
--
ALTER TABLE `purchases`
  ADD PRIMARY KEY (`id`),
  ADD KEY `purchases_mis_voucher_id_index` (`mis_voucher_id`),
  ADD KEY `purchases_date_id_index` (`date_id`),
  ADD KEY `purchases_purchase_group_id_index` (`purchase_group_id`),
  ADD KEY `purchases_current_stock_id_index` (`current_stock_id`),
  ADD KEY `purchases_stock_id_index` (`stock_id`),
  ADD KEY `purchases_unit_id_index` (`unit_id`),
  ADD KEY `purchases_supplier_id_index` (`supplier_id`),
  ADD KEY `purchases_receiver_id_index` (`receiver_id`);

--
-- Indexes for table `purchase_groups`
--
ALTER TABLE `purchase_groups`
  ADD PRIMARY KEY (`id`),
  ADD KEY `purchase_groups_mis_head_id_index` (`mis_head_id`),
  ADD KEY `purchase_groups_date_id_index` (`date_id`),
  ADD KEY `purchase_groups_user_id_index` (`user_id`);

--
-- Indexes for table `r5_meal_types`
--
ALTER TABLE `r5_meal_types`
  ADD PRIMARY KEY (`id`);

--
-- Indexes for table `r6_meal_items`
--
ALTER TABLE `r6_meal_items`
  ADD PRIMARY KEY (`id`),
  ADD KEY `r6_meal_items_meal_type_id_foreign` (`meal_type_id`);

--
-- Indexes for table `r7_menu_types`
--
ALTER TABLE `r7_menu_types`
  ADD PRIMARY KEY (`id`);

--
-- Indexes for table `r9_food_menu`
--
ALTER TABLE `r9_food_menu`
  ADD PRIMARY KEY (`id`),
  ADD KEY `r9_food_menu_menu_type_id_index` (`menu_type_id`);

--
-- Indexes for table `r10_food_menu_items`
--
ALTER TABLE `r10_food_menu_items`
  ADD PRIMARY KEY (`id`),
  ADD KEY `r10_food_menu_items_food_menu_id_index` (`food_menu_id`),
  ADD KEY `r10_food_menu_items_meal_item_id_index` (`meal_item_id`);

--
-- Indexes for table `r11_food_sales`
--
ALTER TABLE `r11_food_sales`
  ADD PRIMARY KEY (`id`),
  ADD KEY `r11_food_sales_billing_id_index` (`billing_id`),
  ADD KEY `r11_food_sales_date_id_index` (`date_id`),
  ADD KEY `r11_food_sales_menu_id_index` (`menu_id`);

--
-- Indexes for table `roles`
--
ALTER TABLE `roles`
  ADD PRIMARY KEY (`id`);

--
-- Indexes for table `s1_unit_types`
--
ALTER TABLE `s1_unit_types`
  ADD PRIMARY KEY (`id`);

--
-- Indexes for table `s2_units`
--
ALTER TABLE `s2_units`
  ADD PRIMARY KEY (`id`),
  ADD KEY `s2_units_unit_type_id_index` (`unit_type_id`);

--
-- Indexes for table `staff`
--
ALTER TABLE `staff`
  ADD PRIMARY KEY (`id`);

--
-- Indexes for table `suppliers`
--
ALTER TABLE `suppliers`
  ADD PRIMARY KEY (`id`);

--
-- Indexes for table `transaction_heads`
--
ALTER TABLE `transaction_heads`
  ADD PRIMARY KEY (`id`),
  ADD UNIQUE KEY `transaction_heads_code_unique` (`code`),
  ADD KEY `transaction_heads_ac_head_id_index` (`ac_head_id`);

--
-- Indexes for table `users`
--
ALTER TABLE `users`
  ADD PRIMARY KEY (`id`),
  ADD UNIQUE KEY `users_email_unique` (`email`),
  ADD KEY `users_role_id_foreign` (`role_id`);

--
-- Indexes for table `v1_venues`
--
ALTER TABLE `v1_venues`
  ADD PRIMARY KEY (`id`);

--
-- Indexes for table `visitors`
--
ALTER TABLE `visitors`
  ADD PRIMARY KEY (`id`),
  ADD KEY `visitors_guest_id_index` (`guest_id`),
  ADD KEY `visitors_booking_id_index` (`booking_id`);

--
-- Indexes for table `vouchers`
--
ALTER TABLE `vouchers`
  ADD PRIMARY KEY (`id`),
  ADD KEY `vouchers_v_group_id_index` (`v_group_id`),
  ADD KEY `vouchers_date_id_index` (`date_id`),
  ADD KEY `vouchers_debit_head_id_index` (`debit_head_id`),
  ADD KEY `vouchers_credit_head_id_index` (`credit_head_id`);

--
-- Indexes for table `voucher_groups`
--
ALTER TABLE `voucher_groups`
  ADD PRIMARY KEY (`id`),
  ADD KEY `voucher_groups_date_id_index` (`date_id`),
  ADD KEY `voucher_groups_type_id_index` (`type_id`),
  ADD KEY `voucher_groups_user_id_index` (`user_id`);

--
-- Indexes for table `voucher_types`
--
ALTER TABLE `voucher_types`
  ADD PRIMARY KEY (`id`);

--
-- Indexes for table `voucher_update_histories`
--
ALTER TABLE `voucher_update_histories`
  ADD PRIMARY KEY (`id`),
  ADD KEY `voucher_update_histories_voucher_id_index` (`voucher_id`),
  ADD KEY `voucher_update_histories_date_id_index` (`date_id`),
  ADD KEY `voucher_update_histories_user_id_index` (`user_id`);

--
-- AUTO_INCREMENT for dumped tables
--

--
-- AUTO_INCREMENT for table `account_heads`
--
ALTER TABLE `account_heads`
  MODIFY `id` int(10) UNSIGNED NOT NULL AUTO_INCREMENT, AUTO_INCREMENT=6;

--
-- AUTO_INCREMENT for table `account_head_child_i`
--
ALTER TABLE `account_head_child_i`
  MODIFY `id` int(10) UNSIGNED NOT NULL AUTO_INCREMENT, AUTO_INCREMENT=24;

--
-- AUTO_INCREMENT for table `account_head_child_ii`
--
ALTER TABLE `account_head_child_ii`
  MODIFY `id` int(10) UNSIGNED NOT NULL AUTO_INCREMENT, AUTO_INCREMENT=42;

--
-- AUTO_INCREMENT for table `account_head_child_iii`
--
ALTER TABLE `account_head_child_iii`
  MODIFY `id` int(10) UNSIGNED NOT NULL AUTO_INCREMENT, AUTO_INCREMENT=14;

--
-- AUTO_INCREMENT for table `account_head_child_iv`
--
ALTER TABLE `account_head_child_iv`
  MODIFY `id` int(10) UNSIGNED NOT NULL AUTO_INCREMENT;

--
-- AUTO_INCREMENT for table `billings`
--
ALTER TABLE `billings`
  MODIFY `id` int(10) UNSIGNED NOT NULL AUTO_INCREMENT, AUTO_INCREMENT=191;

--
-- AUTO_INCREMENT for table `bookings`
--
ALTER TABLE `bookings`
  MODIFY `id` int(10) UNSIGNED NOT NULL AUTO_INCREMENT, AUTO_INCREMENT=256;

--
-- AUTO_INCREMENT for table `checkout`
--
ALTER TABLE `checkout`
  MODIFY `id` bigint(20) UNSIGNED NOT NULL AUTO_INCREMENT, AUTO_INCREMENT=6;

--
-- AUTO_INCREMENT for table `checkouts`
--
ALTER TABLE `checkouts`
  MODIFY `id` int(10) UNSIGNED NOT NULL AUTO_INCREMENT;

--
-- AUTO_INCREMENT for table `configurations`
--
ALTER TABLE `configurations`
  MODIFY `id` int(10) UNSIGNED NOT NULL AUTO_INCREMENT, AUTO_INCREMENT=5;

--
-- AUTO_INCREMENT for table `current_balance`
--
ALTER TABLE `current_balance`
  MODIFY `id` int(10) UNSIGNED NOT NULL AUTO_INCREMENT, AUTO_INCREMENT=500;

--
-- AUTO_INCREMENT for table `dates`
--
ALTER TABLE `dates`
  MODIFY `id` int(10) UNSIGNED NOT NULL AUTO_INCREMENT, AUTO_INCREMENT=14;

--
-- AUTO_INCREMENT for table `deliveries`
--
ALTER TABLE `deliveries`
  MODIFY `id` int(10) UNSIGNED NOT NULL AUTO_INCREMENT, AUTO_INCREMENT=85;

--
-- AUTO_INCREMENT for table `e1_departments`
--
ALTER TABLE `e1_departments`
  MODIFY `id` int(10) UNSIGNED NOT NULL AUTO_INCREMENT, AUTO_INCREMENT=6;

--
-- AUTO_INCREMENT for table `e2_employee_designations`
--
ALTER TABLE `e2_employee_designations`
  MODIFY `id` int(10) UNSIGNED NOT NULL AUTO_INCREMENT, AUTO_INCREMENT=11;

--
-- AUTO_INCREMENT for table `e3_salary_grades`
--
ALTER TABLE `e3_salary_grades`
  MODIFY `id` int(10) UNSIGNED NOT NULL AUTO_INCREMENT, AUTO_INCREMENT=3;

--
-- AUTO_INCREMENT for table `e4_employees`
--
ALTER TABLE `e4_employees`
  MODIFY `id` int(10) UNSIGNED NOT NULL AUTO_INCREMENT, AUTO_INCREMENT=8;

--
-- AUTO_INCREMENT for table `e5_leave_categories`
--
ALTER TABLE `e5_leave_categories`
  MODIFY `id` int(10) UNSIGNED NOT NULL AUTO_INCREMENT, AUTO_INCREMENT=3;

--
-- AUTO_INCREMENT for table `e6_leaves`
--
ALTER TABLE `e6_leaves`
  MODIFY `id` int(10) UNSIGNED NOT NULL AUTO_INCREMENT, AUTO_INCREMENT=2;

--
-- AUTO_INCREMENT for table `general_infos`
--
ALTER TABLE `general_infos`
  MODIFY `id` int(10) UNSIGNED NOT NULL AUTO_INCREMENT;

--
-- AUTO_INCREMENT for table `guests`
--
ALTER TABLE `guests`
  MODIFY `id` int(10) UNSIGNED NOT NULL AUTO_INCREMENT, AUTO_INCREMENT=191;

--
-- AUTO_INCREMENT for table `h1_building_types`
--
ALTER TABLE `h1_building_types`
  MODIFY `id` int(10) UNSIGNED NOT NULL AUTO_INCREMENT, AUTO_INCREMENT=3;

--
-- AUTO_INCREMENT for table `h2_buildings`
--
ALTER TABLE `h2_buildings`
  MODIFY `id` int(10) UNSIGNED NOT NULL AUTO_INCREMENT, AUTO_INCREMENT=2;

--
-- AUTO_INCREMENT for table `h3_floor_types`
--
ALTER TABLE `h3_floor_types`
  MODIFY `id` int(10) UNSIGNED NOT NULL AUTO_INCREMENT, AUTO_INCREMENT=3;

--
-- AUTO_INCREMENT for table `h4_floors`
--
ALTER TABLE `h4_floors`
  MODIFY `id` int(10) UNSIGNED NOT NULL AUTO_INCREMENT, AUTO_INCREMENT=6;

--
-- AUTO_INCREMENT for table `h5_room_categories`
--
ALTER TABLE `h5_room_categories`
  MODIFY `id` int(10) UNSIGNED NOT NULL AUTO_INCREMENT, AUTO_INCREMENT=18;

--
-- AUTO_INCREMENT for table `h6_rooms`
--
ALTER TABLE `h6_rooms`
  MODIFY `id` int(10) UNSIGNED NOT NULL AUTO_INCREMENT, AUTO_INCREMENT=547;

--
-- AUTO_INCREMENT for table `m1_mis_heads`
--
ALTER TABLE `m1_mis_heads`
  MODIFY `id` int(10) UNSIGNED NOT NULL AUTO_INCREMENT, AUTO_INCREMENT=7;

--
-- AUTO_INCREMENT for table `m2_mis_head_child_i`
--
ALTER TABLE `m2_mis_head_child_i`
  MODIFY `id` int(10) UNSIGNED NOT NULL AUTO_INCREMENT, AUTO_INCREMENT=40;

--
-- AUTO_INCREMENT for table `m3_mis_ledger_heads`
--
ALTER TABLE `m3_mis_ledger_heads`
  MODIFY `id` int(10) UNSIGNED NOT NULL AUTO_INCREMENT, AUTO_INCREMENT=234;

--
-- AUTO_INCREMENT for table `m4_mis_vouchers_i`
--
ALTER TABLE `m4_mis_vouchers_i`
  MODIFY `id` int(10) UNSIGNED NOT NULL AUTO_INCREMENT, AUTO_INCREMENT=770;

--
-- AUTO_INCREMENT for table `migrations`
--
ALTER TABLE `migrations`
  MODIFY `id` int(10) UNSIGNED NOT NULL AUTO_INCREMENT, AUTO_INCREMENT=1253;

--
-- AUTO_INCREMENT for table `mis_current_stocks`
--
ALTER TABLE `mis_current_stocks`
  MODIFY `id` int(10) UNSIGNED NOT NULL AUTO_INCREMENT, AUTO_INCREMENT=688;

--
-- AUTO_INCREMENT for table `payments`
--
ALTER TABLE `payments`
  MODIFY `id` int(10) UNSIGNED NOT NULL AUTO_INCREMENT, AUTO_INCREMENT=396;

--
-- AUTO_INCREMENT for table `purchases`
--
ALTER TABLE `purchases`
  MODIFY `id` int(10) UNSIGNED NOT NULL AUTO_INCREMENT, AUTO_INCREMENT=375;

--
-- AUTO_INCREMENT for table `purchase_groups`
--
ALTER TABLE `purchase_groups`
  MODIFY `id` int(10) UNSIGNED NOT NULL AUTO_INCREMENT, AUTO_INCREMENT=169;

--
-- AUTO_INCREMENT for table `r5_meal_types`
--
ALTER TABLE `r5_meal_types`
  MODIFY `id` int(10) UNSIGNED NOT NULL AUTO_INCREMENT, AUTO_INCREMENT=19;

--
-- AUTO_INCREMENT for table `r6_meal_items`
--
ALTER TABLE `r6_meal_items`
  MODIFY `id` int(10) UNSIGNED NOT NULL AUTO_INCREMENT, AUTO_INCREMENT=63;

--
-- AUTO_INCREMENT for table `r7_menu_types`
--
ALTER TABLE `r7_menu_types`
  MODIFY `id` int(10) UNSIGNED NOT NULL AUTO_INCREMENT, AUTO_INCREMENT=8;

--
-- AUTO_INCREMENT for table `r9_food_menu`
--
ALTER TABLE `r9_food_menu`
  MODIFY `id` int(10) UNSIGNED NOT NULL AUTO_INCREMENT, AUTO_INCREMENT=61;

--
-- AUTO_INCREMENT for table `r10_food_menu_items`
--
ALTER TABLE `r10_food_menu_items`
  MODIFY `id` int(10) UNSIGNED NOT NULL AUTO_INCREMENT, AUTO_INCREMENT=254;

--
-- AUTO_INCREMENT for table `r11_food_sales`
--
ALTER TABLE `r11_food_sales`
  MODIFY `id` int(10) UNSIGNED NOT NULL AUTO_INCREMENT, AUTO_INCREMENT=121;

--
-- AUTO_INCREMENT for table `roles`
--
ALTER TABLE `roles`
  MODIFY `id` int(10) UNSIGNED NOT NULL AUTO_INCREMENT, AUTO_INCREMENT=3;

--
-- AUTO_INCREMENT for table `s1_unit_types`
--
ALTER TABLE `s1_unit_types`
  MODIFY `id` int(10) UNSIGNED NOT NULL AUTO_INCREMENT, AUTO_INCREMENT=5;

--
-- AUTO_INCREMENT for table `s2_units`
--
ALTER TABLE `s2_units`
  MODIFY `id` int(10) UNSIGNED NOT NULL AUTO_INCREMENT, AUTO_INCREMENT=9;

--
-- AUTO_INCREMENT for table `staff`
--
ALTER TABLE `staff`
  MODIFY `id` int(10) UNSIGNED NOT NULL AUTO_INCREMENT, AUTO_INCREMENT=5;

--
-- AUTO_INCREMENT for table `suppliers`
--
ALTER TABLE `suppliers`
  MODIFY `id` int(10) UNSIGNED NOT NULL AUTO_INCREMENT, AUTO_INCREMENT=38;

--
-- AUTO_INCREMENT for table `transaction_heads`
--
ALTER TABLE `transaction_heads`
  MODIFY `id` int(10) UNSIGNED NOT NULL AUTO_INCREMENT, AUTO_INCREMENT=458;

--
-- AUTO_INCREMENT for table `users`
--
ALTER TABLE `users`
  MODIFY `id` int(10) UNSIGNED NOT NULL AUTO_INCREMENT, AUTO_INCREMENT=4;

--
-- AUTO_INCREMENT for table `v1_venues`
--
ALTER TABLE `v1_venues`
  MODIFY `id` int(10) UNSIGNED NOT NULL AUTO_INCREMENT, AUTO_INCREMENT=61;

--
-- AUTO_INCREMENT for table `visitors`
--
ALTER TABLE `visitors`
  MODIFY `id` int(10) UNSIGNED NOT NULL AUTO_INCREMENT;

--
-- AUTO_INCREMENT for table `vouchers`
--
ALTER TABLE `vouchers`
  MODIFY `id` int(10) UNSIGNED NOT NULL AUTO_INCREMENT, AUTO_INCREMENT=889;

--
-- AUTO_INCREMENT for table `voucher_groups`
--
ALTER TABLE `voucher_groups`
  MODIFY `id` int(10) UNSIGNED NOT NULL AUTO_INCREMENT, AUTO_INCREMENT=138;

--
-- AUTO_INCREMENT for table `voucher_types`
--
ALTER TABLE `voucher_types`
  MODIFY `id` int(10) UNSIGNED NOT NULL AUTO_INCREMENT, AUTO_INCREMENT=12;

--
-- AUTO_INCREMENT for table `voucher_update_histories`
--
ALTER TABLE `voucher_update_histories`
  MODIFY `id` int(10) UNSIGNED NOT NULL AUTO_INCREMENT, AUTO_INCREMENT=119;

--
-- Constraints for dumped tables
--

--
-- Constraints for table `e6_leaves`
--
ALTER TABLE `e6_leaves`
  ADD CONSTRAINT `e6_leaves_leave_category_id_foreign` FOREIGN KEY (`leave_category_id`) REFERENCES `e5_leave_categories` (`id`) ON UPDATE CASCADE;

--
-- Constraints for table `h2_buildings`
--
ALTER TABLE `h2_buildings`
  ADD CONSTRAINT `h2_buildings_building_type_foreign` FOREIGN KEY (`building_type`) REFERENCES `h1_building_types` (`id`) ON UPDATE CASCADE;

--
-- Constraints for table `h4_floors`
--
ALTER TABLE `h4_floors`
  ADD CONSTRAINT `h4_floors_building_id_foreign` FOREIGN KEY (`building_id`) REFERENCES `h2_buildings` (`id`) ON UPDATE CASCADE,
  ADD CONSTRAINT `h4_floors_floor_type_foreign` FOREIGN KEY (`floor_type`) REFERENCES `h3_floor_types` (`id`) ON UPDATE CASCADE;

--
-- Constraints for table `h6_rooms`
--
ALTER TABLE `h6_rooms`
  ADD CONSTRAINT `h6_rooms_category_id_foreign` FOREIGN KEY (`category_id`) REFERENCES `h5_room_categories` (`id`) ON UPDATE CASCADE,
  ADD CONSTRAINT `h6_rooms_floor_id_foreign` FOREIGN KEY (`floor_id`) REFERENCES `h4_floors` (`id`) ON UPDATE CASCADE;

--
-- Constraints for table `r6_meal_items`
--
ALTER TABLE `r6_meal_items`
  ADD CONSTRAINT `r6_meal_items_meal_type_id_foreign` FOREIGN KEY (`meal_type_id`) REFERENCES `r5_meal_types` (`id`) ON UPDATE CASCADE;

--
-- Constraints for table `users`
--
ALTER TABLE `users`
  ADD CONSTRAINT `users_role_id_foreign` FOREIGN KEY (`role_id`) REFERENCES `roles` (`id`) ON UPDATE CASCADE;
COMMIT;

/*!40101 SET CHARACTER_SET_CLIENT=@OLD_CHARACTER_SET_CLIENT */;
/*!40101 SET CHARACTER_SET_RESULTS=@OLD_CHARACTER_SET_RESULTS */;
/*!40101 SET COLLATION_CONNECTION=@OLD_COLLATION_CONNECTION */;
