-- phpMyAdmin SQL Dump
-- version 4.8.3
-- https://www.phpmyadmin.net/
--
-- Host: localhost:3306
-- Generation Time: Jan 22, 2020 at 10:35 PM
-- Server version: 10.1.43-MariaDB-cll-lve
-- PHP Version: 7.2.7

SET SQL_MODE = "NO_AUTO_VALUE_ON_ZERO";
SET AUTOCOMMIT = 0;
START TRANSACTION;
SET time_zone = "+00:00";


/*!40101 SET @OLD_CHARACTER_SET_CLIENT=@@CHARACTER_SET_CLIENT */;
/*!40101 SET @OLD_CHARACTER_SET_RESULTS=@@CHARACTER_SET_RESULTS */;
/*!40101 SET @OLD_COLLATION_CONNECTION=@@COLLATION_CONNECTION */;
/*!40101 SET NAMES utf8mb4 */;

--
-- Database: `mienarzr_mtc`
--

-- --------------------------------------------------------

--
-- Table structure for table `account_heads`
--

CREATE TABLE `account_heads` (
  `id` int(10) UNSIGNED NOT NULL,
  `name` varchar(191) COLLATE utf8mb4_unicode_ci NOT NULL,
  `code` varchar(191) COLLATE utf8mb4_unicode_ci NOT NULL,
  `amount` bigint(20) NOT NULL DEFAULT '0',
  `created_at` timestamp NULL DEFAULT NULL,
  `updated_at` timestamp NULL DEFAULT NULL
) ENGINE=InnoDB DEFAULT CHARSET=utf8mb4 COLLATE=utf8mb4_unicode_ci;

--
-- Dumping data for table `account_heads`
--

INSERT INTO `account_heads` (`id`, `name`, `code`, `amount`, `created_at`, `updated_at`) VALUES
(1, 'ASSET', '1000', 0, '2019-11-23 09:18:30', '2019-11-23 09:18:30'),
(2, 'LIABILITY', '3000', 0, '2019-11-23 09:18:30', '2019-11-23 09:18:30'),
(3, 'INCOME', '4000', 0, '2019-11-23 09:18:30', '2019-11-23 09:18:30'),
(4, 'EXPENSE', '5000', 0, '2019-11-23 09:18:30', '2019-11-23 09:18:30'),
(5, 'EQUITY', '6000', 0, '2019-11-23 09:18:30', '2019-11-23 09:18:30');

-- --------------------------------------------------------

--
-- Table structure for table `account_head_child_i`
--

CREATE TABLE `account_head_child_i` (
  `id` int(10) UNSIGNED NOT NULL,
  `ac_head_id` int(10) UNSIGNED NOT NULL,
  `name` varchar(191) COLLATE utf8mb4_unicode_ci NOT NULL,
  `code` varchar(191) COLLATE utf8mb4_unicode_ci NOT NULL,
  `amount` bigint(20) NOT NULL DEFAULT '0',
  `created_at` timestamp NULL DEFAULT NULL,
  `updated_at` timestamp NULL DEFAULT NULL
) ENGINE=InnoDB DEFAULT CHARSET=utf8mb4 COLLATE=utf8mb4_unicode_ci;

--
-- Dumping data for table `account_head_child_i`
--

INSERT INTO `account_head_child_i` (`id`, `ac_head_id`, `name`, `code`, `amount`, `created_at`, `updated_at`) VALUES
(1, 1, 'Fixet Asset', '1100', 0, '2019-11-20 21:22:33', '2019-11-20 21:22:33'),
(2, 1, 'Current Asset', '1500', 0, '2019-11-20 21:22:33', '2019-11-20 21:22:33'),
(3, 2, 'Current Liability Member Savings', '3100', 0, '2019-11-20 21:22:33', '2019-11-20 21:22:33'),
(4, 2, 'Others Savings A/C', '3200', 0, '2019-11-20 21:22:33', '2019-11-20 21:22:33'),
(5, 2, 'Long Term Liability (PKSF)', '3300', 0, '2019-11-20 21:22:33', '2019-11-20 21:22:33'),
(6, 2, 'Current Account Principal (Branch & HO)', '3400', 0, '2019-11-20 21:22:33', '2019-11-20 21:22:33'),
(7, 3, 'General Income', '4100', 0, '2019-11-20 21:22:33', '2019-11-20 21:22:33'),
(8, 3, 'Others Income', '4200', 0, '2019-11-20 21:22:33', '2019-11-20 21:22:33'),
(9, 4, 'Financial Expense', '5100', 0, '2019-11-20 21:22:33', '2019-11-20 21:22:33'),
(10, 4, 'Current Account Service Charge (Branch & HO)', '5200', 0, '2019-11-20 21:22:33', '2019-11-20 21:22:33'),
(11, 4, 'Salary & Allowance', '5300', 0, '2019-11-20 21:22:33', '2019-11-20 21:22:33'),
(12, 4, 'Operating Cost', '5400', 0, '2019-11-20 21:22:33', '2019-11-20 21:22:33'),
(13, 2, 'Others Liability', '3500', 0, '2019-11-20 21:22:33', '2019-11-20 21:22:33'),
(14, 2, 'Capital Fund', '3600', 0, '2019-11-20 21:22:33', '2019-11-20 21:22:33'),
(15, 3, 'Reimbursement', '7700', 0, '2019-11-20 21:22:33', '2019-11-20 21:22:33'),
(16, 2, 'Loan A/C With Others', '3700', 0, '2019-11-20 21:22:33', '2019-11-20 21:22:33'),
(17, 4, 'Non Operating Cost', '5600', 0, '2019-11-20 21:22:33', '2019-11-20 21:22:33'),
(18, 3, 'Income from Training Operating', '4500', 0, '2019-11-20 21:22:33', '2019-11-20 21:22:33'),
(19, 4, 'Expenses for Training center', '5700', 0, '2019-11-20 21:22:33', '2019-11-20 21:22:33'),
(20, 4, 'Loss On Sale Of Land', '5001', 0, '2019-11-20 21:22:33', '2019-11-20 21:22:33'),
(21, 1, 'Black Rice', '010540', 0, '2020-01-18 01:06:44', '2020-01-18 01:06:44'),
(22, 1, 'Super Admin', '123', 0, '2020-01-18 01:07:38', '2020-01-18 01:07:38'),
(23, 1, 'ewr', '345', 0, '2020-01-18 01:12:01', '2020-01-18 01:12:01');

-- --------------------------------------------------------

--
-- Table structure for table `account_head_child_ii`
--

CREATE TABLE `account_head_child_ii` (
  `id` int(10) UNSIGNED NOT NULL,
  `ac_head_child_i_id` int(10) UNSIGNED NOT NULL,
  `name` varchar(191) COLLATE utf8mb4_unicode_ci NOT NULL,
  `code` varchar(191) COLLATE utf8mb4_unicode_ci NOT NULL,
  `amount` bigint(20) NOT NULL DEFAULT '0',
  `created_at` timestamp NULL DEFAULT NULL,
  `updated_at` timestamp NULL DEFAULT NULL
) ENGINE=InnoDB DEFAULT CHARSET=utf8mb4 COLLATE=utf8mb4_unicode_ci;

--
-- Dumping data for table `account_head_child_ii`
--

INSERT INTO `account_head_child_ii` (`id`, `ac_head_child_i_id`, `name`, `code`, `amount`, `created_at`, `updated_at`) VALUES
(1, 1, 'Land & Building', '1150', 0, '2019-11-20 21:27:57', '2019-11-20 21:27:57'),
(2, 1, 'Furniture & fixture', '1200', 0, '2019-11-20 21:27:57', '2019-11-20 21:27:57'),
(3, 1, 'Office Equipment', '1250', 0, '2019-11-20 21:27:57', '2019-11-20 21:27:57'),
(4, 1, 'Vehicles', '1300', 0, '2019-11-20 21:27:57', '2019-11-20 21:27:57'),
(5, 1, 'Electronic Equipment', '1350', 0, '2019-11-20 21:27:57', '2019-11-20 21:27:57'),
(6, 1, 'Other Fixet Assets', '1400', 0, '2019-11-20 21:27:57', '2019-11-20 21:27:57'),
(7, 2, 'Loan A/C with  Member\'s', '1900', 0, '2019-11-20 21:27:57', '2019-11-20 21:27:57'),
(8, 2, 'Others Loan', '2000', 0, '2019-11-20 21:27:57', '2019-11-20 21:27:57'),
(9, 2, 'Advance', '2100', 0, '2019-11-20 21:27:57', '2019-11-20 21:27:57'),
(10, 2, 'Others Investment', '2300', 0, '2019-11-20 21:27:57', '2019-11-20 21:27:57'),
(11, 5, 'Fund A/C With  PKSF', '3350', 0, '2019-11-20 21:27:57', '2019-11-20 21:27:57'),
(12, 8, 'Other Income', '4250', 0, '2019-11-20 21:27:57', '2019-11-20 21:27:57'),
(13, 8, 'Bank Interest', '4300', 0, '2019-11-20 21:27:57', '2019-11-20 21:27:57'),
(14, 10, 'Service Charge paid to HO', '5220', 0, '2019-11-20 21:27:57', '2019-11-20 21:27:57'),
(15, 11, 'Salary & Allowance', '5310', 0, '2019-11-20 21:27:57', '2019-11-20 21:27:57'),
(16, 12, 'Operating cost', '5450', 0, '2019-11-20 21:27:57', '2019-11-20 21:27:57'),
(17, 3, 'Genaral  Savings (GS)', '3120', 0, '2019-11-20 21:27:57', '2019-11-20 21:27:57'),
(18, 3, 'Specail Savings (SS)', '3140', 0, '2019-11-20 21:27:57', '2019-11-20 21:27:57'),
(19, 9, 'Service Charge Paid to PKSF', '5130', 0, '2019-11-20 21:27:57', '2019-11-20 21:27:57'),
(20, 9, 'Interest on Group Savings', '5120', 0, '2019-11-20 21:27:57', '2019-11-20 21:27:57'),
(21, 3, 'Monthly Savings(DPS)', '3150', 0, '2019-11-20 21:27:57', '2019-11-20 21:27:57'),
(22, 3, 'Emergemcy  Fund A/C', '3160', 0, '2019-11-20 21:27:57', '2019-11-20 21:27:57'),
(23, 7, 'Service charge A/C (member)', '4150', 0, '2019-11-20 21:27:57', '2019-11-20 21:27:57'),
(24, 12, 'Bank Charge', '5500', 0, '2019-11-20 21:27:57', '2019-11-20 21:27:57'),
(25, 2, 'Cash & Bank', '1700', 0, '2019-11-20 21:27:57', '2019-11-20 21:27:57'),
(26, 6, 'Current Account Principal InterTransaction (Branch & HO)', '3420', 0, '2019-11-20 21:27:57', '2019-11-20 21:27:57'),
(27, 13, 'Reserve & Provition', '3520', 0, '2019-11-20 21:27:57', '2019-11-20 21:27:57'),
(28, 14, 'Retained Surplus/Deficit', '3620', 0, '2019-11-20 21:27:57', '2019-11-20 21:27:57'),
(29, 2, 'Loan to project', '1510', 0, '2019-11-20 21:27:57', '2019-11-20 21:27:57'),
(30, 13, 'Others Fund', '3550', 0, '2019-11-20 21:27:57', '2019-11-20 21:27:57'),
(31, 2, 'Other Current Asset', '1550', 0, '2019-11-20 21:27:57', '2019-11-20 21:27:57'),
(32, 14, 'Capital fund', '3601', 0, '2019-11-20 21:27:57', '2019-11-20 21:27:57'),
(33, 2, 'Fund A/C With Branch', '1600', 0, '2019-11-20 21:27:57', '2019-11-20 21:27:57'),
(34, 7, 'Service charge from Branch', '4400', 0, '2019-11-20 21:27:57', '2019-11-20 21:27:57'),
(35, 16, 'Loan A/C With Others', '3710', 0, '2019-11-20 21:27:57', '2019-11-20 21:27:57'),
(36, 17, 'Non Operating Cost', '5650', 0, '2019-11-20 21:27:57', '2019-11-20 21:27:57'),
(37, 3, 'Health Savings', '3180', 0, '2019-11-20 21:27:57', '2019-11-20 21:27:57'),
(38, 4, 'Special Savings (staff)', '3201', 0, '2019-11-20 21:27:57', '2019-11-20 21:27:57'),
(39, 3, 'Fixed General savings', '3190', 0, '2019-11-20 21:27:57', '2019-11-20 21:27:57'),
(40, 4, 'Staff Welfare', '3206', 0, '2019-11-20 21:27:57', '2019-11-20 21:27:57'),
(41, 23, 'Basmati Rice', '235', 0, '2020-01-18 01:13:08', '2020-01-18 01:13:08');

-- --------------------------------------------------------

--
-- Table structure for table `account_head_child_iii`
--

CREATE TABLE `account_head_child_iii` (
  `id` int(10) UNSIGNED NOT NULL,
  `ac_head_child_ii_id` int(10) UNSIGNED NOT NULL,
  `name` varchar(191) COLLATE utf8mb4_unicode_ci NOT NULL,
  `code` varchar(191) COLLATE utf8mb4_unicode_ci NOT NULL,
  `amount` bigint(20) NOT NULL DEFAULT '0',
  `created_at` timestamp NULL DEFAULT NULL,
  `updated_at` timestamp NULL DEFAULT NULL
) ENGINE=InnoDB DEFAULT CHARSET=utf8mb4 COLLATE=utf8mb4_unicode_ci;

--
-- Dumping data for table `account_head_child_iii`
--

INSERT INTO `account_head_child_iii` (`id`, `ac_head_child_ii_id`, `name`, `code`, `amount`, `created_at`, `updated_at`) VALUES
(1, 25, 'Cash in hand', '1750', 0, '2019-11-20 21:29:08', '2019-11-20 21:29:08'),
(2, 25, 'Cash at Bank', '1800', 0, '2019-11-20 21:29:08', '2019-11-20 21:29:08'),
(3, 17, 'JAGARON', '3120.1', 0, '2019-11-20 21:29:08', '2019-11-20 21:29:08'),
(4, 17, 'AGRASHOR', '3120.2', 0, '2019-11-20 21:29:08', '2019-11-20 21:29:08'),
(5, 17, 'BUNIAD', '3120.3', 0, '2019-11-20 21:29:08', '2019-11-20 21:29:08'),
(6, 17, 'MFMSF', '3120.4', 0, '2019-11-20 21:29:08', '2019-11-20 21:29:08'),
(7, 17, 'SUFALON', '3120.5', 0, '2019-11-20 21:29:08', '2019-11-20 21:29:08'),
(8, 17, 'EFRRAP', '3120.6', 0, '2019-11-20 21:29:08', '2019-11-20 21:29:08'),
(9, 17, 'FSP', '3120.7', 0, '2019-11-20 21:29:08', '2019-11-20 21:29:08'),
(10, 17, 'Enrich IGA', '3120.8', 0, '2019-11-20 21:29:08', '2019-11-20 21:29:08'),
(11, 17, 'Enrich LIL', '3120.9', 0, '2019-11-20 21:29:08', '2019-11-20 21:29:08'),
(12, 17, 'Enrich ACL', '3120.10', 0, '2019-11-20 21:29:08', '2019-11-20 21:29:08'),
(13, 17, 'EDUCATION', '3120.11', 0, '2019-11-20 21:29:08', '2019-11-20 21:29:08');

-- --------------------------------------------------------

--
-- Table structure for table `account_head_child_iv`
--

CREATE TABLE `account_head_child_iv` (
  `id` int(10) UNSIGNED NOT NULL,
  `ac_head_child_iii_id` int(10) UNSIGNED NOT NULL,
  `name` varchar(191) COLLATE utf8mb4_unicode_ci NOT NULL,
  `code` varchar(191) COLLATE utf8mb4_unicode_ci NOT NULL,
  `amount` bigint(20) NOT NULL DEFAULT '0',
  `created_at` timestamp NULL DEFAULT NULL,
  `updated_at` timestamp NULL DEFAULT NULL
) ENGINE=InnoDB DEFAULT CHARSET=utf8mb4 COLLATE=utf8mb4_unicode_ci;

-- --------------------------------------------------------

--
-- Table structure for table `billings`
--

CREATE TABLE `billings` (
  `id` int(10) UNSIGNED NOT NULL,
  `guest_id` int(10) UNSIGNED NOT NULL,
  `mis_voucher_id` int(10) UNSIGNED NOT NULL,
  `checkout_status` tinyint(1) NOT NULL DEFAULT '0',
  `reserved` tinyint(1) NOT NULL DEFAULT '0',
  `total_bill` double(14,2) NOT NULL DEFAULT '0.00',
  `advance_paid` double(14,2) NOT NULL DEFAULT '0.00',
  `total_paid` double(14,2) NOT NULL DEFAULT '0.00',
  `discount` double(14,2) UNSIGNED NOT NULL DEFAULT '0.00',
  `note` text COLLATE utf8mb4_unicode_ci,
  `code` text COLLATE utf8mb4_unicode_ci,
  `created_at` timestamp NULL DEFAULT NULL,
  `updated_at` timestamp NULL DEFAULT NULL
) ENGINE=InnoDB DEFAULT CHARSET=utf8mb4 COLLATE=utf8mb4_unicode_ci;

--
-- Dumping data for table `billings`
--

INSERT INTO `billings` (`id`, `guest_id`, `mis_voucher_id`, `checkout_status`, `reserved`, `total_bill`, `advance_paid`, `total_paid`, `discount`, `note`, `code`, `created_at`, `updated_at`) VALUES
(1, 1, 2, 0, 0, 630.00, 0.00, 0.00, 0.00, NULL, 'aspada_21_01_20_001', '2020-01-21 09:22:45', '2020-01-21 09:22:45'),
(2, 1, 2, 1, 0, 600.00, 0.00, 600.00, 30.00, NULL, 'aspada_21_01_20_002', '2020-01-21 09:24:00', '2020-01-21 11:29:07'),
(3, 2, 2, 1, 0, 15990.00, 0.00, 15990.00, 200.00, NULL, 'aspada_21_01_20_003', '2020-01-21 09:51:30', '2020-01-21 11:22:36'),
(4, 3, 2, 1, 0, 600.00, 0.00, 600.00, 30.00, NULL, 'aspada_21_01_20_004', '2020-01-21 11:33:37', '2020-01-21 11:34:04'),
(5, 4, 2, 1, 0, 3998.00, 0.00, 4020.00, 202.00, NULL, 'aspada_21_01_20_005', '2020-01-21 11:39:55', '2020-01-21 18:47:53'),
(6, 5, 3, 1, 0, 17005.50, 0.00, 17005.50, 1525.00, NULL, 'aspada_21_01_20_006', '2020-01-21 12:02:14', '2020-01-21 12:09:31'),
(7, 6, 3, 1, 0, 31295.50, 0.00, 31295.50, 2804.00, NULL, 'aspada_21_01_20_007', '2020-01-21 12:26:12', '2020-01-21 12:47:00'),
(8, 6, 3, 0, 0, 630.00, 0.00, 0.00, 0.00, NULL, 'aspada_21_01_20_008', '2020-01-21 12:51:17', '2020-01-21 12:51:17'),
(9, 7, 3, 1, 0, 300.00, 0.00, 300.00, 15.00, NULL, 'aspada_21_01_20_009', '2020-01-21 12:54:42', '2020-01-21 18:54:18'),
(10, 6, 3, 0, 0, 630.00, 0.00, 0.00, 0.00, NULL, 'aspada_21_01_20_010', '2020-01-21 18:51:33', '2020-01-21 18:51:33'),
(11, 6, 3, 1, 0, 600.00, 0.00, 600.00, 30.00, NULL, 'aspada_21_01_20_011', '2020-01-21 18:51:55', '2020-01-21 18:52:08'),
(12, 6, 3, 1, 0, 4000.00, 0.00, 4000.00, 200.00, NULL, 'aspada_21_01_20_012', '2020-01-21 18:56:43', '2020-01-22 11:37:38'),
(13, 6, 3, 1, 0, 1000.00, 0.00, 1000.00, 50.00, NULL, 'aspada_21_01_20_013', '2020-01-21 18:59:14', '2020-01-21 18:59:29'),
(14, 6, 3, 1, 0, 3600.00, 0.00, 3600.00, 180.00, NULL, 'aspada_21_01_20_014', '2020-01-21 19:02:43', '2020-01-21 19:03:02'),
(15, 8, 3, 1, 0, 2200.00, 0.00, 2200.00, 120.00, NULL, 'aspada_21_01_20_015', '2020-01-21 19:34:26', '2020-01-21 19:36:10'),
(16, 9, 3, 0, 0, 2100.00, 0.00, 0.00, 0.00, NULL, 'aspada_21_01_20_016', '2020-01-21 20:18:10', '2020-01-21 20:18:10');

-- --------------------------------------------------------

--
-- Table structure for table `bookings`
--

CREATE TABLE `bookings` (
  `id` int(10) UNSIGNED NOT NULL,
  `guest_id` int(10) UNSIGNED NOT NULL,
  `billing_id` int(10) UNSIGNED NOT NULL,
  `room_id` int(10) UNSIGNED NOT NULL,
  `booking_status` tinyint(3) UNSIGNED NOT NULL DEFAULT '2',
  `no_of_visitors` tinyint(3) UNSIGNED NOT NULL DEFAULT '0',
  `bill` double(14,2) NOT NULL DEFAULT '0.00',
  `vat` tinyint(3) UNSIGNED NOT NULL DEFAULT '5',
  `start_date` date NOT NULL,
  `end_date` date NOT NULL,
  `discount` double(12,2) UNSIGNED NOT NULL DEFAULT '0.00',
  `created_at` timestamp NULL DEFAULT NULL,
  `updated_at` timestamp NULL DEFAULT NULL
) ENGINE=InnoDB DEFAULT CHARSET=utf8mb4 COLLATE=utf8mb4_unicode_ci;

--
-- Dumping data for table `bookings`
--

INSERT INTO `bookings` (`id`, `guest_id`, `billing_id`, `room_id`, `booking_status`, `no_of_visitors`, `bill`, `vat`, `start_date`, `end_date`, `discount`, `created_at`, `updated_at`) VALUES
(1, 1, 1, 9, 2, 1, 600.00, 5, '2019-12-30', '2020-01-01', 1200.00, '2020-01-21 09:22:45', '2020-01-21 09:22:45'),
(2, 1, 2, 9, 2, 1, 600.00, 5, '2019-12-30', '2020-01-01', 1200.00, '2020-01-21 09:24:00', '2020-01-21 11:29:07'),
(3, 2, 3, 57, 2, 24, 4000.00, 5, '2019-12-31', '2020-01-01', 1000.00, '2020-01-21 09:51:30', '2020-01-21 11:22:36'),
(4, 3, 4, 16, 2, 1, 600.00, 5, '2019-12-30', '2020-01-01', 1200.00, '2020-01-21 11:33:37', '2020-01-21 11:34:04'),
(5, 4, 5, 40, 2, 1, 4000.00, 5, '2019-12-30', '2020-01-01', 1000.00, '2020-01-21 11:39:55', '2020-01-21 11:40:51'),
(6, 5, 6, 58, 2, 1, 3500.00, 5, '2019-12-31', '2020-01-01', 1500.00, '2020-01-21 12:02:14', '2020-01-21 12:09:31'),
(7, 6, 7, 59, 2, 1, 6500.00, 5, '2019-12-31', '2020-01-01', 1500.00, '2020-01-21 12:26:12', '2020-01-21 12:47:00'),
(8, 6, 8, 31, 2, 1, 600.00, 5, '2019-12-31', '2020-01-01', 200.00, '2020-01-21 12:51:17', '2020-01-21 12:51:17'),
(9, 7, 9, 18, 2, 1, 300.00, 5, '2019-12-31', '2020-01-01', 900.00, '2020-01-21 12:54:42', '2020-01-21 18:54:18'),
(10, 6, 10, 31, 2, 1, 600.00, 5, '2019-12-31', '2020-01-01', 200.00, '2020-01-21 18:51:33', '2020-01-21 18:51:33'),
(11, 6, 11, 31, 2, 1, 600.00, 5, '2019-12-31', '2020-01-01', 200.00, '2020-01-21 18:51:55', '2020-01-21 18:52:08'),
(12, 6, 12, 41, 2, 1, 4000.00, 5, '2019-12-30', '2020-01-01', 1000.00, '2020-01-21 18:56:43', '2020-01-22 11:37:38'),
(13, 6, 13, 33, 2, 1, 1000.00, 5, '2019-12-31', '2020-01-01', 400.00, '2020-01-21 18:59:14', '2020-01-21 18:59:29'),
(14, 6, 14, 15, 2, 1, 1800.00, 5, '2019-12-29', '2020-01-01', 900.00, '2020-01-21 19:02:43', '2020-01-21 19:03:02'),
(15, 6, 14, 11, 2, 1, 1800.00, 5, '2019-12-29', '2020-01-01', 900.00, '2020-01-21 19:02:43', '2020-01-21 19:03:02'),
(16, 8, 15, 30, 2, 1, 2000.00, 5, '2019-12-30', '2020-01-01', 800.00, '2020-01-21 19:34:26', '2020-01-21 19:36:10'),
(17, 9, 16, 44, 2, 1, 2000.00, 5, '2020-01-01', '2020-01-02', 0.00, '2020-01-21 20:18:10', '2020-01-21 20:18:10');

-- --------------------------------------------------------

--
-- Table structure for table `checkout`
--

CREATE TABLE `checkout` (
  `id` bigint(20) UNSIGNED NOT NULL,
  `h_start_date` date DEFAULT NULL,
  `h_end_date` date DEFAULT NULL,
  `name` varchar(191) COLLATE utf8mb4_unicode_ci DEFAULT NULL,
  `contact` int(11) DEFAULT NULL,
  `room_no` int(11) DEFAULT NULL,
  `room_unit_price` int(11) DEFAULT NULL,
  `h_total_day` int(11) DEFAULT NULL,
  `h_total_bill` int(11) DEFAULT NULL,
  `v_start_date` date DEFAULT NULL,
  `v_end_date` date DEFAULT NULL,
  `venue_no` varchar(191) COLLATE utf8mb4_unicode_ci DEFAULT NULL,
  `v_unit_price` int(11) DEFAULT NULL,
  `v_total_day` int(11) DEFAULT NULL,
  `v_total_bill` int(11) DEFAULT NULL,
  `r_total_bill` int(11) DEFAULT NULL,
  `venue_booking_id` int(11) DEFAULT NULL,
  `room_booking_id` int(11) DEFAULT NULL,
  `all_total` int(11) DEFAULT NULL,
  `discount` int(11) DEFAULT NULL,
  `grand_total` int(11) DEFAULT NULL,
  `created_at` timestamp NULL DEFAULT NULL,
  `updated_at` timestamp NULL DEFAULT NULL
) ENGINE=InnoDB DEFAULT CHARSET=utf8mb4 COLLATE=utf8mb4_unicode_ci;

--
-- Dumping data for table `checkout`
--

INSERT INTO `checkout` (`id`, `h_start_date`, `h_end_date`, `name`, `contact`, `room_no`, `room_unit_price`, `h_total_day`, `h_total_bill`, `v_start_date`, `v_end_date`, `venue_no`, `v_unit_price`, `v_total_day`, `v_total_bill`, `r_total_bill`, `venue_booking_id`, `room_booking_id`, `all_total`, `discount`, `grand_total`, `created_at`, `updated_at`) VALUES
(1, NULL, NULL, 'Asmot Molla', 1222244, NULL, NULL, NULL, NULL, '2019-12-22', '2019-12-23', 'Venue-100', 6000, NULL, NULL, 0, 1, NULL, 0, 0, 0, '2019-12-29 00:13:52', '2019-12-29 00:13:52'),
(2, '2019-12-22', '2019-12-23', 'Rahamot Ullah', 1222255, 204, 4000, 2, 8000, NULL, NULL, NULL, NULL, NULL, NULL, 0, NULL, 1, 8000, 0, 8000, '2019-12-30 01:48:42', '2019-12-30 01:48:42'),
(3, NULL, NULL, 'Asmot Molla', 1222244, NULL, NULL, NULL, NULL, '2019-12-22', '2019-12-23', 'Venue-100', 6000, NULL, NULL, 0, 1, NULL, 0, 0, 0, '2020-01-14 22:48:47', '2020-01-14 22:48:47'),
(4, '2019-12-22', '2019-12-23', 'Rahamot Ullah', 1222255, 204, 4000, 2, 8000, NULL, NULL, NULL, NULL, NULL, NULL, 0, NULL, 1, 8000, 0, 8000, '2020-01-14 23:55:42', '2020-01-14 23:55:42'),
(5, '2019-12-22', '2019-12-23', 'Rahamot Ullah', 1222255, 204, 4000, 2, 8000, NULL, NULL, NULL, NULL, NULL, NULL, 0, NULL, 1, 8000, 0, 8000, '2020-01-15 02:24:13', '2020-01-15 02:24:13');

-- --------------------------------------------------------

--
-- Table structure for table `checkouts`
--

CREATE TABLE `checkouts` (
  `id` int(10) UNSIGNED NOT NULL,
  `billing_id` int(10) UNSIGNED NOT NULL,
  `mis_voucher_id` int(10) UNSIGNED NOT NULL,
  `checkout_status` tinyint(1) NOT NULL DEFAULT '0',
  `created_at` timestamp NULL DEFAULT NULL,
  `updated_at` timestamp NULL DEFAULT NULL
) ENGINE=InnoDB DEFAULT CHARSET=utf8mb4 COLLATE=utf8mb4_unicode_ci;

-- --------------------------------------------------------

--
-- Table structure for table `configurations`
--

CREATE TABLE `configurations` (
  `id` int(10) UNSIGNED NOT NULL,
  `name` varchar(191) COLLATE utf8mb4_unicode_ci NOT NULL,
  `software_start_date` date DEFAULT NULL,
  `created_at` timestamp NULL DEFAULT NULL,
  `updated_at` timestamp NULL DEFAULT NULL
) ENGINE=InnoDB DEFAULT CHARSET=utf8mb4 COLLATE=utf8mb4_unicode_ci;

--
-- Dumping data for table `configurations`
--

INSERT INTO `configurations` (`id`, `name`, `software_start_date`, `created_at`, `updated_at`) VALUES
(1, 'Date', '2020-01-01', NULL, '2020-01-20 16:30:41');

-- --------------------------------------------------------

--
-- Table structure for table `current_balance`
--

CREATE TABLE `current_balance` (
  `id` int(10) UNSIGNED NOT NULL,
  `thead_id` int(10) UNSIGNED NOT NULL,
  `date_id` int(10) UNSIGNED NOT NULL DEFAULT '0',
  `debit` double(14,2) NOT NULL DEFAULT '0.00',
  `credit` double(14,2) NOT NULL DEFAULT '0.00',
  `amount` double(14,2) NOT NULL DEFAULT '0.00',
  `created_at` timestamp NULL DEFAULT NULL,
  `updated_at` timestamp NULL DEFAULT NULL
) ENGINE=InnoDB DEFAULT CHARSET=utf8mb4 COLLATE=utf8mb4_unicode_ci;

--
-- Dumping data for table `current_balance`
--

INSERT INTO `current_balance` (`id`, `thead_id`, `date_id`, `debit`, `credit`, `amount`, `created_at`, `updated_at`) VALUES
(1, 1, 0, 0.00, 0.00, 0.00, '2020-01-19 03:27:35', '2020-01-20 16:29:21'),
(2, 2, 0, 0.00, 0.00, 0.00, '2020-01-19 03:27:35', '2020-01-20 16:29:21'),
(3, 3, 0, 0.00, 0.00, 0.00, '2020-01-19 03:27:36', '2020-01-20 16:29:21'),
(4, 4, 0, 0.00, 0.00, 0.00, '2020-01-19 03:27:36', '2020-01-20 16:29:21'),
(5, 5, 0, 0.00, 0.00, 0.00, '2020-01-19 03:27:36', '2020-01-20 16:29:21'),
(6, 6, 0, 0.00, 0.00, 0.00, '2020-01-19 03:27:36', '2020-01-20 16:29:21'),
(7, 7, 0, 0.00, 0.00, 0.00, '2020-01-19 03:27:36', '2020-01-20 16:29:21'),
(8, 8, 0, 0.00, 0.00, 0.00, '2020-01-19 03:27:36', '2020-01-20 16:29:21'),
(9, 9, 0, 0.00, 0.00, 0.00, '2020-01-19 03:27:36', '2020-01-20 16:29:21'),
(10, 10, 0, 0.00, 0.00, 0.00, '2020-01-19 03:27:36', '2020-01-20 16:29:21'),
(11, 11, 0, 0.00, 0.00, 0.00, '2020-01-19 03:27:36', '2020-01-20 16:29:21'),
(12, 12, 0, 0.00, 0.00, 0.00, '2020-01-19 03:27:36', '2020-01-20 16:29:21'),
(13, 13, 0, 0.00, 0.00, 0.00, '2020-01-19 03:27:36', '2020-01-20 16:29:21'),
(14, 14, 0, 0.00, 0.00, 0.00, '2020-01-19 03:27:36', '2020-01-20 16:29:21'),
(15, 15, 0, 0.00, 0.00, 0.00, '2020-01-19 03:27:36', '2020-01-20 16:29:21'),
(16, 16, 0, 0.00, 0.00, 0.00, '2020-01-19 03:27:36', '2020-01-20 16:29:21'),
(17, 17, 0, 0.00, 0.00, 0.00, '2020-01-19 03:27:36', '2020-01-20 16:29:21'),
(18, 18, 0, 0.00, 0.00, 0.00, '2020-01-19 03:27:36', '2020-01-20 16:29:21'),
(19, 19, 0, 0.00, 0.00, 0.00, '2020-01-19 03:27:36', '2020-01-20 16:29:21'),
(20, 20, 0, 0.00, 0.00, 0.00, '2020-01-19 03:27:36', '2020-01-20 16:29:21'),
(21, 21, 0, 0.00, 0.00, 0.00, '2020-01-19 03:27:36', '2020-01-20 16:29:21'),
(22, 22, 0, 0.00, 0.00, 0.00, '2020-01-19 03:27:36', '2020-01-20 16:29:21'),
(23, 23, 0, 0.00, 0.00, 0.00, '2020-01-19 03:27:36', '2020-01-20 16:29:21'),
(24, 26, 0, 0.00, 0.00, 0.00, '2020-01-19 03:27:36', '2020-01-20 16:29:21'),
(25, 27, 0, 0.00, 0.00, 0.00, '2020-01-19 03:27:36', '2020-01-20 16:29:21'),
(26, 28, 0, 0.00, 0.00, 0.00, '2020-01-19 03:27:36', '2020-01-20 16:29:21'),
(27, 29, 0, 0.00, 0.00, 0.00, '2020-01-19 03:27:36', '2020-01-20 16:29:21'),
(28, 30, 0, 0.00, 0.00, 0.00, '2020-01-19 03:27:36', '2020-01-20 16:29:21'),
(29, 31, 0, 0.00, 0.00, 0.00, '2020-01-19 03:27:36', '2020-01-20 16:29:21'),
(30, 32, 0, 0.00, 0.00, 0.00, '2020-01-19 03:27:36', '2020-01-20 16:29:21'),
(31, 33, 0, 0.00, 0.00, 0.00, '2020-01-19 03:27:36', '2020-01-20 16:29:21'),
(32, 34, 0, 0.00, 0.00, 0.00, '2020-01-19 03:27:36', '2020-01-20 16:29:21'),
(33, 35, 0, 0.00, 0.00, 0.00, '2020-01-19 03:27:36', '2020-01-20 16:29:21'),
(34, 36, 0, 0.00, 0.00, 0.00, '2020-01-19 03:27:36', '2020-01-20 16:29:21'),
(35, 37, 0, 0.00, 0.00, 0.00, '2020-01-19 03:27:36', '2020-01-20 16:29:21'),
(36, 38, 0, 0.00, 0.00, 0.00, '2020-01-19 03:27:36', '2020-01-20 16:29:21'),
(37, 39, 0, 0.00, 0.00, 0.00, '2020-01-19 03:27:36', '2020-01-20 16:29:21'),
(38, 40, 0, 0.00, 0.00, 0.00, '2020-01-19 03:27:36', '2020-01-20 16:29:21'),
(39, 41, 0, 0.00, 0.00, 0.00, '2020-01-19 03:27:36', '2020-01-20 16:29:21'),
(40, 42, 0, 0.00, 0.00, 0.00, '2020-01-19 03:27:36', '2020-01-20 16:29:21'),
(41, 43, 0, 0.00, 0.00, 0.00, '2020-01-19 03:27:36', '2020-01-20 16:29:21'),
(42, 44, 0, 0.00, 0.00, 0.00, '2020-01-19 03:27:36', '2020-01-20 16:29:21'),
(43, 45, 0, 0.00, 0.00, 0.00, '2020-01-19 03:27:36', '2020-01-20 16:29:21'),
(44, 46, 0, 0.00, 0.00, 0.00, '2020-01-19 03:27:36', '2020-01-20 16:29:21'),
(45, 47, 0, 0.00, 0.00, 0.00, '2020-01-19 03:27:36', '2020-01-20 16:29:21'),
(46, 48, 0, 0.00, 0.00, 0.00, '2020-01-19 03:27:36', '2020-01-20 16:29:21'),
(47, 49, 0, 0.00, 0.00, 0.00, '2020-01-19 03:27:36', '2020-01-20 16:29:21'),
(48, 50, 0, 0.00, 0.00, 0.00, '2020-01-19 03:27:36', '2020-01-20 16:29:21'),
(49, 51, 0, 0.00, 0.00, 0.00, '2020-01-19 03:27:36', '2020-01-20 16:29:21'),
(50, 52, 0, 0.00, 0.00, 0.00, '2020-01-19 03:27:36', '2020-01-20 16:29:21'),
(51, 53, 0, 0.00, 0.00, 0.00, '2020-01-19 03:27:36', '2020-01-20 16:29:21'),
(52, 54, 0, 0.00, 0.00, 0.00, '2020-01-19 03:27:36', '2020-01-20 16:29:21'),
(53, 55, 0, 0.00, 0.00, 0.00, '2020-01-19 03:27:36', '2020-01-20 16:29:21'),
(54, 56, 0, 0.00, 0.00, 0.00, '2020-01-19 03:27:36', '2020-01-20 16:29:21'),
(55, 57, 0, 0.00, 0.00, 0.00, '2020-01-19 03:27:36', '2020-01-20 16:29:21'),
(56, 58, 0, 0.00, 0.00, 0.00, '2020-01-19 03:27:36', '2020-01-20 16:29:21'),
(57, 59, 0, 0.00, 0.00, 0.00, '2020-01-19 03:27:36', '2020-01-20 16:29:21'),
(58, 60, 0, 0.00, 0.00, 0.00, '2020-01-19 03:27:36', '2020-01-20 16:29:21'),
(59, 61, 0, 0.00, 0.00, 0.00, '2020-01-19 03:27:36', '2020-01-20 16:29:21'),
(60, 62, 0, 0.00, 0.00, 0.00, '2020-01-19 03:27:36', '2020-01-20 16:29:21'),
(61, 63, 0, 0.00, 0.00, 0.00, '2020-01-19 03:27:36', '2020-01-20 16:29:21'),
(62, 64, 0, 0.00, 0.00, 0.00, '2020-01-19 03:27:36', '2020-01-20 16:29:21'),
(63, 65, 0, 0.00, 0.00, 0.00, '2020-01-19 03:27:36', '2020-01-20 16:29:21'),
(64, 66, 0, 0.00, 0.00, 0.00, '2020-01-19 03:27:36', '2020-01-20 16:29:21'),
(65, 67, 0, 0.00, 0.00, 0.00, '2020-01-19 03:27:36', '2020-01-20 16:29:21'),
(66, 68, 0, 0.00, 0.00, 0.00, '2020-01-19 03:27:36', '2020-01-20 16:29:21'),
(67, 69, 0, 0.00, 0.00, 0.00, '2020-01-19 03:27:36', '2020-01-20 16:29:21'),
(68, 70, 0, 0.00, 0.00, 0.00, '2020-01-19 03:27:36', '2020-01-20 16:29:21'),
(69, 71, 0, 0.00, 0.00, 0.00, '2020-01-19 03:27:36', '2020-01-20 16:29:21'),
(70, 72, 0, 0.00, 0.00, 0.00, '2020-01-19 03:27:36', '2020-01-20 16:29:21'),
(71, 73, 0, 0.00, 0.00, 0.00, '2020-01-19 03:27:36', '2020-01-20 16:29:21'),
(72, 74, 0, 0.00, 0.00, 0.00, '2020-01-19 03:27:36', '2020-01-20 16:29:21'),
(73, 75, 0, 0.00, 0.00, 0.00, '2020-01-19 03:27:36', '2020-01-20 16:29:21'),
(74, 76, 0, 0.00, 0.00, 0.00, '2020-01-19 03:27:36', '2020-01-20 16:29:21'),
(75, 77, 0, 0.00, 0.00, 0.00, '2020-01-19 03:27:36', '2020-01-20 16:29:21'),
(76, 78, 0, 0.00, 0.00, 0.00, '2020-01-19 03:27:36', '2020-01-20 16:29:21'),
(77, 79, 0, 0.00, 0.00, 0.00, '2020-01-19 03:27:36', '2020-01-20 16:29:21'),
(78, 80, 0, 0.00, 0.00, 0.00, '2020-01-19 03:27:36', '2020-01-20 16:29:21'),
(79, 81, 0, 0.00, 0.00, 0.00, '2020-01-19 03:27:36', '2020-01-20 16:29:21'),
(80, 82, 0, 0.00, 0.00, 0.00, '2020-01-19 03:27:36', '2020-01-20 16:29:21'),
(81, 83, 0, 0.00, 0.00, 0.00, '2020-01-19 03:27:36', '2020-01-20 16:29:21'),
(82, 84, 0, 0.00, 0.00, 0.00, '2020-01-19 03:27:36', '2020-01-20 16:29:21'),
(83, 85, 0, 0.00, 0.00, 0.00, '2020-01-19 03:27:36', '2020-01-20 16:29:21'),
(84, 86, 0, 0.00, 0.00, 0.00, '2020-01-19 03:27:36', '2020-01-20 16:29:21'),
(85, 87, 0, 0.00, 0.00, 0.00, '2020-01-19 03:27:36', '2020-01-20 16:29:21'),
(86, 88, 0, 0.00, 0.00, 0.00, '2020-01-19 03:27:36', '2020-01-20 16:29:21'),
(87, 89, 0, 0.00, 0.00, 0.00, '2020-01-19 03:27:36', '2020-01-20 16:29:21'),
(88, 90, 0, 0.00, 0.00, 0.00, '2020-01-19 03:27:36', '2020-01-20 16:29:21'),
(89, 91, 0, 0.00, 0.00, 0.00, '2020-01-19 03:27:36', '2020-01-20 16:29:21'),
(90, 92, 0, 0.00, 0.00, 0.00, '2020-01-19 03:27:36', '2020-01-20 16:29:21'),
(91, 93, 0, 0.00, 0.00, 0.00, '2020-01-19 03:27:36', '2020-01-20 16:29:21'),
(92, 94, 0, 0.00, 0.00, 0.00, '2020-01-19 03:27:36', '2020-01-20 16:29:21'),
(93, 95, 0, 0.00, 0.00, 0.00, '2020-01-19 03:27:36', '2020-01-20 16:29:21'),
(94, 96, 0, 0.00, 0.00, 0.00, '2020-01-19 03:27:36', '2020-01-20 16:29:21'),
(95, 97, 0, 0.00, 0.00, 0.00, '2020-01-19 03:27:36', '2020-01-20 16:29:21'),
(96, 98, 0, 0.00, 0.00, 0.00, '2020-01-19 03:27:36', '2020-01-20 16:29:21'),
(97, 99, 0, 0.00, 0.00, 0.00, '2020-01-19 03:27:36', '2020-01-20 16:29:21'),
(98, 100, 0, 0.00, 0.00, 0.00, '2020-01-19 03:27:36', '2020-01-20 16:29:21'),
(99, 101, 0, 0.00, 0.00, 0.00, '2020-01-19 03:27:36', '2020-01-20 16:29:21'),
(100, 102, 0, 0.00, 0.00, 0.00, '2020-01-19 03:27:36', '2020-01-20 16:29:21'),
(101, 103, 0, 0.00, 0.00, 0.00, '2020-01-19 03:27:36', '2020-01-20 16:29:21'),
(102, 104, 0, 0.00, 0.00, 0.00, '2020-01-19 03:27:36', '2020-01-20 16:29:21'),
(103, 105, 0, 0.00, 0.00, 0.00, '2020-01-19 03:27:36', '2020-01-20 16:29:21'),
(104, 106, 0, 0.00, 0.00, 0.00, '2020-01-19 03:27:36', '2020-01-20 16:29:21'),
(105, 107, 0, 0.00, 0.00, 0.00, '2020-01-19 03:27:36', '2020-01-20 16:29:21'),
(106, 108, 0, 0.00, 0.00, 0.00, '2020-01-19 03:27:36', '2020-01-20 16:29:21'),
(107, 109, 0, 0.00, 0.00, 0.00, '2020-01-19 03:27:36', '2020-01-20 16:29:21'),
(108, 110, 0, 0.00, 0.00, 0.00, '2020-01-19 03:27:36', '2020-01-20 16:29:21'),
(109, 111, 0, 0.00, 0.00, 0.00, '2020-01-19 03:27:36', '2020-01-20 16:29:21'),
(110, 112, 0, 0.00, 0.00, 0.00, '2020-01-19 03:27:36', '2020-01-20 16:29:21'),
(111, 113, 0, 0.00, 0.00, 0.00, '2020-01-19 03:27:36', '2020-01-20 16:29:21'),
(112, 114, 0, 0.00, 0.00, 0.00, '2020-01-19 03:27:36', '2020-01-20 16:29:21'),
(113, 115, 0, 0.00, 0.00, 0.00, '2020-01-19 03:27:36', '2020-01-20 16:29:21'),
(114, 116, 0, 0.00, 0.00, 0.00, '2020-01-19 03:27:36', '2020-01-20 16:29:21'),
(115, 117, 0, 0.00, 0.00, 0.00, '2020-01-19 03:27:36', '2020-01-20 16:29:21'),
(116, 118, 0, 0.00, 0.00, 0.00, '2020-01-19 03:27:36', '2020-01-20 16:29:21'),
(117, 119, 0, 0.00, 0.00, 0.00, '2020-01-19 03:27:36', '2020-01-20 16:29:21'),
(118, 120, 0, 0.00, 0.00, 0.00, '2020-01-19 03:27:36', '2020-01-20 16:29:21'),
(119, 121, 0, 0.00, 0.00, 0.00, '2020-01-19 03:27:36', '2020-01-20 16:29:21'),
(120, 122, 0, 0.00, 0.00, 0.00, '2020-01-19 03:27:36', '2020-01-20 16:29:21'),
(121, 123, 0, 0.00, 0.00, 0.00, '2020-01-19 03:27:36', '2020-01-20 16:29:21'),
(122, 124, 0, 0.00, 0.00, 0.00, '2020-01-19 03:27:36', '2020-01-20 16:29:21'),
(123, 125, 0, 0.00, 0.00, 0.00, '2020-01-19 03:27:36', '2020-01-20 16:29:21'),
(124, 126, 0, 0.00, 0.00, 0.00, '2020-01-19 03:27:36', '2020-01-20 16:29:21'),
(125, 127, 0, 0.00, 0.00, 0.00, '2020-01-19 03:27:36', '2020-01-20 16:29:21'),
(126, 128, 0, 0.00, 0.00, 0.00, '2020-01-19 03:27:36', '2020-01-20 16:29:21'),
(127, 129, 0, 0.00, 0.00, 0.00, '2020-01-19 03:27:36', '2020-01-20 16:29:21'),
(128, 130, 0, 0.00, 0.00, 0.00, '2020-01-19 03:27:36', '2020-01-20 16:29:21'),
(129, 131, 0, 0.00, 0.00, 0.00, '2020-01-19 03:27:36', '2020-01-20 16:29:20'),
(130, 132, 0, 0.00, 0.00, 0.00, '2020-01-19 03:27:36', '2020-01-20 16:29:20'),
(131, 133, 0, 0.00, 0.00, 0.00, '2020-01-19 03:27:36', '2020-01-20 16:29:20'),
(132, 134, 0, 0.00, 0.00, 0.00, '2020-01-19 03:27:36', '2020-01-20 16:29:20'),
(133, 135, 0, 0.00, 0.00, 0.00, '2020-01-19 03:27:36', '2020-01-20 16:29:20'),
(134, 136, 0, 0.00, 0.00, 0.00, '2020-01-19 03:27:36', '2020-01-20 16:29:20'),
(135, 137, 0, 0.00, 0.00, 0.00, '2020-01-19 03:27:36', '2020-01-20 16:29:20'),
(136, 138, 0, 0.00, 0.00, 0.00, '2020-01-19 03:27:36', '2020-01-20 16:29:20'),
(137, 139, 0, 0.00, 0.00, 0.00, '2020-01-19 03:27:36', '2020-01-20 16:29:20'),
(138, 140, 0, 0.00, 0.00, 0.00, '2020-01-19 03:27:36', '2020-01-20 16:29:20'),
(139, 141, 0, 0.00, 0.00, 0.00, '2020-01-19 03:27:36', '2020-01-20 16:29:21'),
(140, 142, 0, 0.00, 0.00, 0.00, '2020-01-19 03:27:36', '2020-01-20 16:29:20'),
(141, 143, 0, 0.00, 0.00, 0.00, '2020-01-19 03:27:36', '2020-01-20 16:29:21'),
(142, 144, 0, 0.00, 0.00, 0.00, '2020-01-19 03:27:36', '2020-01-20 16:29:21'),
(143, 145, 0, 0.00, 0.00, 0.00, '2020-01-19 03:27:36', '2020-01-20 16:29:21'),
(144, 146, 0, 0.00, 0.00, 0.00, '2020-01-19 03:27:36', '2020-01-20 16:29:21'),
(145, 147, 0, 0.00, 0.00, 0.00, '2020-01-19 03:27:36', '2020-01-20 16:29:21'),
(146, 148, 0, 0.00, 0.00, 0.00, '2020-01-19 03:27:36', '2020-01-20 16:29:21'),
(147, 149, 0, 0.00, 0.00, 0.00, '2020-01-19 03:27:36', '2020-01-20 16:29:21'),
(148, 150, 0, 0.00, 0.00, 0.00, '2020-01-19 03:27:36', '2020-01-20 16:29:21'),
(149, 151, 0, 0.00, 0.00, 0.00, '2020-01-19 03:27:36', '2020-01-20 16:29:21'),
(150, 152, 0, 0.00, 0.00, 0.00, '2020-01-19 03:27:36', '2020-01-20 16:29:21'),
(151, 153, 0, 0.00, 0.00, 0.00, '2020-01-19 03:27:36', '2020-01-20 16:29:21'),
(152, 154, 0, 0.00, 0.00, 0.00, '2020-01-19 03:27:36', '2020-01-20 16:29:21'),
(153, 155, 0, 0.00, 0.00, 0.00, '2020-01-19 03:27:36', '2020-01-20 16:29:21'),
(154, 156, 0, 0.00, 0.00, 0.00, '2020-01-19 03:27:36', '2020-01-20 16:29:21'),
(155, 157, 0, 0.00, 0.00, 0.00, '2020-01-19 03:27:36', '2020-01-20 16:29:21'),
(156, 158, 0, 0.00, 0.00, 0.00, '2020-01-19 03:27:36', '2020-01-20 16:29:21'),
(157, 159, 0, 0.00, 0.00, 0.00, '2020-01-19 03:27:36', '2020-01-20 16:29:21'),
(158, 160, 0, 0.00, 0.00, 0.00, '2020-01-19 03:27:36', '2020-01-20 16:29:21'),
(159, 161, 0, 0.00, 1.00, -1.00, '2020-01-19 03:27:36', '2020-01-20 16:29:21'),
(160, 162, 0, 0.00, 0.00, 0.00, '2020-01-19 03:27:36', '2020-01-20 16:29:21'),
(161, 163, 0, 0.00, 0.00, 0.00, '2020-01-19 03:27:36', '2020-01-20 16:29:21'),
(162, 164, 0, 0.00, 0.00, 0.00, '2020-01-19 03:27:36', '2020-01-20 16:29:21'),
(163, 165, 0, 0.00, 0.00, 0.00, '2020-01-19 03:27:36', '2020-01-20 16:29:21'),
(164, 166, 0, 0.00, 0.00, 0.00, '2020-01-19 03:27:36', '2020-01-20 16:29:21'),
(165, 167, 0, 0.00, 0.00, 0.00, '2020-01-19 03:27:36', '2020-01-20 16:29:21'),
(166, 168, 0, 0.00, 0.00, 0.00, '2020-01-19 03:27:36', '2020-01-20 16:29:21'),
(167, 169, 0, 0.00, 0.00, 0.00, '2020-01-19 03:27:36', '2020-01-20 16:29:21'),
(168, 170, 0, 0.00, 0.00, 0.00, '2020-01-19 03:27:36', '2020-01-20 16:29:21'),
(169, 171, 0, 0.00, 0.00, 0.00, '2020-01-19 03:27:36', '2020-01-20 16:29:21'),
(170, 172, 0, 0.00, 0.00, 0.00, '2020-01-19 03:27:36', '2020-01-20 16:29:21'),
(171, 173, 0, 0.00, 0.00, 0.00, '2020-01-19 03:27:36', '2020-01-20 16:29:21'),
(172, 174, 0, 0.00, 0.00, 0.00, '2020-01-19 03:27:36', '2020-01-20 16:29:21'),
(173, 175, 0, 0.00, 0.00, 0.00, '2020-01-19 03:27:36', '2020-01-20 16:29:21'),
(174, 176, 0, 0.00, 0.00, 0.00, '2020-01-19 03:27:36', '2020-01-20 16:29:21'),
(175, 177, 0, 0.00, 0.00, 0.00, '2020-01-19 03:27:36', '2020-01-20 16:29:20'),
(176, 178, 0, 0.00, 0.00, 0.00, '2020-01-19 03:27:36', '2020-01-20 16:29:20'),
(177, 179, 0, 0.00, 0.00, 0.00, '2020-01-19 03:27:36', '2020-01-20 16:29:20'),
(178, 180, 0, 0.00, 0.00, 0.00, '2020-01-19 03:27:36', '2020-01-20 16:29:20'),
(179, 181, 0, 0.00, 0.00, 0.00, '2020-01-19 03:27:36', '2020-01-20 16:29:20'),
(180, 182, 0, 0.00, 0.00, 0.00, '2020-01-19 03:27:36', '2020-01-20 16:29:21'),
(181, 183, 0, 0.00, 0.00, 0.00, '2020-01-19 03:27:36', '2020-01-20 16:29:21'),
(182, 184, 0, 0.00, 0.00, 0.00, '2020-01-19 03:27:36', '2020-01-20 16:29:21'),
(183, 185, 0, 0.00, 0.00, 0.00, '2020-01-19 03:27:36', '2020-01-20 16:29:21'),
(184, 186, 0, 0.00, 0.00, 0.00, '2020-01-19 03:27:36', '2020-01-20 16:29:21'),
(185, 187, 0, 0.00, 0.00, 0.00, '2020-01-19 03:27:36', '2020-01-20 16:29:21'),
(186, 188, 0, 0.00, 0.00, 0.00, '2020-01-19 03:27:36', '2020-01-20 16:29:21'),
(187, 189, 0, 0.00, 0.00, 0.00, '2020-01-19 03:27:36', '2020-01-20 16:29:21'),
(188, 190, 0, 0.00, 0.00, 0.00, '2020-01-19 03:27:36', '2020-01-20 16:29:21'),
(189, 191, 0, 0.00, 0.00, 0.00, '2020-01-19 03:27:36', '2020-01-20 16:29:21'),
(190, 192, 0, 0.00, 0.00, 0.00, '2020-01-19 03:27:36', '2020-01-20 16:29:21'),
(191, 193, 0, 0.00, 0.00, 0.00, '2020-01-19 03:27:36', '2020-01-20 16:29:21'),
(192, 194, 0, 0.00, 0.00, 0.00, '2020-01-19 03:27:36', '2020-01-20 16:29:21'),
(193, 195, 0, 0.00, 0.00, 0.00, '2020-01-19 03:27:36', '2020-01-20 16:29:21'),
(194, 196, 0, 0.00, 0.00, 0.00, '2020-01-19 03:27:36', '2020-01-20 16:29:21'),
(195, 197, 0, 0.00, 0.00, 0.00, '2020-01-19 03:27:36', '2020-01-20 16:29:21'),
(196, 198, 0, 0.00, 0.00, 0.00, '2020-01-19 03:27:36', '2020-01-20 16:29:21'),
(197, 199, 0, 0.00, 0.00, 0.00, '2020-01-19 03:27:36', '2020-01-20 16:29:21'),
(198, 200, 0, 1.00, 0.00, -1.00, '2020-01-19 03:27:36', '2020-01-20 16:29:21'),
(199, 201, 0, 0.00, 0.00, 0.00, '2020-01-19 03:27:36', '2020-01-20 16:29:21'),
(200, 202, 0, 0.00, 0.00, 0.00, '2020-01-19 03:27:36', '2020-01-20 16:29:21'),
(201, 203, 0, 0.00, 0.00, 0.00, '2020-01-19 03:27:36', '2020-01-20 16:29:21'),
(202, 204, 0, 0.00, 0.00, 0.00, '2020-01-19 03:27:36', '2020-01-20 16:29:21'),
(203, 205, 0, 0.00, 0.00, 0.00, '2020-01-19 03:27:36', '2020-01-20 16:29:21'),
(204, 206, 0, 0.00, 0.00, 0.00, '2020-01-19 03:27:36', '2020-01-20 16:29:21'),
(205, 207, 0, 0.00, 0.00, 0.00, '2020-01-19 03:27:36', '2020-01-20 16:29:21'),
(206, 208, 0, 0.00, 0.00, 0.00, '2020-01-19 03:27:36', '2020-01-20 16:29:21'),
(207, 209, 0, 0.00, 0.00, 0.00, '2020-01-19 03:27:36', '2020-01-20 16:29:21'),
(208, 210, 0, 0.00, 0.00, 0.00, '2020-01-19 03:27:36', '2020-01-20 16:29:21'),
(209, 211, 0, 0.00, 0.00, 0.00, '2020-01-19 03:27:36', '2020-01-20 16:29:21'),
(210, 212, 0, 0.00, 0.00, 0.00, '2020-01-19 03:27:36', '2020-01-20 16:29:21'),
(211, 213, 0, 0.00, 0.00, 0.00, '2020-01-19 03:27:36', '2020-01-20 16:29:21'),
(212, 214, 0, 0.00, 0.00, 0.00, '2020-01-19 03:27:36', '2020-01-20 16:29:21'),
(213, 215, 0, 0.00, 0.00, 0.00, '2020-01-19 03:27:36', '2020-01-20 16:29:21'),
(214, 216, 0, 0.00, 0.00, 0.00, '2020-01-19 03:27:36', '2020-01-20 16:29:21'),
(215, 217, 0, 0.00, 0.00, 0.00, '2020-01-19 03:27:36', '2020-01-20 16:29:21'),
(216, 218, 0, 0.00, 0.00, 0.00, '2020-01-19 03:27:36', '2020-01-20 16:29:21'),
(217, 219, 0, 0.00, 0.00, 0.00, '2020-01-19 03:27:36', '2020-01-20 16:29:21'),
(218, 220, 0, 0.00, 0.00, 0.00, '2020-01-19 03:27:36', '2020-01-20 16:29:21'),
(219, 221, 0, 0.00, 0.00, 0.00, '2020-01-19 03:27:36', '2020-01-20 16:29:21'),
(220, 222, 0, 0.00, 0.00, 0.00, '2020-01-19 03:27:36', '2020-01-20 16:29:21'),
(221, 223, 0, 0.00, 0.00, 0.00, '2020-01-19 03:27:36', '2020-01-20 16:29:21'),
(222, 224, 0, 0.00, 0.00, 0.00, '2020-01-19 03:27:36', '2020-01-20 16:29:21'),
(223, 225, 0, 0.00, 0.00, 0.00, '2020-01-19 03:27:36', '2020-01-20 16:29:20'),
(224, 226, 0, 0.00, 0.00, 0.00, '2020-01-19 03:27:36', '2020-01-20 16:29:20'),
(225, 227, 0, 0.00, 0.00, 0.00, '2020-01-19 03:27:36', '2020-01-20 16:29:20'),
(226, 228, 0, 0.00, 0.00, 0.00, '2020-01-19 03:27:36', '2020-01-20 16:29:20'),
(227, 229, 0, 0.00, 0.00, 0.00, '2020-01-19 03:27:36', '2020-01-20 16:29:21'),
(228, 230, 0, 0.00, 0.00, 0.00, '2020-01-19 03:27:36', '2020-01-20 16:29:20'),
(229, 231, 0, 0.00, 0.00, 0.00, '2020-01-19 03:27:36', '2020-01-20 16:29:20'),
(230, 232, 0, 0.00, 0.00, 0.00, '2020-01-19 03:27:36', '2020-01-20 16:29:20'),
(231, 233, 0, 0.00, 0.00, 0.00, '2020-01-19 03:27:36', '2020-01-20 16:29:20'),
(232, 234, 0, 0.00, 0.00, 0.00, '2020-01-19 03:27:36', '2020-01-20 16:29:20'),
(233, 235, 0, 0.00, 0.00, 0.00, '2020-01-19 03:27:36', '2020-01-20 16:29:20'),
(234, 236, 0, 0.00, 0.00, 0.00, '2020-01-19 03:27:36', '2020-01-20 16:29:21'),
(235, 237, 0, 0.00, 0.00, 0.00, '2020-01-19 03:27:36', '2020-01-20 16:29:21'),
(236, 238, 0, 0.00, 0.00, 0.00, '2020-01-19 03:27:36', '2020-01-20 16:29:21'),
(237, 239, 0, 0.00, 0.00, 0.00, '2020-01-19 03:27:36', '2020-01-20 16:29:21'),
(238, 240, 0, 0.00, 0.00, 0.00, '2020-01-19 03:27:36', '2020-01-20 16:29:21'),
(239, 241, 0, 0.00, 0.00, 0.00, '2020-01-19 03:27:36', '2020-01-20 16:29:21'),
(240, 242, 0, 0.00, 0.00, 0.00, '2020-01-19 03:27:36', '2020-01-20 16:29:21'),
(241, 243, 0, 0.00, 0.00, 0.00, '2020-01-19 03:27:36', '2020-01-20 16:29:20'),
(242, 244, 0, 0.00, 0.00, 0.00, '2020-01-19 03:27:36', '2020-01-20 16:29:20'),
(243, 245, 0, 0.00, 0.00, 0.00, '2020-01-19 03:27:36', '2020-01-20 16:29:21'),
(244, 246, 0, 0.00, 0.00, 0.00, '2020-01-19 03:27:36', '2020-01-20 16:29:21'),
(245, 247, 0, 0.00, 0.00, 0.00, '2020-01-19 03:27:36', '2020-01-20 16:29:21'),
(246, 248, 0, 0.00, 0.00, 0.00, '2020-01-19 03:27:36', '2020-01-20 16:29:21'),
(247, 249, 0, 0.00, 0.00, 0.00, '2020-01-19 03:27:36', '2020-01-20 16:29:21'),
(248, 250, 0, 0.00, 0.00, 0.00, '2020-01-19 03:27:36', '2020-01-20 16:29:21'),
(249, 251, 0, 0.00, 0.00, 0.00, '2020-01-19 03:27:36', '2020-01-20 16:29:21'),
(250, 252, 0, 0.00, 0.00, 0.00, '2020-01-19 03:27:36', '2020-01-20 16:29:20'),
(251, 253, 0, 0.00, 0.00, 0.00, '2020-01-19 03:27:36', '2020-01-20 16:29:21'),
(252, 254, 0, 0.00, 0.00, 0.00, '2020-01-19 03:27:36', '2020-01-20 16:29:21'),
(253, 255, 0, 0.00, 0.00, 0.00, '2020-01-19 03:27:36', '2020-01-20 16:29:21'),
(254, 256, 0, 0.00, 0.00, 0.00, '2020-01-19 03:27:36', '2020-01-20 16:29:21'),
(255, 257, 0, 0.00, 0.00, 0.00, '2020-01-19 03:27:36', '2020-01-20 16:29:21'),
(256, 258, 0, 0.00, 0.00, 0.00, '2020-01-19 03:27:36', '2020-01-20 16:29:21'),
(257, 259, 0, 0.00, 0.00, 0.00, '2020-01-19 03:27:36', '2020-01-20 16:29:21'),
(258, 260, 0, 0.00, 0.00, 0.00, '2020-01-19 03:27:36', '2020-01-20 16:29:21'),
(259, 261, 0, 0.00, 0.00, 0.00, '2020-01-19 03:27:36', '2020-01-20 16:29:20'),
(260, 262, 0, 0.00, 0.00, 0.00, '2020-01-19 03:27:36', '2020-01-20 16:29:21'),
(261, 263, 0, 0.00, 0.00, 0.00, '2020-01-19 03:27:36', '2020-01-20 16:29:20'),
(262, 264, 0, 0.00, 0.00, 0.00, '2020-01-19 03:27:36', '2020-01-20 16:29:21'),
(263, 265, 0, 0.00, 0.00, 0.00, '2020-01-19 03:27:36', '2020-01-20 16:29:20'),
(264, 266, 0, 0.00, 0.00, 0.00, '2020-01-19 03:27:36', '2020-01-20 16:29:20'),
(265, 267, 0, 0.00, 0.00, 0.00, '2020-01-19 03:27:36', '2020-01-20 16:29:20'),
(266, 268, 0, 0.00, 0.00, 0.00, '2020-01-19 03:27:36', '2020-01-20 16:29:21'),
(267, 269, 0, 0.00, 0.00, 0.00, '2020-01-19 03:27:36', '2020-01-20 16:29:21'),
(268, 270, 0, 0.00, 0.00, 0.00, '2020-01-19 03:27:36', '2020-01-20 16:29:21'),
(269, 271, 0, 0.00, 0.00, 0.00, '2020-01-19 03:27:36', '2020-01-20 16:29:21'),
(270, 272, 0, 0.00, 0.00, 0.00, '2020-01-19 03:27:36', '2020-01-20 16:29:21'),
(271, 273, 0, 0.00, 0.00, 0.00, '2020-01-19 03:27:36', '2020-01-20 16:29:20'),
(272, 274, 0, 0.00, 0.00, 0.00, '2020-01-19 03:27:36', '2020-01-20 16:29:21'),
(273, 275, 0, 0.00, 0.00, 0.00, '2020-01-19 03:27:36', '2020-01-20 16:29:21'),
(274, 276, 0, 0.00, 0.00, 0.00, '2020-01-19 03:27:36', '2020-01-20 16:29:21'),
(275, 277, 0, 0.00, 0.00, 0.00, '2020-01-19 03:27:36', '2020-01-20 16:29:21'),
(276, 278, 0, 0.00, 0.00, 0.00, '2020-01-19 03:27:36', '2020-01-20 16:29:21'),
(277, 279, 0, 0.00, 0.00, 0.00, '2020-01-19 03:27:36', '2020-01-20 16:29:21'),
(278, 280, 0, 2.00, 1.00, 1.00, '2020-01-19 03:27:36', '2020-01-20 16:29:21'),
(279, 281, 0, 0.00, 0.00, 0.00, '2020-01-19 03:27:36', '2020-01-20 16:29:21'),
(280, 282, 0, 0.00, 0.00, 0.00, '2020-01-19 03:27:36', '2020-01-20 16:29:21'),
(281, 283, 0, 0.00, 0.00, 0.00, '2020-01-19 03:27:36', '2020-01-20 16:29:21'),
(282, 284, 0, 0.00, 0.00, 0.00, '2020-01-19 03:27:36', '2020-01-20 16:29:21'),
(283, 285, 0, 0.00, 0.00, 0.00, '2020-01-19 03:27:36', '2020-01-20 16:29:21'),
(284, 286, 0, 0.00, 0.00, 0.00, '2020-01-19 03:27:36', '2020-01-20 16:29:21'),
(285, 287, 0, 0.00, 0.00, 0.00, '2020-01-19 03:27:36', '2020-01-20 16:29:21'),
(286, 288, 0, 0.00, 0.00, 0.00, '2020-01-19 03:27:36', '2020-01-20 16:29:21'),
(287, 289, 0, 0.00, 0.00, 0.00, '2020-01-19 03:27:36', '2020-01-20 16:29:21'),
(288, 290, 0, 0.00, 0.00, 0.00, '2020-01-19 03:27:36', '2020-01-20 16:29:21'),
(289, 291, 0, 0.00, 0.00, 0.00, '2020-01-19 03:27:36', '2020-01-20 16:29:21'),
(290, 292, 0, 0.00, 0.00, 0.00, '2020-01-19 03:27:36', '2020-01-20 16:29:21'),
(291, 293, 0, 0.00, 0.00, 0.00, '2020-01-19 03:27:36', '2020-01-20 16:29:21'),
(292, 294, 0, 0.00, 0.00, 0.00, '2020-01-19 03:27:36', '2020-01-20 16:29:21'),
(293, 295, 0, 0.00, 0.00, 0.00, '2020-01-19 03:27:36', '2020-01-20 16:29:21'),
(294, 296, 0, 0.00, 0.00, 0.00, '2020-01-19 03:27:36', '2020-01-20 16:29:21'),
(295, 297, 0, 0.00, 0.00, 0.00, '2020-01-19 03:27:36', '2020-01-20 16:29:21'),
(296, 298, 0, 0.00, 0.00, 0.00, '2020-01-19 03:27:36', '2020-01-20 16:29:21'),
(297, 299, 0, 0.00, 0.00, 0.00, '2020-01-19 03:27:36', '2020-01-20 16:29:21'),
(298, 300, 0, 0.00, 0.00, 0.00, '2020-01-19 03:27:36', '2020-01-20 16:29:21'),
(299, 301, 0, 0.00, 0.00, 0.00, '2020-01-19 03:27:36', '2020-01-20 16:29:21'),
(300, 302, 0, 0.00, 0.00, 0.00, '2020-01-19 03:27:36', '2020-01-20 16:29:21'),
(301, 303, 0, 0.00, 0.00, 0.00, '2020-01-19 03:27:36', '2020-01-20 16:29:21'),
(302, 304, 0, 0.00, 0.00, 0.00, '2020-01-19 03:27:36', '2020-01-20 16:29:20'),
(303, 305, 0, 0.00, 0.00, 0.00, '2020-01-19 03:27:36', '2020-01-20 16:29:20'),
(304, 306, 0, 0.00, 1.00, -1.00, '2020-01-19 03:27:36', '2020-01-20 16:29:21'),
(305, 307, 0, 0.00, 0.00, 0.00, '2020-01-19 03:27:36', '2020-01-20 16:29:21'),
(306, 308, 0, 0.00, 0.00, 0.00, '2020-01-19 03:27:36', '2020-01-20 16:29:21'),
(307, 309, 0, 0.00, 0.00, 0.00, '2020-01-19 03:27:36', '2020-01-20 16:29:21'),
(308, 310, 0, 0.00, 0.00, 0.00, '2020-01-19 03:27:36', '2020-01-20 16:29:20'),
(309, 311, 0, 0.00, 0.00, 0.00, '2020-01-19 03:27:36', '2020-01-20 16:29:21'),
(310, 312, 0, 0.00, 0.00, 0.00, '2020-01-19 03:27:36', '2020-01-20 16:29:21'),
(311, 313, 0, 0.00, 0.00, 0.00, '2020-01-19 03:27:36', '2020-01-20 16:29:21'),
(312, 314, 0, 0.00, 0.00, 0.00, '2020-01-19 03:27:36', '2020-01-20 16:29:21'),
(313, 315, 0, 0.00, 0.00, 0.00, '2020-01-19 03:27:36', '2020-01-20 16:29:21'),
(314, 316, 0, 0.00, 0.00, 0.00, '2020-01-19 03:27:36', '2020-01-20 16:29:21'),
(315, 317, 0, 0.00, 0.00, 0.00, '2020-01-19 03:27:36', '2020-01-20 16:29:21'),
(316, 318, 0, 0.00, 0.00, 0.00, '2020-01-19 03:27:36', '2020-01-20 16:29:21'),
(317, 319, 0, 0.00, 0.00, 0.00, '2020-01-19 03:27:36', '2020-01-20 16:29:21'),
(318, 320, 0, 0.00, 0.00, 0.00, '2020-01-19 03:27:36', '2020-01-20 16:29:21'),
(319, 321, 0, 0.00, 0.00, 0.00, '2020-01-19 03:27:36', '2020-01-20 16:29:21'),
(320, 322, 0, 0.00, 0.00, 0.00, '2020-01-19 03:27:36', '2020-01-20 16:29:20'),
(321, 323, 0, 0.00, 0.00, 0.00, '2020-01-19 03:27:36', '2020-01-20 16:29:21'),
(322, 324, 0, 0.00, 1.00, 1.00, '2020-01-19 03:27:36', '2020-01-20 16:29:21'),
(323, 325, 0, 0.00, 0.00, 0.00, '2020-01-19 03:27:36', '2020-01-20 16:29:21'),
(324, 326, 0, 0.00, 0.00, 0.00, '2020-01-19 03:27:36', '2020-01-20 16:29:20'),
(325, 327, 0, 0.00, 0.00, 0.00, '2020-01-19 03:27:36', '2020-01-20 16:29:21'),
(326, 328, 0, 0.00, 0.00, 0.00, '2020-01-19 03:27:36', '2020-01-20 16:29:21'),
(327, 329, 0, 0.00, 0.00, 0.00, '2020-01-19 03:27:36', '2020-01-20 16:29:21'),
(328, 330, 0, 0.00, 0.00, 0.00, '2020-01-19 03:27:36', '2020-01-20 16:29:21'),
(329, 331, 0, 0.00, 0.00, 0.00, '2020-01-19 03:27:36', '2020-01-20 16:29:20'),
(330, 332, 0, 0.00, 0.00, 0.00, '2020-01-19 03:27:36', '2020-01-20 16:29:21'),
(331, 333, 0, 0.00, 0.00, 0.00, '2020-01-19 03:27:36', '2020-01-20 16:29:21'),
(332, 334, 0, 0.00, 0.00, 0.00, '2020-01-19 03:27:36', '2020-01-20 16:29:21'),
(333, 335, 0, 0.00, 0.00, 0.00, '2020-01-19 03:27:36', '2020-01-20 16:29:21'),
(334, 336, 0, 0.00, 0.00, 0.00, '2020-01-19 03:27:36', '2020-01-20 16:29:21'),
(335, 337, 0, 0.00, 0.00, 0.00, '2020-01-19 03:27:36', '2020-01-20 16:29:20'),
(336, 338, 0, 0.00, 0.00, 0.00, '2020-01-19 03:27:36', '2020-01-20 16:29:21'),
(337, 339, 0, 0.00, 0.00, 0.00, '2020-01-19 03:27:36', '2020-01-20 16:29:20'),
(338, 340, 0, 0.00, 0.00, 0.00, '2020-01-19 03:27:36', '2020-01-20 16:29:20'),
(339, 341, 0, 0.00, 0.00, 0.00, '2020-01-19 03:27:36', '2020-01-20 16:29:21'),
(340, 342, 0, 0.00, 0.00, 0.00, '2020-01-19 03:27:36', '2020-01-20 16:29:21'),
(341, 343, 0, 0.00, 0.00, 0.00, '2020-01-19 03:27:36', '2020-01-20 16:29:20'),
(342, 344, 0, 0.00, 0.00, 0.00, '2020-01-19 03:27:36', '2020-01-20 16:29:21'),
(343, 345, 0, 0.00, 0.00, 0.00, '2020-01-19 03:27:36', '2020-01-20 16:29:21'),
(344, 346, 0, 0.00, 0.00, 0.00, '2020-01-19 03:27:36', '2020-01-20 16:29:21'),
(345, 347, 0, 0.00, 0.00, 0.00, '2020-01-19 03:27:36', '2020-01-20 16:29:21'),
(346, 348, 0, 0.00, 0.00, 0.00, '2020-01-19 03:27:36', '2020-01-20 16:29:21'),
(347, 349, 0, 0.00, 0.00, 0.00, '2020-01-19 03:27:37', '2020-01-20 16:29:21'),
(348, 350, 0, 0.00, 0.00, 0.00, '2020-01-19 03:27:37', '2020-01-20 16:29:21'),
(349, 351, 0, 0.00, 0.00, 0.00, '2020-01-19 03:27:37', '2020-01-20 16:29:21'),
(350, 352, 0, 0.00, 0.00, 0.00, '2020-01-19 03:27:37', '2020-01-20 16:29:21'),
(351, 353, 0, 0.00, 0.00, 0.00, '2020-01-19 03:27:37', '2020-01-20 16:29:20'),
(371, 373, 0, 0.00, 0.00, 0.00, '2020-01-19 03:27:37', '2020-01-20 16:29:21'),
(374, 376, 0, 0.00, 0.00, 0.00, '2020-01-19 03:27:37', '2020-01-20 16:29:21'),
(417, 419, 0, 0.00, 0.00, 0.00, '2020-01-19 03:27:37', '2020-01-20 16:29:21'),
(418, 420, 0, 0.00, 0.00, 0.00, '2020-01-19 03:27:37', '2020-01-20 16:29:21'),
(419, 421, 0, 0.00, 0.00, 0.00, '2020-01-19 03:27:37', '2020-01-20 16:29:21'),
(429, 431, 0, 0.00, 0.00, 0.00, '2020-01-19 03:27:37', '2020-01-20 16:29:21'),
(430, 432, 0, 0.00, 0.00, 0.00, '2020-01-19 03:27:37', '2020-01-20 16:29:21'),
(438, 440, 0, 0.00, 0.00, 0.00, '2020-01-19 03:27:37', '2020-01-20 16:29:21'),
(439, 441, 0, 0.00, 0.00, 0.00, '2020-01-19 03:27:37', '2020-01-20 16:29:21'),
(440, 442, 0, 0.00, 0.00, 0.00, '2020-01-19 03:27:37', '2020-01-20 16:29:21'),
(446, 448, 0, 0.00, 0.00, 0.00, '2020-01-19 03:27:37', '2020-01-20 16:29:21'),
(447, 449, 0, 0.00, 0.00, 0.00, '2020-01-19 03:27:37', '2020-01-20 16:29:21'),
(448, 450, 0, 0.00, 0.00, 0.00, '2020-01-19 03:27:37', '2020-01-20 16:29:21'),
(451, 453, 0, 0.00, 0.00, 0.00, '2020-01-19 03:27:37', '2020-01-20 16:29:21'),
(452, 455, 0, 1.00, 0.00, 1.00, '2020-01-19 03:27:37', '2020-01-20 16:29:20'),
(454, 353, 1, 0.00, 3000.00, 0.00, '2020-01-20 12:27:03', '2020-01-20 12:55:35'),
(455, 4, 1, 3000.00, 0.00, 0.00, '2020-01-20 12:27:03', '2020-01-20 12:55:35'),
(456, 298, 2, 0.00, 21210.00, 0.00, '2020-01-21 09:22:45', '2020-01-21 11:40:51'),
(457, 353, 2, 84149.00, 49214.00, 0.00, '2020-01-21 09:22:45', '2020-01-22 12:19:57'),
(458, 79, 2, 550.00, 434.00, 0.00, '2020-01-21 11:59:38', '2020-01-22 11:04:35'),
(459, 7, 2, 0.00, 60001.00, 0.00, '2020-01-21 12:02:14', '2020-01-21 20:18:10'),
(460, 138, 2, 0.00, 1000.00, 0.00, '2020-01-21 12:47:40', '2020-01-21 12:47:40'),
(461, 8, 2, 41805.00, 0.00, 0.00, '2020-01-21 13:19:52', '2020-01-22 12:19:57'),
(462, 12, 2, 0.00, 1000.00, 0.00, '2020-01-21 18:38:33', '2020-01-21 18:38:33'),
(463, 60, 2, 0.00, 434.00, 0.00, '2020-01-21 18:42:54', '2020-01-21 18:42:54'),
(464, 15, 2, 0.00, 70.00, 0.00, '2020-01-21 19:04:56', '2020-01-21 19:04:56'),
(465, 96, 2, 424.00, 0.00, 0.00, '2020-01-22 11:04:34', '2020-01-22 11:04:34'),
(466, 17, 2, 4600.00, 0.00, 0.00, '2020-01-22 11:04:34', '2020-01-22 11:04:34'),
(467, 115, 2, 95.00, 0.00, 0.00, '2020-01-22 11:04:34', '2020-01-22 11:04:34'),
(468, 157, 2, 640.00, 0.00, 0.00, '2020-01-22 11:04:35', '2020-01-22 11:04:35'),
(469, 86, 2, 1100.00, 0.00, 0.00, '2020-01-22 11:04:35', '2020-01-22 11:04:35');

-- --------------------------------------------------------

--
-- Table structure for table `dates`
--

CREATE TABLE `dates` (
  `id` int(10) UNSIGNED NOT NULL,
  `date` date NOT NULL,
  `status` int(10) UNSIGNED NOT NULL DEFAULT '0',
  `created_at` timestamp NULL DEFAULT NULL,
  `updated_at` timestamp NULL DEFAULT NULL
) ENGINE=InnoDB DEFAULT CHARSET=utf8mb4 COLLATE=utf8mb4_unicode_ci;

--
-- Dumping data for table `dates`
--

INSERT INTO `dates` (`id`, `date`, `status`, `created_at`, `updated_at`) VALUES
(1, '2019-12-31', 1, NULL, '2020-01-20 16:30:41'),
(2, '2020-01-01', 0, '2020-01-20 16:30:41', '2020-01-20 16:30:41');

-- --------------------------------------------------------

--
-- Table structure for table `deliveries`
--

CREATE TABLE `deliveries` (
  `id` int(10) UNSIGNED NOT NULL,
  `stock_id` int(10) UNSIGNED NOT NULL,
  `date_id` int(10) UNSIGNED NOT NULL,
  `quantity` smallint(6) NOT NULL DEFAULT '0',
  `created_at` timestamp NULL DEFAULT NULL,
  `updated_at` timestamp NULL DEFAULT NULL
) ENGINE=InnoDB DEFAULT CHARSET=utf8mb4 COLLATE=utf8mb4_unicode_ci;

-- --------------------------------------------------------

--
-- Table structure for table `e1_departments`
--

CREATE TABLE `e1_departments` (
  `id` int(10) UNSIGNED NOT NULL,
  `name` varchar(100) COLLATE utf8mb4_unicode_ci NOT NULL,
  `description` varchar(255) COLLATE utf8mb4_unicode_ci DEFAULT NULL,
  `created_at` timestamp NULL DEFAULT NULL,
  `updated_at` timestamp NULL DEFAULT NULL
) ENGINE=InnoDB DEFAULT CHARSET=utf8mb4 COLLATE=utf8mb4_unicode_ci;

--
-- Dumping data for table `e1_departments`
--

INSERT INTO `e1_departments` (`id`, `name`, `description`, `created_at`, `updated_at`) VALUES
(1, 'Test', NULL, '2019-12-05 00:16:52', NULL),
(4, 'Department', NULL, '2019-12-06 23:15:30', NULL),
(5, 'Name', NULL, '2019-12-13 05:10:30', NULL);

-- --------------------------------------------------------

--
-- Table structure for table `e2_employee_designations`
--

CREATE TABLE `e2_employee_designations` (
  `id` int(10) UNSIGNED NOT NULL,
  `name` varchar(100) COLLATE utf8mb4_unicode_ci NOT NULL,
  `description` varchar(255) COLLATE utf8mb4_unicode_ci DEFAULT NULL,
  `created_at` timestamp NULL DEFAULT NULL,
  `updated_at` timestamp NULL DEFAULT NULL
) ENGINE=InnoDB DEFAULT CHARSET=utf8mb4 COLLATE=utf8mb4_unicode_ci;

--
-- Dumping data for table `e2_employee_designations`
--

INSERT INTO `e2_employee_designations` (`id`, `name`, `description`, `created_at`, `updated_at`) VALUES
(1, 'Deputy Director', '', '2019-09-09 13:36:14', NULL),
(2, 'Asst. Director', '', '2019-09-09 13:36:29', NULL),
(3, 'Manager', '', '2019-09-09 13:36:38', NULL),
(4, 'Accounts Officer', '', '2019-09-09 13:36:43', NULL),
(5, 'Service Manager', '', '2019-10-06 22:36:35', NULL),
(6, 'Receptionist', '', '2019-10-06 22:37:02', NULL),
(7, 'Electric Officer', '', '2019-10-06 22:37:29', NULL),
(8, 'Service Officer', '', '2019-10-06 22:37:49', NULL),
(9, 'Guard', '', '2019-10-06 22:38:13', NULL);

-- --------------------------------------------------------

--
-- Table structure for table `e3_salary_grades`
--

CREATE TABLE `e3_salary_grades` (
  `id` int(10) UNSIGNED NOT NULL,
  `name` varchar(30) COLLATE utf8mb4_unicode_ci NOT NULL,
  `type` smallint(6) NOT NULL,
  `provident_fund` varchar(191) COLLATE utf8mb4_unicode_ci NOT NULL,
  `basic_salary` varchar(191) COLLATE utf8mb4_unicode_ci NOT NULL,
  `transportation_allowance` varchar(191) COLLATE utf8mb4_unicode_ci NOT NULL,
  `dinning_allowance` varchar(191) COLLATE utf8mb4_unicode_ci NOT NULL,
  `other_allowance` varchar(191) COLLATE utf8mb4_unicode_ci NOT NULL,
  `home_rent` varchar(191) COLLATE utf8mb4_unicode_ci NOT NULL,
  `gross_salary` varchar(191) COLLATE utf8mb4_unicode_ci NOT NULL,
  `note` varchar(191) COLLATE utf8mb4_unicode_ci DEFAULT NULL,
  `created_at` timestamp NULL DEFAULT NULL,
  `updated_at` timestamp NULL DEFAULT NULL
) ENGINE=InnoDB DEFAULT CHARSET=utf8mb4 COLLATE=utf8mb4_unicode_ci;

--
-- Dumping data for table `e3_salary_grades`
--

INSERT INTO `e3_salary_grades` (`id`, `name`, `type`, `provident_fund`, `basic_salary`, `transportation_allowance`, `dinning_allowance`, `other_allowance`, `home_rent`, `gross_salary`, `note`, `created_at`, `updated_at`) VALUES
(1, 'SALARY GRADE test', 1, '300', '2000', '1000', '100', '200', '500', '500', 'Note', '2019-12-05 07:53:57', NULL);

-- --------------------------------------------------------

--
-- Table structure for table `e4_employees`
--

CREATE TABLE `e4_employees` (
  `id` int(10) UNSIGNED NOT NULL,
  `department_id` int(10) UNSIGNED NOT NULL,
  `type_id` enum('0','3','5') COLLATE utf8mb4_unicode_ci NOT NULL DEFAULT '0',
  `name` varchar(191) COLLATE utf8mb4_unicode_ci NOT NULL,
  `date_of_birth` date DEFAULT NULL,
  `phone` varchar(191) COLLATE utf8mb4_unicode_ci DEFAULT NULL,
  `address` varchar(191) COLLATE utf8mb4_unicode_ci DEFAULT NULL,
  `blood_group` char(10) COLLATE utf8mb4_unicode_ci DEFAULT NULL,
  `designation_id` int(10) UNSIGNED NOT NULL DEFAULT '0',
  `salary_grade_id` int(10) UNSIGNED NOT NULL DEFAULT '0',
  `emergency_contact` char(30) COLLATE utf8mb4_unicode_ci DEFAULT NULL,
  `other` text COLLATE utf8mb4_unicode_ci,
  `created_at` timestamp NULL DEFAULT NULL,
  `updated_at` timestamp NULL DEFAULT NULL
) ENGINE=InnoDB DEFAULT CHARSET=utf8mb4 COLLATE=utf8mb4_unicode_ci;

--
-- Dumping data for table `e4_employees`
--

INSERT INTO `e4_employees` (`id`, `department_id`, `type_id`, `name`, `date_of_birth`, `phone`, `address`, `blood_group`, `designation_id`, `salary_grade_id`, `emergency_contact`, `other`, `created_at`, `updated_at`) VALUES
(3, 4, '0', 'Noor-Mahmud', '1983-12-01', '01708559695', 'vill: Momtola,Po: Komlakanda,Ps: Komlakanda,Dist: Netrokona.', 'A+', 2, 1, '01708559695', NULL, '2020-01-20 11:47:48', '2020-01-20 11:47:48'),
(4, 4, '0', 'Polash Kumar Saha', '1989-10-25', '01708559670', 'vill: 45 Boro Bazar,Po: Sadar,Ps: Sadar,Dist: Mymensigh.', 'B+', 3, 1, '01708559670', NULL, '2020-01-20 11:52:22', '2020-01-20 11:52:22'),
(5, 4, '0', 'Abul Kalam Azad', '1992-02-10', '01717053629', 'vill: Anbharia Naya Para,Po: Rampur Bazar,Ps: Sherpur Sadar,Dist: Sherpur.', 'B+', 4, 1, '01717053629', NULL, '2020-01-20 11:58:43', '2020-01-20 11:58:43'),
(6, 4, '0', 'Tumpa Goswami', '1992-08-10', '01708559668', 'vill: Aquya Purbo Naya para,Po: Sadar,Ps: Sadar,Dist: Mymensigh.', 'O+', 6, 1, '01708559668', NULL, '2020-01-20 12:01:48', '2020-01-20 12:01:48'),
(7, 4, '0', 'Amol Kumar Paul', '1988-04-09', '01708559667', 'vill: Dhangora,Po: Dhangora,Ps: Raigonj,Dist: Sirejgonj.', 'B+', 5, 1, '01708559667', NULL, '2020-01-20 12:05:04', '2020-01-20 12:05:04');

-- --------------------------------------------------------

--
-- Table structure for table `e5_leave_categories`
--

CREATE TABLE `e5_leave_categories` (
  `id` int(10) UNSIGNED NOT NULL,
  `name` varchar(191) COLLATE utf8mb4_unicode_ci NOT NULL,
  `details` varchar(191) COLLATE utf8mb4_unicode_ci DEFAULT NULL,
  `created_at` timestamp NULL DEFAULT NULL,
  `updated_at` timestamp NULL DEFAULT NULL
) ENGINE=InnoDB DEFAULT CHARSET=utf8mb4 COLLATE=utf8mb4_unicode_ci;

--
-- Dumping data for table `e5_leave_categories`
--

INSERT INTO `e5_leave_categories` (`id`, `name`, `details`, `created_at`, `updated_at`) VALUES
(1, 'Name2', NULL, '2019-12-13 05:16:20', NULL);

-- --------------------------------------------------------

--
-- Table structure for table `e6_leaves`
--

CREATE TABLE `e6_leaves` (
  `id` int(10) UNSIGNED NOT NULL,
  `name` varchar(100) COLLATE utf8mb4_unicode_ci NOT NULL,
  `duration` varchar(191) COLLATE utf8mb4_unicode_ci NOT NULL,
  `leave_category_id` int(10) UNSIGNED NOT NULL,
  `description` varchar(255) COLLATE utf8mb4_unicode_ci DEFAULT NULL,
  `created_at` timestamp NULL DEFAULT NULL,
  `updated_at` timestamp NULL DEFAULT NULL
) ENGINE=InnoDB DEFAULT CHARSET=utf8mb4 COLLATE=utf8mb4_unicode_ci;

-- --------------------------------------------------------

--
-- Table structure for table `guests`
--

CREATE TABLE `guests` (
  `id` int(10) UNSIGNED NOT NULL,
  `name` varchar(191) COLLATE utf8mb4_unicode_ci NOT NULL,
  `org_name` varchar(191) COLLATE utf8mb4_unicode_ci DEFAULT NULL,
  `designation` varchar(191) COLLATE utf8mb4_unicode_ci DEFAULT NULL,
  `contact_no` varchar(191) COLLATE utf8mb4_unicode_ci NOT NULL,
  `address` text COLLATE utf8mb4_unicode_ci,
  `appearance` int(10) UNSIGNED NOT NULL DEFAULT '1',
  `created_at` timestamp NULL DEFAULT NULL,
  `updated_at` timestamp NULL DEFAULT NULL
) ENGINE=InnoDB DEFAULT CHARSET=utf8mb4 COLLATE=utf8mb4_unicode_ci;

--
-- Dumping data for table `guests`
--

INSERT INTO `guests` (`id`, `name`, `org_name`, `designation`, `contact_no`, `address`, `appearance`, `created_at`, `updated_at`) VALUES
(1, 'Md. Arif Molla', 'zero', 'staff', '01708454647', 'Dhaka', 2, '2020-01-21 09:22:45', '2020-01-21 09:24:00'),
(2, 'DBBL', 'DBBL', 'fds', '01674391006', 'gfds', 1, '2020-01-21 09:51:30', '2020-01-21 09:51:30'),
(3, 'Amin Hossain', 'mmc', 'manager', '01717087990', 'Dhaka', 1, '2020-01-21 11:33:37', '2020-01-21 11:33:37'),
(4, 'Nazmul Hussion', 'labid', 'gm', '01712546745', 'mymensings', 1, '2020-01-21 11:39:55', '2020-01-21 11:39:55'),
(5, 'Azad Group', 'Azad Group', 'pm', '7575757', 'mym', 1, '2020-01-21 12:02:14', '2020-01-21 12:02:14'),
(6, 'Md. Shahid', 'Scinelab', 'pm', '01717053629', 'Dhaka', 7, '2020-01-21 12:26:12', '2020-01-22 11:37:38'),
(7, 'Md. Sagor', 'Labaid', 'SR', '01914561645', 'Dhaka', 1, '2020-01-21 12:54:42', '2020-01-21 12:54:42'),
(8, 'Abdul Alim khan', 'gfdsdfg', 'bgvfd', '01927867879', 'gfds', 1, '2020-01-21 19:34:26', '2020-01-21 19:34:26'),
(9, 'Dr. Md. Sazzad Hossain', 'Popular', 'ds', '01712245451', 'dfds', 1, '2020-01-21 20:18:10', '2020-01-21 20:18:10');

-- --------------------------------------------------------

--
-- Table structure for table `h1_building_types`
--

CREATE TABLE `h1_building_types` (
  `id` int(10) UNSIGNED NOT NULL,
  `name` varchar(100) COLLATE utf8mb4_unicode_ci NOT NULL,
  `description` varchar(255) COLLATE utf8mb4_unicode_ci DEFAULT NULL,
  `created_at` timestamp NULL DEFAULT NULL,
  `updated_at` timestamp NULL DEFAULT NULL
) ENGINE=InnoDB DEFAULT CHARSET=utf8mb4 COLLATE=utf8mb4_unicode_ci;

--
-- Dumping data for table `h1_building_types`
--

INSERT INTO `h1_building_types` (`id`, `name`, `description`, `created_at`, `updated_at`) VALUES
(1, 'Normal', NULL, NULL, NULL);

-- --------------------------------------------------------

--
-- Table structure for table `h2_buildings`
--

CREATE TABLE `h2_buildings` (
  `id` int(10) UNSIGNED NOT NULL,
  `name` varchar(100) COLLATE utf8mb4_unicode_ci NOT NULL,
  `building_type` int(10) UNSIGNED NOT NULL,
  `description` varchar(255) COLLATE utf8mb4_unicode_ci DEFAULT NULL,
  `created_at` timestamp NULL DEFAULT NULL,
  `updated_at` timestamp NULL DEFAULT NULL
) ENGINE=InnoDB DEFAULT CHARSET=utf8mb4 COLLATE=utf8mb4_unicode_ci;

--
-- Dumping data for table `h2_buildings`
--

INSERT INTO `h2_buildings` (`id`, `name`, `building_type`, `description`, `created_at`, `updated_at`) VALUES
(1, 'Aspada Training Academy', 1, NULL, NULL, NULL);

-- --------------------------------------------------------

--
-- Table structure for table `h3_floor_types`
--

CREATE TABLE `h3_floor_types` (
  `id` int(10) UNSIGNED NOT NULL,
  `name` varchar(100) COLLATE utf8mb4_unicode_ci NOT NULL,
  `description` varchar(255) COLLATE utf8mb4_unicode_ci DEFAULT NULL,
  `created_at` timestamp NULL DEFAULT NULL,
  `updated_at` timestamp NULL DEFAULT NULL
) ENGINE=InnoDB DEFAULT CHARSET=utf8mb4 COLLATE=utf8mb4_unicode_ci;

--
-- Dumping data for table `h3_floor_types`
--

INSERT INTO `h3_floor_types` (`id`, `name`, `description`, `created_at`, `updated_at`) VALUES
(1, 'Ground', 'This is Ground type floor.', '2019-11-15 13:05:39', NULL),
(2, 'Normal', 'This is normal type of floor.', '2019-11-15 13:06:11', NULL);

-- --------------------------------------------------------

--
-- Table structure for table `h4_floors`
--

CREATE TABLE `h4_floors` (
  `id` int(10) UNSIGNED NOT NULL,
  `building_id` int(10) UNSIGNED NOT NULL,
  `name` varchar(100) COLLATE utf8mb4_unicode_ci NOT NULL,
  `floor_type` int(10) UNSIGNED NOT NULL,
  `description` varchar(255) COLLATE utf8mb4_unicode_ci DEFAULT NULL,
  `created_at` timestamp NULL DEFAULT NULL,
  `updated_at` timestamp NULL DEFAULT NULL
) ENGINE=InnoDB DEFAULT CHARSET=utf8mb4 COLLATE=utf8mb4_unicode_ci;

--
-- Dumping data for table `h4_floors`
--

INSERT INTO `h4_floors` (`id`, `building_id`, `name`, `floor_type`, `description`, `created_at`, `updated_at`) VALUES
(1, 1, 'Ground Floor', 1, 'This is Ground Floor.', '2019-11-15 14:42:56', NULL),
(2, 1, 'Floor-1', 2, 'This is Floor-1.', '2019-11-15 14:46:19', NULL),
(3, 1, 'Floor-2', 2, 'This is Floor-2', '2019-11-15 14:46:41', NULL),
(4, 1, 'Floor-3', 2, 'This is Floor-3.', '2019-11-15 14:47:08', NULL),
(5, 1, 'Floor-4', 2, 'This is Floor-4', '2019-11-15 14:48:09', NULL);

-- --------------------------------------------------------

--
-- Table structure for table `h5_room_categories`
--

CREATE TABLE `h5_room_categories` (
  `id` int(10) UNSIGNED NOT NULL,
  `name` varchar(100) COLLATE utf8mb4_unicode_ci NOT NULL,
  `price` int(11) NOT NULL,
  `vat` int(11) NOT NULL,
  `description` varchar(255) COLLATE utf8mb4_unicode_ci DEFAULT NULL,
  `image` varchar(60) COLLATE utf8mb4_unicode_ci DEFAULT NULL,
  `created_at` timestamp NULL DEFAULT NULL,
  `updated_at` timestamp NULL DEFAULT NULL
) ENGINE=InnoDB DEFAULT CHARSET=utf8mb4 COLLATE=utf8mb4_unicode_ci;

--
-- Dumping data for table `h5_room_categories`
--

INSERT INTO `h5_room_categories` (`id`, `name`, `price`, `vat`, `description`, `image`, `created_at`, `updated_at`) VALUES
(5, 'A/C Single', 2000, 10, 'Enjoy our Presidential Suite', 'bjr_executive-suite.jpg', '2019-11-15 08:54:08', NULL),
(6, 'A/C Double', 4000, 10, 'Enjoy our Presidential Suite', 'XI6_room5.jpg', '2019-11-15 08:55:17', NULL),
(7, 'Single', 1500, 10, 'Enjoy our Presidential Suite', 'WoM_room3.jpg', '2019-11-15 08:55:58', NULL),
(8, 'Double', 3000, 10, 'Enjoy our Presidential Suite', 'tzl_executive-suite.jpg', '2019-11-15 08:56:19', NULL),
(10, 'A/C 3 Bed', 6000, 10, 'Enjoy our Presidential Suite', 'cwc_room5.jpg', '2019-11-15 09:00:05', NULL),
(11, 'A/C 4 Bed', 8000, 10, 'Enjoy our Presidential Suite', 'tGr_room3.jpg', '2019-11-15 09:00:29', NULL),
(12, '3 Bed', 4000, 10, 'Enjoy our Presidential Suite', 'sqB_executive-suite.jpg', '2019-11-15 09:01:49', NULL),
(13, '4 Bed', 6000, 10, 'Enjoy our Presidential Suite', 'Nb3_room5.jpg', '2019-11-15 09:02:16', NULL),
(14, 'A/C Semi Double', 3500, 10, 'Enjoy our Presidential Suite', 'vTw_room3.jpg', '2019-11-15 09:03:03', NULL),
(15, 'Semi Double', 2500, 10, 'Enjoy our Presidential Suite', 'VwL_executive-suite.jpg', '2019-11-15 09:03:20', NULL),
(16, 'VIP A/C Double', 5000, 10, 'Enjoy our Presidential Suite', 'i8n_room5.jpg', '2019-11-15 09:28:59', NULL),
(17, 'VIP A/C Semi Double', 4000, 10, 'Enjoy our Presidential Suite .', 'QNJ_room3.jpg', '2019-11-18 04:54:57', NULL);

-- --------------------------------------------------------

--
-- Table structure for table `h6_rooms`
--

CREATE TABLE `h6_rooms` (
  `id` int(10) UNSIGNED NOT NULL,
  `room_no` varchar(100) COLLATE utf8mb4_unicode_ci NOT NULL,
  `price` int(11) NOT NULL,
  `floor_id` int(10) UNSIGNED NOT NULL,
  `persons_capacity` int(11) NOT NULL,
  `category_id` int(10) UNSIGNED NOT NULL,
  `description` varchar(255) COLLATE utf8mb4_unicode_ci DEFAULT NULL,
  `image` varchar(60) COLLATE utf8mb4_unicode_ci DEFAULT NULL,
  `created_at` timestamp NULL DEFAULT NULL,
  `updated_at` timestamp NULL DEFAULT NULL
) ENGINE=InnoDB DEFAULT CHARSET=utf8mb4 COLLATE=utf8mb4_unicode_ci;

--
-- Dumping data for table `h6_rooms`
--

INSERT INTO `h6_rooms` (`id`, `room_no`, `price`, `floor_id`, `persons_capacity`, `category_id`, `description`, `image`, `created_at`, `updated_at`) VALUES
(3, '201', 1200, 2, 4, 13, NULL, 'Vdm_room3.jpg', '2019-11-15 09:09:54', NULL),
(4, '202', 900, 2, 3, 12, NULL, 'Vdm_room3.jpg', '2019-11-15 09:10:14', NULL),
(5, '203', 900, 2, 3, 12, NULL, 'Vdm_room3.jpg', '2019-11-15 09:10:43', NULL),
(6, '204', 900, 2, 3, 12, NULL, 'Vdm_room3.jpg', '2019-11-15 09:11:11', NULL),
(7, '205', 900, 2, 3, 12, NULL, 'Vdm_room3.jpg', '2019-11-15 09:11:35', NULL),
(8, '301', 2500, 3, 1, 6, NULL, 'Vdm_room3.jpg', '2019-11-15 09:14:24', NULL),
(9, '302', 900, 3, 3, 12, NULL, 'Vdm_room3.jpg', '2019-11-15 09:15:43', NULL),
(10, '303', 900, 3, 3, 12, NULL, 'Vdm_room3.jpg', '2019-11-15 09:16:08', NULL),
(11, '304', 900, 3, 3, 12, NULL, 'Vdm_room3.jpg', '2019-11-15 09:16:44', NULL),
(12, '305', 900, 3, 3, 12, NULL, 'Vdm_room3.jpg', '2019-11-15 09:17:13', NULL),
(13, '306', 1200, 3, 3, 13, NULL, 'Vdm_room3.jpg', '2019-11-15 09:17:50', NULL),
(14, '307', 900, 3, 3, 12, NULL, 'Vdm_room3.jpg', '2019-11-15 09:19:06', NULL),
(15, '308', 900, 3, 3, 12, NULL, 'Vdm_room3.jpg', '2019-11-15 09:19:24', NULL),
(16, '309', 900, 3, 3, 12, NULL, 'Vdm_room3.jpg', '2019-11-15 09:19:52', NULL),
(17, '310', 900, 3, 3, 12, NULL, 'Vdm_room3.jpg', '2019-11-15 09:20:26', NULL),
(18, '311', 1200, 3, 4, 13, NULL, 'Vdm_room3.jpg', '2019-11-15 09:20:42', NULL),
(19, '312', 1400, 3, 1, 5, NULL, 'Vdm_room3.jpg', '2019-11-15 09:21:15', NULL),
(20, '313', 1400, 3, 1, 5, NULL, 'Vdm_room3.jpg', '2019-11-15 09:21:35', NULL),
(21, '314', 1400, 3, 1, 5, NULL, 'Vdm_room3.jpg', '2019-11-15 09:21:54', NULL),
(22, '315', 1800, 3, 1, 14, NULL, 'Vdm_room3.jpg', '2019-11-15 09:23:55', NULL),
(23, '316', 1800, 3, 1, 14, NULL, 'Vdm_room3.jpg', '2019-11-15 09:24:25', NULL),
(24, '317', 1200, 3, 4, 13, NULL, 'Vdm_room3.jpg', '2019-11-15 09:25:04', NULL),
(25, '401', 2500, 4, 2, 16, NULL, 'Vdm_room3.jpg', '2019-11-18 04:18:53', NULL),
(26, '402', 2500, 4, 2, 16, NULL, 'Vdm_room3.jpg', '2019-11-18 04:19:56', NULL),
(27, '403', 1800, 4, 1, 14, NULL, 'Vdm_room3.jpg', '2019-11-18 04:20:55', NULL),
(28, '404', 2500, 4, 2, 6, NULL, 'Vdm_room3.jpg', '2019-11-18 04:22:07', NULL),
(29, '405', 1200, 4, 3, 12, NULL, 'Vdm_room3.jpg', '2019-11-18 04:23:07', NULL),
(30, '406', 1400, 4, 1, 5, NULL, 'Vdm_room3.jpg', '2019-11-18 04:24:09', NULL),
(31, '407', 800, 4, 1, 7, NULL, 'Vdm_room3.jpg', '2019-11-18 04:25:25', NULL),
(32, '408', 800, 4, 1, 7, NULL, 'Vdm_room3.jpg', '2019-11-18 04:26:22', NULL),
(33, '409', 1400, 4, 1, 5, NULL, 'hHZ_room3.jpg', '2019-11-18 04:28:05', NULL),
(34, '411', 2500, 4, 2, 6, NULL, 'A8f_room5.jpg', '2019-11-18 04:30:15', NULL),
(35, '412', 1800, 4, 2, 14, NULL, 'efk_room5.jpg', '2019-11-18 04:31:24', NULL),
(36, '413', 1800, 4, 1, 14, NULL, 'zP3_room5.jpg', '2019-11-18 04:32:30', NULL),
(37, '414', 800, 4, 1, 7, NULL, 'u4m_room3.jpg', '2019-11-18 04:33:10', NULL),
(38, '415', 800, 4, 1, 7, NULL, 'Rqz_room5.jpg', '2019-11-18 04:34:18', NULL),
(39, '416', 1200, 4, 2, 8, NULL, 'N8F_room3.jpg', '2019-11-18 04:35:07', NULL),
(40, '501', 2500, 5, 2, 16, NULL, '3Y3_room3.jpg', '2019-11-18 04:46:56', NULL),
(41, '502', 2500, 5, 2, 16, NULL, 'XzK_room5.jpg', '2019-11-18 04:47:21', NULL),
(42, '503', 2500, 5, 2, 16, NULL, '16j_room5.jpg', '2019-11-18 04:48:07', NULL),
(43, '504', 2500, 5, 2, 16, NULL, 'Yhk_room5.jpg', '2019-11-18 04:48:46', NULL),
(44, '505', 2000, 5, 2, 17, NULL, 'qyo_room3.jpg', '2019-11-18 04:56:39', NULL),
(45, '506', 2000, 5, 2, 14, NULL, 'cyO_room3.jpg', '2019-11-18 04:57:25', NULL);

-- --------------------------------------------------------

--
-- Table structure for table `h7_room_reservations`
--

CREATE TABLE `h7_room_reservations` (
  `id` int(10) UNSIGNED NOT NULL,
  `guest_name` varchar(191) COLLATE utf8mb4_unicode_ci NOT NULL,
  `org_name` varchar(191) COLLATE utf8mb4_unicode_ci DEFAULT NULL,
  `designation` varchar(191) COLLATE utf8mb4_unicode_ci DEFAULT NULL,
  `guest_contact` varchar(191) COLLATE utf8mb4_unicode_ci NOT NULL,
  `start_date` date NOT NULL,
  `end_date` date DEFAULT NULL,
  `room_id` int(10) UNSIGNED NOT NULL,
  `status` smallint(6) NOT NULL,
  `created_at` timestamp NULL DEFAULT NULL,
  `updated_at` timestamp NULL DEFAULT NULL
) ENGINE=InnoDB DEFAULT CHARSET=utf8mb4 COLLATE=utf8mb4_unicode_ci;

-- --------------------------------------------------------

--
-- Table structure for table `h8_room_bookings`
--

CREATE TABLE `h8_room_bookings` (
  `id` int(10) UNSIGNED NOT NULL,
  `guest_name` varchar(191) COLLATE utf8mb4_unicode_ci NOT NULL,
  `org_name` varchar(191) COLLATE utf8mb4_unicode_ci DEFAULT NULL,
  `designation` varchar(191) COLLATE utf8mb4_unicode_ci DEFAULT NULL,
  `guest_contact` varchar(191) COLLATE utf8mb4_unicode_ci NOT NULL,
  `amount` double UNSIGNED NOT NULL DEFAULT '0',
  `start_date` date NOT NULL,
  `end_date` date DEFAULT NULL,
  `room_id` int(10) UNSIGNED NOT NULL,
  `status` smallint(6) NOT NULL,
  `mis_voucher_id` int(10) UNSIGNED NOT NULL,
  `venue_booking_id` int(11) DEFAULT NULL,
  `created_at` timestamp NULL DEFAULT NULL,
  `updated_at` timestamp NULL DEFAULT NULL
) ENGINE=InnoDB DEFAULT CHARSET=utf8mb4 COLLATE=utf8mb4_unicode_ci;

--
-- Dumping data for table `h8_room_bookings`
--

INSERT INTO `h8_room_bookings` (`id`, `guest_name`, `org_name`, `designation`, `guest_contact`, `amount`, `start_date`, `end_date`, `room_id`, `status`, `mis_voucher_id`, `venue_booking_id`, `created_at`, `updated_at`) VALUES
(1, 'Rahamot Ullah', 'Aspada Poribesh Foundation', 'Medical Social Worker', '01222255', 5000, '2019-12-22', '2019-12-23', 6, 2, 2, NULL, '2019-12-22 04:08:05', '2019-12-22 04:08:05');

-- --------------------------------------------------------

--
-- Table structure for table `h9_room_billings`
--

CREATE TABLE `h9_room_billings` (
  `id` int(10) UNSIGNED NOT NULL,
  `booking_id` int(10) UNSIGNED NOT NULL,
  `advance_pay` varchar(191) COLLATE utf8mb4_unicode_ci DEFAULT NULL,
  `total_pay` varchar(191) COLLATE utf8mb4_unicode_ci DEFAULT NULL,
  `total_day` int(11) DEFAULT NULL,
  `created_at` timestamp NULL DEFAULT NULL,
  `updated_at` timestamp NULL DEFAULT NULL
) ENGINE=InnoDB DEFAULT CHARSET=utf8mb4 COLLATE=utf8mb4_unicode_ci;

--
-- Dumping data for table `h9_room_billings`
--

INSERT INTO `h9_room_billings` (`id`, `booking_id`, `advance_pay`, `total_pay`, `total_day`, `created_at`, `updated_at`) VALUES
(1, 1, '5000', '8000', 2, '2019-12-22 05:30:28', '2019-12-22 05:30:28');

-- --------------------------------------------------------

--
-- Table structure for table `i1_inventory_suppliers`
--

CREATE TABLE `i1_inventory_suppliers` (
  `id` int(10) UNSIGNED NOT NULL,
  `name` varchar(100) COLLATE utf8mb4_unicode_ci NOT NULL,
  `phone_no` varchar(15) COLLATE utf8mb4_unicode_ci NOT NULL,
  `address` varchar(255) COLLATE utf8mb4_unicode_ci NOT NULL,
  `created_at` timestamp NULL DEFAULT NULL,
  `updated_at` timestamp NULL DEFAULT NULL
) ENGINE=InnoDB DEFAULT CHARSET=utf8mb4 COLLATE=utf8mb4_unicode_ci;

-- --------------------------------------------------------

--
-- Table structure for table `i2_inventory_receivers`
--

CREATE TABLE `i2_inventory_receivers` (
  `id` int(10) UNSIGNED NOT NULL,
  `employee_id` int(10) UNSIGNED NOT NULL,
  `created_at` timestamp NULL DEFAULT NULL,
  `updated_at` timestamp NULL DEFAULT NULL
) ENGINE=InnoDB DEFAULT CHARSET=utf8mb4 COLLATE=utf8mb4_unicode_ci;

-- --------------------------------------------------------

--
-- Table structure for table `i3_inventory_categories`
--

CREATE TABLE `i3_inventory_categories` (
  `id` int(10) UNSIGNED NOT NULL,
  `name` varchar(100) COLLATE utf8mb4_unicode_ci NOT NULL,
  `description` varchar(255) COLLATE utf8mb4_unicode_ci DEFAULT NULL,
  `created_at` timestamp NULL DEFAULT NULL,
  `updated_at` timestamp NULL DEFAULT NULL
) ENGINE=InnoDB DEFAULT CHARSET=utf8mb4 COLLATE=utf8mb4_unicode_ci;

-- --------------------------------------------------------

--
-- Table structure for table `i4_inventories`
--

CREATE TABLE `i4_inventories` (
  `id` int(10) UNSIGNED NOT NULL,
  `name` varchar(100) COLLATE utf8mb4_unicode_ci NOT NULL,
  `inventory_category_id` int(10) UNSIGNED NOT NULL,
  `description` varchar(255) COLLATE utf8mb4_unicode_ci DEFAULT NULL,
  `amount` varchar(191) COLLATE utf8mb4_unicode_ci DEFAULT NULL,
  `created_at` timestamp NULL DEFAULT NULL,
  `updated_at` timestamp NULL DEFAULT NULL
) ENGINE=InnoDB DEFAULT CHARSET=utf8mb4 COLLATE=utf8mb4_unicode_ci;

-- --------------------------------------------------------

--
-- Table structure for table `migrations`
--

CREATE TABLE `migrations` (
  `id` int(10) UNSIGNED NOT NULL,
  `migration` varchar(191) COLLATE utf8mb4_unicode_ci NOT NULL,
  `batch` int(11) NOT NULL
) ENGINE=InnoDB DEFAULT CHARSET=utf8mb4 COLLATE=utf8mb4_unicode_ci;

--
-- Dumping data for table `migrations`
--

INSERT INTO `migrations` (`id`, `migration`, `batch`) VALUES
(1, '2019_07_03_100000_create_a1_account_heads_table', 1),
(2, '2019_07_03_200000_create_a2_account_head_child_i', 1),
(3, '2019_07_03_300000_create_a3_account_head_child_ii', 1),
(4, '2019_07_03_400000_create_a4_account_head_child_iii', 1),
(5, '2019_07_03_500000_create_a5_account_head_child_iv', 1),
(6, '2019_07_03_600000_create_a6_transaction_heads_table', 1),
(7, '2019_08_13_100000_create_aa1_roles_table', 1),
(8, '2019_08_13_200000_create_aa2_users_table', 1),
(9, '2019_08_13_300000_create_aa3_password_resets_table', 1),
(14, '2019_09_01_000139_create_h1_building_types_table', 1),
(15, '2019_09_01_100139_create_h2_buildings_table', 1),
(16, '2019_09_01_200139_create_h3_floor_types_table', 1),
(17, '2019_09_01_300139_create_h4_floors_table', 1),
(23, '2019_09_04_033048_create_e1_departments_table', 1),
(24, '2019_09_04_133048_create_e2_employee_designations_table', 1),
(25, '2019_09_04_233048_create_e3_salary_grades_table', 1),
(26, '2019_09_04_333048_create_e4_employees_table', 1),
(27, '2019_09_04_433048_create_e5_leave_categories_table', 1),
(28, '2019_09_04_533048_create_e6_leaves_table', 1),
(29, '2019_09_08_100157_create_r1_restaurant_suppliers_table', 1),
(30, '2019_09_08_200157_create_r2_restaurant_receivers_table', 1),
(31, '2019_09_08_300157_create_r3_grocery_categories_table', 1),
(32, '2019_09_08_400157_create_r4_groceries_table', 1),
(33, '2019_09_08_500157_create_r5_meal_types_table', 1),
(34, '2019_09_08_600157_create_r6_meal_items_table', 1),
(35, '2019_09_08_700157_create_r7_menu_types_table', 1),
(36, '2019_09_08_800157_create_r8_menus_table', 1),
(37, '2019_09_08_900157_create_r9_sales_table', 1),
(38, '2019_09_14_100000_create_i1_inventory_suppliers_table', 1),
(39, '2019_09_14_200000_create_i2_inventory_receivers_table', 1),
(40, '2019_09_14_300000_create_i3_inventory_categories_table', 1),
(41, '2019_09_14_400000_create_i4_inventories_table', 1),
(42, '2019_11_11_100000_create_vv1_voucher_types_table', 1),
(45, '2019_11_11_400000_create_vv4_transaction_histories_table', 1),
(49, '2019_11_24_100000_create_m1_mis_account_heads_table', 1),
(57, '2019_12_10_093004_create_staff_table', 1),
(58, '2019_12_12_113448_create_configurations_table', 1),
(59, '2019_12_03_105249_create_checkout_table', 2),
(60, '2019_08_16_160615_create_v1_venues_table', 3),
(61, '2019_08_16_175341_create_v2_venue_reservations_table', 3),
(62, '2019_08_16_185341_create_v3_venue_bookings_table', 3),
(63, '2019_08_16_195341_create_v4_venue_billings_table', 3),
(64, '2019_09_01_400139_create_h5_room_categories_table', 3),
(65, '2019_09_01_500139_create_h6_rooms_table', 3),
(66, '2019_09_01_600139_create_h7_room_reservations_table', 3),
(67, '2019_09_01_700139_create_h8_room_bookings_table', 3),
(68, '2019_09_01_800139_create_h9_room_billings_table', 3),
(123, '2019_12_29_110523_create_checkouts_table', 4),
(541, '2019_11_11_200000_create_vv2_vouchers_table', 5),
(542, '2019_11_11_300000_create_vv3_current_balance_table', 5),
(543, '2019_11_11_500000_create_vv5_dates_table', 5),
(544, '2019_11_11_600000_create_vv6_voucher_groups_table', 5),
(545, '2019_11_11_700000_create_vv7_voucher_update_histories_table', 5),
(546, '2019_11_24_200000_create_m2_mis_vouchers_table', 5),
(547, '2019_11_24_300000_create_m3_stock_heads_table', 5),
(548, '2019_11_24_400000_create_m4_mis_current_stocks_table', 5),
(549, '2019_11_24_500000_create_m5_stocks_table', 5),
(550, '2019_11_24_600000_create_m6_purchases_table', 5),
(551, '2019_11_24_700000_create_m7_purchase_groups_table', 5),
(552, '2019_12_23_041801_create_guests_table', 5),
(553, '2019_12_23_041836_create_bookings_table', 5),
(554, '2019_12_23_050024_create_billings_table', 5),
(555, '2019_12_28_090517_create_visitors_table', 5),
(556, '2019_12_30_040536_create_payments_table', 5),
(557, '2019_12_31_070815_create_food_sales_table', 5),
(558, '2020_01_07_055304_create_deliveries_table', 5),
(559, '2020_01_08_040625_create_suppliers_table', 5);

-- --------------------------------------------------------

--
-- Table structure for table `mis_account_heads`
--

CREATE TABLE `mis_account_heads` (
  `id` int(10) UNSIGNED NOT NULL,
  `name` varchar(191) COLLATE utf8mb4_unicode_ci NOT NULL,
  `credit_head_id` int(10) UNSIGNED NOT NULL,
  `debit_head_id` int(10) UNSIGNED NOT NULL,
  `type` enum('hotel','restaurant','inventory','training_center') COLLATE utf8mb4_unicode_ci NOT NULL,
  `default` tinyint(1) NOT NULL DEFAULT '0',
  `created_at` timestamp NULL DEFAULT NULL,
  `updated_at` timestamp NULL DEFAULT NULL
) ENGINE=InnoDB DEFAULT CHARSET=utf8mb4 COLLATE=utf8mb4_unicode_ci;

--
-- Dumping data for table `mis_account_heads`
--

INSERT INTO `mis_account_heads` (`id`, `name`, `credit_head_id`, `debit_head_id`, `type`, `default`, `created_at`, `updated_at`) VALUES
(1, 'Hotel Billing', 7, 353, 'hotel', 1, '2019-11-26 20:35:36', '2020-01-21 11:51:55'),
(2, 'Venue Booking', 5, 353, 'training_center', 1, '2019-11-26 21:12:02', '2019-11-26 21:12:02'),
(3, 'Restaurant Payment', 353, 8, 'restaurant', 0, '2019-11-26 21:13:26', '2020-01-21 11:48:36'),
(4, 'Restaurant Receipt', 16, 353, 'restaurant', 1, '2019-11-27 21:40:53', '2020-01-21 11:48:47'),
(5, 'Inventory Payment', 353, 26, 'inventory', 1, '2019-11-29 21:19:49', '2019-11-29 21:19:49');

-- --------------------------------------------------------

--
-- Table structure for table `mis_current_stocks`
--

CREATE TABLE `mis_current_stocks` (
  `id` int(10) UNSIGNED NOT NULL,
  `stock_id` int(10) UNSIGNED NOT NULL,
  `date_id` int(10) UNSIGNED NOT NULL,
  `quantity_cr` smallint(6) NOT NULL DEFAULT '0',
  `quantity_dr` smallint(6) NOT NULL DEFAULT '0',
  `created_at` timestamp NULL DEFAULT NULL,
  `updated_at` timestamp NULL DEFAULT NULL
) ENGINE=InnoDB DEFAULT CHARSET=utf8mb4 COLLATE=utf8mb4_unicode_ci;

--
-- Dumping data for table `mis_current_stocks`
--

INSERT INTO `mis_current_stocks` (`id`, `stock_id`, `date_id`, `quantity_cr`, `quantity_dr`, `created_at`, `updated_at`) VALUES
(2, 2, 0, 0, 1, '2020-01-20 12:15:09', '2020-01-20 12:27:32'),
(3, 3, 0, 0, 0, '2020-01-20 12:15:26', '2020-01-20 12:15:26'),
(4, 4, 0, 0, 0, '2020-01-20 12:15:36', '2020-01-20 12:15:36'),
(5, 5, 0, 0, 0, '2020-01-20 12:15:46', '2020-01-20 12:15:46'),
(6, 6, 0, 0, 0, '2020-01-20 12:15:59', '2020-01-20 12:15:59'),
(7, 7, 0, 0, 0, '2020-01-20 12:16:14', '2020-01-20 12:16:14'),
(8, 8, 0, 0, 0, '2020-01-20 12:16:26', '2020-01-20 12:16:26'),
(9, 9, 0, 0, 0, '2020-01-20 12:16:40', '2020-01-20 12:16:40'),
(10, 10, 0, 0, 0, '2020-01-20 12:16:52', '2020-01-20 12:16:52'),
(11, 11, 0, 0, 0, '2020-01-20 12:17:13', '2020-01-20 12:17:13'),
(12, 12, 0, 0, 0, '2020-01-20 12:17:34', '2020-01-20 12:17:34'),
(13, 13, 0, 0, 0, '2020-01-20 12:17:56', '2020-01-20 12:17:56'),
(14, 14, 0, 0, 0, '2020-01-20 12:18:11', '2020-01-20 12:18:11'),
(15, 15, 0, 0, 0, '2020-01-20 12:18:30', '2020-01-20 12:18:30'),
(17, 17, 0, 0, 0, '2020-01-20 12:19:30', '2020-01-20 12:19:30'),
(18, 18, 0, 0, 0, '2020-01-20 12:19:59', '2020-01-20 12:19:59'),
(19, 19, 0, 0, 0, '2020-01-20 12:20:15', '2020-01-20 12:20:15'),
(20, 20, 0, 0, 0, '2020-01-20 12:20:27', '2020-01-20 12:20:27'),
(21, 21, 0, 0, 0, '2020-01-20 12:21:08', '2020-01-20 12:21:08'),
(22, 22, 0, 0, 0, '2020-01-20 12:21:28', '2020-01-20 12:21:28'),
(23, 14, 1, 0, 4, '2020-01-20 12:27:03', '2020-01-20 12:27:03'),
(24, 23, 0, 0, 0, '2020-01-20 12:48:06', '2020-01-20 12:48:06'),
(28, 27, 0, 0, 0, '2020-01-20 12:50:38', '2020-01-20 12:50:38'),
(29, 28, 0, 0, 0, '2020-01-20 12:50:56', '2020-01-20 12:50:56'),
(30, 23, 1, 0, 7, '2020-01-20 12:55:35', '2020-01-20 12:55:35'),
(31, 5, 1, 0, 7, '2020-01-20 12:55:35', '2020-01-20 12:55:35'),
(32, 29, 0, 0, 0, '2020-01-20 13:43:12', '2020-01-20 13:43:12'),
(33, 30, 0, 0, 0, '2020-01-20 13:43:32', '2020-01-20 13:43:32'),
(34, 31, 0, 0, 0, '2020-01-20 13:43:57', '2020-01-20 13:43:57'),
(35, 32, 0, 0, 0, '2020-01-20 13:44:15', '2020-01-20 13:44:15'),
(36, 33, 0, 0, 0, '2020-01-20 13:45:23', '2020-01-20 13:45:23'),
(37, 34, 0, 0, 0, '2020-01-20 13:45:44', '2020-01-20 13:45:44'),
(38, 35, 0, 0, 0, '2020-01-20 13:47:54', '2020-01-20 13:47:54'),
(39, 36, 0, 0, 0, '2020-01-20 13:49:36', '2020-01-20 13:49:36'),
(40, 37, 0, 0, 0, '2020-01-20 13:53:22', '2020-01-20 13:53:22'),
(41, 38, 0, 0, 0, '2020-01-20 13:53:39', '2020-01-20 13:53:39'),
(42, 39, 0, 0, 0, '2020-01-20 13:53:57', '2020-01-20 13:53:57'),
(43, 40, 0, 0, 0, '2020-01-20 13:54:31', '2020-01-20 13:54:31'),
(44, 41, 0, 0, 0, '2020-01-20 13:55:02', '2020-01-20 13:55:02'),
(45, 42, 0, 0, 0, '2020-01-20 13:55:27', '2020-01-20 13:55:27'),
(46, 43, 0, 0, 0, '2020-01-20 13:55:41', '2020-01-20 13:55:41'),
(47, 44, 0, 0, 0, '2020-01-20 13:56:01', '2020-01-20 13:56:01'),
(48, 45, 0, 0, 0, '2020-01-20 13:56:10', '2020-01-20 13:56:10'),
(49, 46, 0, 0, 0, '2020-01-20 13:56:23', '2020-01-20 13:56:23'),
(51, 48, 0, 0, 0, '2020-01-20 13:56:42', '2020-01-20 13:56:42'),
(52, 49, 0, 0, 0, '2020-01-20 13:57:15', '2020-01-20 13:57:15'),
(53, 50, 0, 0, 0, '2020-01-20 13:57:26', '2020-01-20 13:57:26'),
(54, 51, 0, 0, 0, '2020-01-20 13:57:45', '2020-01-20 13:57:45'),
(55, 52, 0, 0, 0, '2020-01-20 13:57:57', '2020-01-20 13:57:57'),
(56, 53, 0, 0, 0, '2020-01-20 13:58:04', '2020-01-20 13:58:04'),
(57, 54, 0, 0, 0, '2020-01-20 13:58:14', '2020-01-20 13:58:14'),
(58, 55, 0, 0, 0, '2020-01-20 13:58:32', '2020-01-20 13:58:32'),
(59, 56, 0, 0, 0, '2020-01-20 13:58:47', '2020-01-20 13:58:47'),
(60, 57, 0, 0, 0, '2020-01-20 13:59:29', '2020-01-20 13:59:29'),
(61, 58, 0, 0, 0, '2020-01-20 13:59:48', '2020-01-20 13:59:48'),
(62, 59, 0, 0, 0, '2020-01-20 14:00:57', '2020-01-20 14:00:57'),
(63, 60, 0, 0, 0, '2020-01-20 14:01:17', '2020-01-20 14:01:17'),
(64, 61, 0, 0, 0, '2020-01-20 14:01:29', '2020-01-20 14:01:29'),
(65, 62, 0, 0, 0, '2020-01-20 14:01:38', '2020-01-20 14:01:38'),
(66, 63, 0, 0, 0, '2020-01-20 14:02:32', '2020-01-20 14:02:32'),
(67, 64, 0, 0, 0, '2020-01-20 14:02:50', '2020-01-20 14:02:50'),
(68, 65, 0, 0, 0, '2020-01-20 14:03:04', '2020-01-20 14:03:04'),
(69, 66, 0, 0, 0, '2020-01-20 14:03:21', '2020-01-20 14:03:21'),
(71, 68, 0, 0, 0, '2020-01-20 14:03:47', '2020-01-20 14:03:47'),
(72, 69, 0, 0, 0, '2020-01-20 14:03:56', '2020-01-20 14:03:56'),
(73, 70, 0, 0, 0, '2020-01-20 14:04:15', '2020-01-20 14:04:15'),
(74, 71, 0, 0, 0, '2020-01-20 14:04:31', '2020-01-20 14:04:31'),
(75, 72, 0, 0, 0, '2020-01-20 14:04:37', '2020-01-20 14:04:37'),
(76, 73, 0, 0, 0, '2020-01-20 14:04:51', '2020-01-20 14:04:51'),
(77, 74, 0, 0, 0, '2020-01-20 14:05:07', '2020-01-20 14:05:07'),
(78, 75, 0, 0, 0, '2020-01-20 14:06:00', '2020-01-20 14:06:00'),
(79, 76, 0, 0, 0, '2020-01-20 14:06:13', '2020-01-20 14:06:13'),
(80, 77, 0, 0, 0, '2020-01-20 14:06:22', '2020-01-20 14:06:22'),
(81, 78, 0, 0, 0, '2020-01-20 14:06:30', '2020-01-20 14:06:30'),
(82, 79, 0, 0, 0, '2020-01-20 14:06:38', '2020-01-20 14:06:38'),
(83, 80, 0, 0, 0, '2020-01-20 14:06:45', '2020-01-20 14:06:45'),
(84, 81, 0, 0, 0, '2020-01-20 14:06:55', '2020-01-20 14:06:55'),
(85, 82, 0, 0, 0, '2020-01-20 14:07:00', '2020-01-20 14:07:00'),
(86, 83, 0, 0, 0, '2020-01-20 14:07:09', '2020-01-20 14:07:09'),
(87, 84, 0, 0, 0, '2020-01-20 14:07:27', '2020-01-20 14:07:27'),
(88, 85, 0, 0, 0, '2020-01-20 14:07:48', '2020-01-20 14:07:48'),
(89, 86, 0, 0, 0, '2020-01-20 14:08:08', '2020-01-20 14:08:08'),
(90, 87, 0, 0, 28, '2020-01-20 14:08:54', '2020-01-22 10:52:21'),
(91, 88, 0, 0, 0, '2020-01-20 14:09:10', '2020-01-20 14:09:10'),
(92, 89, 0, 0, 0, '2020-01-20 14:09:23', '2020-01-20 14:09:23'),
(93, 90, 0, 0, 0, '2020-01-20 14:09:30', '2020-01-20 14:09:30'),
(94, 91, 0, 0, 0, '2020-01-20 14:09:42', '2020-01-20 14:09:42'),
(95, 92, 0, 0, 0, '2020-01-20 14:10:14', '2020-01-20 14:10:14'),
(97, 94, 0, 0, 0, '2020-01-20 14:10:52', '2020-01-20 14:10:52'),
(98, 95, 0, 0, 0, '2020-01-20 14:14:00', '2020-01-20 14:14:00'),
(99, 96, 0, 0, 0, '2020-01-20 14:14:12', '2020-01-20 14:14:12'),
(100, 97, 0, 0, 0, '2020-01-20 14:15:51', '2020-01-20 14:15:51'),
(101, 98, 0, 0, 0, '2020-01-20 14:16:08', '2020-01-20 14:16:08'),
(103, 100, 0, 0, 0, '2020-01-20 14:17:25', '2020-01-20 14:17:25'),
(104, 101, 0, 0, 0, '2020-01-20 14:17:47', '2020-01-20 14:17:47'),
(105, 102, 0, 0, 0, '2020-01-20 14:18:59', '2020-01-20 14:18:59'),
(106, 103, 0, 0, 0, '2020-01-20 14:19:06', '2020-01-20 14:19:06'),
(107, 104, 0, 0, 0, '2020-01-20 14:19:30', '2020-01-20 14:19:30'),
(109, 106, 0, 0, 0, '2020-01-20 14:20:20', '2020-01-20 14:20:20'),
(110, 107, 0, 0, 0, '2020-01-20 14:20:47', '2020-01-20 14:20:47'),
(111, 108, 0, 0, 0, '2020-01-20 14:21:01', '2020-01-20 14:21:01'),
(112, 109, 0, 0, 0, '2020-01-20 14:21:36', '2020-01-20 14:21:36'),
(113, 110, 0, 0, 0, '2020-01-20 14:21:52', '2020-01-20 14:21:52'),
(114, 111, 0, 0, 0, '2020-01-20 14:22:15', '2020-01-20 14:22:15'),
(115, 112, 0, 0, 0, '2020-01-20 14:22:31', '2020-01-20 14:22:31'),
(116, 113, 0, 0, 0, '2020-01-20 14:22:42', '2020-01-20 14:22:42'),
(117, 114, 0, 0, 0, '2020-01-20 14:23:50', '2020-01-20 14:23:50'),
(118, 115, 0, 0, 0, '2020-01-20 14:24:40', '2020-01-20 14:24:40'),
(119, 116, 0, 0, 0, '2020-01-20 14:25:34', '2020-01-20 14:25:34'),
(120, 117, 0, 0, 0, '2020-01-20 14:25:56', '2020-01-20 14:25:56'),
(121, 118, 0, 0, 0, '2020-01-20 14:26:17', '2020-01-20 14:26:17'),
(122, 119, 0, 0, 0, '2020-01-20 14:26:32', '2020-01-20 14:26:32'),
(123, 120, 0, 0, 0, '2020-01-20 14:26:46', '2020-01-20 14:26:46'),
(124, 121, 0, 0, 0, '2020-01-20 14:27:03', '2020-01-20 14:27:03'),
(125, 122, 0, 0, 0, '2020-01-20 14:27:29', '2020-01-20 14:27:29'),
(126, 123, 0, 0, 0, '2020-01-20 14:27:40', '2020-01-20 14:27:40'),
(127, 124, 0, 0, 0, '2020-01-20 14:27:52', '2020-01-20 14:27:52'),
(128, 125, 0, 0, 0, '2020-01-20 14:28:09', '2020-01-20 14:28:09'),
(129, 126, 0, 0, 0, '2020-01-20 14:28:52', '2020-01-20 14:28:52'),
(130, 127, 0, 0, 0, '2020-01-20 14:29:05', '2020-01-20 14:29:05'),
(131, 128, 0, 0, 0, '2020-01-20 14:30:05', '2020-01-20 14:30:05'),
(132, 129, 0, 0, 0, '2020-01-20 16:29:47', '2020-01-22 15:24:20'),
(133, 130, 0, 0, 105, '2020-01-21 09:47:18', '2020-01-22 15:59:13'),
(134, 131, 0, 0, 2, '2020-01-21 11:10:42', '2020-01-21 15:32:25'),
(135, 132, 0, 0, 57, '2020-01-21 11:10:53', '2020-01-22 15:59:13'),
(136, 133, 0, 0, 0, '2020-01-21 11:11:02', '2020-01-21 11:11:02'),
(137, 134, 0, 0, 41, '2020-01-21 11:11:15', '2020-01-22 15:59:13'),
(138, 135, 0, 0, 0, '2020-01-21 11:11:23', '2020-01-21 11:11:23'),
(139, 136, 0, 0, 0, '2020-01-21 11:11:31', '2020-01-21 11:11:31'),
(140, 137, 0, 0, 0, '2020-01-21 11:11:41', '2020-01-21 11:11:41'),
(141, 138, 0, 0, 0, '2020-01-21 11:11:52', '2020-01-21 11:11:52'),
(142, 15, 2, 0, 12, '2020-01-21 13:19:52', '2020-01-21 13:19:52'),
(143, 111, 2, 0, 1, '2020-01-21 13:19:52', '2020-01-21 13:19:52'),
(144, 14, 2, 0, 7, '2020-01-21 13:19:52', '2020-01-21 13:19:52'),
(145, 29, 2, 0, 50, '2020-01-21 13:19:52', '2020-01-21 13:19:52'),
(146, 106, 2, 0, 6, '2020-01-21 13:19:52', '2020-01-21 13:19:52'),
(147, 139, 0, 0, 0, '2020-01-21 13:26:27', '2020-01-21 13:26:27'),
(148, 140, 0, 0, 0, '2020-01-21 13:31:49', '2020-01-21 13:31:49'),
(149, 141, 0, 0, 42, '2020-01-21 15:34:59', '2020-01-22 15:59:13'),
(150, 142, 0, 0, 34, '2020-01-21 15:35:27', '2020-01-22 15:59:13'),
(151, 143, 0, 0, 75, '2020-01-21 15:36:10', '2020-01-22 15:59:13'),
(153, 145, 0, 0, 0, '2020-01-21 15:36:39', '2020-01-21 15:36:39'),
(155, 147, 0, 0, 39, '2020-01-21 15:37:12', '2020-01-22 15:59:13'),
(156, 148, 0, 0, 55, '2020-01-21 15:37:20', '2020-01-22 15:59:13'),
(157, 149, 0, 0, 0, '2020-01-21 15:37:40', '2020-01-21 15:37:40'),
(158, 150, 0, 0, 0, '2020-01-21 15:37:52', '2020-01-21 15:37:52'),
(159, 151, 0, 0, 0, '2020-01-21 15:38:05', '2020-01-21 15:38:05'),
(160, 152, 0, 0, 1, '2020-01-21 15:38:22', '2020-01-22 15:59:13'),
(161, 153, 0, 0, 0, '2020-01-21 15:38:32', '2020-01-21 15:38:32'),
(162, 154, 0, 0, 0, '2020-01-21 15:38:51', '2020-01-21 15:38:51'),
(163, 155, 0, 0, 0, '2020-01-21 15:39:00', '2020-01-21 15:39:00'),
(164, 156, 0, 0, 0, '2020-01-21 15:39:09', '2020-01-21 15:39:09'),
(165, 157, 0, 0, 0, '2020-01-21 15:39:52', '2020-01-21 15:39:52'),
(166, 158, 0, 0, 0, '2020-01-21 15:40:09', '2020-01-21 15:40:09'),
(167, 159, 0, 0, 0, '2020-01-21 15:40:27', '2020-01-21 15:40:27'),
(171, 139, 2, 0, 6, '2020-01-21 20:09:52', '2020-01-21 20:09:52'),
(172, 107, 2, 0, 2, '2020-01-21 20:09:52', '2020-01-21 20:09:52'),
(173, 140, 2, 0, 8, '2020-01-21 20:09:52', '2020-01-21 20:09:52'),
(174, 18, 2, 0, 5, '2020-01-21 20:09:52', '2020-01-21 20:09:52'),
(175, 117, 2, 0, 200, '2020-01-22 10:45:04', '2020-01-22 10:45:04'),
(176, 163, 0, 0, 0, '2020-01-22 11:13:34', '2020-01-22 11:13:34'),
(177, 163, 2, 0, 12, '2020-01-22 11:17:21', '2020-01-22 11:17:21'),
(178, 164, 0, 0, 0, '2020-01-22 11:19:47', '2020-01-22 11:19:47'),
(179, 165, 0, 0, 0, '2020-01-22 11:19:57', '2020-01-22 11:19:57'),
(180, 165, 2, 0, 72, '2020-01-22 11:22:24', '2020-01-22 11:22:24'),
(181, 164, 2, 0, 72, '2020-01-22 11:22:24', '2020-01-22 11:22:24'),
(182, 77, 2, 0, 5, '2020-01-22 11:26:35', '2020-01-22 11:26:35'),
(183, 69, 2, 0, 12, '2020-01-22 11:27:35', '2020-01-22 11:27:35'),
(184, 68, 2, 0, 40, '2020-01-22 11:29:15', '2020-01-22 11:29:15'),
(185, 56, 2, 0, 3, '2020-01-22 11:30:58', '2020-01-22 11:30:58'),
(186, 63, 2, 0, 10, '2020-01-22 11:32:12', '2020-01-22 11:32:12'),
(187, 64, 2, 0, 17, '2020-01-22 11:32:56', '2020-01-22 12:18:50'),
(188, 72, 2, 0, 1, '2020-01-22 11:33:38', '2020-01-22 11:33:38'),
(189, 73, 2, 0, 1, '2020-01-22 11:34:30', '2020-01-22 11:34:30'),
(190, 51, 2, 0, 3, '2020-01-22 11:36:05', '2020-01-22 11:36:05'),
(191, 57, 2, 0, 10, '2020-01-22 11:36:55', '2020-01-22 11:36:55'),
(192, 65, 2, 0, 2, '2020-01-22 11:38:23', '2020-01-22 11:38:23'),
(193, 7, 2, 0, 1, '2020-01-22 11:39:30', '2020-01-22 11:39:30'),
(194, 5, 2, 0, 28, '2020-01-22 11:42:02', '2020-01-22 11:48:12'),
(195, 3, 2, 0, 10, '2020-01-22 11:44:44', '2020-01-22 12:02:37'),
(196, 166, 0, 0, 0, '2020-01-22 11:52:29', '2020-01-22 11:52:29'),
(197, 167, 0, 0, 0, '2020-01-22 11:52:37', '2020-01-22 11:52:37'),
(198, 168, 0, 0, 0, '2020-01-22 11:53:12', '2020-01-22 11:53:12'),
(199, 169, 0, 0, 0, '2020-01-22 11:55:16', '2020-01-22 11:55:16'),
(200, 166, 2, 0, 24, '2020-01-22 11:56:27', '2020-01-22 11:56:27'),
(201, 170, 0, 0, 0, '2020-01-22 11:58:44', '2020-01-22 11:58:44'),
(202, 171, 0, 0, 0, '2020-01-22 11:58:53', '2020-01-22 11:58:53'),
(203, 172, 0, 0, 0, '2020-01-22 11:59:53', '2020-01-22 11:59:53'),
(204, 173, 0, 0, 0, '2020-01-22 12:00:08', '2020-01-22 12:00:08'),
(205, 170, 2, 0, 82, '2020-01-22 12:01:41', '2020-01-22 12:01:41'),
(206, 78, 2, 0, 5, '2020-01-22 12:19:57', '2020-01-22 12:19:57'),
(207, 174, 0, 0, 0, '2020-01-22 15:14:56', '2020-01-22 15:14:56'),
(208, 175, 0, 0, 0, '2020-01-22 15:17:00', '2020-01-22 15:17:00'),
(209, 176, 0, 0, 0, '2020-01-22 15:17:17', '2020-01-22 15:17:17'),
(210, 177, 0, 0, 0, '2020-01-22 15:17:36', '2020-01-22 15:17:36'),
(211, 178, 0, 0, 1, '2020-01-22 15:25:09', '2020-01-22 15:59:13'),
(212, 179, 0, 0, 0, '2020-01-22 16:00:32', '2020-01-22 16:00:32'),
(213, 180, 0, 0, 0, '2020-01-22 16:12:19', '2020-01-22 16:12:19'),
(214, 181, 0, 0, 0, '2020-01-22 16:12:55', '2020-01-22 16:12:55'),
(215, 182, 0, 0, 0, '2020-01-22 16:13:11', '2020-01-22 16:13:11'),
(216, 183, 0, 0, 0, '2020-01-22 16:13:22', '2020-01-22 16:13:22'),
(217, 184, 0, 0, 0, '2020-01-22 16:13:38', '2020-01-22 16:13:38'),
(218, 185, 0, 0, 0, '2020-01-22 16:13:54', '2020-01-22 16:13:54'),
(219, 186, 0, 0, 0, '2020-01-22 16:16:49', '2020-01-22 16:16:49'),
(220, 187, 0, 0, 0, '2020-01-22 16:17:03', '2020-01-22 16:17:03'),
(221, 188, 0, 0, 0, '2020-01-22 16:17:18', '2020-01-22 16:17:18'),
(222, 189, 0, 0, 0, '2020-01-22 16:17:33', '2020-01-22 16:17:33'),
(223, 190, 0, 0, 0, '2020-01-22 16:17:55', '2020-01-22 16:17:55'),
(224, 191, 0, 0, 0, '2020-01-22 16:20:04', '2020-01-22 16:20:04'),
(225, 192, 0, 0, 0, '2020-01-22 16:20:22', '2020-01-22 16:20:22'),
(226, 193, 0, 0, 0, '2020-01-22 16:23:37', '2020-01-22 16:23:37'),
(227, 194, 0, 0, 0, '2020-01-22 16:25:39', '2020-01-22 16:25:39'),
(228, 195, 0, 0, 0, '2020-01-22 16:25:53', '2020-01-22 16:25:53'),
(229, 196, 0, 0, 0, '2020-01-22 16:26:19', '2020-01-22 16:26:19'),
(230, 197, 0, 0, 0, '2020-01-22 16:26:46', '2020-01-22 16:26:46'),
(231, 198, 0, 0, 0, '2020-01-22 16:27:28', '2020-01-22 16:27:28'),
(232, 199, 0, 0, 0, '2020-01-22 16:27:48', '2020-01-22 16:27:48'),
(233, 200, 0, 0, 0, '2020-01-22 16:28:00', '2020-01-22 16:28:00'),
(234, 201, 0, 0, 0, '2020-01-22 16:28:12', '2020-01-22 16:28:12');

-- --------------------------------------------------------

--
-- Table structure for table `mis_vouchers`
--

CREATE TABLE `mis_vouchers` (
  `id` int(10) UNSIGNED NOT NULL,
  `mis_ac_head_id` int(10) UNSIGNED NOT NULL,
  `ais_vgroup_id` int(10) UNSIGNED NOT NULL DEFAULT '0',
  `ais_voucher_id` int(10) UNSIGNED NOT NULL DEFAULT '0',
  `date_id` int(10) UNSIGNED NOT NULL,
  `credit_head_id` int(10) UNSIGNED NOT NULL,
  `debit_head_id` int(10) UNSIGNED NOT NULL,
  `amount` double(14,2) NOT NULL DEFAULT '0.00',
  `created_at` timestamp NULL DEFAULT NULL,
  `updated_at` timestamp NULL DEFAULT NULL
) ENGINE=InnoDB DEFAULT CHARSET=utf8mb4 COLLATE=utf8mb4_unicode_ci;

--
-- Dumping data for table `mis_vouchers`
--

INSERT INTO `mis_vouchers` (`id`, `mis_ac_head_id`, `ais_vgroup_id`, `ais_voucher_id`, `date_id`, `credit_head_id`, `debit_head_id`, `amount`, `created_at`, `updated_at`) VALUES
(1, 3, 1, 1, 1, 353, 4, 3000.00, '2020-01-20 12:27:03', '2020-01-20 12:55:35'),
(2, 1, 2, 2, 2, 298, 353, 21210.00, '2020-01-21 09:22:45', '2020-01-21 11:40:51'),
(3, 1, 2, 4, 2, 7, 353, 60001.00, '2020-01-21 12:02:14', '2020-01-21 20:18:10'),
(4, 3, 5, 6, 2, 353, 8, 41805.00, '2020-01-21 13:19:52', '2020-01-22 12:19:57');

-- --------------------------------------------------------

--
-- Table structure for table `password_resets`
--

CREATE TABLE `password_resets` (
  `email` varchar(30) COLLATE utf8mb4_unicode_ci NOT NULL,
  `token` varchar(191) COLLATE utf8mb4_unicode_ci NOT NULL,
  `created_at` timestamp NULL DEFAULT NULL
) ENGINE=InnoDB DEFAULT CHARSET=utf8mb4 COLLATE=utf8mb4_unicode_ci;

-- --------------------------------------------------------

--
-- Table structure for table `payments`
--

CREATE TABLE `payments` (
  `id` int(10) UNSIGNED NOT NULL,
  `billing_id` int(10) UNSIGNED NOT NULL,
  `amount` double(14,2) NOT NULL DEFAULT '0.00',
  `note` text COLLATE utf8mb4_unicode_ci,
  `mis_voucher_id` int(10) UNSIGNED NOT NULL,
  `created_at` timestamp NULL DEFAULT NULL,
  `updated_at` timestamp NULL DEFAULT NULL
) ENGINE=InnoDB DEFAULT CHARSET=utf8mb4 COLLATE=utf8mb4_unicode_ci;

--
-- Dumping data for table `payments`
--

INSERT INTO `payments` (`id`, `billing_id`, `amount`, `note`, `mis_voucher_id`, `created_at`, `updated_at`) VALUES
(1, 3, 15990.00, NULL, 2, '2020-01-21 11:22:36', '2020-01-21 11:22:36'),
(2, 2, 600.00, NULL, 2, '2020-01-21 11:29:07', '2020-01-21 11:29:07'),
(3, 4, 600.00, NULL, 2, '2020-01-21 11:34:04', '2020-01-21 11:34:04'),
(4, 5, 4020.00, NULL, 2, '2020-01-21 11:40:51', '2020-01-21 11:40:51'),
(5, 6, 17005.50, NULL, 3, '2020-01-21 12:09:31', '2020-01-21 12:09:31'),
(6, 7, 31295.50, NULL, 3, '2020-01-21 12:47:00', '2020-01-21 12:47:00'),
(7, 11, 600.00, NULL, 3, '2020-01-21 18:52:08', '2020-01-21 18:52:08'),
(8, 9, 300.00, NULL, 3, '2020-01-21 18:54:18', '2020-01-21 18:54:18'),
(9, 12, 4000.00, NULL, 3, '2020-01-21 18:57:06', '2020-01-21 18:57:06'),
(10, 13, 1000.00, NULL, 3, '2020-01-21 18:59:29', '2020-01-21 18:59:29'),
(11, 14, 3600.00, NULL, 3, '2020-01-21 19:03:02', '2020-01-21 19:03:02'),
(12, 15, 2200.00, NULL, 3, '2020-01-21 19:36:10', '2020-01-21 19:36:10');

-- --------------------------------------------------------

--
-- Table structure for table `purchases`
--

CREATE TABLE `purchases` (
  `id` int(10) UNSIGNED NOT NULL,
  `purchase_group_id` int(10) UNSIGNED NOT NULL,
  `stock_id` int(10) UNSIGNED NOT NULL,
  `quantity_cr` smallint(6) NOT NULL DEFAULT '0',
  `quantity_dr` smallint(6) NOT NULL DEFAULT '0',
  `amount` double(14,2) NOT NULL DEFAULT '0.00',
  `supplier_id` int(10) UNSIGNED NOT NULL,
  `receiver_id` int(10) UNSIGNED NOT NULL,
  `created_at` timestamp NULL DEFAULT NULL,
  `updated_at` timestamp NULL DEFAULT NULL
) ENGINE=InnoDB DEFAULT CHARSET=utf8mb4 COLLATE=utf8mb4_unicode_ci;

--
-- Dumping data for table `purchases`
--

INSERT INTO `purchases` (`id`, `purchase_group_id`, `stock_id`, `quantity_cr`, `quantity_dr`, `amount`, `supplier_id`, `receiver_id`, `created_at`, `updated_at`) VALUES
(1, 1, 14, 0, 4, 2000.00, 1, 3, '2020-01-20 12:27:03', '2020-01-20 12:27:03'),
(2, 2, 23, 0, 7, 500.00, 1, 4, '2020-01-20 12:55:35', '2020-01-20 12:55:35'),
(3, 2, 5, 0, 7, 500.00, 1, 4, '2020-01-20 12:55:35', '2020-01-20 12:55:35'),
(4, 3, 15, 0, 12, 6600.00, 3, 4, '2020-01-21 13:19:52', '2020-01-21 13:19:52'),
(5, 3, 111, 0, 1, 140.00, 1, 7, '2020-01-21 13:19:52', '2020-01-21 13:19:52'),
(6, 3, 14, 0, 7, 4712.00, 3, 4, '2020-01-21 13:19:52', '2020-01-21 13:19:52'),
(7, 3, 29, 0, 50, 2300.00, 1, 4, '2020-01-21 13:19:52', '2020-01-21 13:19:52'),
(8, 3, 106, 0, 6, 1170.00, 1, 6, '2020-01-21 13:19:52', '2020-01-21 13:19:52'),
(9, 4, 139, 0, 6, 1170.00, 7, 7, '2020-01-21 20:09:52', '2020-01-21 20:09:52'),
(10, 4, 107, 0, 2, 910.00, 4, 4, '2020-01-21 20:09:52', '2020-01-21 20:09:52'),
(11, 4, 140, 0, 8, 576.00, 4, 4, '2020-01-21 20:09:52', '2020-01-21 20:09:52'),
(12, 4, 18, 0, 5, 1000.00, 6, 4, '2020-01-21 20:09:52', '2020-01-21 20:09:52'),
(13, 5, 117, 0, 200, 1400.00, 15, 7, '2020-01-22 10:45:04', '2020-01-22 10:45:04'),
(14, 6, 163, 0, 12, 1032.00, 16, 5, '2020-01-22 11:17:21', '2020-01-22 11:17:21'),
(15, 7, 165, 0, 72, 860.00, 5, 7, '2020-01-22 11:22:24', '2020-01-22 11:22:24'),
(16, 7, 164, 0, 72, 3060.00, 5, 7, '2020-01-22 11:22:24', '2020-01-22 11:22:24'),
(17, 8, 77, 0, 5, 225.00, 17, 7, '2020-01-22 11:26:35', '2020-01-22 11:26:35'),
(18, 9, 69, 0, 12, 420.00, 17, 7, '2020-01-22 11:27:35', '2020-01-22 11:27:35'),
(19, 10, 68, 0, 40, 80.00, 17, 7, '2020-01-22 11:29:15', '2020-01-22 11:29:15'),
(20, 11, 56, 0, 3, 150.00, 17, 7, '2020-01-22 11:30:58', '2020-01-22 11:30:58'),
(21, 12, 63, 0, 10, 260.00, 17, 7, '2020-01-22 11:32:12', '2020-01-22 11:32:12'),
(22, 13, 64, 0, 5, 100.00, 17, 7, '2020-01-22 11:32:56', '2020-01-22 11:32:56'),
(23, 14, 72, 0, 1, 40.00, 17, 7, '2020-01-22 11:33:38', '2020-01-22 11:33:38'),
(24, 15, 73, 0, 1, 50.00, 17, 7, '2020-01-22 11:34:30', '2020-01-22 11:34:30'),
(25, 16, 51, 0, 3, 330.00, 17, 7, '2020-01-22 11:36:05', '2020-01-22 11:36:05'),
(26, 17, 57, 0, 10, 960.00, 17, 7, '2020-01-22 11:36:55', '2020-01-22 11:36:55'),
(27, 18, 65, 0, 2, 80.00, 17, 7, '2020-01-22 11:38:23', '2020-01-22 11:38:23'),
(28, 19, 7, 0, 1, 350.00, 17, 7, '2020-01-22 11:39:30', '2020-01-22 11:39:30'),
(29, 20, 5, 0, 17, 4055.00, 17, 7, '2020-01-22 11:42:02', '2020-01-22 11:42:02'),
(30, 21, 3, 0, 9, 5220.00, 17, 7, '2020-01-22 11:44:44', '2020-01-22 11:44:44'),
(31, 22, 5, 0, 12, 2760.00, 17, 4, '2020-01-22 11:48:12', '2020-01-22 11:48:12'),
(32, 23, 166, 0, 24, 165.00, 17, 4, '2020-01-22 11:56:27', '2020-01-22 11:56:27'),
(33, 24, 170, 0, 82, 410.00, 17, 4, '2020-01-22 12:01:41', '2020-01-22 12:01:41'),
(34, 25, 3, 0, 1, 700.00, 17, 4, '2020-01-22 12:02:37', '2020-01-22 12:02:37'),
(35, 26, 64, 0, 12, 240.00, 6, 4, '2020-01-22 12:18:50', '2020-01-22 12:18:50'),
(36, 27, 78, 0, 5, 280.00, 6, 4, '2020-01-22 12:19:57', '2020-01-22 12:19:57');

-- --------------------------------------------------------

--
-- Table structure for table `purchase_groups`
--

CREATE TABLE `purchase_groups` (
  `id` int(10) UNSIGNED NOT NULL,
  `type_id` int(10) UNSIGNED NOT NULL,
  `mis_voucher_id` int(10) UNSIGNED NOT NULL,
  `date_id` int(10) UNSIGNED NOT NULL,
  `user_id` int(10) UNSIGNED NOT NULL,
  `note` text COLLATE utf8mb4_unicode_ci,
  `created_at` timestamp NULL DEFAULT NULL,
  `updated_at` timestamp NULL DEFAULT NULL
) ENGINE=InnoDB DEFAULT CHARSET=utf8mb4 COLLATE=utf8mb4_unicode_ci;

--
-- Dumping data for table `purchase_groups`
--

INSERT INTO `purchase_groups` (`id`, `type_id`, `mis_voucher_id`, `date_id`, `user_id`, `note`, `created_at`, `updated_at`) VALUES
(1, 3, 1, 1, 1, NULL, '2020-01-20 12:27:03', '2020-01-20 12:27:03'),
(2, 3, 1, 1, 1, NULL, '2020-01-20 12:55:35', '2020-01-20 12:55:35'),
(3, 3, 4, 2, 1, NULL, '2020-01-21 13:19:52', '2020-01-21 13:19:52'),
(4, 3, 4, 2, 1, NULL, '2020-01-21 20:09:52', '2020-01-21 20:09:52'),
(5, 3, 4, 2, 1, NULL, '2020-01-22 10:45:04', '2020-01-22 10:45:04'),
(6, 3, 4, 2, 1, NULL, '2020-01-22 11:17:21', '2020-01-22 11:17:21'),
(7, 3, 4, 2, 1, 'kj', '2020-01-22 11:22:24', '2020-01-22 11:22:24'),
(8, 3, 4, 2, 1, NULL, '2020-01-22 11:26:35', '2020-01-22 11:26:35'),
(9, 3, 4, 2, 1, NULL, '2020-01-22 11:27:35', '2020-01-22 11:27:35'),
(10, 3, 4, 2, 1, NULL, '2020-01-22 11:29:15', '2020-01-22 11:29:15'),
(11, 3, 4, 2, 1, 'per kg 50', '2020-01-22 11:30:58', '2020-01-22 11:30:58'),
(12, 3, 4, 2, 1, 'Per kg 26', '2020-01-22 11:32:12', '2020-01-22 11:32:12'),
(13, 3, 4, 2, 1, 'per kg 20', '2020-01-22 11:32:56', '2020-01-22 11:32:56'),
(14, 3, 4, 2, 1, 'per kg 40', '2020-01-22 11:33:38', '2020-01-22 11:33:38'),
(15, 3, 4, 2, 1, 'per piece 50', '2020-01-22 11:34:30', '2020-01-22 11:34:30'),
(16, 3, 4, 2, 1, 'per kg 110', '2020-01-22 11:36:05', '2020-01-22 11:36:05'),
(17, 3, 4, 2, 1, 'per kg 96', '2020-01-22 11:36:55', '2020-01-22 11:36:55'),
(18, 3, 4, 2, 1, 'per piece 40', '2020-01-22 11:38:23', '2020-01-22 11:38:23'),
(19, 3, 4, 2, 1, 'per kg 700', '2020-01-22 11:39:30', '2020-01-22 11:39:30'),
(20, 3, 4, 2, 1, 'per kg 240', '2020-01-22 11:42:02', '2020-01-22 11:42:02'),
(21, 3, 4, 2, 1, 'per piece 580', '2020-01-22 11:44:44', '2020-01-22 11:45:32'),
(22, 3, 4, 2, 1, 'per kg 240', '2020-01-22 11:48:12', '2020-01-22 11:48:12'),
(23, 3, 4, 2, 1, 'per hali tk 28', '2020-01-22 11:56:27', '2020-01-22 11:56:27'),
(24, 3, 4, 2, 1, 'per piece tk 5', '2020-01-22 12:01:41', '2020-01-22 12:01:41'),
(25, 3, 4, 2, 1, 'per piece 700', '2020-01-22 12:02:37', '2020-01-22 12:02:37'),
(26, 3, 4, 2, 1, 'per kg 20', '2020-01-22 12:18:50', '2020-01-22 12:18:50'),
(27, 3, 4, 2, 1, 'gh', '2020-01-22 12:19:57', '2020-01-22 12:19:57');

-- --------------------------------------------------------

--
-- Table structure for table `r1_restaurant_suppliers`
--

CREATE TABLE `r1_restaurant_suppliers` (
  `id` int(10) UNSIGNED NOT NULL,
  `name` varchar(100) COLLATE utf8mb4_unicode_ci NOT NULL,
  `phone_no` varchar(15) COLLATE utf8mb4_unicode_ci NOT NULL,
  `address` varchar(255) COLLATE utf8mb4_unicode_ci NOT NULL,
  `created_at` timestamp NULL DEFAULT NULL,
  `updated_at` timestamp NULL DEFAULT NULL
) ENGINE=InnoDB DEFAULT CHARSET=utf8mb4 COLLATE=utf8mb4_unicode_ci;

-- --------------------------------------------------------

--
-- Table structure for table `r2_restaurant_receivers`
--

CREATE TABLE `r2_restaurant_receivers` (
  `id` int(10) UNSIGNED NOT NULL,
  `employee_id` int(10) UNSIGNED NOT NULL,
  `created_at` timestamp NULL DEFAULT NULL,
  `updated_at` timestamp NULL DEFAULT NULL
) ENGINE=InnoDB DEFAULT CHARSET=utf8mb4 COLLATE=utf8mb4_unicode_ci;

-- --------------------------------------------------------

--
-- Table structure for table `r3_grocery_categories`
--

CREATE TABLE `r3_grocery_categories` (
  `id` int(10) UNSIGNED NOT NULL,
  `name` varchar(100) COLLATE utf8mb4_unicode_ci NOT NULL,
  `description` varchar(255) COLLATE utf8mb4_unicode_ci DEFAULT NULL,
  `created_at` timestamp NULL DEFAULT NULL,
  `updated_at` timestamp NULL DEFAULT NULL
) ENGINE=InnoDB DEFAULT CHARSET=utf8mb4 COLLATE=utf8mb4_unicode_ci;

-- --------------------------------------------------------

--
-- Table structure for table `r4_groceries`
--

CREATE TABLE `r4_groceries` (
  `id` int(10) UNSIGNED NOT NULL,
  `name` varchar(100) COLLATE utf8mb4_unicode_ci NOT NULL,
  `grocery_category_id` int(10) UNSIGNED NOT NULL,
  `description` varchar(255) COLLATE utf8mb4_unicode_ci DEFAULT NULL,
  `created_at` timestamp NULL DEFAULT NULL,
  `updated_at` timestamp NULL DEFAULT NULL
) ENGINE=InnoDB DEFAULT CHARSET=utf8mb4 COLLATE=utf8mb4_unicode_ci;

-- --------------------------------------------------------

--
-- Table structure for table `r5_meal_types`
--

CREATE TABLE `r5_meal_types` (
  `id` int(10) UNSIGNED NOT NULL,
  `name` varchar(100) COLLATE utf8mb4_unicode_ci NOT NULL,
  `description` varchar(255) COLLATE utf8mb4_unicode_ci DEFAULT NULL,
  `created_at` timestamp NULL DEFAULT NULL,
  `updated_at` timestamp NULL DEFAULT NULL
) ENGINE=InnoDB DEFAULT CHARSET=utf8mb4 COLLATE=utf8mb4_unicode_ci;

--
-- Dumping data for table `r5_meal_types`
--

INSERT INTO `r5_meal_types` (`id`, `name`, `description`, `created_at`, `updated_at`) VALUES
(1, 'Fish', 'fish', '2019-12-03 03:58:46', NULL),
(2, 'Rice', 'Rice', '2019-12-03 03:59:37', NULL),
(3, 'Meat', 'Meat', '2019-12-03 03:59:46', NULL),
(4, 'Drinks', 'Drinks', '2019-12-03 03:59:55', NULL),
(6, 'Water', 'Water', '2020-01-20 13:36:12', NULL),
(7, 'Fruit', 'Fruit', '2020-01-20 14:53:45', NULL),
(8, 'Sweet', 'Sweet', '2020-01-20 14:54:02', NULL),
(9, 'Fastfood Item', 'Fastfood Item', '2020-01-20 14:54:30', NULL),
(10, 'Vegetables', 'Vegetables', '2020-01-20 14:55:20', NULL),
(11, 'Biriani', 'Biriani', '2020-01-20 15:10:09', NULL),
(12, 'Egg', 'Egg', '2020-01-20 15:14:51', NULL),
(13, 'Ruti', 'Ruti', '2020-01-20 16:08:47', NULL),
(14, 'Tea', 'Tea', '2020-01-20 16:09:47', NULL),
(15, 'Dal', 'Dal', '2020-01-20 16:10:09', NULL),
(16, 'Salad', 'Salad', '2020-01-20 16:18:59', NULL),
(17, 'Biscuits', 'Biscuits', '2020-01-21 10:11:14', NULL),
(18, 'Curds (Doi)', 'Curds (Doi)', '2020-01-21 10:17:59', NULL);

-- --------------------------------------------------------

--
-- Table structure for table `r6_meal_items`
--

CREATE TABLE `r6_meal_items` (
  `id` int(10) UNSIGNED NOT NULL,
  `name` varchar(100) COLLATE utf8mb4_unicode_ci NOT NULL,
  `price` int(11) NOT NULL,
  `meal_type_id` int(10) UNSIGNED NOT NULL,
  `description` varchar(255) COLLATE utf8mb4_unicode_ci DEFAULT NULL,
  `created_at` timestamp NULL DEFAULT NULL,
  `updated_at` timestamp NULL DEFAULT NULL
) ENGINE=InnoDB DEFAULT CHARSET=utf8mb4 COLLATE=utf8mb4_unicode_ci;

--
-- Dumping data for table `r6_meal_items`
--

INSERT INTO `r6_meal_items` (`id`, `name`, `price`, `meal_type_id`, `description`, `created_at`, `updated_at`) VALUES
(1, 'Plain Rice', 30, 2, NULL, '2019-12-03 04:00:47', NULL),
(2, 'Polau Rice', 60, 2, NULL, '2019-12-03 04:01:05', NULL),
(3, 'Hilsa Fish (Ilish)', 160, 1, NULL, '2019-12-03 04:01:21', NULL),
(4, 'Prawn (Chingri) Standard', 160, 1, NULL, '2019-12-03 04:01:41', NULL),
(6, 'Khichuri', 50, 2, NULL, '2020-01-20 15:14:25', NULL),
(7, 'Egg Curry', 25, 12, NULL, '2020-01-20 15:17:41', NULL),
(8, 'Egg Korma', 35, 12, NULL, '2020-01-20 15:17:51', NULL),
(9, 'Egg Mamlet', 20, 12, NULL, '2020-01-20 15:18:19', NULL),
(10, 'Chiken Biriani (Full)', 240, 11, NULL, '2020-01-20 15:26:53', NULL),
(11, 'Mutton Kacchi Biriyani (Full)', 320, 11, NULL, '2020-01-20 15:32:41', NULL),
(12, 'Teheri (Full)', 300, 11, NULL, '2020-01-20 15:33:42', NULL),
(13, '.5 Litre water', 15, 6, NULL, '2020-01-20 15:55:26', NULL),
(14, '1 litre water', 20, 6, NULL, '2020-01-20 15:56:04', NULL),
(15, 'Ruti', 20, 13, NULL, '2020-01-20 16:09:31', NULL),
(16, 'Dal', 20, 15, NULL, '2020-01-20 16:10:30', NULL),
(17, 'Tea', 10, 14, NULL, '2020-01-20 16:10:54', NULL),
(18, 'Salad', 10, 16, NULL, '2020-01-20 16:19:25', NULL),
(19, 'Singra', 10, 9, NULL, '2020-01-21 10:10:34', NULL),
(20, 'Biscuits', 10, 17, NULL, '2020-01-21 10:11:55', NULL),
(21, 'Mixed Vagetables', 30, 10, NULL, '2020-01-21 10:14:33', NULL),
(22, 'Mutton Curry', 150, 3, NULL, '2020-01-21 10:15:41', NULL),
(23, 'Rui Fish Curry', 110, 1, NULL, '2020-01-21 10:16:17', NULL),
(24, 'Mogh Dal', 20, 15, NULL, '2020-01-21 10:16:43', NULL),
(25, 'Curds (Doi)', 25, 18, NULL, '2020-01-21 10:18:19', NULL),
(26, 'All time Cake', 15, 9, NULL, '2020-01-21 10:28:46', NULL),
(27, 'Plain Cake', 25, 9, NULL, '2020-01-21 10:29:24', NULL),
(28, 'Banana', 10, 7, NULL, '2020-01-21 10:29:47', NULL),
(29, 'Coffee', 40, 14, NULL, '2020-01-21 10:32:06', NULL),
(30, 'Begun Vazi 1pcs', 10, 10, NULL, '2020-01-21 12:37:45', NULL),
(31, 'Beef Curry', 120, 3, NULL, '2020-01-21 12:38:12', NULL),
(32, 'Begun Vazi 2 Pcs', 20, 10, NULL, '2020-01-21 12:38:41', NULL),
(33, 'Begun Vorta', 20, 10, NULL, '2020-01-21 12:39:20', NULL),
(34, 'Banana Vorta', 20, 10, NULL, '2020-01-21 12:40:23', NULL),
(35, 'Taki Fish Vorta', 25, 1, NULL, '2020-01-21 12:40:51', NULL);

-- --------------------------------------------------------

--
-- Table structure for table `r7_menu_types`
--

CREATE TABLE `r7_menu_types` (
  `id` int(10) UNSIGNED NOT NULL,
  `name` varchar(100) COLLATE utf8mb4_unicode_ci NOT NULL,
  `description` varchar(255) COLLATE utf8mb4_unicode_ci DEFAULT NULL,
  `created_at` timestamp NULL DEFAULT NULL,
  `updated_at` timestamp NULL DEFAULT NULL
) ENGINE=InnoDB DEFAULT CHARSET=utf8mb4 COLLATE=utf8mb4_unicode_ci;

--
-- Dumping data for table `r7_menu_types`
--

INSERT INTO `r7_menu_types` (`id`, `name`, `description`, `created_at`, `updated_at`) VALUES
(1, 'Breakfast', NULL, '2019-12-03 03:53:51', NULL),
(2, 'Lunch', NULL, '2019-12-03 03:54:02', NULL),
(4, 'Morning Snacks', NULL, '2020-01-20 16:11:28', NULL),
(5, 'Dinner', NULL, '2020-01-21 10:46:17', NULL),
(6, 'Evening Snacks', 'Evening Snacks', '2020-01-21 10:47:17', NULL),
(7, 'Breakfast & Launch', 'Breakfast & Launch', '2020-01-21 12:03:35', NULL);

-- --------------------------------------------------------

--
-- Table structure for table `r8_menus`
--

CREATE TABLE `r8_menus` (
  `id` int(10) UNSIGNED NOT NULL,
  `name` varchar(100) COLLATE utf8mb4_unicode_ci NOT NULL,
  `price` int(11) NOT NULL,
  `menu_type_id` int(10) UNSIGNED NOT NULL,
  `item_1_id` int(10) UNSIGNED DEFAULT NULL,
  `item_1_quantity` int(11) DEFAULT NULL,
  `item_2_id` int(10) UNSIGNED DEFAULT NULL,
  `item_2_quantity` int(11) DEFAULT NULL,
  `item_3_id` int(10) UNSIGNED DEFAULT NULL,
  `item_3_quantity` int(11) DEFAULT NULL,
  `item_4_id` int(10) UNSIGNED DEFAULT NULL,
  `item_4_quantity` int(11) DEFAULT NULL,
  `item_5_id` int(10) UNSIGNED DEFAULT NULL,
  `item_5_quantity` int(11) DEFAULT NULL,
  `item_6_id` int(10) UNSIGNED DEFAULT NULL,
  `item_6_quantity` int(11) DEFAULT NULL,
  `item_7_id` int(10) UNSIGNED DEFAULT NULL,
  `item_7_quantity` int(11) DEFAULT NULL,
  `item_8_id` int(10) UNSIGNED DEFAULT NULL,
  `item_8_quantity` int(11) DEFAULT NULL,
  `item_9_id` int(10) UNSIGNED DEFAULT NULL,
  `item_9_quantity` int(11) DEFAULT NULL,
  `item_10_id` int(10) UNSIGNED DEFAULT NULL,
  `item_10_quantity` int(11) DEFAULT NULL,
  `description` varchar(255) COLLATE utf8mb4_unicode_ci DEFAULT NULL,
  `created_at` timestamp NULL DEFAULT NULL,
  `updated_at` timestamp NULL DEFAULT NULL
) ENGINE=InnoDB DEFAULT CHARSET=utf8mb4 COLLATE=utf8mb4_unicode_ci;

--
-- Dumping data for table `r8_menus`
--

INSERT INTO `r8_menus` (`id`, `name`, `price`, `menu_type_id`, `item_1_id`, `item_1_quantity`, `item_2_id`, `item_2_quantity`, `item_3_id`, `item_3_quantity`, `item_4_id`, `item_4_quantity`, `item_5_id`, `item_5_quantity`, `item_6_id`, `item_6_quantity`, `item_7_id`, `item_7_quantity`, `item_8_id`, `item_8_quantity`, `item_9_id`, `item_9_quantity`, `item_10_id`, `item_10_quantity`, `description`, `created_at`, `updated_at`) VALUES
(1, 'Lunch Platter 1', 300, 2, 4, 1, 3, 1, 2, 2, NULL, NULL, NULL, NULL, NULL, NULL, NULL, NULL, NULL, NULL, NULL, NULL, NULL, NULL, NULL, '2019-12-03 04:02:44', NULL),
(2, 'Breakfast', 250, 1, 1, 2, 4, 3, NULL, NULL, NULL, NULL, NULL, NULL, NULL, NULL, NULL, NULL, NULL, NULL, NULL, NULL, NULL, NULL, NULL, '2019-12-03 04:03:34', NULL),
(4, 'Test Menu', 960, 1, 1, 3, 3, 6, NULL, NULL, 4, 5, NULL, NULL, NULL, NULL, NULL, NULL, NULL, NULL, NULL, NULL, NULL, NULL, NULL, '2019-12-04 04:21:10', NULL);

-- --------------------------------------------------------

--
-- Table structure for table `r9_food_menu`
--

CREATE TABLE `r9_food_menu` (
  `id` int(10) UNSIGNED NOT NULL,
  `menu_type_id` int(10) UNSIGNED NOT NULL,
  `name` varchar(191) COLLATE utf8mb4_unicode_ci NOT NULL,
  `price` double(10,2) NOT NULL DEFAULT '0.00',
  `created_at` timestamp NULL DEFAULT NULL,
  `updated_at` timestamp NULL DEFAULT NULL
) ENGINE=InnoDB DEFAULT CHARSET=utf8mb4 COLLATE=utf8mb4_unicode_ci;

--
-- Dumping data for table `r9_food_menu`
--

INSERT INTO `r9_food_menu` (`id`, `menu_type_id`, `name`, `price`, `created_at`, `updated_at`) VALUES
(1, 1, 'Breakfast (R)', 70.00, '2020-01-20 16:24:31', '2020-01-20 16:24:31'),
(2, 1, 'Morining Snaks 1', 30.00, '2020-01-21 10:14:52', '2020-01-21 10:14:52'),
(3, 2, 'Lunch 1', 405.00, '2020-01-21 10:26:31', '2020-01-21 10:27:20'),
(4, 4, 'M-Water (1000ml)', 20.00, '2020-01-21 10:38:25', '2020-01-21 10:38:25'),
(5, 4, 'Extra Coffee', 40.00, '2020-01-21 10:39:03', '2020-01-21 10:39:03'),
(6, 6, 'Evening Snacks', 35.00, '2020-01-21 10:48:25', '2020-01-21 10:48:25'),
(7, 7, 'Breakfast & Launch', 405.00, '2020-01-21 12:06:59', '2020-01-21 12:06:59'),
(8, 4, 'Morning Snacks 2', 20.00, '2020-01-21 12:30:07', '2020-01-21 12:30:07'),
(9, 2, 'Lunch 2', 415.00, '2020-01-21 12:44:14', '2020-01-21 12:44:14');

-- --------------------------------------------------------

--
-- Table structure for table `r10_food_menu_items`
--

CREATE TABLE `r10_food_menu_items` (
  `id` int(10) UNSIGNED NOT NULL,
  `food_menu_id` int(10) UNSIGNED NOT NULL,
  `meal_item_id` int(10) UNSIGNED NOT NULL,
  `quantity` smallint(6) NOT NULL DEFAULT '0',
  `created_at` timestamp NULL DEFAULT NULL,
  `updated_at` timestamp NULL DEFAULT NULL
) ENGINE=InnoDB DEFAULT CHARSET=utf8mb4 COLLATE=utf8mb4_unicode_ci;

--
-- Dumping data for table `r10_food_menu_items`
--

INSERT INTO `r10_food_menu_items` (`id`, `food_menu_id`, `meal_item_id`, `quantity`, `created_at`, `updated_at`) VALUES
(1, 1, 9, 1, '2020-01-20 16:24:31', '2020-01-20 16:24:31'),
(2, 1, 15, 1, '2020-01-20 16:24:31', '2020-01-20 16:24:31'),
(3, 1, 16, 1, '2020-01-20 16:24:31', '2020-01-20 16:24:31'),
(4, 1, 17, 1, '2020-01-20 16:24:31', '2020-01-20 16:24:31'),
(5, 2, 20, 1, '2020-01-21 10:14:52', '2020-01-21 10:14:52'),
(6, 2, 17, 1, '2020-01-21 10:14:52', '2020-01-21 10:14:52'),
(7, 2, 19, 1, '2020-01-21 10:14:52', '2020-01-21 10:14:52'),
(8, 3, 2, 1, '2020-01-21 10:26:31', '2020-01-21 10:26:31'),
(9, 3, 21, 1, '2020-01-21 10:26:31', '2020-01-21 10:26:31'),
(10, 3, 22, 1, '2020-01-21 10:26:31', '2020-01-21 10:26:31'),
(11, 3, 23, 1, '2020-01-21 10:26:31', '2020-01-21 10:26:31'),
(12, 3, 24, 1, '2020-01-21 10:26:31', '2020-01-21 10:26:31'),
(13, 3, 25, 1, '2020-01-21 10:26:31', '2020-01-21 10:26:31'),
(14, 4, 14, 1, '2020-01-21 10:38:25', '2020-01-21 10:38:25'),
(15, 5, 29, 1, '2020-01-21 10:39:03', '2020-01-21 10:39:03'),
(16, 6, 26, 1, '2020-01-21 10:48:25', '2020-01-21 10:48:25'),
(17, 6, 28, 1, '2020-01-21 10:48:25', '2020-01-21 10:48:25'),
(18, 6, 17, 1, '2020-01-21 10:48:25', '2020-01-21 10:48:25'),
(19, 7, 6, 1, '2020-01-21 12:06:59', '2020-01-21 12:06:59'),
(20, 7, 7, 1, '2020-01-21 12:06:59', '2020-01-21 12:06:59'),
(21, 7, 18, 1, '2020-01-21 12:06:59', '2020-01-21 12:06:59'),
(22, 7, 17, 1, '2020-01-21 12:06:59', '2020-01-21 12:06:59'),
(23, 7, 1, 1, '2020-01-21 12:06:59', '2020-01-21 12:06:59'),
(24, 7, 23, 1, '2020-01-21 12:06:59', '2020-01-21 12:06:59'),
(25, 7, 22, 1, '2020-01-21 12:06:59', '2020-01-21 12:06:59'),
(26, 7, 16, 1, '2020-01-21 12:06:59', '2020-01-21 12:06:59'),
(27, 8, 19, 1, '2020-01-21 12:30:07', '2020-01-21 12:30:07'),
(28, 8, 17, 1, '2020-01-21 12:30:07', '2020-01-21 12:30:07'),
(29, 9, 2, 1, '2020-01-21 12:44:14', '2020-01-21 12:44:14'),
(30, 9, 3, 1, '2020-01-21 12:44:14', '2020-01-21 12:44:14'),
(31, 9, 22, 1, '2020-01-21 12:44:14', '2020-01-21 12:44:14'),
(32, 9, 30, 1, '2020-01-21 12:44:14', '2020-01-21 12:44:14'),
(33, 9, 18, 1, '2020-01-21 12:44:14', '2020-01-21 12:44:14'),
(34, 9, 25, 1, '2020-01-21 12:44:14', '2020-01-21 12:44:14');

-- --------------------------------------------------------

--
-- Table structure for table `r11_food_sales`
--

CREATE TABLE `r11_food_sales` (
  `id` int(10) UNSIGNED NOT NULL,
  `billing_id` int(10) UNSIGNED NOT NULL,
  `menu_id` int(10) UNSIGNED NOT NULL,
  `quantity` tinyint(3) UNSIGNED NOT NULL DEFAULT '0',
  `bill` double(12,2) NOT NULL DEFAULT '0.00',
  `discount` double(14,2) NOT NULL DEFAULT '0.00',
  `vat` tinyint(3) UNSIGNED NOT NULL DEFAULT '15',
  `created_at` timestamp NULL DEFAULT NULL,
  `updated_at` timestamp NULL DEFAULT NULL
) ENGINE=InnoDB DEFAULT CHARSET=utf8mb4 COLLATE=utf8mb4_unicode_ci;

--
-- Dumping data for table `r11_food_sales`
--

INSERT INTO `r11_food_sales` (`id`, `billing_id`, `menu_id`, `quantity`, `bill`, `discount`, `vat`, `created_at`, `updated_at`) VALUES
(1, 3, 2, 24, 720.00, 0.00, 15, '2020-01-21 10:49:56', '2020-01-21 11:20:54'),
(2, 3, 3, 24, 9120.00, 600.00, 15, '2020-01-21 11:13:22', '2020-01-21 11:20:54'),
(3, 3, 2, 0, 0.00, 0.00, 15, '2020-01-21 11:13:22', '2020-01-21 11:20:54'),
(4, 3, 4, 1, 20.00, 0.00, 15, '2020-01-21 11:13:22', '2020-01-21 11:20:54'),
(5, 3, 5, 5, 200.00, 0.00, 15, '2020-01-21 11:13:22', '2020-01-21 11:20:54'),
(6, 3, 6, 24, 840.00, 0.00, 15, '2020-01-21 11:20:54', '2020-01-21 11:20:54'),
(7, 5, 4, 0, 0.00, 0.00, 15, '2020-01-21 11:40:14', '2020-01-21 18:47:53'),
(8, 6, 7, 37, 13505.00, 1480.00, 15, '2020-01-21 12:08:23', '2020-01-21 12:08:23'),
(9, 7, 8, 57, 1140.00, 0.00, 15, '2020-01-21 12:32:18', '2020-01-21 12:45:23'),
(10, 7, 9, 57, 23655.00, 0.00, 15, '2020-01-21 12:44:44', '2020-01-21 12:45:23'),
(11, 15, 7, 1, 200.00, 205.00, 15, '2020-01-21 19:35:52', '2020-01-21 19:35:52');

-- --------------------------------------------------------

--
-- Table structure for table `r11_sales`
--

CREATE TABLE `r11_sales` (
  `id` int(10) UNSIGNED NOT NULL,
  `guest_id` int(11) NOT NULL,
  `menu_id` int(11) NOT NULL,
  `menu_type` varchar(191) COLLATE utf8mb4_unicode_ci NOT NULL,
  `quantity` int(11) NOT NULL,
  `booking_status` int(11) NOT NULL,
  `mis_voucher_id` int(10) UNSIGNED NOT NULL,
  `created_at` timestamp NULL DEFAULT NULL,
  `updated_at` timestamp NULL DEFAULT NULL
) ENGINE=InnoDB DEFAULT CHARSET=utf8mb4 COLLATE=utf8mb4_unicode_ci;

-- --------------------------------------------------------

--
-- Table structure for table `roles`
--

CREATE TABLE `roles` (
  `id` int(10) UNSIGNED NOT NULL,
  `name` varchar(191) COLLATE utf8mb4_unicode_ci NOT NULL,
  `description` varchar(191) COLLATE utf8mb4_unicode_ci NOT NULL,
  `parent_id` int(11) NOT NULL,
  `created_at` timestamp NULL DEFAULT NULL,
  `updated_at` timestamp NULL DEFAULT NULL
) ENGINE=InnoDB DEFAULT CHARSET=utf8mb4 COLLATE=utf8mb4_unicode_ci;

--
-- Dumping data for table `roles`
--

INSERT INTO `roles` (`id`, `name`, `description`, `parent_id`, `created_at`, `updated_at`) VALUES
(1, 'Super Admin', 'super admin', 0, NULL, NULL),
(2, 'Admin', 'admin', 1, NULL, NULL);

-- --------------------------------------------------------

--
-- Table structure for table `staff`
--

CREATE TABLE `staff` (
  `id` int(10) UNSIGNED NOT NULL,
  `type_id` enum('3','5') COLLATE utf8mb4_unicode_ci NOT NULL,
  `name` varchar(100) COLLATE utf8mb4_unicode_ci NOT NULL,
  `phone_no` varchar(15) COLLATE utf8mb4_unicode_ci DEFAULT NULL,
  `address` varchar(255) COLLATE utf8mb4_unicode_ci DEFAULT NULL,
  `created_at` timestamp NULL DEFAULT NULL,
  `updated_at` timestamp NULL DEFAULT NULL
) ENGINE=InnoDB DEFAULT CHARSET=utf8mb4 COLLATE=utf8mb4_unicode_ci;

--
-- Dumping data for table `staff`
--

INSERT INTO `staff` (`id`, `type_id`, `name`, `phone_no`, `address`, `created_at`, `updated_at`) VALUES
(1, '5', 'Claudine L. Blue', '+44 1632 960379', 'Brownsville, Kentucky(KY), 42210', '2019-12-11 03:26:02', '2019-12-11 03:26:02'),
(2, '5', 'Irene J McClure', '337-255-9859', 'Lafayette, Louisiana(LA), 70501', '2019-12-11 03:27:33', '2019-12-11 03:27:33'),
(3, '3', 'Kelli I Zimmerman', '813-625-1485', 'Tampa, Florida(FL), 33610', '2019-12-11 03:28:40', '2019-12-11 03:28:40'),
(4, '3', 'Liam Hemsworth', ' 256-652-9521', '1883 Strother Street', '2019-12-11 03:31:09', '2019-12-11 03:31:09');

-- --------------------------------------------------------

--
-- Table structure for table `stocks`
--

CREATE TABLE `stocks` (
  `id` int(10) UNSIGNED NOT NULL,
  `stock_head_id` int(10) UNSIGNED NOT NULL,
  `name` varchar(191) COLLATE utf8mb4_unicode_ci NOT NULL,
  `description` text COLLATE utf8mb4_unicode_ci,
  `quantity` smallint(5) UNSIGNED NOT NULL DEFAULT '0',
  `unit` enum('kg','liter','piece') COLLATE utf8mb4_unicode_ci DEFAULT NULL,
  `created_at` timestamp NULL DEFAULT NULL,
  `updated_at` timestamp NULL DEFAULT NULL
) ENGINE=InnoDB DEFAULT CHARSET=utf8mb4 COLLATE=utf8mb4_unicode_ci;

--
-- Dumping data for table `stocks`
--

INSERT INTO `stocks` (`id`, `stock_head_id`, `name`, `description`, `quantity`, `unit`, `created_at`, `updated_at`) VALUES
(2, 3, 'Bual', NULL, 1, 'kg', '2020-01-20 12:15:09', '2020-01-20 12:27:32'),
(3, 3, 'Hilsha', NULL, 0, 'piece', '2020-01-20 12:15:26', '2020-01-22 11:46:09'),
(4, 3, 'Katla', NULL, 0, 'kg', '2020-01-20 12:15:36', '2020-01-20 12:27:32'),
(5, 3, 'Rui', NULL, 0, 'kg', '2020-01-20 12:15:46', '2020-01-20 12:27:32'),
(6, 3, 'Pabda', NULL, 0, 'kg', '2020-01-20 12:15:59', '2020-01-20 12:27:32'),
(7, 3, 'Batai', NULL, 0, 'kg', '2020-01-20 12:16:14', '2020-01-22 11:40:33'),
(8, 3, 'Mola', NULL, 0, 'kg', '2020-01-20 12:16:26', '2020-01-20 12:37:26'),
(9, 3, 'Cingri', NULL, 0, 'kg', '2020-01-20 12:16:40', '2020-01-20 12:37:26'),
(10, 3, 'Shoil', NULL, 0, 'kg', '2020-01-20 12:16:52', '2020-01-20 12:52:16'),
(11, 3, 'Bam', NULL, 0, 'kg', '2020-01-20 12:17:13', '2020-01-20 12:37:26'),
(12, 3, 'Taki', NULL, 0, 'piece', '2020-01-20 12:17:34', '2020-01-20 12:37:26'),
(13, 3, 'Telapia', NULL, 0, 'kg', '2020-01-20 12:17:56', '2020-01-20 13:42:16'),
(14, 5, 'Mutton', NULL, 0, 'kg', '2020-01-20 12:18:11', '2020-01-20 12:27:32'),
(15, 5, 'Beaf', NULL, 0, 'kg', '2020-01-20 12:18:30', '2020-01-20 12:27:32'),
(17, 5, 'Chiken (deshi)', NULL, 0, 'kg', '2020-01-20 12:19:30', '2020-01-20 12:27:32'),
(18, 5, 'Chiken (Coak)', NULL, 0, 'kg', '2020-01-20 12:19:59', '2020-01-20 12:27:32'),
(19, 5, 'Chiken (Farm)', NULL, 0, 'kg', '2020-01-20 12:20:15', '2020-01-20 12:27:32'),
(20, 5, 'Duck', NULL, 0, 'kg', '2020-01-20 12:20:27', '2020-01-20 12:37:41'),
(21, 5, 'Pigeon (kobutor)', NULL, 0, 'kg', '2020-01-20 12:21:08', '2020-01-20 12:37:41'),
(22, 5, 'Quail', NULL, 0, 'kg', '2020-01-20 12:21:28', '2020-01-20 12:37:41'),
(23, 6, '7up half Litter', NULL, 0, 'piece', '2020-01-20 12:48:06', '2020-01-20 12:48:49'),
(27, 8, 'Minaral Water Half Litter', NULL, 0, 'piece', '2020-01-20 12:50:38', '2020-01-20 14:14:41'),
(28, 8, 'Minaral Water One Litter', NULL, 0, 'piece', '2020-01-20 12:50:56', '2020-01-20 14:14:41'),
(29, 1, 'Normal Rice', NULL, 0, NULL, '2020-01-20 13:43:12', '2020-01-20 13:43:12'),
(30, 1, 'Khichuri Rice', NULL, 0, NULL, '2020-01-20 13:43:32', '2020-01-20 13:43:32'),
(31, 1, 'Polaw Rice', NULL, 0, NULL, '2020-01-20 13:43:57', '2020-01-20 13:43:57'),
(32, 1, 'Basmoti Rice', NULL, 0, NULL, '2020-01-20 13:44:15', '2020-01-20 13:44:15'),
(33, 6, '7up 250 ML', NULL, 0, 'piece', '2020-01-20 13:45:23', '2020-01-20 14:15:00'),
(34, 6, '7up 1.5 Litter', NULL, 0, 'piece', '2020-01-20 13:45:44', '2020-01-20 14:15:00'),
(35, 6, '7up 2 Litre', NULL, 0, 'piece', '2020-01-20 13:47:54', '2020-01-20 14:15:00'),
(36, 6, '7up 1 Litter', NULL, 0, 'piece', '2020-01-20 13:49:36', '2020-01-20 14:15:00'),
(37, 4, 'Elachi', NULL, 0, 'kg', '2020-01-20 13:53:22', '2020-01-21 17:23:07'),
(38, 4, 'Darchini', NULL, 0, 'kg', '2020-01-20 13:53:39', '2020-01-21 17:23:07'),
(39, 4, 'Alo Bukra', NULL, 0, 'kg', '2020-01-20 13:53:57', '2020-01-21 17:23:07'),
(40, 4, 'Chilly Powder', NULL, 0, 'kg', '2020-01-20 13:54:31', '2020-01-21 17:23:07'),
(41, 4, 'Jira', NULL, 0, 'kg', '2020-01-20 13:55:02', '2020-01-21 17:23:07'),
(42, 4, 'Sada Golmorich', NULL, 0, 'kg', '2020-01-20 13:55:27', '2020-01-21 17:23:07'),
(43, 4, 'Kalo Golmorich', NULL, 0, 'kg', '2020-01-20 13:55:41', '2020-01-21 17:23:07'),
(44, 4, 'Joktik', NULL, 0, 'kg', '2020-01-20 13:56:01', '2020-01-21 17:23:07'),
(45, 4, 'Joifol', NULL, 0, 'kg', '2020-01-20 13:56:10', '2020-01-21 17:23:07'),
(46, 4, 'Postodana', NULL, 0, 'kg', '2020-01-20 13:56:23', '2020-01-21 17:23:07'),
(48, 4, 'Kismis', NULL, 0, 'kg', '2020-01-20 13:56:42', '2020-01-21 17:23:07'),
(49, 4, 'Soa Soch', NULL, 0, 'piece', '2020-01-20 13:57:15', '2020-01-21 17:23:07'),
(50, 4, 'Kera Jol', NULL, 0, 'kg', '2020-01-20 13:57:26', '2020-01-21 17:23:07'),
(51, 4, 'Ada', NULL, 0, 'kg', '2020-01-20 13:57:45', '2020-01-21 17:23:07'),
(52, 4, 'Tomato Soch', NULL, 0, 'kg', '2020-01-20 13:57:57', '2020-01-21 17:23:07'),
(53, 4, 'Venegar', NULL, 0, 'kg', '2020-01-20 13:58:04', '2020-01-21 17:23:07'),
(54, 4, 'Tespata', NULL, 0, 'kg', '2020-01-20 13:58:14', '2020-01-21 17:23:07'),
(55, 4, 'Halud', NULL, 0, 'kg', '2020-01-20 13:58:32', '2020-01-21 17:23:07'),
(56, 4, 'Chilly', NULL, 0, 'kg', '2020-01-20 13:58:47', '2020-01-21 17:23:07'),
(57, 4, 'Peaj', NULL, 0, 'kg', '2020-01-20 13:59:29', '2020-01-21 17:23:07'),
(58, 4, 'Rashun', NULL, 0, 'kg', '2020-01-20 13:59:48', '2020-01-21 17:23:07'),
(59, 4, 'Pach Poron', NULL, 0, 'kg', '2020-01-20 14:00:57', '2020-01-21 17:23:07'),
(60, 4, 'Badam', NULL, 0, 'kg', '2020-01-20 14:01:17', '2020-01-21 17:23:07'),
(61, 4, 'Lobongo', NULL, 0, 'kg', '2020-01-20 14:01:29', '2020-01-21 17:23:07'),
(62, 4, 'Ghee', NULL, 0, 'kg', '2020-01-20 14:01:38', '2020-01-21 17:23:07'),
(63, 7, 'Alo', NULL, 0, 'kg', '2020-01-20 14:02:32', '2020-01-20 14:15:19'),
(64, 7, 'Pepe', NULL, 0, 'kg', '2020-01-20 14:02:50', '2020-01-20 14:15:19'),
(65, 7, 'Fulcopy', NULL, 0, 'piece', '2020-01-20 14:03:04', '2020-01-22 11:37:19'),
(66, 7, 'Badhacopy', NULL, 0, 'kg', '2020-01-20 14:03:21', '2020-01-20 14:15:19'),
(68, 7, 'Lemon', NULL, 0, 'piece', '2020-01-20 14:03:47', '2020-01-22 11:28:28'),
(69, 7, 'Sosha', NULL, 0, 'kg', '2020-01-20 14:03:56', '2020-01-20 14:15:19'),
(70, 7, 'Derosh', NULL, 0, 'kg', '2020-01-20 14:04:15', '2020-01-20 14:15:19'),
(71, 7, 'Chichinga', NULL, 0, 'kg', '2020-01-20 14:04:31', '2020-01-20 14:15:19'),
(72, 7, 'Gajor', NULL, 0, 'kg', '2020-01-20 14:04:37', '2020-01-20 14:15:19'),
(73, 7, 'Sweet Kumra', NULL, 0, 'piece', '2020-01-20 14:04:51', '2020-01-22 11:35:05'),
(74, 7, 'Lao', NULL, 0, 'kg', '2020-01-20 14:05:07', '2020-01-20 14:15:19'),
(75, 7, 'Vegetables', NULL, 0, 'kg', '2020-01-20 14:06:00', '2020-01-20 14:15:19'),
(76, 7, 'Sim', NULL, 0, 'kg', '2020-01-20 14:06:13', '2020-01-20 14:15:19'),
(77, 7, 'Begun', NULL, 0, 'kg', '2020-01-20 14:06:22', '2020-01-20 14:15:19'),
(78, 7, 'Tomato', NULL, 0, 'kg', '2020-01-20 14:06:30', '2020-01-20 14:15:19'),
(79, 7, 'Korolla', NULL, 0, 'kg', '2020-01-20 14:06:38', '2020-01-20 14:15:19'),
(80, 7, 'Borboti', NULL, 0, 'kg', '2020-01-20 14:06:45', '2020-01-20 14:15:19'),
(81, 7, 'Salgom', NULL, 0, 'kg', '2020-01-20 14:06:55', '2020-01-20 14:15:19'),
(82, 7, 'Mula', NULL, 0, 'kg', '2020-01-20 14:07:00', '2020-01-20 14:15:19'),
(83, 7, 'Capsicum', NULL, 0, 'kg', '2020-01-20 14:07:09', '2020-01-20 14:15:19'),
(84, 7, 'Motor Shuti', NULL, 0, 'kg', '2020-01-20 14:07:27', '2020-01-20 14:15:19'),
(85, 7, 'Kakrol', NULL, 0, 'kg', '2020-01-20 14:07:48', '2020-01-20 14:15:19'),
(86, 7, 'kochu', NULL, 0, 'kg', '2020-01-20 14:08:08', '2020-01-20 14:15:19'),
(87, 11, 'Mug Dal', NULL, 28, 'kg', '2020-01-20 14:08:54', '2020-01-22 10:52:21'),
(88, 11, 'Mosur Dal', NULL, 0, NULL, '2020-01-20 14:09:10', '2020-01-20 14:09:10'),
(89, 11, 'Mash Dal', NULL, 0, NULL, '2020-01-20 14:09:22', '2020-01-20 14:09:22'),
(90, 11, 'But Dal', NULL, 0, NULL, '2020-01-20 14:09:30', '2020-01-20 14:09:30'),
(91, 11, 'Khasari Dal', NULL, 0, NULL, '2020-01-20 14:09:42', '2020-01-20 14:09:42'),
(92, 7, 'Data', NULL, 0, 'kg', '2020-01-20 14:10:14', '2020-01-20 14:15:19'),
(94, 3, 'Dry Fish', NULL, 0, 'kg', '2020-01-20 14:10:52', '2020-01-22 11:39:54'),
(95, 8, 'Minaral Water 1.50 Litter', NULL, 0, 'piece', '2020-01-20 14:14:00', '2020-01-20 14:14:41'),
(96, 8, 'Minaral Water 2 Litter', NULL, 0, 'piece', '2020-01-20 14:14:12', '2020-01-20 14:14:41'),
(97, 10, 'Sweet Curds', NULL, 0, NULL, '2020-01-20 14:15:51', '2020-01-20 14:15:51'),
(98, 10, 'Sour Curds', NULL, 0, NULL, '2020-01-20 14:16:08', '2020-01-20 14:16:08'),
(100, 12, 'Soyabin Oil', NULL, 0, NULL, '2020-01-20 14:17:25', '2020-01-20 14:17:25'),
(101, 12, 'Sorisha Oil', NULL, 0, NULL, '2020-01-20 14:17:47', '2020-01-20 14:17:47'),
(102, 14, 'Ata', NULL, 0, NULL, '2020-01-20 14:18:59', '2020-01-20 14:18:59'),
(103, 14, 'Moyda', NULL, 0, NULL, '2020-01-20 14:19:06', '2020-01-20 14:19:06'),
(104, 15, 'Danish', NULL, 0, 'piece', '2020-01-20 14:19:30', '2020-01-21 20:06:02'),
(106, 15, 'Powder Milk', NULL, 0, 'piece', '2020-01-20 14:20:20', '2020-01-21 20:06:02'),
(107, 16, 'Tea', NULL, 0, 'kg', '2020-01-20 14:20:47', '2020-01-21 13:32:35'),
(108, 17, 'Suger', NULL, 0, NULL, '2020-01-20 14:21:01', '2020-01-20 14:21:01'),
(109, 18, 'Normal Salt', NULL, 0, NULL, '2020-01-20 14:21:36', '2020-01-20 14:21:36'),
(110, 18, 'Bit Salt', NULL, 0, NULL, '2020-01-20 14:21:52', '2020-01-20 14:21:52'),
(111, 18, 'Testy Salt', NULL, 0, NULL, '2020-01-20 14:22:15', '2020-01-20 14:22:15'),
(112, 19, 'Soap', NULL, 0, 'piece', '2020-01-20 14:22:31', '2020-01-22 11:15:04'),
(113, 19, 'Shampoo', NULL, 0, 'piece', '2020-01-20 14:22:42', '2020-01-22 11:15:04'),
(114, 19, 'Vim Soap', NULL, 0, 'piece', '2020-01-20 14:23:50', '2020-01-22 11:15:04'),
(115, 19, 'Vip Liquid', NULL, 0, 'piece', '2020-01-20 14:24:40', '2020-01-22 11:15:04'),
(116, 20, 'Aerol', NULL, 0, NULL, '2020-01-20 14:25:34', '2020-01-20 14:25:34'),
(117, 21, 'Egg', NULL, 0, 'piece', '2020-01-20 14:25:56', '2020-01-22 10:45:51'),
(118, 22, 'Air Freshner', NULL, 0, NULL, '2020-01-20 14:26:17', '2020-01-20 14:26:17'),
(119, 23, 'Washing Powder', NULL, 0, NULL, '2020-01-20 14:26:32', '2020-01-20 14:26:32'),
(120, 25, 'Wood (Lakri)', NULL, 0, NULL, '2020-01-20 14:26:46', '2020-01-20 14:26:46'),
(121, 26, 'Harpic', NULL, 0, NULL, '2020-01-20 14:27:03', '2020-01-20 14:27:03'),
(122, 28, 'Disel', NULL, 0, NULL, '2020-01-20 14:27:29', '2020-01-20 14:27:29'),
(123, 29, 'Muri', NULL, 0, NULL, '2020-01-20 14:27:40', '2020-01-20 14:27:40'),
(124, 30, 'Biscuit', NULL, 0, NULL, '2020-01-20 14:27:52', '2020-01-20 14:27:52'),
(125, 31, 'Coffee', NULL, 0, 'kg', '2020-01-20 14:28:09', '2020-01-20 14:33:06'),
(126, 9, 'Fruit', NULL, 0, 'kg', '2020-01-20 14:28:52', '2020-01-21 17:23:55'),
(127, 9, 'Sweet', NULL, 0, 'kg', '2020-01-20 14:29:05', '2020-01-21 17:23:55'),
(128, 9, 'Chanachur', NULL, 0, 'kg', '2020-01-20 14:30:05', '2020-01-21 17:23:55'),
(129, 2, 'Table Fan', NULL, 0, 'piece', '2020-01-20 16:29:47', '2020-01-22 15:24:20'),
(130, 2, 'Ceiling Fan', NULL, 105, 'piece', '2020-01-21 09:47:18', '2020-01-22 15:59:13'),
(131, 2, 'Computer System', NULL, 2, 'piece', '2020-01-21 11:10:42', '2020-01-21 15:32:25'),
(132, 2, 'Television', NULL, 57, 'piece', '2020-01-21 11:10:53', '2020-01-22 15:59:13'),
(133, 2, 'Refrigerator', NULL, 0, 'piece', '2020-01-21 11:11:02', '2020-01-21 15:31:01'),
(134, 2, 'Air Conditioner', NULL, 41, 'piece', '2020-01-21 11:11:15', '2020-01-22 15:59:13'),
(135, 2, 'Veceom Cleaner', NULL, 0, 'piece', '2020-01-21 11:11:23', '2020-01-21 15:31:01'),
(136, 2, 'Sound System', NULL, 0, 'piece', '2020-01-21 11:11:31', '2020-01-21 15:31:01'),
(137, 2, 'AC/DC Motors & Feetings', NULL, 0, 'piece', '2020-01-21 11:11:41', '2020-01-21 15:31:01'),
(138, 2, 'Oven', NULL, 0, 'piece', '2020-01-21 11:11:52', '2020-01-21 15:31:01'),
(139, 15, 'Pran powder milk 400 gm', NULL, 0, 'piece', '2020-01-21 13:26:27', '2020-01-21 20:06:02'),
(140, 16, 'Tea Bag', NULL, 0, 'piece', '2020-01-21 13:31:49', '2020-01-21 13:32:35'),
(141, 32, 'Almirah', NULL, 42, 'piece', '2020-01-21 15:34:59', '2020-01-22 15:59:13'),
(142, 32, 'Big Khat', NULL, 34, 'piece', '2020-01-21 15:35:27', '2020-01-22 15:59:13'),
(143, 32, 'Single Khat', NULL, 75, 'piece', '2020-01-21 15:36:10', '2020-01-22 15:59:13'),
(145, 32, 'Seme-Double Khat', NULL, 0, 'piece', '2020-01-21 15:36:39', '2020-01-21 17:45:27'),
(147, 32, 'Big Table', NULL, 39, 'piece', '2020-01-21 15:37:12', '2020-01-22 15:59:13'),
(148, 32, 'Tea Table', NULL, 55, 'piece', '2020-01-21 15:37:20', '2020-01-22 15:59:13'),
(149, 32, 'Round Table', NULL, 0, 'piece', '2020-01-21 15:37:40', '2020-01-21 17:45:27'),
(150, 32, 'Small Table', NULL, 0, 'piece', '2020-01-21 15:37:52', '2020-01-21 17:45:27'),
(151, 32, 'Dining Table', NULL, 0, 'piece', '2020-01-21 15:38:05', '2020-01-21 17:45:27'),
(152, 32, 'Alna', NULL, 1, 'piece', '2020-01-21 15:38:22', '2020-01-22 15:59:13'),
(153, 32, 'Sofa', NULL, 0, 'piece', '2020-01-21 15:38:32', '2020-01-21 17:45:27'),
(154, 32, 'Chair With Hand', NULL, 0, 'piece', '2020-01-21 15:38:51', '2020-01-21 17:45:27'),
(155, 32, 'Chair Without Hand', NULL, 0, 'piece', '2020-01-21 15:39:00', '2020-01-21 17:45:27'),
(156, 32, 'Easy Chair', NULL, 0, 'piece', '2020-01-21 15:39:09', '2020-01-21 17:45:27'),
(157, 32, 'Training Chair', NULL, 0, 'piece', '2020-01-21 15:39:52', '2020-01-21 17:45:27'),
(158, 32, 'Dining Chair', NULL, 0, 'piece', '2020-01-21 15:40:09', '2020-01-21 17:45:27'),
(159, 32, 'Computer Table', NULL, 0, 'piece', '2020-01-21 15:40:27', '2020-01-21 17:45:27'),
(163, 19, 'Glass Cleaneer', NULL, 0, 'piece', '2020-01-22 11:13:34', '2020-01-22 11:15:04'),
(164, 13, 'Facial Tissue', NULL, 0, 'piece', '2020-01-22 11:19:46', '2020-01-22 11:20:40'),
(165, 13, 'Toilet Tissue', NULL, 0, 'piece', '2020-01-22 11:19:57', '2020-01-22 11:20:40'),
(166, 9, 'Banana', NULL, 0, 'piece', '2020-01-22 11:52:29', '2020-01-22 11:56:49'),
(167, 9, 'Apple', NULL, 0, 'kg', '2020-01-22 11:52:37', '2020-01-22 11:56:49'),
(168, 9, 'Orange', NULL, 0, 'kg', '2020-01-22 11:53:12', '2020-01-22 11:56:49'),
(169, 9, 'Grapes', NULL, 0, 'kg', '2020-01-22 11:55:16', '2020-01-22 11:56:49'),
(170, 9, 'Singara', NULL, 0, 'piece', '2020-01-22 11:58:44', '2020-01-22 12:00:48'),
(171, 9, 'Somocha', NULL, 0, 'kg', '2020-01-22 11:58:53', '2020-01-22 12:00:48'),
(172, 9, 'Vegetabe Roll', NULL, 0, 'kg', '2020-01-22 11:59:53', '2020-01-22 12:00:48'),
(173, 9, 'Chicken Roll', NULL, 0, 'kg', '2020-01-22 12:00:08', '2020-01-22 12:00:48'),
(174, 33, 'Telephone Set', NULL, 0, 'piece', '2020-01-22 15:14:56', '2020-01-22 15:19:34'),
(175, 33, 'Video Camera', NULL, 0, 'piece', '2020-01-22 15:17:00', '2020-01-22 15:19:34'),
(176, 33, 'Multimedia And Overhead Projector', NULL, 0, 'piece', '2020-01-22 15:17:17', '2020-01-22 15:19:34'),
(177, 33, 'Fire extinguisher', NULL, 0, 'piece', '2020-01-22 15:17:36', '2020-01-22 15:19:34'),
(178, 2, 'Stand Fan', NULL, 1, 'piece', '2020-01-22 15:25:09', '2020-01-22 15:59:13'),
(179, 32, 'T.V Troli', NULL, 0, NULL, '2020-01-22 16:00:32', '2020-01-22 16:00:32'),
(180, 35, 'Glass', NULL, 0, NULL, '2020-01-22 16:12:19', '2020-01-22 16:12:19'),
(181, 35, 'Peyala Plige', NULL, 0, NULL, '2020-01-22 16:12:55', '2020-01-22 16:12:55'),
(182, 35, 'Patil', NULL, 0, NULL, '2020-01-22 16:13:11', '2020-01-22 16:13:11'),
(183, 35, 'Korai', NULL, 0, NULL, '2020-01-22 16:13:22', '2020-01-22 16:13:22'),
(184, 35, 'Sospen', NULL, 0, NULL, '2020-01-22 16:13:38', '2020-01-22 16:13:38'),
(185, 35, 'Sospen-Dakna', NULL, 0, NULL, '2020-01-22 16:13:54', '2020-01-22 16:13:54'),
(186, 35, 'Gas Cylinder', NULL, 0, NULL, '2020-01-22 16:16:49', '2020-01-22 16:16:49'),
(187, 35, 'Shil Pata', NULL, 0, NULL, '2020-01-22 16:17:03', '2020-01-22 16:17:03'),
(188, 35, 'Da-Boti', NULL, 0, NULL, '2020-01-22 16:17:18', '2020-01-22 16:17:18'),
(189, 35, 'Rannar Hatol', NULL, 0, NULL, '2020-01-22 16:17:33', '2020-01-22 16:17:33'),
(190, 35, 'Machh Chhakna', NULL, 0, NULL, '2020-01-22 16:17:55', '2020-01-22 16:17:55'),
(191, 35, 'Rice Plate', NULL, 0, NULL, '2020-01-22 16:20:04', '2020-01-22 16:20:04'),
(192, 35, 'Rice Dish', NULL, 0, NULL, '2020-01-22 16:20:22', '2020-01-22 16:20:22'),
(193, 35, 'Bati', NULL, 0, NULL, '2020-01-22 16:23:37', '2020-01-22 16:23:37'),
(194, 35, 'Bhorn Plate', NULL, 0, NULL, '2020-01-22 16:25:39', '2020-01-22 16:25:39'),
(195, 35, 'Curry Bati', NULL, 0, NULL, '2020-01-22 16:25:53', '2020-01-22 16:25:53'),
(196, 35, 'Salad Plate', NULL, 0, NULL, '2020-01-22 16:26:19', '2020-01-22 16:26:19'),
(197, 35, 'Tray', NULL, 0, NULL, '2020-01-22 16:26:46', '2020-01-22 16:26:46'),
(198, 35, 'Rice Spoon', NULL, 0, NULL, '2020-01-22 16:27:28', '2020-01-22 16:27:28'),
(199, 35, 'Curry Spoon', NULL, 0, NULL, '2020-01-22 16:27:48', '2020-01-22 16:27:48'),
(200, 35, 'Half Plate', NULL, 0, NULL, '2020-01-22 16:28:00', '2020-01-22 16:28:00'),
(201, 35, 'Tea Cup', NULL, 0, NULL, '2020-01-22 16:28:12', '2020-01-22 16:28:12');

-- --------------------------------------------------------

--
-- Table structure for table `stock_heads`
--

CREATE TABLE `stock_heads` (
  `id` int(10) UNSIGNED NOT NULL,
  `category` enum('inventory','restaurant') COLLATE utf8mb4_unicode_ci NOT NULL,
  `type_id` int(10) UNSIGNED NOT NULL,
  `name` varchar(191) COLLATE utf8mb4_unicode_ci NOT NULL,
  `description` text COLLATE utf8mb4_unicode_ci,
  `amount` double(14,2) NOT NULL DEFAULT '0.00',
  `created_at` timestamp NULL DEFAULT NULL,
  `updated_at` timestamp NULL DEFAULT NULL
) ENGINE=InnoDB DEFAULT CHARSET=utf8mb4 COLLATE=utf8mb4_unicode_ci;

--
-- Dumping data for table `stock_heads`
--

INSERT INTO `stock_heads` (`id`, `category`, `type_id`, `name`, `description`, `amount`, `created_at`, `updated_at`) VALUES
(1, 'restaurant', 3, 'Rice', NULL, 0.00, '2020-01-19 16:17:58', '2020-01-19 16:17:58'),
(2, 'inventory', 5, 'Electrical Equipment', NULL, 0.00, '2020-01-19 16:18:51', '2020-01-19 16:19:03'),
(3, 'restaurant', 3, 'Fish', NULL, 0.00, '2020-01-20 11:51:58', '2020-01-20 11:51:58'),
(4, 'restaurant', 3, 'Spices (Moshla)', NULL, 0.00, '2020-01-20 11:52:11', '2020-01-20 11:53:21'),
(5, 'restaurant', 3, 'Meat', NULL, 0.00, '2020-01-20 11:52:20', '2020-01-20 11:52:20'),
(6, 'restaurant', 3, 'Drinks', NULL, 0.00, '2020-01-20 11:53:38', '2020-01-20 11:53:38'),
(7, 'restaurant', 3, 'Vegetables', NULL, 0.00, '2020-01-20 11:54:13', '2020-01-20 11:54:13'),
(8, 'restaurant', 3, 'Minaral Water', NULL, 0.00, '2020-01-20 11:54:42', '2020-01-20 11:54:42'),
(9, 'restaurant', 3, 'Snacks', NULL, 0.00, '2020-01-20 11:56:05', '2020-01-20 11:56:05'),
(10, 'restaurant', 3, 'Curds', NULL, 0.00, '2020-01-20 11:58:35', '2020-01-20 11:58:35'),
(11, 'restaurant', 3, 'Dal', NULL, 0.00, '2020-01-20 11:59:04', '2020-01-20 11:59:04'),
(12, 'restaurant', 3, 'Oil', NULL, 0.00, '2020-01-20 11:59:18', '2020-01-20 11:59:18'),
(13, 'restaurant', 3, 'Tissue', NULL, 0.00, '2020-01-20 11:59:50', '2020-01-20 11:59:50'),
(14, 'restaurant', 3, 'Ata & Moyda', NULL, 0.00, '2020-01-20 12:01:04', '2020-01-20 14:18:40'),
(15, 'restaurant', 3, 'Milk', NULL, 0.00, '2020-01-20 12:01:12', '2020-01-20 12:01:12'),
(16, 'restaurant', 3, 'Tea', NULL, 0.00, '2020-01-20 12:01:21', '2020-01-20 12:01:21'),
(17, 'restaurant', 3, 'Suger', NULL, 0.00, '2020-01-20 12:01:30', '2020-01-20 12:01:30'),
(18, 'restaurant', 3, 'Salt', NULL, 0.00, '2020-01-20 12:01:38', '2020-01-20 12:01:38'),
(19, 'restaurant', 3, 'Soap and Shampoo', NULL, 0.00, '2020-01-20 12:01:47', '2020-01-20 12:04:44'),
(20, 'restaurant', 3, 'Aerosol', NULL, 0.00, '2020-01-20 12:02:08', '2020-01-20 12:02:08'),
(21, 'restaurant', 3, 'Egg', NULL, 0.00, '2020-01-20 12:02:16', '2020-01-20 12:02:16'),
(22, 'restaurant', 3, 'Air Freshner', NULL, 0.00, '2020-01-20 12:02:33', '2020-01-20 12:02:33'),
(23, 'restaurant', 3, 'Washing Powder', NULL, 0.00, '2020-01-20 12:02:57', '2020-01-20 12:02:57'),
(24, 'restaurant', 3, 'Others', NULL, 0.00, '2020-01-20 12:03:24', '2020-01-20 12:03:24'),
(25, 'restaurant', 3, 'Wood (Lakri)', NULL, 0.00, '2020-01-20 12:04:07', '2020-01-20 12:04:07'),
(26, 'restaurant', 3, 'Harpic', NULL, 0.00, '2020-01-20 12:05:02', '2020-01-20 12:05:02'),
(27, 'restaurant', 3, 'Toothbrach and Toothpast', NULL, 0.00, '2020-01-20 12:05:56', '2020-01-20 12:05:56'),
(28, 'restaurant', 3, 'Disel', NULL, 0.00, '2020-01-20 12:06:20', '2020-01-20 12:06:20'),
(29, 'restaurant', 3, 'Muri', NULL, 0.00, '2020-01-20 12:06:58', '2020-01-20 12:06:58'),
(30, 'restaurant', 3, 'Biscuit', NULL, 0.00, '2020-01-20 12:07:14', '2020-01-20 12:07:14'),
(31, 'restaurant', 3, 'Coffee', NULL, 0.00, '2020-01-20 12:07:42', '2020-01-20 14:33:06'),
(32, 'inventory', 5, 'Furniture', NULL, 0.00, '2020-01-21 11:00:38', '2020-01-21 11:00:38'),
(33, 'inventory', 5, 'Office Equipment', NULL, 0.00, '2020-01-21 11:01:01', '2020-01-21 11:01:01'),
(35, 'inventory', 5, 'Cookeries-Expenses', NULL, 0.00, '2020-01-22 16:10:59', '2020-01-22 16:10:59');

-- --------------------------------------------------------

--
-- Table structure for table `suppliers`
--

CREATE TABLE `suppliers` (
  `id` int(10) UNSIGNED NOT NULL,
  `name` varchar(191) COLLATE utf8mb4_unicode_ci NOT NULL,
  `contact_no` varchar(191) COLLATE utf8mb4_unicode_ci NOT NULL,
  `address` text COLLATE utf8mb4_unicode_ci,
  `designation` text COLLATE utf8mb4_unicode_ci,
  `created_at` timestamp NULL DEFAULT NULL,
  `updated_at` timestamp NULL DEFAULT NULL
) ENGINE=InnoDB DEFAULT CHARSET=utf8mb4 COLLATE=utf8mb4_unicode_ci;

--
-- Dumping data for table `suppliers`
--

INSERT INTO `suppliers` (`id`, `name`, `contact_no`, `address`, `designation`, `created_at`, `updated_at`) VALUES
(1, 'asdsadsa', 'sadada', NULL, NULL, '2020-01-20 12:26:32', '2020-01-20 12:26:32'),
(2, 'Akij Food and Beverage Limited', '01768598896', '29 C.K. Gosh Road,Mymensingh', NULL, '2020-01-20 12:33:20', '2020-01-20 12:33:20'),
(3, 'Humayun Mangsho Ghor', '07176075714', 'Charpara Bazar,Mymensingh.', NULL, '2020-01-20 12:37:55', '2020-01-20 12:37:55'),
(4, 'Ruma Confectionary and Pesti Shop', '01725155447', 'Charpara Mor,Mymensingh', NULL, '2020-01-20 12:40:28', '2020-01-20 12:40:28'),
(5, 'Janoni Papers Industries Ltd.', '01711585429', 'Mymensingh Sadar,mymensingh', NULL, '2020-01-20 12:45:07', '2020-01-20 12:45:07'),
(6, 'Sumon Store', '01921821240', 'Hasmot Market,Charpara,Mymensingh', NULL, '2020-01-20 12:47:51', '2020-01-20 12:47:51'),
(7, 'Partex', '01926667104', 'Mymensingh Sadar,mymensingh', NULL, '2020-01-20 12:59:21', '2020-01-20 12:59:21'),
(8, 'Romania Food and Beverage ltd.', '1907279615', 'Mymensingh Sadar,mymensingh', NULL, '2020-01-20 13:00:40', '2020-01-20 13:00:40'),
(9, 'Meghna Food and Beverage ltd.', '01727361576', 'Mymensingh Sadar,mymensingh', NULL, '2020-01-20 13:01:47', '2020-01-20 13:01:47'),
(10, 'Dhaka Misty Ghor', '01916466459', 'Mymensingh Sadar,mymensingh', NULL, '2020-01-20 13:02:55', '2020-01-20 13:02:55'),
(11, 'Azizia Press', '01719016719', 'Mymensingh Sadar,mymensingh', NULL, '2020-01-20 13:03:53', '2020-01-20 13:03:53'),
(12, 'MFC(Vegetable Rol)', '01717628987', 'Mymensingh Sadar,mymensingh', NULL, '2020-01-20 13:04:58', '2020-01-20 13:04:58'),
(13, 'Pepsi Soft Drinks', '01746707107', 'Mymensingh Sadar,mymensingh', NULL, '2020-01-20 13:05:55', '2020-01-20 13:05:55'),
(14, 'Nazrul & Brothers', '01712474777', 'Masuha Bazer', 'N/A', '2020-01-21 13:23:38', '2020-01-21 13:23:38'),
(15, 'M/S Nate Rasul (S:)Dimer Arot', '01717097807', 'Mechuya Bazar', 'Sales Man', '2020-01-22 10:44:16', '2020-01-22 10:44:16'),
(16, 'Kohinur Camicel Co.', '01721530387', 'Mymensingh', 'SM', '2020-01-22 11:10:59', '2020-01-22 11:10:59'),
(17, 'Unknown', '23456767834567', 'sdafgh', 'asdf', '2020-01-22 11:25:46', '2020-01-22 11:25:46');

-- --------------------------------------------------------

--
-- Table structure for table `transaction_heads`
--

CREATE TABLE `transaction_heads` (
  `id` int(10) UNSIGNED NOT NULL,
  `ac_head_id` int(10) UNSIGNED NOT NULL,
  `name` varchar(191) COLLATE utf8mb4_unicode_ci NOT NULL,
  `debit` bigint(20) NOT NULL DEFAULT '0',
  `credit` bigint(20) NOT NULL DEFAULT '0',
  `amount` bigint(20) NOT NULL DEFAULT '0',
  `code` varchar(191) COLLATE utf8mb4_unicode_ci NOT NULL,
  `transactionable_id` int(11) NOT NULL,
  `transactionable_type` varchar(191) COLLATE utf8mb4_unicode_ci NOT NULL,
  `created_at` timestamp NULL DEFAULT NULL,
  `updated_at` timestamp NULL DEFAULT NULL
) ENGINE=InnoDB DEFAULT CHARSET=utf8mb4 COLLATE=utf8mb4_unicode_ci;

--
-- Dumping data for table `transaction_heads`
--

INSERT INTO `transaction_heads` (`id`, `ac_head_id`, `name`, `debit`, `credit`, `amount`, `code`, `transactionable_id`, `transactionable_type`, `created_at`, `updated_at`) VALUES
(1, 3, 'MFMSF', 0, 0, 0, '7701', 15, 'App\\AccountHeadChild_I', NULL, '2019-12-12 06:05:20'),
(2, 3, 'UPP', 0, 0, 0, '7702', 15, 'App\\AccountHeadChild_I', NULL, '2019-12-12 06:08:23'),
(3, 3, 'FSP', 0, 0, 0, '7703', 15, 'App\\AccountHeadChild_I', NULL, '2019-11-21 16:02:31'),
(4, 3, 'Enrich', 0, 0, 0, '7704', 15, 'App\\AccountHeadChild_I', NULL, NULL),
(5, 3, 'Training venue Charge', 0, 0, 0, '4501', 18, 'App\\AccountHeadChild_I', NULL, NULL),
(6, 3, 'Conference Room Fare', 0, 0, 0, '4502', 18, 'App\\AccountHeadChild_I', NULL, NULL),
(7, 3, 'Accommodation', 0, 0, 0, '4503', 18, 'App\\AccountHeadChild_I', NULL, NULL),
(8, 3, 'Food Bill received', 0, 0, 0, '4504', 18, 'App\\AccountHeadChild_I', NULL, NULL),
(9, 3, 'Training Service Charge Received', 0, 0, 0, '4505', 18, 'App\\AccountHeadChild_I', NULL, NULL),
(10, 3, 'Training matirials Bill', 0, 0, 0, '4506', 18, 'App\\AccountHeadChild_I', NULL, NULL),
(11, 3, 'Facilitators Honorarirum', 0, 0, 0, '4507', 18, 'App\\AccountHeadChild_I', NULL, NULL),
(12, 3, 'Equipment Charge', 0, 0, 0, '4508', 18, 'App\\AccountHeadChild_I', NULL, NULL),
(13, 3, 'Tranees convence received', 0, 0, 0, '4509', 18, 'App\\AccountHeadChild_I', NULL, NULL),
(14, 3, 'Residence Personal', 0, 0, 0, '4510', 18, 'App\\AccountHeadChild_I', NULL, NULL),
(15, 3, 'Food bill Received (Personal)', 0, 0, 0, '4511', 18, 'App\\AccountHeadChild_I', NULL, NULL),
(16, 4, 'Food cost', 0, 0, 0, '5701', 19, 'App\\AccountHeadChild_I', NULL, NULL),
(17, 4, 'Special Allawonces', 0, 0, 0, '5703', 19, 'App\\AccountHeadChild_I', NULL, NULL),
(18, 4, 'Supporting Staff cost for cook', 0, 0, 0, '5705', 19, 'App\\AccountHeadChild_I', NULL, NULL),
(19, 4, 'Training matirials cost', 0, 0, 0, '5706', 19, 'App\\AccountHeadChild_I', NULL, NULL),
(20, 4, 'Trainees Convyence cost', 0, 0, 0, '5707', 19, 'App\\AccountHeadChild_I', NULL, NULL),
(21, 4, 'RESO. Person H cost', 0, 0, 0, '5708', 19, 'App\\AccountHeadChild_I', NULL, NULL),
(22, 4, 'Extra Service Sttaf Cost', 0, 0, 0, '5709', 19, 'App\\AccountHeadChild_I', NULL, NULL),
(23, 3, 'Dining Charge', 0, 0, 0, '4512', 18, 'App\\AccountHeadChild_I', NULL, NULL),
(26, 1, 'Furniture', 0, 0, 0, '1201', 2, 'App\\AccountHeadChild_II', NULL, NULL),
(27, 1, 'Telephone Set', 0, 0, 0, '1251', 3, 'App\\AccountHeadChild_II', NULL, NULL),
(28, 1, 'Spiral Machine', 0, 0, 0, '1252', 3, 'App\\AccountHeadChild_II', NULL, NULL),
(29, 1, 'Photo copier', 0, 0, 0, '1253', 3, 'App\\AccountHeadChild_II', NULL, NULL),
(30, 1, 'Video Camera', 0, 0, 0, '1255', 3, 'App\\AccountHeadChild_II', NULL, NULL),
(31, 1, 'Vehical A/C', 0, 0, 0, '1301', 4, 'App\\AccountHeadChild_II', NULL, NULL),
(32, 1, 'Motor Cycle', 0, 0, 0, '1302', 4, 'App\\AccountHeadChild_II', NULL, NULL),
(33, 1, 'Computer System', 0, 0, 0, '1351', 5, 'App\\AccountHeadChild_II', NULL, NULL),
(34, 1, 'Television', 0, 0, 0, '1352', 5, 'App\\AccountHeadChild_II', NULL, NULL),
(35, 1, 'Generator', 0, 0, 0, '1353', 5, 'App\\AccountHeadChild_II', NULL, NULL),
(36, 1, 'Refrigerator', 0, 0, 0, '1354', 5, 'App\\AccountHeadChild_II', NULL, NULL),
(37, 1, 'Electric Fan', 0, 0, 0, '1355', 5, 'App\\AccountHeadChild_II', NULL, NULL),
(38, 1, 'Solar System', 0, 0, 0, '1356', 5, 'App\\AccountHeadChild_II', NULL, NULL),
(39, 1, 'Air Conditioner', 0, 0, 0, '1357', 5, 'App\\AccountHeadChild_II', NULL, NULL),
(40, 1, 'Server', 0, 0, 0, '1401', 6, 'App\\AccountHeadChild_II', NULL, NULL),
(41, 1, 'Microcredit Software', 0, 0, 0, '1402', 6, 'App\\AccountHeadChild_II', NULL, NULL),
(42, 1, 'Loan A/C With members -JAGARON', 0, 0, 0, '1901', 7, 'App\\AccountHeadChild_II', NULL, NULL),
(43, 1, 'Loan A/C With members -AGRASHOR', 0, 0, 0, '1902', 7, 'App\\AccountHeadChild_II', NULL, NULL),
(44, 1, 'Loan A/C With members -BUNIAD', 0, 0, 0, '1903', 7, 'App\\AccountHeadChild_II', NULL, NULL),
(45, 1, 'Loan A/C With members -SUFALON', 0, 0, 0, '1904', 7, 'App\\AccountHeadChild_II', NULL, NULL),
(46, 1, 'Loan A/C With members -MFMSF', 0, 0, 0, '1905', 7, 'App\\AccountHeadChild_II', NULL, NULL),
(47, 1, 'Loan A/C With members -EFRRAP', 0, 0, 0, '1906', 7, 'App\\AccountHeadChild_II', NULL, NULL),
(48, 1, 'By Cycle Loan (staff)', 0, 0, 0, '2002', 8, 'App\\AccountHeadChild_II', NULL, NULL),
(49, 1, 'Rain Coat', 0, 0, 0, '2005', 8, 'App\\AccountHeadChild_II', NULL, NULL),
(50, 1, 'LLPI', 0, 0, 0, '2301', 10, 'App\\AccountHeadChild_II', NULL, NULL),
(51, 1, 'DMFI', 0, 0, 0, '2302', 10, 'App\\AccountHeadChild_II', NULL, NULL),
(52, 2, 'JAGARON (SS)', 0, 0, 0, '3141', 18, 'App\\AccountHeadChild_II', NULL, NULL),
(53, 2, 'Monthly Savings(DPS)', 0, 0, 0, '3151', 21, 'App\\AccountHeadChild_II', NULL, NULL),
(54, 2, 'RMC (PKSF) Principal', 0, 0, 0, '3351', 11, 'App\\AccountHeadChild_II', NULL, NULL),
(55, 2, 'UMC (PKSF) Principal', 0, 0, 0, '3352', 11, 'App\\AccountHeadChild_II', NULL, NULL),
(56, 2, 'ME (PKSF) Principal', 0, 0, 0, '3353', 11, 'App\\AccountHeadChild_II', NULL, NULL),
(57, 2, 'JAGARON (PKSF) Principal', 0, 0, 0, '3354', 11, 'App\\AccountHeadChild_II', NULL, NULL),
(58, 2, 'AGRASHOR (PKSF) Principal', 0, 0, 0, '3355', 11, 'App\\AccountHeadChild_II', NULL, NULL),
(59, 2, 'SUFALON (PKSF) Principal', 0, 0, 0, '3356', 11, 'App\\AccountHeadChild_II', NULL, NULL),
(60, 3, 'Other Income', 0, 0, 0, '4256', 12, 'App\\AccountHeadChild_II', NULL, NULL),
(61, 3, 'Income from Training Center', 0, 0, 0, '4259', 12, 'App\\AccountHeadChild_II', NULL, NULL),
(62, 3, 'ENRICH Project Income', 0, 0, 0, '4260', 12, 'App\\AccountHeadChild_II', NULL, NULL),
(63, 3, 'ENRICH Project Grant Income', 0, 0, 0, '4261', 12, 'App\\AccountHeadChild_II', NULL, NULL),
(64, 3, 'Sale of pass book (DPS)', 0, 0, 0, '4262', 12, 'App\\AccountHeadChild_II', NULL, NULL),
(65, 3, 'FK norway project', 0, 0, 0, '4263', 12, 'App\\AccountHeadChild_II', NULL, NULL),
(66, 3, 'Bad Debts', 0, 0, 0, '4264', 12, 'App\\AccountHeadChild_II', NULL, NULL),
(67, 3, 'Income for vahicle sale', 0, 0, 0, '4265', 12, 'App\\AccountHeadChild_II', NULL, NULL),
(68, 3, 'Bank Interest', 0, 0, 0, '4301', 13, 'App\\AccountHeadChild_II', NULL, NULL),
(69, 3, 'Bank Interest?FDR', 0, 0, 0, '4302', 13, 'App\\AccountHeadChild_II', NULL, NULL),
(70, 3, 'Bank Interest?LLP', 0, 0, 0, '4303', 13, 'App\\AccountHeadChild_II', NULL, NULL),
(71, 3, 'Bank Interest?DMF', 0, 0, 0, '4304', 13, 'App\\AccountHeadChild_II', NULL, NULL),
(72, 3, 'Bank Interest?DF', 0, 0, 0, '4305', 13, 'App\\AccountHeadChild_II', NULL, NULL),
(73, 4, 'RMC Service Charge paid to HO', 0, 0, 0, '5221', 14, 'App\\AccountHeadChild_II', NULL, NULL),
(74, 4, 'UMC Service Charge paid to HO', 0, 0, 0, '5222', 14, 'App\\AccountHeadChild_II', NULL, NULL),
(75, 4, 'ME Service Charge paid to HO', 0, 0, 0, '5223', 14, 'App\\AccountHeadChild_II', NULL, NULL),
(76, 4, 'UPP Service Charge paid to HO', 0, 0, 0, '5224', 14, 'App\\AccountHeadChild_II', NULL, NULL),
(77, 4, 'SL Service Charge paid to HO', 0, 0, 0, '5225', 14, 'App\\AccountHeadChild_II', NULL, NULL),
(78, 4, 'ASMP  Service Charge paid to HO', 0, 0, 0, '5226', 14, 'App\\AccountHeadChild_II', NULL, NULL),
(79, 4, 'Printing & Stationery', 0, 0, 0, '5451', 16, 'App\\AccountHeadChild_II', NULL, NULL),
(80, 4, 'Fuel Cost', 0, 0, 0, '5452', 16, 'App\\AccountHeadChild_II', NULL, NULL),
(81, 4, 'Office Rent', 0, 0, 0, '5453', 16, 'App\\AccountHeadChild_II', NULL, NULL),
(82, 4, 'Postage & Telephone', 0, 0, 0, '5454', 16, 'App\\AccountHeadChild_II', NULL, NULL),
(83, 4, 'Electricity Bill', 0, 0, 0, '5455', 16, 'App\\AccountHeadChild_II', NULL, NULL),
(84, 4, 'Entertainment Cost', 0, 0, 0, '5456', 16, 'App\\AccountHeadChild_II', NULL, NULL),
(85, 4, 'Repair & Maintenance Cost', 0, 0, 0, '5457', 16, 'App\\AccountHeadChild_II', NULL, NULL),
(86, 4, 'Gas bill & installation', 0, 0, 0, '5458', 16, 'App\\AccountHeadChild_II', NULL, NULL),
(87, 4, 'Advertisement', 0, 0, 0, '5459', 16, 'App\\AccountHeadChild_II', NULL, NULL),
(88, 4, 'VAT/TAX', 0, 0, 0, '5460', 16, 'App\\AccountHeadChild_II', NULL, NULL),
(89, 4, 'Audit & Professional Fee', 0, 0, 0, '5461', 16, 'App\\AccountHeadChild_II', NULL, NULL),
(90, 4, 'Training Allowance', 0, 0, 0, '5462', 16, 'App\\AccountHeadChild_II', NULL, NULL),
(91, 4, 'Software Cost', 0, 0, 0, '5463', 16, 'App\\AccountHeadChild_II', NULL, NULL),
(92, 4, 'LLPE', 0, 0, 0, '5464', 16, 'App\\AccountHeadChild_II', NULL, NULL),
(93, 4, 'DMFE', 0, 0, 0, '5465', 16, 'App\\AccountHeadChild_II', NULL, NULL),
(94, 4, 'Depricaition', 0, 0, 0, '5466', 16, 'App\\AccountHeadChild_II', NULL, NULL),
(95, 4, 'Legal Expense', 0, 0, 0, '5467', 16, 'App\\AccountHeadChild_II', NULL, NULL),
(96, 4, 'Miscellaneous Expense', 0, 0, 0, '5468', 16, 'App\\AccountHeadChild_II', NULL, NULL),
(97, 4, 'Honorarium fee', 0, 0, 0, '5469', 16, 'App\\AccountHeadChild_II', NULL, NULL),
(98, 4, 'Service Charge Paid to PKSF (RMC)', 0, 0, 0, '5131', 19, 'App\\AccountHeadChild_II', NULL, NULL),
(99, 4, 'Service Charge Paid to PKSF (UMC)', 0, 0, 0, '5132', 19, 'App\\AccountHeadChild_II', NULL, NULL),
(100, 4, 'Service Charge Paid to PKSF (ME)', 0, 0, 0, '5133', 19, 'App\\AccountHeadChild_II', NULL, NULL),
(101, 4, 'Service Charge Paid to PKSF (UPP)', 0, 0, 0, '5134', 19, 'App\\AccountHeadChild_II', NULL, NULL),
(102, 4, 'Service Charge Paid to PKSF (ID loan)', 0, 0, 0, '5135', 19, 'App\\AccountHeadChild_II', NULL, NULL),
(103, 4, 'Service Charge Paid to PKSF (JAGARON)', 0, 0, 0, '5136', 19, 'App\\AccountHeadChild_II', NULL, NULL),
(104, 4, 'Service Charge Paid to PKSF (AGRASHOR)', 0, 0, 0, '5137', 19, 'App\\AccountHeadChild_II', NULL, NULL),
(105, 4, 'Service Charge Paid to PKSF (BUNIAD)', 0, 0, 0, '5138', 19, 'App\\AccountHeadChild_II', NULL, NULL),
(106, 4, 'Interest on Group Savings', 0, 0, 0, '5121', 20, 'App\\AccountHeadChild_II', NULL, NULL),
(107, 2, 'Emergency Fund JAGARON', 0, 0, 0, '3161', 22, 'App\\AccountHeadChild_II', NULL, NULL),
(108, 3, 'Service Charge A/C JAGARON', 0, 0, 0, '4151', 23, 'App\\AccountHeadChild_II', NULL, NULL),
(109, 3, 'Service Charge A/C AGRASHOR', 0, 0, 0, '4152', 23, 'App\\AccountHeadChild_II', NULL, NULL),
(110, 3, 'Service Charge A/C BUNIAD', 0, 0, 0, '4153', 23, 'App\\AccountHeadChild_II', NULL, NULL),
(111, 3, 'Service Charge A/C  SUFOLON', 0, 0, 0, '4154', 23, 'App\\AccountHeadChild_II', NULL, NULL),
(112, 3, 'Service Charge A/C EFRRAP', 0, 0, 0, '4155', 23, 'App\\AccountHeadChild_II', NULL, NULL),
(113, 3, 'Service Charge A/C  MFMSF', 0, 0, 0, '4156', 23, 'App\\AccountHeadChild_II', NULL, NULL),
(114, 4, 'Staff Salary & Allowance', 0, 0, 0, '5311', 15, 'App\\AccountHeadChild_II', NULL, '2020-01-18 02:58:09'),
(115, 4, 'Traveling Cost/ Conveyance', 0, 0, 0, '5471', 16, 'App\\AccountHeadChild_II', NULL, NULL),
(116, 4, 'Bank/D.D/T.T Charge & comm;.', 0, 0, 0, '5501', 24, 'App\\AccountHeadChild_II', NULL, NULL),
(117, 2, 'Current Account Principal (HO & Branch)RMC', 0, 0, 0, '3421', 26, 'App\\AccountHeadChild_II', NULL, NULL),
(118, 2, 'Current Account Principal (HO & Branch)UMC', 0, 0, 0, '3422', 26, 'App\\AccountHeadChild_II', NULL, NULL),
(119, 2, 'Current Account Principal (Branch & HO)ME', 0, 0, 0, '3423', 26, 'App\\AccountHeadChild_II', NULL, NULL),
(120, 2, 'Current Account Principal (Branch & HO)UPP', 0, 0, 0, '3424', 26, 'App\\AccountHeadChild_II', NULL, NULL),
(121, 2, 'Current Account Principal (Branch & HO)SL', 0, 0, 0, '3425', 26, 'App\\AccountHeadChild_II', NULL, NULL),
(122, 2, 'Current Account Principal (Branch & HO)JAGARON', 0, 0, 0, '3426', 26, 'App\\AccountHeadChild_II', NULL, NULL),
(123, 2, 'Current Account Principal (Branch & HO)AGRASHOR', 0, 0, 0, '3427', 26, 'App\\AccountHeadChild_II', NULL, NULL),
(124, 2, 'Current Account Principal (Branch & HO)MFMSF', 0, 0, 0, '3428', 26, 'App\\AccountHeadChild_II', NULL, NULL),
(125, 2, 'Loan Loss Provision Fund (LLP)', 0, 0, 0, '3521', 27, 'App\\AccountHeadChild_II', NULL, NULL),
(126, 2, 'Disaster Management Fund (DMF)', 0, 0, 0, '3522', 27, 'App\\AccountHeadChild_II', NULL, NULL),
(127, 2, 'Accumulated Depreciation', 0, 0, 0, '3523', 27, 'App\\AccountHeadChild_II', NULL, NULL),
(128, 2, 'Provision for Expenses', 0, 0, 0, '3524', 27, 'App\\AccountHeadChild_II', NULL, NULL),
(129, 2, 'Payable for Savings Interest', 0, 0, 0, '3525', 27, 'App\\AccountHeadChild_II', NULL, NULL),
(130, 2, 'Retained Surplus/Deficit', 0, 0, 0, '3621', 28, 'App\\AccountHeadChild_II', NULL, NULL),
(131, 1, 'Building/Office Construction', 0, 0, 0, '1153', 1, 'App\\AccountHeadChild_II', NULL, NULL),
(132, 1, 'Veceom Cleaner', 0, 0, 0, '1358', 5, 'App\\AccountHeadChild_II', NULL, NULL),
(133, 1, 'Sound System', 0, 0, 0, '1359', 5, 'App\\AccountHeadChild_II', NULL, NULL),
(134, 1, 'AC/DC Motors & Feetings', 0, 0, 0, '1360', 5, 'App\\AccountHeadChild_II', NULL, NULL),
(135, 1, 'Lift', 0, 0, 0, '1361', 5, 'App\\AccountHeadChild_II', NULL, NULL),
(136, 1, 'IPS', 0, 0, 0, '1362', 5, 'App\\AccountHeadChild_II', NULL, NULL),
(137, 1, 'Oven', 0, 0, 0, '1363', 5, 'App\\AccountHeadChild_II', NULL, NULL),
(138, 1, 'Multimedia And Overhead Projector', 0, 0, 0, '1254', 3, 'App\\AccountHeadChild_II', NULL, NULL),
(139, 1, 'Fire extinguisher', 0, 0, 0, '1256', 3, 'App\\AccountHeadChild_II', NULL, NULL),
(140, 1, 'DFI', 0, 0, 0, '2303', 10, 'App\\AccountHeadChild_II', NULL, NULL),
(141, 1, 'Savings FDR', 0, 0, 0, '2304', 10, 'App\\AccountHeadChild_II', NULL, NULL),
(142, 1, 'Other Savings FDR', 0, 0, 0, '2305', 10, 'App\\AccountHeadChild_II', NULL, NULL),
(143, 2, 'AGRASHOR (SS)', 0, 0, 0, '3142', 18, 'App\\AccountHeadChild_II', NULL, NULL),
(144, 2, 'BUNIAD (SS)', 0, 0, 0, '3143', 18, 'App\\AccountHeadChild_II', NULL, NULL),
(145, 2, 'MFMSF (SS)', 0, 0, 0, '3144', 18, 'App\\AccountHeadChild_II', NULL, NULL),
(146, 2, 'SUFALON (SS)', 0, 0, 0, '3145', 18, 'App\\AccountHeadChild_II', NULL, NULL),
(147, 2, 'Emergency Fund AGRASOR', 0, 0, 0, '3162', 22, 'App\\AccountHeadChild_II', NULL, NULL),
(148, 2, 'Emergency Fund BUNIAD', 0, 0, 0, '3163', 22, 'App\\AccountHeadChild_II', NULL, NULL),
(149, 2, 'Emergency fund SUFALON', 0, 0, 0, '3164', 22, 'App\\AccountHeadChild_II', NULL, NULL),
(150, 2, 'Emergency Fund FSP', 0, 0, 0, '3165', 22, 'App\\AccountHeadChild_II', NULL, NULL),
(151, 2, 'Emergency Fund EFRRAP', 0, 0, 0, '3166', 22, 'App\\AccountHeadChild_II', NULL, NULL),
(152, 2, 'Health Insurance', 0, 0, 0, '3167', 22, 'App\\AccountHeadChild_II', NULL, NULL),
(153, 4, 'Service Charge Paid to PKSF (SUFOLON)', 0, 0, 0, '5139', 19, 'App\\AccountHeadChild_II', NULL, NULL),
(154, 4, 'Daily Allowance', 0, 0, 0, '5472', 16, 'App\\AccountHeadChild_II', NULL, NULL),
(155, 4, 'Meeting Expenses', 0, 0, 0, '5473', 16, 'App\\AccountHeadChild_II', NULL, NULL),
(156, 4, 'Festival Allowance', 0, 0, 0, '5474', 15, 'App\\AccountHeadChild_II', NULL, NULL),
(157, 4, 'News Paper Bill', 0, 0, 0, '5476', 16, 'App\\AccountHeadChild_II', NULL, NULL),
(158, 4, 'Registration Fees', 0, 0, 0, '5477', 16, 'App\\AccountHeadChild_II', NULL, NULL),
(159, 4, 'Insurance Fee', 0, 0, 0, '5478', 16, 'App\\AccountHeadChild_II', NULL, NULL),
(160, 4, 'Scholarship Fee', 0, 0, 0, '5479', 16, 'App\\AccountHeadChild_II', NULL, NULL),
(161, 4, 'Donation', 0, 1, -1, '5480', 16, 'App\\AccountHeadChild_II', NULL, '2020-01-20 16:29:21'),
(162, 4, 'Incentive DPS', 0, 0, 0, '5481', 16, 'App\\AccountHeadChild_II', NULL, NULL),
(163, 4, 'Office Maintenance', 0, 0, 0, '5482', 16, 'App\\AccountHeadChild_II', NULL, NULL),
(164, 4, 'Project Profile', 0, 0, 0, '5483', 16, 'App\\AccountHeadChild_II', NULL, NULL),
(165, 4, 'FK norway project expenses', 0, 0, 0, '5484', 16, 'App\\AccountHeadChild_II', NULL, NULL),
(166, 4, 'Expenses for Training Center', 0, 0, 0, '5485', 16, 'App\\AccountHeadChild_II', NULL, NULL),
(167, 4, 'City Allowance', 0, 0, 0, '5486', 16, 'App\\AccountHeadChild_II', NULL, NULL),
(168, 4, 'Cookarige', 0, 0, 0, '5487', 16, 'App\\AccountHeadChild_II', NULL, '2020-01-18 00:17:53'),
(169, 4, 'Security Guard Allowance', 0, 0, 0, '5488', 16, 'App\\AccountHeadChild_II', NULL, NULL),
(170, 4, 'Annual/Special Program', 0, 0, 0, '5489', 16, 'App\\AccountHeadChild_II', NULL, NULL),
(171, 4, 'Service Charge Rebate', 0, 0, 0, '5491', 16, 'App\\AccountHeadChild_II', NULL, NULL),
(172, 4, 'Bank Charge of LLP', 0, 0, 0, '5502', 24, 'App\\AccountHeadChild_II', NULL, NULL),
(173, 4, 'Bank Charge of DMF', 0, 0, 0, '5503', 24, 'App\\AccountHeadChild_II', NULL, NULL),
(174, 3, 'Income From Sale of Land', 0, 0, 0, '4266', 12, 'App\\AccountHeadChild_II', NULL, NULL),
(175, 4, 'Imterest Paid on Bank Loan', 0, 0, 0, '5492', 16, 'App\\AccountHeadChild_II', NULL, NULL),
(176, 4, 'Interest on Savings(staff)', 0, 0, 0, '5493', 16, 'App\\AccountHeadChild_II', NULL, NULL),
(177, 1, 'Advance', 0, 0, 0, '2101', 9, 'App\\AccountHeadChild_II', NULL, NULL),
(178, 1, 'Loan A/C with Climate Change Project', 0, 0, 0, '1511', 29, 'App\\AccountHeadChild_II', NULL, NULL),
(179, 1, 'Loan to MICR Project', 0, 0, 0, '1512', 29, 'App\\AccountHeadChild_II', NULL, NULL),
(180, 1, 'VGD Project Loan A/C', 0, 0, 0, '1513', 29, 'App\\AccountHeadChild_II', NULL, NULL),
(181, 1, 'Non Formal Education Project Loan A/C', 0, 0, 0, '1514', 29, 'App\\AccountHeadChild_II', NULL, NULL),
(182, 2, 'Special Saving (Staff)', 0, 0, 0, '3202', 38, 'App\\AccountHeadChild_II', NULL, NULL),
(183, 2, 'Current Account Principal (Branch & HO) EFRREP', 0, 0, 0, '3429', 26, 'App\\AccountHeadChild_II', NULL, NULL),
(184, 2, 'Current Account Principal (Branch & HO) AGRICULTURE', 0, 0, 0, '3430', 26, 'App\\AccountHeadChild_II', NULL, NULL),
(185, 2, 'Current Account Principal (Branch & HO) ID Loan(C&B)', 0, 0, 0, '3431', 26, 'App\\AccountHeadChild_II', NULL, NULL),
(186, 2, 'Current Account Principal (Branch & HO) MFMSFP(Kachina-1)', 0, 0, 0, '3432', 26, 'App\\AccountHeadChild_II', NULL, NULL),
(187, 2, 'Current Account Principal (Branch & HO) SUFOLON', 0, 0, 0, '3433', 26, 'App\\AccountHeadChild_II', NULL, NULL),
(188, 2, 'payable for Organization cotribution', 0, 0, 0, '3551', 30, 'App\\AccountHeadChild_II', NULL, NULL),
(189, 2, 'payable to Gratuity Fund', 0, 0, 0, '3552', 30, 'App\\AccountHeadChild_II', NULL, NULL),
(190, 2, 'Advance against sale of Land', 0, 0, 0, '3553', 30, 'App\\AccountHeadChild_II', NULL, NULL),
(191, 2, 'Motorcycle Installment Collection', 0, 0, 0, '3554', 30, 'App\\AccountHeadChild_II', NULL, NULL),
(192, 2, 'Advance Grant for ENRICH pro.', 0, 0, 0, '3555', 30, 'App\\AccountHeadChild_II', NULL, NULL),
(193, 2, 'payable to PF Contribution', 0, 0, 0, '3556', 30, 'App\\AccountHeadChild_II', NULL, NULL),
(194, 2, 'payable to PF Loan A/C', 0, 0, 0, '3534', 30, 'App\\AccountHeadChild_II', NULL, NULL),
(195, 2, 'payable to PF Service A/C', 0, 0, 0, '3557', 30, 'App\\AccountHeadChild_II', NULL, NULL),
(196, 2, 'payable to Salary Tax', 0, 0, 0, '3558', 30, 'App\\AccountHeadChild_II', NULL, NULL),
(197, 2, 'ED Loan', 0, 0, 0, '3559', 30, 'App\\AccountHeadChild_II', NULL, NULL),
(198, 3, 'Admission fees A/C', 0, 0, 0, '4267', 12, 'App\\AccountHeadChild_II', NULL, NULL),
(199, 3, 'Sale of Passbook ( Member)', 0, 0, 0, '4268', 12, 'App\\AccountHeadChild_II', NULL, NULL),
(200, 3, 'Sale Of Form Fee', 1, 0, -1, '4269', 12, 'App\\AccountHeadChild_II', NULL, '2020-01-20 16:29:21'),
(201, 1, 'Office Security', 0, 0, 0, '1551', 31, 'App\\AccountHeadChild_II', NULL, NULL),
(202, 1, 'Suspense A/C', 0, 0, 0, '1552', 31, 'App\\AccountHeadChild_II', NULL, NULL),
(203, 2, 'Current Account Principal (Branch & HO) Training Academy Mymensingh Loan', 0, 0, 0, '3434', 26, 'App\\AccountHeadChild_II', NULL, NULL),
(204, 2, 'Bank Loan (southeast)', 0, 0, 0, '3560', 30, 'App\\AccountHeadChild_II', NULL, NULL),
(205, 2, 'Provident Fund (PF)', 0, 0, 0, '3526', 27, 'App\\AccountHeadChild_II', NULL, NULL),
(206, 4, 'JAGORON Service Charge paid to HO', 0, 0, 0, '2526', 14, 'App\\AccountHeadChild_II', NULL, NULL),
(207, 4, 'AGROSOR Service Charge paid to HO', 0, 0, 0, '2527', 14, 'App\\AccountHeadChild_II', NULL, NULL),
(208, 3, 'Income from Training fee', 0, 0, 0, '4270', 12, 'App\\AccountHeadChild_II', NULL, NULL),
(209, 3, 'Sale of Passbook ( security savings)', 0, 0, 0, '4271', 12, 'App\\AccountHeadChild_II', NULL, NULL),
(210, 1, 'Mobile Set', 0, 0, 0, '1257', 3, 'App\\AccountHeadChild_II', NULL, NULL),
(211, 4, 'EFRRAP Service Charge Paid to HO', 0, 0, 0, '2528', 14, 'App\\AccountHeadChild_II', NULL, NULL),
(212, 2, 'Capital fund', 0, 0, 0, '3602', 32, 'App\\AccountHeadChild_II', NULL, NULL),
(213, 4, 'MFMSF Service charge paid to H/O', 0, 0, 0, '3537', 14, 'App\\AccountHeadChild_II', NULL, NULL),
(214, 4, 'SUFOLON service charge paid to H/O', 0, 0, 0, '3539', 14, 'App\\AccountHeadChild_II', NULL, NULL),
(215, 2, 'ENRICH Pro. (ACL)', 0, 0, 0, '3357', 11, 'App\\AccountHeadChild_II', NULL, NULL),
(216, 2, 'ENRICH Pro. (IGA)', 0, 0, 0, '3358', 11, 'App\\AccountHeadChild_II', NULL, NULL),
(217, 2, 'ENRICH Pro. (LIL)', 0, 0, 0, '3359', 11, 'App\\AccountHeadChild_II', NULL, NULL),
(218, 1, 'Fund A/C With Branch- RMC', 0, 0, 0, '1601', 33, 'App\\AccountHeadChild_II', NULL, NULL),
(219, 1, 'Fund A/C With Branch- UMC', 0, 0, 0, '1602', 33, 'App\\AccountHeadChild_II', NULL, NULL),
(220, 1, 'Fund A/C With Branch- ME', 0, 0, 0, '1603', 33, 'App\\AccountHeadChild_II', NULL, NULL),
(221, 1, 'Fund A/C With Branch- MFMSF', 0, 0, 0, '1604', 33, 'App\\AccountHeadChild_II', NULL, NULL),
(222, 1, 'Fund A/C With Branch- UPP', 0, 0, 0, '1605', 33, 'App\\AccountHeadChild_II', NULL, NULL),
(223, 1, 'Fund A/C With Branch- JAGORAN', 0, 0, 0, '1606', 33, 'App\\AccountHeadChild_II', NULL, NULL),
(224, 1, 'Fund A/C With Branch- AGRASHOR', 0, 0, 0, '1607', 33, 'App\\AccountHeadChild_II', NULL, NULL),
(225, 1, 'Fund A/C With Branch- SUFOLON', 0, 0, 0, '1608', 33, 'App\\AccountHeadChild_II', NULL, NULL),
(226, 1, 'Fund A/C With Branch- AGRICULTURE', 0, 0, 0, '1609', 33, 'App\\AccountHeadChild_II', NULL, NULL),
(227, 1, 'Fund A/C With Branch- SEASONAL', 0, 0, 0, '1610', 33, 'App\\AccountHeadChild_II', NULL, NULL),
(228, 1, 'Fund A/C With Branch- EFRRAP', 0, 0, 0, '1611', 33, 'App\\AccountHeadChild_II', NULL, NULL),
(229, 3, 'Service charge from Branch- MFMSF', 0, 0, 0, '4404', 34, 'App\\AccountHeadChild_II', NULL, NULL),
(230, 1, 'Fund A/C With Branch-FSP', 0, 0, 0, '1612', 33, 'App\\AccountHeadChild_II', NULL, NULL),
(231, 1, 'Fund A/C With Branch ID Loan (C&B)', 0, 0, 0, '1613', 33, 'App\\AccountHeadChild_II', NULL, NULL),
(232, 1, 'Fund A/C With Branch MFMSFP (Kachina-01)', 0, 0, 0, '1614', 33, 'App\\AccountHeadChild_II', NULL, NULL),
(233, 1, 'Fund A/C With Branch ENRICH (IGA PRO.)', 0, 0, 0, '1615', 33, 'App\\AccountHeadChild_II', NULL, NULL),
(234, 1, 'Fund A/C With Branch ENRICH (Livelihood impro.)', 0, 0, 0, '1616', 33, 'App\\AccountHeadChild_II', NULL, NULL),
(235, 1, 'Fund A/C With Branch ENRICH (Asset creation.)', 0, 0, 0, '1617', 33, 'App\\AccountHeadChild_II', NULL, NULL),
(236, 2, 'Emergency Fund MFMSF', 0, 0, 0, '3168', 22, 'App\\AccountHeadChild_II', NULL, NULL),
(237, 2, 'Other Branch Loan A/C', 0, 0, 0, '3565', 30, 'App\\AccountHeadChild_II', NULL, NULL),
(238, 4, 'BUNIAD Service Charge Paid HO', 0, 0, 0, '3540', 14, 'App\\AccountHeadChild_II', NULL, NULL),
(239, 4, 'Expenses for training to Beneficiaries', 0, 0, 0, '5494', 16, 'App\\AccountHeadChild_II', NULL, NULL),
(240, 2, 'Current Account Principle ( Branch & h/O ) -FSP', 0, 0, 0, '3435', 26, 'App\\AccountHeadChild_II', NULL, NULL),
(241, 2, 'Current Account Principle ( Branch & h/O ) ENRICH (LIL)', 0, 0, 0, '3436', 26, 'App\\AccountHeadChild_II', NULL, NULL),
(242, 2, 'Current Account Principle ( Branch & h/O ) ENRICH ( ACL)', 0, 0, 0, '3437', 26, 'App\\AccountHeadChild_II', NULL, NULL),
(243, 1, 'Loan A/C With members - FSP', 0, 0, 0, '1907', 7, 'App\\AccountHeadChild_II', NULL, NULL),
(244, 1, 'Loan A/C With members - LRP', 0, 0, 0, '1908', 7, 'App\\AccountHeadChild_II', NULL, NULL),
(245, 3, 'Service Charge A/C FSP', 0, 0, 0, '4157', 23, 'App\\AccountHeadChild_II', NULL, NULL),
(246, 3, 'Service Charge A/C DMF   [4158]', 0, 0, 0, '4158', 23, 'App\\AccountHeadChild_II', NULL, NULL),
(247, 4, 'FSP Service Charge Paid HO', 0, 0, 0, '3541', 14, 'App\\AccountHeadChild_II', NULL, NULL),
(248, 4, 'Bank Charge DF', 0, 0, 0, '5504', 24, 'App\\AccountHeadChild_II', NULL, NULL),
(249, 4, 'Decoration Fee', 0, 0, 0, '5495', 16, 'App\\AccountHeadChild_II', NULL, NULL),
(250, 4, 'Field Day', 0, 0, 0, '5496', 16, 'App\\AccountHeadChild_II', NULL, NULL),
(251, 4, 'Project Contribution', 0, 0, 0, '5498', 16, 'App\\AccountHeadChild_II', NULL, NULL),
(252, 1, 'Reserve Fund FDR', 0, 0, 0, '2306', 10, 'App\\AccountHeadChild_II', NULL, NULL),
(253, 2, 'Bank Loan (Midland )', 0, 0, 0, '3561', 30, 'App\\AccountHeadChild_II', NULL, NULL),
(254, 3, 'Service Charge A/C - LRP', 0, 0, 0, '4159', 23, 'App\\AccountHeadChild_II', NULL, NULL),
(255, 2, 'ED', 0, 0, 0, '3711', 35, 'App\\AccountHeadChild_II', NULL, NULL),
(256, 2, 'PF', 0, 0, 0, '3712', 35, 'App\\AccountHeadChild_II', NULL, NULL),
(257, 2, 'DMF', 0, 0, 0, '3713', 35, 'App\\AccountHeadChild_II', NULL, NULL),
(258, 2, 'Current Account Principle ( Branch & h/O ) LRP', 0, 0, 0, '3439', 26, 'App\\AccountHeadChild_II', NULL, NULL),
(259, 4, 'Work Shop', 0, 0, 0, '5497', 16, 'App\\AccountHeadChild_II', NULL, NULL),
(260, 3, 'Bank Interest-FDR', 0, 0, 0, '4397', 13, 'App\\AccountHeadChild_II', NULL, NULL),
(261, 1, 'By Cycle', 0, 0, 0, '1303', 4, 'App\\AccountHeadChild_II', NULL, NULL),
(262, 4, 'Abnormal Loss', 0, 0, 0, '5470', 16, 'App\\AccountHeadChild_II', NULL, NULL),
(263, 1, 'Loan A/C with Member-DMF', 0, 0, 0, '1909', 7, 'App\\AccountHeadChild_II', NULL, NULL),
(264, 2, 'Current Account Principle(Branch & H/O)-DMF', 0, 0, 0, '3440', 26, 'App\\AccountHeadChild_II', NULL, NULL),
(265, 1, 'Loan A/C With members -IGA', 0, 0, 0, '1910', 7, 'App\\AccountHeadChild_II', NULL, NULL),
(266, 1, 'Loan A/C With members -LIL', 0, 0, 0, '1911', 7, 'App\\AccountHeadChild_II', NULL, NULL),
(267, 1, 'Loan A/C With members -ACL', 0, 0, 0, '1912', 7, 'App\\AccountHeadChild_II', NULL, NULL),
(268, 3, 'Service Charge A/C IGA', 0, 0, 0, '4160', 23, 'App\\AccountHeadChild_II', NULL, NULL),
(269, 3, 'Service Charge A/C LIL', 0, 0, 0, '4161', 23, 'App\\AccountHeadChild_II', NULL, NULL),
(270, 3, 'Service Charge A/C ACL', 0, 0, 0, '4162', 23, 'App\\AccountHeadChild_II', NULL, NULL),
(271, 2, 'DD Admin', 0, 0, 0, '3715', 35, 'App\\AccountHeadChild_II', NULL, NULL),
(272, 3, 'Office Rent Receive', 0, 0, 0, '4272', 12, 'App\\AccountHeadChild_II', NULL, NULL),
(273, 1, 'Mobile Loan', 0, 0, 0, '2006', 8, 'App\\AccountHeadChild_II', NULL, NULL),
(274, 4, 'DMF Service Charge Paid HO', 0, 0, 0, '3542', 14, 'App\\AccountHeadChild_II', NULL, NULL),
(275, 2, 'Emergency Fund Enrich (IGA)', 0, 0, 0, '3169', 22, 'App\\AccountHeadChild_II', NULL, NULL),
(276, 2, 'Emergency Fund Enrich (LIL)', 0, 0, 0, '3170', 22, 'App\\AccountHeadChild_II', NULL, NULL),
(277, 2, 'Emergency Fund Enrich (ACL)', 0, 0, 0, '3171', 22, 'App\\AccountHeadChild_II', NULL, NULL),
(278, 4, 'Enrich Project Expenses', 0, 0, 0, '5499', 16, 'App\\AccountHeadChild_II', NULL, NULL),
(279, 4, 'Bad Debts Expenditure', 0, 0, 0, '5651', 36, 'App\\AccountHeadChild_II', NULL, NULL),
(280, 4, 'Training Center Service Charge Paid to HO', 2, 1, 1, '3543', 14, 'App\\AccountHeadChild_II', NULL, '2020-01-20 16:29:21'),
(281, 3, 'Income for Motorcycle sale', 0, 0, 0, '4273', 12, 'App\\AccountHeadChild_II', NULL, NULL),
(282, 3, 'Income for Air Condition sale', 0, 0, 0, '4274', 12, 'App\\AccountHeadChild_II', NULL, NULL),
(283, 3, 'FK Narway project Income', 0, 0, 0, '4275', 12, 'App\\AccountHeadChild_II', NULL, NULL),
(284, 4, 'Provident Fund Expenses', 0, 0, 0, '5475', 16, 'App\\AccountHeadChild_II', NULL, NULL),
(285, 4, 'Gratuity Fund Expenses', 0, 0, 0, '5490', 16, 'App\\AccountHeadChild_II', NULL, NULL),
(286, 2, 'Seasonal  (PKSF) Principal', 0, 0, 0, '3361', 11, 'App\\AccountHeadChild_II', NULL, NULL),
(287, 2, 'MFMSF  (PKSF) Principal', 0, 0, 0, '3362', 11, 'App\\AccountHeadChild_II', NULL, NULL),
(288, 2, 'EFRRAP  (PKSF) Principal', 0, 0, 0, '3363', 11, 'App\\AccountHeadChild_II', NULL, NULL),
(289, 2, 'MEP  (PKSF) Principal', 0, 0, 0, '3364', 11, 'App\\AccountHeadChild_II', NULL, NULL),
(290, 2, 'FSP  (PKSF) Principal', 0, 0, 0, '3365', 11, 'App\\AccountHeadChild_II', NULL, NULL),
(291, 2, 'LRP  (PKSF) Principal', 0, 0, 0, '3366', 11, 'App\\AccountHeadChild_II', NULL, NULL),
(292, 2, 'Agriculture  (PKSF) Principal', 0, 0, 0, '3367', 11, 'App\\AccountHeadChild_II', NULL, NULL),
(293, 2, 'UPP  (PKSF) Principal', 0, 0, 0, '3368', 11, 'App\\AccountHeadChild_II', NULL, NULL),
(294, 2, 'ID  (PKSF) Principal', 0, 0, 0, '3369', 11, 'App\\AccountHeadChild_II', NULL, NULL),
(295, 4, 'Service Charge Paid to PKSF (Seasonal)', 0, 0, 0, '5140', 19, 'App\\AccountHeadChild_II', NULL, NULL),
(296, 4, 'Service Charge Paid to PKSF (Agriculture)', 0, 0, 0, '5141', 19, 'App\\AccountHeadChild_II', NULL, NULL),
(297, 4, 'Service Charge Paid to PKSF (MFMSF)', 0, 0, 0, '5142', 19, 'App\\AccountHeadChild_II', NULL, NULL),
(298, 4, 'Service Charge Paid to PKSF (EFRRAP)', 0, 0, 0, '5143', 19, 'App\\AccountHeadChild_II', NULL, NULL),
(299, 4, 'Service Charge Paid to PKSF (MEP)', 0, 0, 0, '5144', 19, 'App\\AccountHeadChild_II', NULL, NULL),
(300, 4, 'Service Charge Paid to PKSF (FSP)', 0, 0, 0, '5145', 19, 'App\\AccountHeadChild_II', NULL, NULL),
(301, 4, 'Service Charge Paid to PKSF (LRP)', 0, 0, 0, '5146', 19, 'App\\AccountHeadChild_II', NULL, NULL),
(302, 2, 'Current Account Principal (Branch & HO) Training Center Trishal Loan', 0, 0, 0, '3441', 26, 'App\\AccountHeadChild_II', NULL, NULL),
(303, 3, 'House Rent', 0, 0, 0, '4255', 12, 'App\\AccountHeadChild_II', NULL, NULL),
(304, 1, 'Project Security A/C', 0, 0, 0, '1553', 31, 'App\\AccountHeadChild_II', NULL, NULL),
(305, 1, 'Washing Machine', 0, 0, 0, '1366', 5, 'App\\AccountHeadChild_II', NULL, NULL),
(306, 4, 'Service Charge Paid to PKSF ENRICH(IGA)', 0, 1, -1, '5147', 19, 'App\\AccountHeadChild_II', NULL, '2020-01-20 16:29:21'),
(307, 4, 'Service Charge Paid to PKSF ENRICH(LIL)', 0, 0, 0, '5148', 19, 'App\\AccountHeadChild_II', NULL, NULL),
(308, 4, 'Service Charge Paid to PKSF ENRICH(ACL)', 0, 0, 0, '5149', 19, 'App\\AccountHeadChild_II', NULL, NULL),
(309, 3, 'Income for Generatar sale', 0, 0, 0, '4276', 12, 'App\\AccountHeadChild_II', NULL, NULL),
(310, 1, 'Grihayan Project Loan', 0, 0, 0, '1554', 31, 'App\\AccountHeadChild_II', NULL, NULL),
(311, 2, 'Mutual Trust Bank Loan A/C', 0, 0, 0, '3562', 30, 'App\\AccountHeadChild_II', NULL, NULL),
(312, 2, 'NRB Bank Loan A/C', 0, 0, 0, '3563', 30, 'App\\AccountHeadChild_II', NULL, NULL),
(313, 3, 'Vat Received', 0, 0, 0, '4277', 12, 'App\\AccountHeadChild_II', NULL, NULL),
(314, 3, 'Tax Received', 0, 0, 0, '4278', 12, 'App\\AccountHeadChild_II', NULL, NULL),
(315, 4, 'Vat Paid', 0, 0, 0, '5975', 16, 'App\\AccountHeadChild_II', NULL, NULL),
(316, 4, 'Tax Paid', 0, 0, 0, '5976', 16, 'App\\AccountHeadChild_II', NULL, NULL),
(317, 1, 'FDR Interest Receivable A/C', 0, 0, 0, '2307', 10, 'App\\AccountHeadChild_II', NULL, NULL),
(318, 1, 'FK Norway Project Loan', 0, 0, 0, '1516', 29, 'App\\AccountHeadChild_II', NULL, NULL),
(319, 3, 'Income from Computer Sale', 0, 0, 0, '4257', 12, 'App\\AccountHeadChild_II', NULL, NULL),
(320, 4, 'Incentive Allowance', 0, 0, 0, '5977', 16, 'App\\AccountHeadChild_II', NULL, NULL),
(321, 1, 'Security For Land', 0, 0, 0, '1556', 31, 'App\\AccountHeadChild_II', NULL, NULL),
(322, 1, 'Motor Cycle Loan A/C (staff)', 0, 0, 0, '2007', 8, 'App\\AccountHeadChild_II', NULL, NULL),
(323, 4, 'HardShip Allowance(ED)', 0, 0, 0, '5978', 16, 'App\\AccountHeadChild_II', NULL, NULL),
(324, 2, 'Capitat Gain From Motorcycle', 0, 1, 1, '3603', 32, 'App\\AccountHeadChild_II', NULL, '2020-01-20 16:29:21'),
(325, 2, 'Project Security Received', 0, 0, 0, '3527', 27, 'App\\AccountHeadChild_II', NULL, NULL),
(326, 1, 'Blood Pressur Machine', 0, 0, 0, '1258', 3, 'App\\AccountHeadChild_II', NULL, NULL),
(327, 4, 'Loss On Asset', 0, 0, 0, '5652', 36, 'App\\AccountHeadChild_II', NULL, NULL),
(328, 4, 'Pension Expenses', 0, 0, 0, '5979', 16, 'App\\AccountHeadChild_II', NULL, NULL),
(329, 2, 'Health Savings (staff)', 0, 0, 0, '3203', 38, 'App\\AccountHeadChild_II', NULL, NULL),
(330, 4, 'Loss On Sale Of Land', 0, 0, 0, '5653', 36, 'App\\AccountHeadChild_II', NULL, NULL),
(331, 1, 'Vehical Loan A/C (ED)', 0, 0, 0, '2008', 8, 'App\\AccountHeadChild_II', NULL, NULL),
(332, 2, 'Health Project A/C', 0, 0, 0, '3528', 27, 'App\\AccountHeadChild_II', NULL, NULL),
(333, 2, 'Advance Grant for Probin Kormosuchi', 0, 0, 0, '3564', 30, 'App\\AccountHeadChild_II', NULL, NULL),
(334, 3, 'Probin Kormosuchi Grant Income', 0, 0, 0, '4280', 12, 'App\\AccountHeadChild_II', NULL, NULL),
(335, 4, 'Probin Kormosuchi Expenses', 0, 0, 0, '5980', 16, 'App\\AccountHeadChild_II', NULL, NULL),
(336, 4, 'Interest on FGS Savings', 0, 0, 0, '5122', 20, 'App\\AccountHeadChild_II', NULL, NULL),
(337, 1, 'DI Project Loan', 0, 0, 0, '1555', 31, 'App\\AccountHeadChild_II', NULL, NULL),
(338, 4, 'Adolescent Confurance', 0, 0, 0, '5981', 16, 'App\\AccountHeadChild_II', NULL, NULL),
(339, 1, 'Advance For Building', 0, 0, 0, '2102', 9, 'App\\AccountHeadChild_II', NULL, NULL),
(340, 1, 'Loan A/C With members - EDUCATION', 0, 0, 0, '1913', 7, 'App\\AccountHeadChild_II', NULL, NULL),
(341, 3, 'Service Charge A/C EDUCATION', 0, 0, 0, '4163', 23, 'App\\AccountHeadChild_II', NULL, NULL),
(342, 2, 'Staff Welfare', 0, 0, 0, '3208', 40, 'App\\AccountHeadChild_II', NULL, NULL),
(343, 1, 'Advance Income Tax', 0, 0, 0, '2103', 9, 'App\\AccountHeadChild_II', NULL, NULL),
(344, 2, 'Advance against Training', 0, 0, 0, '3566', 30, 'App\\AccountHeadChild_II', NULL, NULL),
(345, 4, 'Other Expenses', 0, 0, 0, '5982', 16, 'App\\AccountHeadChild_II', NULL, NULL),
(346, 3, 'Sale of Pass Book (FGS)', 0, 0, 0, '4279', 12, 'App\\AccountHeadChild_II', NULL, '2019-11-22 21:47:55'),
(347, 3, 'Income From Sale Of Furniture', 0, 0, 0, '4254', 12, 'App\\AccountHeadChild_II', NULL, NULL),
(348, 4, 'JAGARON (GS)', 0, 0, 0, '3121', 3, 'App\\AccountHeadChild_III', NULL, NULL),
(349, 4, 'AGRASHOR (GS)', 0, 0, 0, '3122', 4, 'App\\AccountHeadChild_III', NULL, NULL),
(350, 4, 'BUNIAD (GS)', 0, 0, 0, '3123', 5, 'App\\AccountHeadChild_III', NULL, NULL),
(351, 4, 'MFMSF (GS)', 0, 0, 0, '3124', 6, 'App\\AccountHeadChild_III', NULL, NULL),
(352, 4, 'SUFALON (GS)', 0, 0, 0, '3125', 7, 'App\\AccountHeadChild_III', NULL, NULL),
(353, 1, 'Cash in hand', 0, 0, 0, '1751', 1, 'App\\AccountHeadChild_III', NULL, '2019-12-12 06:08:24'),
(373, 4, 'EFRRAP (GS)', 0, 0, 0, '3126', 8, 'App\\AccountHeadChild_III', NULL, NULL),
(376, 4, 'FSP (GS)', 0, 0, 0, '3127', 9, 'App\\AccountHeadChild_III', NULL, NULL),
(419, 4, 'Enrich IGA (GS)', 0, 0, 0, '3128', 10, 'App\\AccountHeadChild_III', NULL, NULL),
(420, 4, 'Enrich LIL (GS)', 0, 0, 0, '3129', 11, 'App\\AccountHeadChild_III', NULL, NULL),
(421, 4, 'Enrich ACL (GS)', 0, 0, 0, '3130', 3, 'App\\AccountHeadChild_III', NULL, NULL),
(431, 1, 'Prime Bank, T.A - Mymensingh Branch, C/A-17431030009729', 0, 0, 0, '1875', 2, 'App\\AccountHeadChild_III', NULL, NULL),
(432, 1, 'Sunaly Bank, T.A - Matsha Gabeshana Institute Branch, C/A-3301200006064', 0, 0, 0, '1876', 2, 'App\\AccountHeadChild_III', NULL, NULL),
(440, 4, 'Jagaron (H.S)', 0, 0, 0, '3181', 3, 'App\\AccountHeadChild_III', NULL, NULL),
(441, 4, 'Agroshor (H.S)', 0, 0, 0, '3182', 4, 'App\\AccountHeadChild_III', NULL, '2019-12-13 11:32:09'),
(442, 4, 'Sufolon (H.S)', 0, 0, 0, '3183', 7, 'App\\AccountHeadChild_III', NULL, '2019-12-13 11:32:09'),
(448, 4, 'JAGARON (FGS)', 0, 0, 0, '3191', 3, 'App\\AccountHeadChild_III', NULL, NULL),
(449, 4, 'AGRASHOR (FGS)', 0, 0, 0, '3192', 4, 'App\\AccountHeadChild_III', NULL, NULL),
(450, 4, 'SUFALON (FGS)', 0, 0, 0, '3193', 7, 'App\\AccountHeadChild_III', NULL, '2019-12-13 11:32:09'),
(453, 4, 'EDUCATION (GS)', 0, 0, 0, '3131', 13, 'App\\AccountHeadChild_III', NULL, '2019-12-13 11:32:09'),
(455, 1, 'Account Head', 1, 0, 1, '000', 1, 'App\\AccountHeadChild_II', '2020-01-18 00:56:47', '2020-01-20 16:29:20');

-- --------------------------------------------------------

--
-- Table structure for table `transaction_histories`
--

CREATE TABLE `transaction_histories` (
  `id` int(10) UNSIGNED NOT NULL,
  `thead_id` int(10) UNSIGNED NOT NULL,
  `voucher_id` int(10) UNSIGNED NOT NULL,
  `debit` double(12,2) NOT NULL DEFAULT '0.00',
  `credit` double(12,2) NOT NULL DEFAULT '0.00',
  `amount` double(12,2) NOT NULL DEFAULT '0.00',
  `status` int(11) NOT NULL DEFAULT '0',
  `day_end` int(10) UNSIGNED NOT NULL DEFAULT '1',
  `date` date NOT NULL,
  `created_at` timestamp NULL DEFAULT NULL,
  `updated_at` timestamp NULL DEFAULT NULL
) ENGINE=InnoDB DEFAULT CHARSET=utf8mb4 COLLATE=utf8mb4_unicode_ci;

-- --------------------------------------------------------

--
-- Table structure for table `users`
--

CREATE TABLE `users` (
  `id` int(10) UNSIGNED NOT NULL,
  `name` varchar(50) COLLATE utf8mb4_unicode_ci NOT NULL,
  `role_id` int(10) UNSIGNED NOT NULL,
  `email` varchar(30) COLLATE utf8mb4_unicode_ci NOT NULL,
  `email_verified_at` timestamp NULL DEFAULT NULL,
  `password` varchar(191) COLLATE utf8mb4_unicode_ci NOT NULL,
  `remember_token` varchar(100) COLLATE utf8mb4_unicode_ci DEFAULT NULL,
  `created_at` timestamp NULL DEFAULT NULL,
  `updated_at` timestamp NULL DEFAULT NULL
) ENGINE=InnoDB DEFAULT CHARSET=utf8mb4 COLLATE=utf8mb4_unicode_ci;

--
-- Dumping data for table `users`
--

INSERT INTO `users` (`id`, `name`, `role_id`, `email`, `email_verified_at`, `password`, `remember_token`, `created_at`, `updated_at`) VALUES
(1, 'mtcadmin01', 1, 'mtcadmin01@gmail.com', NULL, '$2y$10$JsIPV2aJAK8tDJ7TQphz.enBRWkqEH90COX5hFN9JzupbJOnjzl0O', 'nVLZATz4gDSlpHgDULTpvjoNPxn5ioS3DV0mplfkqN7OAuiY5pm7X4bSmG07', '2019-08-14 20:30:21', '2019-08-14 20:30:21'),
(2, 'farhan', 1, 'faru@gmail.com', NULL, '$2y$10$.iwzTL10vX9zGNzjOEoV0uASk0.yGAwjR6TX1YB4wQyF.HphFhFJ.', NULL, '2019-09-15 18:04:04', NULL);

-- --------------------------------------------------------

--
-- Table structure for table `v1_venues`
--

CREATE TABLE `v1_venues` (
  `id` int(10) UNSIGNED NOT NULL,
  `name` varchar(191) COLLATE utf8mb4_unicode_ci NOT NULL,
  `location` varchar(191) COLLATE utf8mb4_unicode_ci NOT NULL,
  `price` varchar(191) COLLATE utf8mb4_unicode_ci NOT NULL,
  `feature` varchar(191) COLLATE utf8mb4_unicode_ci NOT NULL,
  `created_at` timestamp NULL DEFAULT NULL,
  `updated_at` timestamp NULL DEFAULT NULL
) ENGINE=InnoDB DEFAULT CHARSET=utf8mb4 COLLATE=utf8mb4_unicode_ci;

--
-- Dumping data for table `v1_venues`
--

INSERT INTO `v1_venues` (`id`, `name`, `location`, `price`, `feature`, `created_at`, `updated_at`) VALUES
(51, 'Venue-200', '2nd floor', '16000', 'Capacity of upto 350 persons.\r\nSurround Sound Systems.\r\nAir Conditioned.', NULL, NULL),
(53, 'Executive Venue-500', '5th floor', '12000', 'Capacity of upto 100 persons. Surround Sound Systems. Air Conditioned.', NULL, NULL),
(54, 'Venue-201', '2nd floor', '3000', 'Hall Room Capacity-10-25', NULL, NULL),
(55, 'Venue-100', '1st floor', '3000', 'Dining. Capacity-90', NULL, NULL),
(56, 'Venue-101', '1st floor', '1000', 'Vip A/C Dining Capacity-25', NULL, NULL),
(57, 'Venue-102', '1st floor', '5000', 'Hall Room Capacity 30-55', NULL, NULL),
(58, 'Venue-200B', '1st floor', '5000', 'Capacity of upto 60 persons. Surround Sound Systems. Air Conditioned.', NULL, NULL),
(59, 'Venue-200A', '2nd floor', '8000', 'Capacity of upto 80 persons. Surround Sound Systems. Air Conditioned.', NULL, NULL);

-- --------------------------------------------------------

--
-- Table structure for table `v2_venue_reservations`
--

CREATE TABLE `v2_venue_reservations` (
  `id` int(10) UNSIGNED NOT NULL,
  `name` varchar(60) COLLATE utf8mb4_unicode_ci NOT NULL,
  `org_name` varchar(191) COLLATE utf8mb4_unicode_ci DEFAULT NULL,
  `designation` varchar(191) COLLATE utf8mb4_unicode_ci DEFAULT NULL,
  `contact_no` varchar(30) COLLATE utf8mb4_unicode_ci NOT NULL,
  `start_date` date NOT NULL,
  `end_date` date DEFAULT NULL,
  `venue_id` int(10) UNSIGNED NOT NULL,
  `no_of_attendee` int(11) NOT NULL,
  `price` varchar(20) COLLATE utf8mb4_unicode_ci DEFAULT NULL,
  `status` smallint(6) NOT NULL,
  `created_at` timestamp NULL DEFAULT NULL,
  `updated_at` timestamp NULL DEFAULT NULL
) ENGINE=InnoDB DEFAULT CHARSET=utf8mb4 COLLATE=utf8mb4_unicode_ci;

--
-- Dumping data for table `v2_venue_reservations`
--

INSERT INTO `v2_venue_reservations` (`id`, `name`, `org_name`, `designation`, `contact_no`, `start_date`, `end_date`, `venue_id`, `no_of_attendee`, `price`, `status`, `created_at`, `updated_at`) VALUES
(1, 'Yunus Molla', 'Osaka', NULL, '015555799995', '2019-12-22', '2019-12-23', 56, 2, '4000', 1, NULL, NULL),
(2, 'sadsad', 'dasd', NULL, 'sdas', '2020-01-08', '2020-01-17', 51, 23, '5000', 1, NULL, NULL);

-- --------------------------------------------------------

--
-- Table structure for table `v3_venue_bookings`
--

CREATE TABLE `v3_venue_bookings` (
  `id` int(10) UNSIGNED NOT NULL,
  `name` varchar(60) COLLATE utf8mb4_unicode_ci NOT NULL,
  `org_name` varchar(191) COLLATE utf8mb4_unicode_ci DEFAULT NULL,
  `designation` varchar(191) COLLATE utf8mb4_unicode_ci DEFAULT NULL,
  `contact_no` varchar(30) COLLATE utf8mb4_unicode_ci NOT NULL,
  `start_date` date NOT NULL,
  `end_date` date DEFAULT NULL,
  `venue_id` int(10) UNSIGNED NOT NULL,
  `no_of_attendee` int(11) NOT NULL,
  `amount` varchar(20) COLLATE utf8mb4_unicode_ci DEFAULT NULL,
  `status` smallint(6) NOT NULL,
  `mis_voucher_id` int(10) UNSIGNED NOT NULL,
  `room_booking_id` int(11) DEFAULT NULL,
  `created_at` timestamp NULL DEFAULT NULL,
  `updated_at` timestamp NULL DEFAULT NULL
) ENGINE=InnoDB DEFAULT CHARSET=utf8mb4 COLLATE=utf8mb4_unicode_ci;

--
-- Dumping data for table `v3_venue_bookings`
--

INSERT INTO `v3_venue_bookings` (`id`, `name`, `org_name`, `designation`, `contact_no`, `start_date`, `end_date`, `venue_id`, `no_of_attendee`, `amount`, `status`, `mis_voucher_id`, `room_booking_id`, `created_at`, `updated_at`) VALUES
(1, 'Asmot Molla', 'Pepsodent', 'Deputy Officer', '01222244', '2019-12-22', '2019-12-23', 55, 10, '0', 2, 1, NULL, '2019-12-22 03:59:12', '2019-12-22 03:59:12');

-- --------------------------------------------------------

--
-- Table structure for table `v4_venue_billings`
--

CREATE TABLE `v4_venue_billings` (
  `id` int(10) UNSIGNED NOT NULL,
  `venue_booking_id` int(10) UNSIGNED NOT NULL,
  `advanced_pay` varchar(191) COLLATE utf8mb4_unicode_ci DEFAULT NULL,
  `total_pay` varchar(191) COLLATE utf8mb4_unicode_ci DEFAULT NULL,
  `total_day` int(11) DEFAULT NULL,
  `created_at` timestamp NULL DEFAULT NULL,
  `updated_at` timestamp NULL DEFAULT NULL
) ENGINE=InnoDB DEFAULT CHARSET=utf8mb4 COLLATE=utf8mb4_unicode_ci;

-- --------------------------------------------------------

--
-- Table structure for table `visitors`
--

CREATE TABLE `visitors` (
  `id` int(10) UNSIGNED NOT NULL,
  `guest_id` int(10) UNSIGNED NOT NULL,
  `booking_id` int(10) UNSIGNED NOT NULL,
  `name` varchar(191) COLLATE utf8mb4_unicode_ci NOT NULL,
  `contact_no` varchar(191) COLLATE utf8mb4_unicode_ci DEFAULT NULL,
  `address` text COLLATE utf8mb4_unicode_ci,
  `appearance` int(10) UNSIGNED NOT NULL DEFAULT '1',
  `created_at` timestamp NULL DEFAULT NULL,
  `updated_at` timestamp NULL DEFAULT NULL
) ENGINE=InnoDB DEFAULT CHARSET=utf8mb4 COLLATE=utf8mb4_unicode_ci;

-- --------------------------------------------------------

--
-- Table structure for table `vouchers`
--

CREATE TABLE `vouchers` (
  `id` int(10) UNSIGNED NOT NULL,
  `v_group_id` int(10) UNSIGNED NOT NULL,
  `date_id` int(10) UNSIGNED NOT NULL,
  `debit_head_id` int(10) UNSIGNED NOT NULL,
  `credit_head_id` int(10) UNSIGNED NOT NULL,
  `amount` double(14,2) NOT NULL,
  `note` text COLLATE utf8mb4_unicode_ci NOT NULL,
  `created_at` timestamp NULL DEFAULT NULL,
  `updated_at` timestamp NULL DEFAULT NULL
) ENGINE=InnoDB DEFAULT CHARSET=utf8mb4 COLLATE=utf8mb4_unicode_ci;

--
-- Dumping data for table `vouchers`
--

INSERT INTO `vouchers` (`id`, `v_group_id`, `date_id`, `debit_head_id`, `credit_head_id`, `amount`, `note`, `created_at`, `updated_at`) VALUES
(1, 1, 1, 4, 353, 3000.00, 'Restaurant Payment Voucher', '2020-01-20 12:27:03', '2020-01-20 12:55:35'),
(2, 2, 2, 353, 298, 21210.00, 'Hotel Receipt Voucher', '2020-01-21 09:22:45', '2020-01-21 11:40:51'),
(3, 3, 2, 353, 79, 434.00, 'Photcopy', '2020-01-21 11:59:38', '2020-01-21 11:59:38'),
(4, 2, 2, 353, 7, 60001.00, 'Hotel Receipt Voucher', '2020-01-21 12:02:14', '2020-01-21 20:18:10'),
(5, 4, 2, 353, 138, 1000.00, 'fgfgg', '2020-01-21 12:47:40', '2020-01-21 12:47:40'),
(6, 5, 2, 8, 353, 41805.00, 'Restaurant Payment Voucher', '2020-01-21 13:19:52', '2020-01-22 12:19:57'),
(7, 6, 2, 353, 12, 1000.00, 'Multimedia', '2020-01-21 18:38:33', '2020-01-21 18:38:33'),
(8, 7, 2, 353, 60, 434.00, 'Photocopy and Print', '2020-01-21 18:42:54', '2020-01-21 18:42:54'),
(9, 8, 2, 353, 15, 70.00, 'EON Group-Breakfast', '2020-01-21 19:04:56', '2020-01-21 19:04:56'),
(10, 9, 2, 96, 353, 424.00, 'Discount', '2020-01-22 11:04:34', '2020-01-22 11:04:34'),
(11, 9, 2, 17, 353, 4600.00, 'Extra Works Day Salary', '2020-01-22 11:04:34', '2020-01-22 11:04:34'),
(12, 9, 2, 115, 353, 95.00, 'For Purchase', '2020-01-22 11:04:34', '2020-01-22 11:04:34'),
(13, 9, 2, 79, 353, 550.00, 'Papers', '2020-01-22 11:04:34', '2020-01-22 11:04:34'),
(14, 9, 2, 157, 353, 640.00, 'Papers', '2020-01-22 11:04:35', '2020-01-22 11:04:35'),
(15, 9, 2, 86, 353, 1100.00, 'Gas Silinder', '2020-01-22 11:04:35', '2020-01-22 11:04:35');

-- --------------------------------------------------------

--
-- Table structure for table `voucher_groups`
--

CREATE TABLE `voucher_groups` (
  `id` int(10) UNSIGNED NOT NULL,
  `date_id` int(10) UNSIGNED NOT NULL,
  `type_id` int(10) UNSIGNED NOT NULL,
  `note` text COLLATE utf8mb4_unicode_ci NOT NULL,
  `code` text COLLATE utf8mb4_unicode_ci NOT NULL,
  `user_id` int(10) UNSIGNED NOT NULL,
  `created_at` timestamp NULL DEFAULT NULL,
  `updated_at` timestamp NULL DEFAULT NULL
) ENGINE=InnoDB DEFAULT CHARSET=utf8mb4 COLLATE=utf8mb4_unicode_ci;

--
-- Dumping data for table `voucher_groups`
--

INSERT INTO `voucher_groups` (`id`, `date_id`, `type_id`, `note`, `code`, `user_id`, `created_at`, `updated_at`) VALUES
(1, 1, 8, 'Auto Payment Voucher', 'PV-19-12-01', 1, '2020-01-20 12:27:03', '2020-01-20 12:27:03'),
(2, 2, 5, 'Auto Receipt Voucher', 'RV-20-01-01', 1, '2020-01-21 09:22:45', '2020-01-21 09:22:45'),
(3, 2, 2, 'fgj', 'RV-20-01-02', 1, '2020-01-21 11:59:38', '2020-01-21 11:59:38'),
(4, 2, 2, 'gfgg', 'RV-20-01-03', 1, '2020-01-21 12:47:40', '2020-01-21 12:47:40'),
(5, 2, 8, 'Auto Payment Voucher', 'PV-20-01-04', 1, '2020-01-21 13:19:52', '2020-01-21 13:19:52'),
(6, 2, 2, 'Multimedia', 'RV-20-01-05', 1, '2020-01-21 18:38:33', '2020-01-21 18:38:33'),
(7, 2, 2, 'Photocopy and Print', 'RV-20-01-06', 1, '2020-01-21 18:42:54', '2020-01-21 18:42:54'),
(8, 2, 2, 'EON Group-Breakfast', 'RV-20-01-07', 1, '2020-01-21 19:04:56', '2020-01-21 19:04:56'),
(9, 2, 1, 'frgs', 'PV-20-01-08', 1, '2020-01-22 11:04:34', '2020-01-22 11:04:34');

-- --------------------------------------------------------

--
-- Table structure for table `voucher_types`
--

CREATE TABLE `voucher_types` (
  `id` int(10) UNSIGNED NOT NULL,
  `name` varchar(191) COLLATE utf8mb4_unicode_ci NOT NULL,
  `short_name` varchar(191) COLLATE utf8mb4_unicode_ci DEFAULT NULL,
  `created_at` timestamp NULL DEFAULT NULL,
  `updated_at` timestamp NULL DEFAULT NULL
) ENGINE=InnoDB DEFAULT CHARSET=utf8mb4 COLLATE=utf8mb4_unicode_ci;

--
-- Dumping data for table `voucher_types`
--

INSERT INTO `voucher_types` (`id`, `name`, `short_name`, `created_at`, `updated_at`) VALUES
(1, 'Payment Voucher', 'pv', NULL, NULL),
(2, 'Receipt voucher', 'rv', NULL, NULL),
(3, 'Journal', 'jr', NULL, NULL),
(4, 'Contra', 'cr', NULL, NULL),
(5, 'Hotel Receipt', 'rv', NULL, NULL),
(6, 'Venue Receipt', 'rv', NULL, NULL),
(7, 'Restaurant Receipt', 'rv', NULL, NULL),
(8, 'Restaurant Payment', 'pv', NULL, NULL),
(9, 'Inventory Payment', 'pv', NULL, NULL);

-- --------------------------------------------------------

--
-- Table structure for table `voucher_update_histories`
--

CREATE TABLE `voucher_update_histories` (
  `id` int(10) UNSIGNED NOT NULL,
  `voucher_id` int(10) UNSIGNED NOT NULL,
  `amount` double(14,2) NOT NULL DEFAULT '0.00',
  `note` text COLLATE utf8mb4_unicode_ci NOT NULL,
  `created_at` timestamp NULL DEFAULT NULL,
  `updated_at` timestamp NULL DEFAULT NULL
) ENGINE=InnoDB DEFAULT CHARSET=utf8mb4 COLLATE=utf8mb4_unicode_ci;

--
-- Dumping data for table `voucher_update_histories`
--

INSERT INTO `voucher_update_histories` (`id`, `voucher_id`, `amount`, `note`, `created_at`, `updated_at`) VALUES
(1, 6, 37250.00, 'Updated From Grocery Purchase', '2020-01-22 11:45:32', '2020-01-22 11:45:32');

--
-- Indexes for dumped tables
--

--
-- Indexes for table `account_heads`
--
ALTER TABLE `account_heads`
  ADD PRIMARY KEY (`id`),
  ADD UNIQUE KEY `account_heads_code_unique` (`code`);

--
-- Indexes for table `account_head_child_i`
--
ALTER TABLE `account_head_child_i`
  ADD PRIMARY KEY (`id`),
  ADD KEY `account_head_child_i_ac_head_id_index` (`ac_head_id`);

--
-- Indexes for table `account_head_child_ii`
--
ALTER TABLE `account_head_child_ii`
  ADD PRIMARY KEY (`id`),
  ADD KEY `account_head_child_ii_ac_head_child_i_id_index` (`ac_head_child_i_id`);

--
-- Indexes for table `account_head_child_iii`
--
ALTER TABLE `account_head_child_iii`
  ADD PRIMARY KEY (`id`),
  ADD KEY `account_head_child_iii_ac_head_child_ii_id_index` (`ac_head_child_ii_id`);

--
-- Indexes for table `account_head_child_iv`
--
ALTER TABLE `account_head_child_iv`
  ADD PRIMARY KEY (`id`),
  ADD KEY `account_head_child_iv_ac_head_child_iii_id_index` (`ac_head_child_iii_id`);

--
-- Indexes for table `billings`
--
ALTER TABLE `billings`
  ADD PRIMARY KEY (`id`),
  ADD KEY `billings_guest_id_index` (`guest_id`),
  ADD KEY `billings_mis_voucher_id_index` (`mis_voucher_id`);

--
-- Indexes for table `bookings`
--
ALTER TABLE `bookings`
  ADD PRIMARY KEY (`id`),
  ADD KEY `bookings_guest_id_index` (`guest_id`),
  ADD KEY `bookings_billing_id_index` (`billing_id`),
  ADD KEY `bookings_room_id_index` (`room_id`);

--
-- Indexes for table `checkout`
--
ALTER TABLE `checkout`
  ADD PRIMARY KEY (`id`);

--
-- Indexes for table `checkouts`
--
ALTER TABLE `checkouts`
  ADD PRIMARY KEY (`id`),
  ADD KEY `checkouts_billing_id_index` (`billing_id`),
  ADD KEY `checkouts_mis_voucher_id_index` (`mis_voucher_id`);

--
-- Indexes for table `configurations`
--
ALTER TABLE `configurations`
  ADD PRIMARY KEY (`id`);

--
-- Indexes for table `current_balance`
--
ALTER TABLE `current_balance`
  ADD PRIMARY KEY (`id`),
  ADD KEY `current_balance_thead_id_index` (`thead_id`);

--
-- Indexes for table `dates`
--
ALTER TABLE `dates`
  ADD PRIMARY KEY (`id`);

--
-- Indexes for table `deliveries`
--
ALTER TABLE `deliveries`
  ADD PRIMARY KEY (`id`),
  ADD KEY `deliveries_stock_id_index` (`stock_id`),
  ADD KEY `deliveries_date_id_index` (`date_id`);

--
-- Indexes for table `e1_departments`
--
ALTER TABLE `e1_departments`
  ADD PRIMARY KEY (`id`);

--
-- Indexes for table `e2_employee_designations`
--
ALTER TABLE `e2_employee_designations`
  ADD PRIMARY KEY (`id`);

--
-- Indexes for table `e3_salary_grades`
--
ALTER TABLE `e3_salary_grades`
  ADD PRIMARY KEY (`id`);

--
-- Indexes for table `e4_employees`
--
ALTER TABLE `e4_employees`
  ADD PRIMARY KEY (`id`),
  ADD KEY `e4_employees_department_id_index` (`department_id`),
  ADD KEY `e4_employees_designation_id_index` (`designation_id`),
  ADD KEY `e4_employees_salary_grade_id_index` (`salary_grade_id`);

--
-- Indexes for table `e5_leave_categories`
--
ALTER TABLE `e5_leave_categories`
  ADD PRIMARY KEY (`id`);

--
-- Indexes for table `e6_leaves`
--
ALTER TABLE `e6_leaves`
  ADD PRIMARY KEY (`id`),
  ADD KEY `e6_leaves_leave_category_id_foreign` (`leave_category_id`);

--
-- Indexes for table `guests`
--
ALTER TABLE `guests`
  ADD PRIMARY KEY (`id`);

--
-- Indexes for table `h1_building_types`
--
ALTER TABLE `h1_building_types`
  ADD PRIMARY KEY (`id`);

--
-- Indexes for table `h2_buildings`
--
ALTER TABLE `h2_buildings`
  ADD PRIMARY KEY (`id`),
  ADD KEY `h2_buildings_building_type_foreign` (`building_type`);

--
-- Indexes for table `h3_floor_types`
--
ALTER TABLE `h3_floor_types`
  ADD PRIMARY KEY (`id`);

--
-- Indexes for table `h4_floors`
--
ALTER TABLE `h4_floors`
  ADD PRIMARY KEY (`id`),
  ADD KEY `h4_floors_building_id_foreign` (`building_id`),
  ADD KEY `h4_floors_floor_type_foreign` (`floor_type`);

--
-- Indexes for table `h5_room_categories`
--
ALTER TABLE `h5_room_categories`
  ADD PRIMARY KEY (`id`);

--
-- Indexes for table `h6_rooms`
--
ALTER TABLE `h6_rooms`
  ADD PRIMARY KEY (`id`),
  ADD KEY `h6_rooms_floor_id_foreign` (`floor_id`),
  ADD KEY `h6_rooms_category_id_foreign` (`category_id`);

--
-- Indexes for table `h7_room_reservations`
--
ALTER TABLE `h7_room_reservations`
  ADD PRIMARY KEY (`id`),
  ADD KEY `h7_room_reservations_room_id_foreign` (`room_id`);

--
-- Indexes for table `h8_room_bookings`
--
ALTER TABLE `h8_room_bookings`
  ADD PRIMARY KEY (`id`),
  ADD KEY `h8_room_bookings_room_id_foreign` (`room_id`),
  ADD KEY `h8_room_bookings_mis_voucher_id_index` (`mis_voucher_id`);

--
-- Indexes for table `h9_room_billings`
--
ALTER TABLE `h9_room_billings`
  ADD PRIMARY KEY (`id`),
  ADD KEY `h9_room_billings_booking_id_foreign` (`booking_id`);

--
-- Indexes for table `i1_inventory_suppliers`
--
ALTER TABLE `i1_inventory_suppliers`
  ADD PRIMARY KEY (`id`);

--
-- Indexes for table `i2_inventory_receivers`
--
ALTER TABLE `i2_inventory_receivers`
  ADD PRIMARY KEY (`id`),
  ADD KEY `i2_inventory_receivers_employee_id_foreign` (`employee_id`);

--
-- Indexes for table `i3_inventory_categories`
--
ALTER TABLE `i3_inventory_categories`
  ADD PRIMARY KEY (`id`);

--
-- Indexes for table `i4_inventories`
--
ALTER TABLE `i4_inventories`
  ADD PRIMARY KEY (`id`),
  ADD KEY `i4_inventories_inventory_category_id_foreign` (`inventory_category_id`);

--
-- Indexes for table `migrations`
--
ALTER TABLE `migrations`
  ADD PRIMARY KEY (`id`);

--
-- Indexes for table `mis_account_heads`
--
ALTER TABLE `mis_account_heads`
  ADD PRIMARY KEY (`id`),
  ADD KEY `mis_account_heads_credit_head_id_index` (`credit_head_id`),
  ADD KEY `mis_account_heads_debit_head_id_index` (`debit_head_id`);

--
-- Indexes for table `mis_current_stocks`
--
ALTER TABLE `mis_current_stocks`
  ADD PRIMARY KEY (`id`),
  ADD KEY `mis_current_stocks_stock_id_index` (`stock_id`),
  ADD KEY `mis_current_stocks_date_id_index` (`date_id`);

--
-- Indexes for table `mis_vouchers`
--
ALTER TABLE `mis_vouchers`
  ADD PRIMARY KEY (`id`),
  ADD KEY `mis_vouchers_mis_ac_head_id_index` (`mis_ac_head_id`),
  ADD KEY `mis_vouchers_ais_vgroup_id_index` (`ais_vgroup_id`),
  ADD KEY `mis_vouchers_ais_voucher_id_index` (`ais_voucher_id`),
  ADD KEY `mis_vouchers_date_id_index` (`date_id`),
  ADD KEY `mis_vouchers_credit_head_id_index` (`credit_head_id`),
  ADD KEY `mis_vouchers_debit_head_id_index` (`debit_head_id`);

--
-- Indexes for table `password_resets`
--
ALTER TABLE `password_resets`
  ADD KEY `password_resets_email_index` (`email`);

--
-- Indexes for table `payments`
--
ALTER TABLE `payments`
  ADD PRIMARY KEY (`id`),
  ADD KEY `payments_billing_id_index` (`billing_id`),
  ADD KEY `payments_mis_voucher_id_index` (`mis_voucher_id`);

--
-- Indexes for table `purchases`
--
ALTER TABLE `purchases`
  ADD PRIMARY KEY (`id`),
  ADD KEY `purchases_purchase_group_id_index` (`purchase_group_id`),
  ADD KEY `purchases_stock_id_index` (`stock_id`),
  ADD KEY `purchases_supplier_id_index` (`supplier_id`),
  ADD KEY `purchases_receiver_id_index` (`receiver_id`);

--
-- Indexes for table `purchase_groups`
--
ALTER TABLE `purchase_groups`
  ADD PRIMARY KEY (`id`),
  ADD KEY `purchase_groups_type_id_index` (`type_id`),
  ADD KEY `purchase_groups_mis_voucher_id_index` (`mis_voucher_id`),
  ADD KEY `purchase_groups_date_id_index` (`date_id`),
  ADD KEY `purchase_groups_user_id_index` (`user_id`);

--
-- Indexes for table `r1_restaurant_suppliers`
--
ALTER TABLE `r1_restaurant_suppliers`
  ADD PRIMARY KEY (`id`);

--
-- Indexes for table `r2_restaurant_receivers`
--
ALTER TABLE `r2_restaurant_receivers`
  ADD PRIMARY KEY (`id`),
  ADD KEY `r2_restaurant_receivers_employee_id_foreign` (`employee_id`);

--
-- Indexes for table `r3_grocery_categories`
--
ALTER TABLE `r3_grocery_categories`
  ADD PRIMARY KEY (`id`);

--
-- Indexes for table `r4_groceries`
--
ALTER TABLE `r4_groceries`
  ADD PRIMARY KEY (`id`),
  ADD KEY `r4_groceries_grocery_category_id_foreign` (`grocery_category_id`);

--
-- Indexes for table `r5_meal_types`
--
ALTER TABLE `r5_meal_types`
  ADD PRIMARY KEY (`id`);

--
-- Indexes for table `r6_meal_items`
--
ALTER TABLE `r6_meal_items`
  ADD PRIMARY KEY (`id`),
  ADD KEY `r6_meal_items_meal_type_id_foreign` (`meal_type_id`);

--
-- Indexes for table `r7_menu_types`
--
ALTER TABLE `r7_menu_types`
  ADD PRIMARY KEY (`id`);

--
-- Indexes for table `r8_menus`
--
ALTER TABLE `r8_menus`
  ADD PRIMARY KEY (`id`),
  ADD KEY `r8_menus_menu_type_id_foreign` (`menu_type_id`),
  ADD KEY `r8_menus_item_1_id_foreign` (`item_1_id`),
  ADD KEY `r8_menus_item_2_id_foreign` (`item_2_id`),
  ADD KEY `r8_menus_item_3_id_foreign` (`item_3_id`),
  ADD KEY `r8_menus_item_4_id_foreign` (`item_4_id`),
  ADD KEY `r8_menus_item_5_id_foreign` (`item_5_id`),
  ADD KEY `r8_menus_item_6_id_foreign` (`item_6_id`),
  ADD KEY `r8_menus_item_7_id_foreign` (`item_7_id`),
  ADD KEY `r8_menus_item_8_id_foreign` (`item_8_id`),
  ADD KEY `r8_menus_item_9_id_foreign` (`item_9_id`),
  ADD KEY `r8_menus_item_10_id_foreign` (`item_10_id`);

--
-- Indexes for table `r9_food_menu`
--
ALTER TABLE `r9_food_menu`
  ADD PRIMARY KEY (`id`),
  ADD KEY `r9_food_menu_menu_type_id_index` (`menu_type_id`);

--
-- Indexes for table `r10_food_menu_items`
--
ALTER TABLE `r10_food_menu_items`
  ADD PRIMARY KEY (`id`),
  ADD KEY `r10_food_menu_items_food_menu_id_index` (`food_menu_id`),
  ADD KEY `r10_food_menu_items_meal_item_id_index` (`meal_item_id`);

--
-- Indexes for table `r11_food_sales`
--
ALTER TABLE `r11_food_sales`
  ADD PRIMARY KEY (`id`),
  ADD KEY `food_sales_billing_id_index` (`billing_id`),
  ADD KEY `food_sales_menu_id_index` (`menu_id`);

--
-- Indexes for table `r11_sales`
--
ALTER TABLE `r11_sales`
  ADD PRIMARY KEY (`id`),
  ADD KEY `r9_sales_mis_voucher_id_index` (`mis_voucher_id`);

--
-- Indexes for table `roles`
--
ALTER TABLE `roles`
  ADD PRIMARY KEY (`id`);

--
-- Indexes for table `staff`
--
ALTER TABLE `staff`
  ADD PRIMARY KEY (`id`);

--
-- Indexes for table `stocks`
--
ALTER TABLE `stocks`
  ADD PRIMARY KEY (`id`),
  ADD KEY `stocks_stock_head_id_index` (`stock_head_id`);

--
-- Indexes for table `stock_heads`
--
ALTER TABLE `stock_heads`
  ADD PRIMARY KEY (`id`),
  ADD KEY `stock_heads_type_id_index` (`type_id`);

--
-- Indexes for table `suppliers`
--
ALTER TABLE `suppliers`
  ADD PRIMARY KEY (`id`);

--
-- Indexes for table `transaction_heads`
--
ALTER TABLE `transaction_heads`
  ADD PRIMARY KEY (`id`),
  ADD UNIQUE KEY `transaction_heads_code_unique` (`code`),
  ADD KEY `transaction_heads_ac_head_id_index` (`ac_head_id`);

--
-- Indexes for table `transaction_histories`
--
ALTER TABLE `transaction_histories`
  ADD PRIMARY KEY (`id`),
  ADD KEY `transaction_histories_thead_id_index` (`thead_id`),
  ADD KEY `transaction_histories_voucher_id_index` (`voucher_id`);

--
-- Indexes for table `users`
--
ALTER TABLE `users`
  ADD PRIMARY KEY (`id`),
  ADD UNIQUE KEY `users_email_unique` (`email`),
  ADD KEY `users_role_id_foreign` (`role_id`);

--
-- Indexes for table `v1_venues`
--
ALTER TABLE `v1_venues`
  ADD PRIMARY KEY (`id`);

--
-- Indexes for table `v2_venue_reservations`
--
ALTER TABLE `v2_venue_reservations`
  ADD PRIMARY KEY (`id`),
  ADD KEY `v2_venue_reservations_venue_id_foreign` (`venue_id`);

--
-- Indexes for table `v3_venue_bookings`
--
ALTER TABLE `v3_venue_bookings`
  ADD PRIMARY KEY (`id`),
  ADD KEY `v3_venue_bookings_venue_id_foreign` (`venue_id`),
  ADD KEY `v3_venue_bookings_mis_voucher_id_index` (`mis_voucher_id`);

--
-- Indexes for table `v4_venue_billings`
--
ALTER TABLE `v4_venue_billings`
  ADD PRIMARY KEY (`id`);

--
-- Indexes for table `visitors`
--
ALTER TABLE `visitors`
  ADD PRIMARY KEY (`id`),
  ADD KEY `visitors_guest_id_index` (`guest_id`),
  ADD KEY `visitors_booking_id_index` (`booking_id`);

--
-- Indexes for table `vouchers`
--
ALTER TABLE `vouchers`
  ADD PRIMARY KEY (`id`),
  ADD KEY `vouchers_v_group_id_index` (`v_group_id`),
  ADD KEY `vouchers_date_id_index` (`date_id`),
  ADD KEY `vouchers_debit_head_id_index` (`debit_head_id`),
  ADD KEY `vouchers_credit_head_id_index` (`credit_head_id`);

--
-- Indexes for table `voucher_groups`
--
ALTER TABLE `voucher_groups`
  ADD PRIMARY KEY (`id`),
  ADD KEY `voucher_groups_date_id_index` (`date_id`),
  ADD KEY `voucher_groups_type_id_index` (`type_id`),
  ADD KEY `voucher_groups_user_id_index` (`user_id`);

--
-- Indexes for table `voucher_types`
--
ALTER TABLE `voucher_types`
  ADD PRIMARY KEY (`id`);

--
-- Indexes for table `voucher_update_histories`
--
ALTER TABLE `voucher_update_histories`
  ADD PRIMARY KEY (`id`),
  ADD KEY `voucher_update_histories_voucher_id_index` (`voucher_id`);

--
-- AUTO_INCREMENT for dumped tables
--

--
-- AUTO_INCREMENT for table `account_heads`
--
ALTER TABLE `account_heads`
  MODIFY `id` int(10) UNSIGNED NOT NULL AUTO_INCREMENT, AUTO_INCREMENT=6;

--
-- AUTO_INCREMENT for table `account_head_child_i`
--
ALTER TABLE `account_head_child_i`
  MODIFY `id` int(10) UNSIGNED NOT NULL AUTO_INCREMENT, AUTO_INCREMENT=24;

--
-- AUTO_INCREMENT for table `account_head_child_ii`
--
ALTER TABLE `account_head_child_ii`
  MODIFY `id` int(10) UNSIGNED NOT NULL AUTO_INCREMENT, AUTO_INCREMENT=42;

--
-- AUTO_INCREMENT for table `account_head_child_iii`
--
ALTER TABLE `account_head_child_iii`
  MODIFY `id` int(10) UNSIGNED NOT NULL AUTO_INCREMENT, AUTO_INCREMENT=14;

--
-- AUTO_INCREMENT for table `account_head_child_iv`
--
ALTER TABLE `account_head_child_iv`
  MODIFY `id` int(10) UNSIGNED NOT NULL AUTO_INCREMENT;

--
-- AUTO_INCREMENT for table `billings`
--
ALTER TABLE `billings`
  MODIFY `id` int(10) UNSIGNED NOT NULL AUTO_INCREMENT, AUTO_INCREMENT=17;

--
-- AUTO_INCREMENT for table `bookings`
--
ALTER TABLE `bookings`
  MODIFY `id` int(10) UNSIGNED NOT NULL AUTO_INCREMENT, AUTO_INCREMENT=18;

--
-- AUTO_INCREMENT for table `checkout`
--
ALTER TABLE `checkout`
  MODIFY `id` bigint(20) UNSIGNED NOT NULL AUTO_INCREMENT, AUTO_INCREMENT=6;

--
-- AUTO_INCREMENT for table `checkouts`
--
ALTER TABLE `checkouts`
  MODIFY `id` int(10) UNSIGNED NOT NULL AUTO_INCREMENT;

--
-- AUTO_INCREMENT for table `configurations`
--
ALTER TABLE `configurations`
  MODIFY `id` int(10) UNSIGNED NOT NULL AUTO_INCREMENT, AUTO_INCREMENT=2;

--
-- AUTO_INCREMENT for table `current_balance`
--
ALTER TABLE `current_balance`
  MODIFY `id` int(10) UNSIGNED NOT NULL AUTO_INCREMENT, AUTO_INCREMENT=470;

--
-- AUTO_INCREMENT for table `dates`
--
ALTER TABLE `dates`
  MODIFY `id` int(10) UNSIGNED NOT NULL AUTO_INCREMENT, AUTO_INCREMENT=3;

--
-- AUTO_INCREMENT for table `deliveries`
--
ALTER TABLE `deliveries`
  MODIFY `id` int(10) UNSIGNED NOT NULL AUTO_INCREMENT;

--
-- AUTO_INCREMENT for table `e1_departments`
--
ALTER TABLE `e1_departments`
  MODIFY `id` int(10) UNSIGNED NOT NULL AUTO_INCREMENT, AUTO_INCREMENT=6;

--
-- AUTO_INCREMENT for table `e2_employee_designations`
--
ALTER TABLE `e2_employee_designations`
  MODIFY `id` int(10) UNSIGNED NOT NULL AUTO_INCREMENT, AUTO_INCREMENT=11;

--
-- AUTO_INCREMENT for table `e3_salary_grades`
--
ALTER TABLE `e3_salary_grades`
  MODIFY `id` int(10) UNSIGNED NOT NULL AUTO_INCREMENT, AUTO_INCREMENT=3;

--
-- AUTO_INCREMENT for table `e4_employees`
--
ALTER TABLE `e4_employees`
  MODIFY `id` int(10) UNSIGNED NOT NULL AUTO_INCREMENT, AUTO_INCREMENT=8;

--
-- AUTO_INCREMENT for table `e5_leave_categories`
--
ALTER TABLE `e5_leave_categories`
  MODIFY `id` int(10) UNSIGNED NOT NULL AUTO_INCREMENT, AUTO_INCREMENT=2;

--
-- AUTO_INCREMENT for table `e6_leaves`
--
ALTER TABLE `e6_leaves`
  MODIFY `id` int(10) UNSIGNED NOT NULL AUTO_INCREMENT, AUTO_INCREMENT=2;

--
-- AUTO_INCREMENT for table `guests`
--
ALTER TABLE `guests`
  MODIFY `id` int(10) UNSIGNED NOT NULL AUTO_INCREMENT, AUTO_INCREMENT=10;

--
-- AUTO_INCREMENT for table `h1_building_types`
--
ALTER TABLE `h1_building_types`
  MODIFY `id` int(10) UNSIGNED NOT NULL AUTO_INCREMENT, AUTO_INCREMENT=2;

--
-- AUTO_INCREMENT for table `h2_buildings`
--
ALTER TABLE `h2_buildings`
  MODIFY `id` int(10) UNSIGNED NOT NULL AUTO_INCREMENT, AUTO_INCREMENT=2;

--
-- AUTO_INCREMENT for table `h3_floor_types`
--
ALTER TABLE `h3_floor_types`
  MODIFY `id` int(10) UNSIGNED NOT NULL AUTO_INCREMENT, AUTO_INCREMENT=3;

--
-- AUTO_INCREMENT for table `h4_floors`
--
ALTER TABLE `h4_floors`
  MODIFY `id` int(10) UNSIGNED NOT NULL AUTO_INCREMENT, AUTO_INCREMENT=6;

--
-- AUTO_INCREMENT for table `h5_room_categories`
--
ALTER TABLE `h5_room_categories`
  MODIFY `id` int(10) UNSIGNED NOT NULL AUTO_INCREMENT, AUTO_INCREMENT=18;

--
-- AUTO_INCREMENT for table `h6_rooms`
--
ALTER TABLE `h6_rooms`
  MODIFY `id` int(10) UNSIGNED NOT NULL AUTO_INCREMENT, AUTO_INCREMENT=46;

--
-- AUTO_INCREMENT for table `h7_room_reservations`
--
ALTER TABLE `h7_room_reservations`
  MODIFY `id` int(10) UNSIGNED NOT NULL AUTO_INCREMENT, AUTO_INCREMENT=3;

--
-- AUTO_INCREMENT for table `h8_room_bookings`
--
ALTER TABLE `h8_room_bookings`
  MODIFY `id` int(10) UNSIGNED NOT NULL AUTO_INCREMENT, AUTO_INCREMENT=2;

--
-- AUTO_INCREMENT for table `h9_room_billings`
--
ALTER TABLE `h9_room_billings`
  MODIFY `id` int(10) UNSIGNED NOT NULL AUTO_INCREMENT, AUTO_INCREMENT=2;

--
-- AUTO_INCREMENT for table `i1_inventory_suppliers`
--
ALTER TABLE `i1_inventory_suppliers`
  MODIFY `id` int(10) UNSIGNED NOT NULL AUTO_INCREMENT;

--
-- AUTO_INCREMENT for table `i2_inventory_receivers`
--
ALTER TABLE `i2_inventory_receivers`
  MODIFY `id` int(10) UNSIGNED NOT NULL AUTO_INCREMENT;

--
-- AUTO_INCREMENT for table `i3_inventory_categories`
--
ALTER TABLE `i3_inventory_categories`
  MODIFY `id` int(10) UNSIGNED NOT NULL AUTO_INCREMENT;

--
-- AUTO_INCREMENT for table `i4_inventories`
--
ALTER TABLE `i4_inventories`
  MODIFY `id` int(10) UNSIGNED NOT NULL AUTO_INCREMENT;

--
-- AUTO_INCREMENT for table `migrations`
--
ALTER TABLE `migrations`
  MODIFY `id` int(10) UNSIGNED NOT NULL AUTO_INCREMENT, AUTO_INCREMENT=560;

--
-- AUTO_INCREMENT for table `mis_account_heads`
--
ALTER TABLE `mis_account_heads`
  MODIFY `id` int(10) UNSIGNED NOT NULL AUTO_INCREMENT, AUTO_INCREMENT=6;

--
-- AUTO_INCREMENT for table `mis_current_stocks`
--
ALTER TABLE `mis_current_stocks`
  MODIFY `id` int(10) UNSIGNED NOT NULL AUTO_INCREMENT, AUTO_INCREMENT=235;

--
-- AUTO_INCREMENT for table `mis_vouchers`
--
ALTER TABLE `mis_vouchers`
  MODIFY `id` int(10) UNSIGNED NOT NULL AUTO_INCREMENT, AUTO_INCREMENT=5;

--
-- AUTO_INCREMENT for table `payments`
--
ALTER TABLE `payments`
  MODIFY `id` int(10) UNSIGNED NOT NULL AUTO_INCREMENT, AUTO_INCREMENT=13;

--
-- AUTO_INCREMENT for table `purchases`
--
ALTER TABLE `purchases`
  MODIFY `id` int(10) UNSIGNED NOT NULL AUTO_INCREMENT, AUTO_INCREMENT=37;

--
-- AUTO_INCREMENT for table `purchase_groups`
--
ALTER TABLE `purchase_groups`
  MODIFY `id` int(10) UNSIGNED NOT NULL AUTO_INCREMENT, AUTO_INCREMENT=28;

--
-- AUTO_INCREMENT for table `r1_restaurant_suppliers`
--
ALTER TABLE `r1_restaurant_suppliers`
  MODIFY `id` int(10) UNSIGNED NOT NULL AUTO_INCREMENT;

--
-- AUTO_INCREMENT for table `r2_restaurant_receivers`
--
ALTER TABLE `r2_restaurant_receivers`
  MODIFY `id` int(10) UNSIGNED NOT NULL AUTO_INCREMENT;

--
-- AUTO_INCREMENT for table `r3_grocery_categories`
--
ALTER TABLE `r3_grocery_categories`
  MODIFY `id` int(10) UNSIGNED NOT NULL AUTO_INCREMENT;

--
-- AUTO_INCREMENT for table `r4_groceries`
--
ALTER TABLE `r4_groceries`
  MODIFY `id` int(10) UNSIGNED NOT NULL AUTO_INCREMENT;

--
-- AUTO_INCREMENT for table `r5_meal_types`
--
ALTER TABLE `r5_meal_types`
  MODIFY `id` int(10) UNSIGNED NOT NULL AUTO_INCREMENT, AUTO_INCREMENT=19;

--
-- AUTO_INCREMENT for table `r6_meal_items`
--
ALTER TABLE `r6_meal_items`
  MODIFY `id` int(10) UNSIGNED NOT NULL AUTO_INCREMENT, AUTO_INCREMENT=36;

--
-- AUTO_INCREMENT for table `r7_menu_types`
--
ALTER TABLE `r7_menu_types`
  MODIFY `id` int(10) UNSIGNED NOT NULL AUTO_INCREMENT, AUTO_INCREMENT=8;

--
-- AUTO_INCREMENT for table `r8_menus`
--
ALTER TABLE `r8_menus`
  MODIFY `id` int(10) UNSIGNED NOT NULL AUTO_INCREMENT, AUTO_INCREMENT=6;

--
-- AUTO_INCREMENT for table `r9_food_menu`
--
ALTER TABLE `r9_food_menu`
  MODIFY `id` int(10) UNSIGNED NOT NULL AUTO_INCREMENT, AUTO_INCREMENT=10;

--
-- AUTO_INCREMENT for table `r10_food_menu_items`
--
ALTER TABLE `r10_food_menu_items`
  MODIFY `id` int(10) UNSIGNED NOT NULL AUTO_INCREMENT, AUTO_INCREMENT=35;

--
-- AUTO_INCREMENT for table `r11_food_sales`
--
ALTER TABLE `r11_food_sales`
  MODIFY `id` int(10) UNSIGNED NOT NULL AUTO_INCREMENT, AUTO_INCREMENT=12;

--
-- AUTO_INCREMENT for table `r11_sales`
--
ALTER TABLE `r11_sales`
  MODIFY `id` int(10) UNSIGNED NOT NULL AUTO_INCREMENT;

--
-- AUTO_INCREMENT for table `roles`
--
ALTER TABLE `roles`
  MODIFY `id` int(10) UNSIGNED NOT NULL AUTO_INCREMENT, AUTO_INCREMENT=3;

--
-- AUTO_INCREMENT for table `staff`
--
ALTER TABLE `staff`
  MODIFY `id` int(10) UNSIGNED NOT NULL AUTO_INCREMENT, AUTO_INCREMENT=5;

--
-- AUTO_INCREMENT for table `stocks`
--
ALTER TABLE `stocks`
  MODIFY `id` int(10) UNSIGNED NOT NULL AUTO_INCREMENT, AUTO_INCREMENT=202;

--
-- AUTO_INCREMENT for table `stock_heads`
--
ALTER TABLE `stock_heads`
  MODIFY `id` int(10) UNSIGNED NOT NULL AUTO_INCREMENT, AUTO_INCREMENT=36;

--
-- AUTO_INCREMENT for table `suppliers`
--
ALTER TABLE `suppliers`
  MODIFY `id` int(10) UNSIGNED NOT NULL AUTO_INCREMENT, AUTO_INCREMENT=18;

--
-- AUTO_INCREMENT for table `transaction_heads`
--
ALTER TABLE `transaction_heads`
  MODIFY `id` int(10) UNSIGNED NOT NULL AUTO_INCREMENT, AUTO_INCREMENT=460;

--
-- AUTO_INCREMENT for table `transaction_histories`
--
ALTER TABLE `transaction_histories`
  MODIFY `id` int(10) UNSIGNED NOT NULL AUTO_INCREMENT;

--
-- AUTO_INCREMENT for table `users`
--
ALTER TABLE `users`
  MODIFY `id` int(10) UNSIGNED NOT NULL AUTO_INCREMENT, AUTO_INCREMENT=4;

--
-- AUTO_INCREMENT for table `v1_venues`
--
ALTER TABLE `v1_venues`
  MODIFY `id` int(10) UNSIGNED NOT NULL AUTO_INCREMENT, AUTO_INCREMENT=60;

--
-- AUTO_INCREMENT for table `v2_venue_reservations`
--
ALTER TABLE `v2_venue_reservations`
  MODIFY `id` int(10) UNSIGNED NOT NULL AUTO_INCREMENT, AUTO_INCREMENT=3;

--
-- AUTO_INCREMENT for table `v3_venue_bookings`
--
ALTER TABLE `v3_venue_bookings`
  MODIFY `id` int(10) UNSIGNED NOT NULL AUTO_INCREMENT, AUTO_INCREMENT=2;

--
-- AUTO_INCREMENT for table `v4_venue_billings`
--
ALTER TABLE `v4_venue_billings`
  MODIFY `id` int(10) UNSIGNED NOT NULL AUTO_INCREMENT;

--
-- AUTO_INCREMENT for table `visitors`
--
ALTER TABLE `visitors`
  MODIFY `id` int(10) UNSIGNED NOT NULL AUTO_INCREMENT;

--
-- AUTO_INCREMENT for table `vouchers`
--
ALTER TABLE `vouchers`
  MODIFY `id` int(10) UNSIGNED NOT NULL AUTO_INCREMENT, AUTO_INCREMENT=16;

--
-- AUTO_INCREMENT for table `voucher_groups`
--
ALTER TABLE `voucher_groups`
  MODIFY `id` int(10) UNSIGNED NOT NULL AUTO_INCREMENT, AUTO_INCREMENT=10;

--
-- AUTO_INCREMENT for table `voucher_types`
--
ALTER TABLE `voucher_types`
  MODIFY `id` int(10) UNSIGNED NOT NULL AUTO_INCREMENT, AUTO_INCREMENT=10;

--
-- AUTO_INCREMENT for table `voucher_update_histories`
--
ALTER TABLE `voucher_update_histories`
  MODIFY `id` int(10) UNSIGNED NOT NULL AUTO_INCREMENT, AUTO_INCREMENT=2;

--
-- Constraints for dumped tables
--

--
-- Constraints for table `e6_leaves`
--
ALTER TABLE `e6_leaves`
  ADD CONSTRAINT `e6_leaves_leave_category_id_foreign` FOREIGN KEY (`leave_category_id`) REFERENCES `e5_leave_categories` (`id`) ON UPDATE CASCADE;

--
-- Constraints for table `h2_buildings`
--
ALTER TABLE `h2_buildings`
  ADD CONSTRAINT `h2_buildings_building_type_foreign` FOREIGN KEY (`building_type`) REFERENCES `h1_building_types` (`id`) ON UPDATE CASCADE;

--
-- Constraints for table `h4_floors`
--
ALTER TABLE `h4_floors`
  ADD CONSTRAINT `h4_floors_building_id_foreign` FOREIGN KEY (`building_id`) REFERENCES `h2_buildings` (`id`) ON UPDATE CASCADE,
  ADD CONSTRAINT `h4_floors_floor_type_foreign` FOREIGN KEY (`floor_type`) REFERENCES `h3_floor_types` (`id`) ON UPDATE CASCADE;

--
-- Constraints for table `h6_rooms`
--
ALTER TABLE `h6_rooms`
  ADD CONSTRAINT `h6_rooms_category_id_foreign` FOREIGN KEY (`category_id`) REFERENCES `h5_room_categories` (`id`) ON UPDATE CASCADE,
  ADD CONSTRAINT `h6_rooms_floor_id_foreign` FOREIGN KEY (`floor_id`) REFERENCES `h4_floors` (`id`) ON UPDATE CASCADE;

--
-- Constraints for table `h7_room_reservations`
--
ALTER TABLE `h7_room_reservations`
  ADD CONSTRAINT `h7_room_reservations_room_id_foreign` FOREIGN KEY (`room_id`) REFERENCES `h6_rooms` (`id`) ON UPDATE CASCADE;

--
-- Constraints for table `h8_room_bookings`
--
ALTER TABLE `h8_room_bookings`
  ADD CONSTRAINT `h8_room_bookings_room_id_foreign` FOREIGN KEY (`room_id`) REFERENCES `h6_rooms` (`id`) ON UPDATE CASCADE;

--
-- Constraints for table `h9_room_billings`
--
ALTER TABLE `h9_room_billings`
  ADD CONSTRAINT `h9_room_billings_booking_id_foreign` FOREIGN KEY (`booking_id`) REFERENCES `h8_room_bookings` (`id`) ON UPDATE CASCADE;

--
-- Constraints for table `i2_inventory_receivers`
--
ALTER TABLE `i2_inventory_receivers`
  ADD CONSTRAINT `i2_inventory_receivers_employee_id_foreign` FOREIGN KEY (`employee_id`) REFERENCES `e4_employees` (`id`) ON UPDATE CASCADE;

--
-- Constraints for table `i4_inventories`
--
ALTER TABLE `i4_inventories`
  ADD CONSTRAINT `i4_inventories_inventory_category_id_foreign` FOREIGN KEY (`inventory_category_id`) REFERENCES `i3_inventory_categories` (`id`) ON UPDATE CASCADE;

--
-- Constraints for table `r2_restaurant_receivers`
--
ALTER TABLE `r2_restaurant_receivers`
  ADD CONSTRAINT `r2_restaurant_receivers_employee_id_foreign` FOREIGN KEY (`employee_id`) REFERENCES `e4_employees` (`id`) ON UPDATE CASCADE;

--
-- Constraints for table `r4_groceries`
--
ALTER TABLE `r4_groceries`
  ADD CONSTRAINT `r4_groceries_grocery_category_id_foreign` FOREIGN KEY (`grocery_category_id`) REFERENCES `r3_grocery_categories` (`id`) ON UPDATE CASCADE;

--
-- Constraints for table `r6_meal_items`
--
ALTER TABLE `r6_meal_items`
  ADD CONSTRAINT `r6_meal_items_meal_type_id_foreign` FOREIGN KEY (`meal_type_id`) REFERENCES `r5_meal_types` (`id`) ON UPDATE CASCADE;

--
-- Constraints for table `r8_menus`
--
ALTER TABLE `r8_menus`
  ADD CONSTRAINT `r8_menus_item_10_id_foreign` FOREIGN KEY (`item_10_id`) REFERENCES `r6_meal_items` (`id`) ON UPDATE CASCADE,
  ADD CONSTRAINT `r8_menus_item_1_id_foreign` FOREIGN KEY (`item_1_id`) REFERENCES `r6_meal_items` (`id`) ON UPDATE CASCADE,
  ADD CONSTRAINT `r8_menus_item_2_id_foreign` FOREIGN KEY (`item_2_id`) REFERENCES `r6_meal_items` (`id`) ON UPDATE CASCADE,
  ADD CONSTRAINT `r8_menus_item_3_id_foreign` FOREIGN KEY (`item_3_id`) REFERENCES `r6_meal_items` (`id`) ON UPDATE CASCADE,
  ADD CONSTRAINT `r8_menus_item_4_id_foreign` FOREIGN KEY (`item_4_id`) REFERENCES `r6_meal_items` (`id`) ON UPDATE CASCADE,
  ADD CONSTRAINT `r8_menus_item_5_id_foreign` FOREIGN KEY (`item_5_id`) REFERENCES `r6_meal_items` (`id`) ON UPDATE CASCADE,
  ADD CONSTRAINT `r8_menus_item_6_id_foreign` FOREIGN KEY (`item_6_id`) REFERENCES `r6_meal_items` (`id`) ON UPDATE CASCADE,
  ADD CONSTRAINT `r8_menus_item_7_id_foreign` FOREIGN KEY (`item_7_id`) REFERENCES `r6_meal_items` (`id`) ON UPDATE CASCADE,
  ADD CONSTRAINT `r8_menus_item_8_id_foreign` FOREIGN KEY (`item_8_id`) REFERENCES `r6_meal_items` (`id`) ON UPDATE CASCADE,
  ADD CONSTRAINT `r8_menus_item_9_id_foreign` FOREIGN KEY (`item_9_id`) REFERENCES `r6_meal_items` (`id`) ON UPDATE CASCADE,
  ADD CONSTRAINT `r8_menus_menu_type_id_foreign` FOREIGN KEY (`menu_type_id`) REFERENCES `r7_menu_types` (`id`) ON UPDATE CASCADE;

--
-- Constraints for table `users`
--
ALTER TABLE `users`
  ADD CONSTRAINT `users_role_id_foreign` FOREIGN KEY (`role_id`) REFERENCES `roles` (`id`) ON UPDATE CASCADE;

--
-- Constraints for table `v2_venue_reservations`
--
ALTER TABLE `v2_venue_reservations`
  ADD CONSTRAINT `v2_venue_reservations_venue_id_foreign` FOREIGN KEY (`venue_id`) REFERENCES `v1_venues` (`id`) ON UPDATE CASCADE;

--
-- Constraints for table `v3_venue_bookings`
--
ALTER TABLE `v3_venue_bookings`
  ADD CONSTRAINT `v3_venue_bookings_venue_id_foreign` FOREIGN KEY (`venue_id`) REFERENCES `v1_venues` (`id`) ON UPDATE CASCADE;
COMMIT;

/*!40101 SET CHARACTER_SET_CLIENT=@OLD_CHARACTER_SET_CLIENT */;
/*!40101 SET CHARACTER_SET_RESULTS=@OLD_CHARACTER_SET_RESULTS */;
/*!40101 SET COLLATION_CONNECTION=@OLD_COLLATION_CONNECTION */;
