-- phpMyAdmin SQL Dump
-- version 4.9.4
-- https://www.phpmyadmin.net/
--
-- Host: localhost:3306
-- Generation Time: Feb 02, 2021 at 02:01 PM
-- Server version: 10.3.27-MariaDB-log-cll-lve
-- PHP Version: 7.3.6

SET SQL_MODE = "NO_AUTO_VALUE_ON_ZERO";
SET AUTOCOMMIT = 0;
START TRANSACTION;
SET time_zone = "+00:00";


/*!40101 SET @OLD_CHARACTER_SET_CLIENT=@@CHARACTER_SET_CLIENT */;
/*!40101 SET @OLD_CHARACTER_SET_RESULTS=@@CHARACTER_SET_RESULTS */;
/*!40101 SET @OLD_COLLATION_CONNECTION=@@COLLATION_CONNECTION */;
/*!40101 SET NAMES utf8mb4 */;

--
-- Database: `mienarzr_mtc`
--

-- --------------------------------------------------------

--
-- Table structure for table `account_heads`
--

CREATE TABLE `account_heads` (
  `id` int(10) UNSIGNED NOT NULL,
  `name` varchar(191) COLLATE utf8mb4_unicode_ci NOT NULL,
  `code` varchar(191) COLLATE utf8mb4_unicode_ci NOT NULL,
  `amount` bigint(20) NOT NULL DEFAULT 0,
  `created_at` timestamp NULL DEFAULT NULL,
  `updated_at` timestamp NULL DEFAULT NULL
) ENGINE=InnoDB DEFAULT CHARSET=utf8mb4 COLLATE=utf8mb4_unicode_ci;

--
-- Dumping data for table `account_heads`
--

INSERT INTO `account_heads` (`id`, `name`, `code`, `amount`, `created_at`, `updated_at`) VALUES
(1, 'ASSET', '1000', 0, '2019-11-23 09:18:30', '2019-11-23 09:18:30'),
(2, 'LIABILITY', '3000', 0, '2019-11-23 09:18:30', '2019-11-23 09:18:30'),
(3, 'INCOME', '4000', 0, '2019-11-23 09:18:30', '2019-11-23 09:18:30'),
(4, 'EXPENSE', '5000', 0, '2019-11-23 09:18:30', '2019-11-23 09:18:30'),
(5, 'EQUITY', '6000', 0, '2019-11-23 09:18:30', '2019-11-23 09:18:30');

-- --------------------------------------------------------

--
-- Table structure for table `account_head_child_i`
--

CREATE TABLE `account_head_child_i` (
  `id` int(10) UNSIGNED NOT NULL,
  `ac_head_id` int(10) UNSIGNED NOT NULL,
  `name` varchar(191) COLLATE utf8mb4_unicode_ci NOT NULL,
  `code` varchar(191) COLLATE utf8mb4_unicode_ci NOT NULL,
  `amount` bigint(20) NOT NULL DEFAULT 0,
  `created_at` timestamp NULL DEFAULT NULL,
  `updated_at` timestamp NULL DEFAULT NULL
) ENGINE=InnoDB DEFAULT CHARSET=utf8mb4 COLLATE=utf8mb4_unicode_ci;

--
-- Dumping data for table `account_head_child_i`
--

INSERT INTO `account_head_child_i` (`id`, `ac_head_id`, `name`, `code`, `amount`, `created_at`, `updated_at`) VALUES
(1, 1, 'Fixet Asset', '1100', 0, '2019-11-20 21:22:33', '2019-11-20 21:22:33'),
(2, 1, 'Current Asset', '1500', 0, '2019-11-20 21:22:33', '2019-11-20 21:22:33'),
(3, 2, 'Current Liability Member Savings', '3100', 0, '2019-11-20 21:22:33', '2019-11-20 21:22:33'),
(4, 2, 'Others Savings A/C', '3200', 0, '2019-11-20 21:22:33', '2019-11-20 21:22:33'),
(5, 2, 'Long Term Liability (PKSF)', '3300', 0, '2019-11-20 21:22:33', '2019-11-20 21:22:33'),
(6, 2, 'Current Account Principal (Branch & HO)', '3400', 0, '2019-11-20 21:22:33', '2019-11-20 21:22:33'),
(7, 3, 'General Income', '4100', 0, '2019-11-20 21:22:33', '2019-11-20 21:22:33'),
(8, 3, 'Others Income', '4200', 0, '2019-11-20 21:22:33', '2019-11-20 21:22:33'),
(9, 4, 'Financial Expense', '5100', 0, '2019-11-20 21:22:33', '2019-11-20 21:22:33'),
(10, 4, 'Current Account Service Charge (Branch & HO)', '5200', 0, '2019-11-20 21:22:33', '2019-11-20 21:22:33'),
(11, 4, 'Salary & Allowance', '5300', 0, '2019-11-20 21:22:33', '2019-11-20 21:22:33'),
(12, 4, 'Operating Cost', '5400', 0, '2019-11-20 21:22:33', '2019-11-20 21:22:33'),
(13, 2, 'Others Liability', '3500', 0, '2019-11-20 21:22:33', '2019-11-20 21:22:33'),
(14, 2, 'Capital Fund', '3600', 0, '2019-11-20 21:22:33', '2019-11-20 21:22:33'),
(15, 3, 'Reimbursement', '7700', 0, '2019-11-20 21:22:33', '2019-11-20 21:22:33'),
(16, 2, 'Loan A/C With Others', '3700', 0, '2019-11-20 21:22:33', '2019-11-20 21:22:33'),
(17, 4, 'Non Operating Cost', '5600', 0, '2019-11-20 21:22:33', '2019-11-20 21:22:33'),
(18, 3, 'Income from Training Operating', '4500', 0, '2019-11-20 21:22:33', '2019-11-20 21:22:33'),
(19, 4, 'Expenses for Training center', '5700', 0, '2019-11-20 21:22:33', '2019-11-20 21:22:33'),
(20, 4, 'Loss On Sale Of Land', '5001', 0, '2019-11-20 21:22:33', '2019-11-20 21:22:33'),
(21, 1, 'Black Rice', '010540', 0, '2020-01-18 01:06:44', '2020-01-18 01:06:44'),
(22, 1, 'Super Admin', '123', 0, '2020-01-18 01:07:38', '2020-01-18 01:07:38'),
(23, 1, 'ewr', '345', 0, '2020-01-18 01:12:01', '2020-01-18 01:12:01');

-- --------------------------------------------------------

--
-- Table structure for table `account_head_child_ii`
--

CREATE TABLE `account_head_child_ii` (
  `id` int(10) UNSIGNED NOT NULL,
  `ac_head_child_i_id` int(10) UNSIGNED NOT NULL,
  `name` varchar(191) COLLATE utf8mb4_unicode_ci NOT NULL,
  `code` varchar(191) COLLATE utf8mb4_unicode_ci NOT NULL,
  `amount` bigint(20) NOT NULL DEFAULT 0,
  `created_at` timestamp NULL DEFAULT NULL,
  `updated_at` timestamp NULL DEFAULT NULL
) ENGINE=InnoDB DEFAULT CHARSET=utf8mb4 COLLATE=utf8mb4_unicode_ci;

--
-- Dumping data for table `account_head_child_ii`
--

INSERT INTO `account_head_child_ii` (`id`, `ac_head_child_i_id`, `name`, `code`, `amount`, `created_at`, `updated_at`) VALUES
(1, 1, 'Land & Building', '1150', 0, '2019-11-20 21:27:57', '2019-11-20 21:27:57'),
(2, 1, 'Furniture & fixture', '1200', 0, '2019-11-20 21:27:57', '2019-11-20 21:27:57'),
(3, 1, 'Office Equipment', '1250', 0, '2019-11-20 21:27:57', '2019-11-20 21:27:57'),
(4, 1, 'Vehicles', '1300', 0, '2019-11-20 21:27:57', '2019-11-20 21:27:57'),
(5, 1, 'Electronic Equipment', '1350', 0, '2019-11-20 21:27:57', '2019-11-20 21:27:57'),
(6, 1, 'Other Fixet Assets', '1400', 0, '2019-11-20 21:27:57', '2019-11-20 21:27:57'),
(7, 2, 'Loan A/C with  Member\'s', '1900', 0, '2019-11-20 21:27:57', '2019-11-20 21:27:57'),
(8, 2, 'Others Loan', '2000', 0, '2019-11-20 21:27:57', '2019-11-20 21:27:57'),
(9, 2, 'Advance', '2100', 0, '2019-11-20 21:27:57', '2019-11-20 21:27:57'),
(10, 2, 'Others Investment', '2300', 0, '2019-11-20 21:27:57', '2019-11-20 21:27:57'),
(11, 5, 'Fund A/C With  PKSF', '3350', 0, '2019-11-20 21:27:57', '2019-11-20 21:27:57'),
(12, 8, 'Other Income', '4250', 0, '2019-11-20 21:27:57', '2019-11-20 21:27:57'),
(13, 8, 'Bank Interest', '4300', 0, '2019-11-20 21:27:57', '2019-11-20 21:27:57'),
(14, 10, 'Service Charge paid to HO', '5220', 0, '2019-11-20 21:27:57', '2019-11-20 21:27:57'),
(15, 11, 'Salary & Allowance', '5310', 0, '2019-11-20 21:27:57', '2019-11-20 21:27:57'),
(16, 12, 'Operating cost', '5450', 0, '2019-11-20 21:27:57', '2019-11-20 21:27:57'),
(17, 3, 'Genaral  Savings (GS)', '3120', 0, '2019-11-20 21:27:57', '2019-11-20 21:27:57'),
(18, 3, 'Specail Savings (SS)', '3140', 0, '2019-11-20 21:27:57', '2019-11-20 21:27:57'),
(19, 9, 'Service Charge Paid to PKSF', '5130', 0, '2019-11-20 21:27:57', '2019-11-20 21:27:57'),
(20, 9, 'Interest on Group Savings', '5120', 0, '2019-11-20 21:27:57', '2019-11-20 21:27:57'),
(21, 3, 'Monthly Savings(DPS)', '3150', 0, '2019-11-20 21:27:57', '2019-11-20 21:27:57'),
(22, 3, 'Emergemcy  Fund A/C', '3160', 0, '2019-11-20 21:27:57', '2019-11-20 21:27:57'),
(23, 7, 'Service charge A/C (member)', '4150', 0, '2019-11-20 21:27:57', '2019-11-20 21:27:57'),
(24, 12, 'Bank Charge', '5500', 0, '2019-11-20 21:27:57', '2019-11-20 21:27:57'),
(25, 2, 'Cash & Bank', '1700', 0, '2019-11-20 21:27:57', '2019-11-20 21:27:57'),
(26, 6, 'Current Account Principal InterTransaction (Branch & HO)', '3420', 0, '2019-11-20 21:27:57', '2019-11-20 21:27:57'),
(27, 13, 'Reserve & Provition', '3520', 0, '2019-11-20 21:27:57', '2019-11-20 21:27:57'),
(28, 14, 'Retained Surplus/Deficit', '3620', 0, '2019-11-20 21:27:57', '2019-11-20 21:27:57'),
(29, 2, 'Loan to project', '1510', 0, '2019-11-20 21:27:57', '2019-11-20 21:27:57'),
(30, 13, 'Others Fund', '3550', 0, '2019-11-20 21:27:57', '2019-11-20 21:27:57'),
(31, 2, 'Other Current Asset', '1550', 0, '2019-11-20 21:27:57', '2019-11-20 21:27:57'),
(32, 14, 'Capital fund', '3601', 0, '2019-11-20 21:27:57', '2019-11-20 21:27:57'),
(33, 2, 'Fund A/C With Branch', '1600', 0, '2019-11-20 21:27:57', '2019-11-20 21:27:57'),
(34, 7, 'Service charge from Branch', '4400', 0, '2019-11-20 21:27:57', '2019-11-20 21:27:57'),
(35, 16, 'Loan A/C With Others', '3710', 0, '2019-11-20 21:27:57', '2019-11-20 21:27:57'),
(36, 17, 'Non Operating Cost', '5650', 0, '2019-11-20 21:27:57', '2019-11-20 21:27:57'),
(37, 3, 'Health Savings', '3180', 0, '2019-11-20 21:27:57', '2019-11-20 21:27:57'),
(38, 4, 'Special Savings (staff)', '3201', 0, '2019-11-20 21:27:57', '2019-11-20 21:27:57'),
(39, 3, 'Fixed General savings', '3190', 0, '2019-11-20 21:27:57', '2019-11-20 21:27:57'),
(40, 4, 'Staff Welfare', '3206', 0, '2019-11-20 21:27:57', '2019-11-20 21:27:57'),
(41, 23, 'Basmati Rice', '235', 0, '2020-01-18 01:13:08', '2020-01-18 01:13:08');

-- --------------------------------------------------------

--
-- Table structure for table `account_head_child_iii`
--

CREATE TABLE `account_head_child_iii` (
  `id` int(10) UNSIGNED NOT NULL,
  `ac_head_child_ii_id` int(10) UNSIGNED NOT NULL,
  `name` varchar(191) COLLATE utf8mb4_unicode_ci NOT NULL,
  `code` varchar(191) COLLATE utf8mb4_unicode_ci NOT NULL,
  `amount` bigint(20) NOT NULL DEFAULT 0,
  `created_at` timestamp NULL DEFAULT NULL,
  `updated_at` timestamp NULL DEFAULT NULL
) ENGINE=InnoDB DEFAULT CHARSET=utf8mb4 COLLATE=utf8mb4_unicode_ci;

--
-- Dumping data for table `account_head_child_iii`
--

INSERT INTO `account_head_child_iii` (`id`, `ac_head_child_ii_id`, `name`, `code`, `amount`, `created_at`, `updated_at`) VALUES
(1, 25, 'Cash in hand', '1750', 0, '2019-11-20 21:29:08', '2019-11-20 21:29:08'),
(2, 25, 'Cash at Bank', '1800', 0, '2019-11-20 21:29:08', '2019-11-20 21:29:08'),
(3, 17, 'JAGARON', '3120.1', 0, '2019-11-20 21:29:08', '2019-11-20 21:29:08'),
(4, 17, 'AGRASHOR', '3120.2', 0, '2019-11-20 21:29:08', '2019-11-20 21:29:08'),
(5, 17, 'BUNIAD', '3120.3', 0, '2019-11-20 21:29:08', '2019-11-20 21:29:08'),
(6, 17, 'MFMSF', '3120.4', 0, '2019-11-20 21:29:08', '2019-11-20 21:29:08'),
(7, 17, 'SUFALON', '3120.5', 0, '2019-11-20 21:29:08', '2019-11-20 21:29:08'),
(8, 17, 'EFRRAP', '3120.6', 0, '2019-11-20 21:29:08', '2019-11-20 21:29:08'),
(9, 17, 'FSP', '3120.7', 0, '2019-11-20 21:29:08', '2019-11-20 21:29:08'),
(10, 17, 'Enrich IGA', '3120.8', 0, '2019-11-20 21:29:08', '2019-11-20 21:29:08'),
(11, 17, 'Enrich LIL', '3120.9', 0, '2019-11-20 21:29:08', '2019-11-20 21:29:08'),
(12, 17, 'Enrich ACL', '3120.10', 0, '2019-11-20 21:29:08', '2019-11-20 21:29:08'),
(13, 17, 'EDUCATION', '3120.11', 0, '2019-11-20 21:29:08', '2019-11-20 21:29:08');

-- --------------------------------------------------------

--
-- Table structure for table `account_head_child_iv`
--

CREATE TABLE `account_head_child_iv` (
  `id` int(10) UNSIGNED NOT NULL,
  `ac_head_child_iii_id` int(10) UNSIGNED NOT NULL,
  `name` varchar(191) COLLATE utf8mb4_unicode_ci NOT NULL,
  `code` varchar(191) COLLATE utf8mb4_unicode_ci NOT NULL,
  `amount` bigint(20) NOT NULL DEFAULT 0,
  `created_at` timestamp NULL DEFAULT NULL,
  `updated_at` timestamp NULL DEFAULT NULL
) ENGINE=InnoDB DEFAULT CHARSET=utf8mb4 COLLATE=utf8mb4_unicode_ci;

-- --------------------------------------------------------

--
-- Table structure for table `billings`
--

CREATE TABLE `billings` (
  `id` int(10) UNSIGNED NOT NULL,
  `guest_id` int(10) UNSIGNED NOT NULL,
  `date_id` int(10) UNSIGNED NOT NULL,
  `mis_voucher_id` int(10) UNSIGNED DEFAULT NULL,
  `checkout_status` tinyint(1) NOT NULL DEFAULT 0,
  `reserved` tinyint(1) NOT NULL DEFAULT 0,
  `total_bill` double(14,2) NOT NULL DEFAULT 0.00,
  `advance_paid` double(14,2) NOT NULL DEFAULT 0.00,
  `total_paid` double(14,2) NOT NULL DEFAULT 0.00,
  `discount` double(14,2) UNSIGNED NOT NULL DEFAULT 0.00,
  `note` text COLLATE utf8mb4_unicode_ci DEFAULT NULL,
  `code` text COLLATE utf8mb4_unicode_ci DEFAULT NULL,
  `deleted_at` timestamp NULL DEFAULT NULL,
  `created_at` timestamp NULL DEFAULT NULL,
  `updated_at` timestamp NULL DEFAULT NULL
) ENGINE=InnoDB DEFAULT CHARSET=utf8mb4 COLLATE=utf8mb4_unicode_ci;

--
-- Dumping data for table `billings`
--

INSERT INTO `billings` (`id`, `guest_id`, `date_id`, `mis_voucher_id`, `checkout_status`, `reserved`, `total_bill`, `advance_paid`, `total_paid`, `discount`, `note`, `code`, `deleted_at`, `created_at`, `updated_at`) VALUES
(1, 560, 1, 2151, 1, 0, 1000.00, 0.00, 1000.00, 0.00, NULL, 'aspada_08_12_20_001', '2020-12-21 07:43:45', '2020-12-08 13:26:07', '2020-12-21 07:43:45'),
(2, 561, 1, 2153, 1, 0, 900.00, 0.00, 900.00, 0.00, NULL, 'aspada_08_12_20_002', '2020-12-21 07:43:36', '2020-12-08 13:33:32', '2020-12-21 07:43:36'),
(3, 562, 1, 2171, 1, 0, 1400.00, 0.00, 1400.00, 0.00, NULL, 'aspada_16_12_20_001', '2020-12-21 07:42:46', '2020-12-16 14:07:49', '2020-12-21 07:42:46'),
(4, 563, 1, 2196, 1, 0, 1000.00, 0.00, 1000.00, 0.00, NULL, 'aspada_21_12_20_001', NULL, '2020-12-21 07:52:34', '2020-12-21 07:53:28'),
(5, 564, 1, 2198, 1, 0, 900.00, 0.00, 900.00, 0.00, NULL, 'aspada_21_12_20_002', NULL, '2020-12-21 07:55:22', '2020-12-21 07:55:27'),
(6, 565, 1, 2200, 1, 0, 1400.00, 0.00, 1400.00, 0.00, NULL, 'aspada_21_12_20_003', NULL, '2020-12-21 08:27:01', '2020-12-21 08:27:10');

-- --------------------------------------------------------

--
-- Table structure for table `bookings`
--

CREATE TABLE `bookings` (
  `id` int(10) UNSIGNED NOT NULL,
  `guest_id` int(10) UNSIGNED NOT NULL,
  `billing_id` int(10) UNSIGNED NOT NULL,
  `room_id` int(10) UNSIGNED NOT NULL,
  `booking_status` tinyint(3) UNSIGNED NOT NULL DEFAULT 2,
  `no_of_visitors` tinyint(3) UNSIGNED NOT NULL DEFAULT 0,
  `bill` double(14,2) NOT NULL DEFAULT 0.00,
  `vat` tinyint(3) UNSIGNED NOT NULL DEFAULT 0,
  `service_charge` tinyint(3) UNSIGNED NOT NULL DEFAULT 0,
  `start_date` date NOT NULL,
  `end_date` date NOT NULL,
  `discount` double(12,2) UNSIGNED NOT NULL DEFAULT 0.00,
  `deleted_at` timestamp NULL DEFAULT NULL,
  `created_at` timestamp NULL DEFAULT NULL,
  `updated_at` timestamp NULL DEFAULT NULL
) ENGINE=InnoDB DEFAULT CHARSET=utf8mb4 COLLATE=utf8mb4_unicode_ci;

--
-- Dumping data for table `bookings`
--

INSERT INTO `bookings` (`id`, `guest_id`, `billing_id`, `room_id`, `booking_status`, `no_of_visitors`, `bill`, `vat`, `service_charge`, `start_date`, `end_date`, `discount`, `deleted_at`, `created_at`, `updated_at`) VALUES
(1, 560, 1, 502, 0, 1, 750.00, 0, 0, '2020-06-30', '2020-07-01', 0.00, '2020-12-21 07:43:45', '2020-12-08 13:26:07', '2020-12-21 07:43:45'),
(2, 560, 1, 514, 0, 1, 250.00, 0, 0, '2020-06-30', '2020-07-01', 50.00, '2020-12-21 07:43:45', '2020-12-08 13:26:07', '2020-12-21 07:43:45'),
(3, 561, 2, 11, 0, 3, 900.00, 0, 0, '2020-06-30', '2020-07-01', 0.00, '2020-12-21 07:43:36', '2020-12-08 13:33:32', '2020-12-21 07:43:36'),
(4, 562, 3, 19, 0, 1, 1100.00, 0, 0, '2020-06-30', '2020-07-01', 100.00, '2020-12-21 07:42:46', '2020-12-16 14:07:49', '2020-12-21 07:42:46'),
(5, 562, 3, 505, 0, 1, 300.00, 0, 0, '2020-06-30', '2020-07-01', 0.00, '2020-12-21 07:42:46', '2020-12-16 14:07:49', '2020-12-21 07:42:46'),
(6, 563, 4, 502, 0, 1, 700.00, 0, 0, '2020-06-30', '2020-07-01', 50.00, NULL, '2020-12-21 07:52:34', '2020-12-21 07:53:28'),
(7, 563, 4, 515, 0, 1, 300.00, 0, 0, '2020-06-30', '2020-07-01', 0.00, NULL, '2020-12-21 07:52:34', '2020-12-21 07:53:28'),
(8, 564, 5, 11, 0, 3, 900.00, 0, 0, '2020-06-30', '2020-07-01', 0.00, NULL, '2020-12-21 07:55:22', '2020-12-21 07:55:27'),
(9, 565, 6, 19, 0, 1, 1100.00, 0, 0, '2020-06-30', '2020-07-01', 100.00, NULL, '2020-12-21 08:27:01', '2020-12-21 08:27:10'),
(10, 565, 6, 505, 0, 1, 300.00, 0, 0, '2020-06-30', '2020-07-01', 0.00, NULL, '2020-12-21 08:27:01', '2020-12-21 08:27:10');

-- --------------------------------------------------------

--
-- Table structure for table `configurations`
--

CREATE TABLE `configurations` (
  `id` int(10) UNSIGNED NOT NULL,
  `name` varchar(191) COLLATE utf8mb4_unicode_ci NOT NULL,
  `text` varchar(191) COLLATE utf8mb4_unicode_ci DEFAULT NULL,
  `value` double(14,2) NOT NULL DEFAULT 0.00,
  `date` date DEFAULT NULL,
  `software_start_date` date DEFAULT NULL,
  `created_at` timestamp NULL DEFAULT NULL,
  `updated_at` timestamp NULL DEFAULT NULL
) ENGINE=InnoDB DEFAULT CHARSET=utf8mb4 COLLATE=utf8mb4_unicode_ci;

--
-- Dumping data for table `configurations`
--

INSERT INTO `configurations` (`id`, `name`, `text`, `value`, `date`, `software_start_date`, `created_at`, `updated_at`) VALUES
(1, 'software_date', NULL, 0.00, NULL, '2020-07-02', NULL, '2020-12-21 09:27:54'),
(2, 'vat_food', NULL, 15.00, NULL, NULL, NULL, '2020-02-10 05:50:02'),
(3, 'vat_service', NULL, 10.00, NULL, NULL, NULL, '2020-07-21 06:02:47'),
(4, 'vat_others', NULL, 5.00, NULL, NULL, NULL, '2020-02-10 05:50:02');

-- --------------------------------------------------------

--
-- Table structure for table `current_balance`
--

CREATE TABLE `current_balance` (
  `id` int(10) UNSIGNED NOT NULL,
  `thead_id` int(10) UNSIGNED NOT NULL,
  `date_id` int(10) UNSIGNED NOT NULL DEFAULT 0,
  `debit` double(14,2) NOT NULL DEFAULT 0.00,
  `credit` double(14,2) NOT NULL DEFAULT 0.00,
  `amount` double(14,2) NOT NULL DEFAULT 0.00,
  `created_at` timestamp NULL DEFAULT NULL,
  `updated_at` timestamp NULL DEFAULT NULL
) ENGINE=InnoDB DEFAULT CHARSET=utf8mb4 COLLATE=utf8mb4_unicode_ci;

--
-- Dumping data for table `current_balance`
--

INSERT INTO `current_balance` (`id`, `thead_id`, `date_id`, `debit`, `credit`, `amount`, `created_at`, `updated_at`) VALUES
(1, 261, 0, 0.00, 0.00, 0.00, '2020-11-20 10:36:18', '2020-11-25 22:07:09'),
(2, 263, 0, 0.00, 0.00, 0.00, '2020-11-20 10:36:19', '2020-11-25 22:07:09'),
(3, 265, 0, 0.00, 0.00, 0.00, '2020-11-20 10:36:19', '2020-11-25 22:07:09'),
(4, 266, 0, 0.00, 0.00, 0.00, '2020-11-20 10:36:19', '2020-11-25 22:07:09'),
(5, 267, 0, 0.00, 0.00, 0.00, '2020-11-20 10:36:19', '2020-11-25 22:07:09'),
(6, 273, 0, 0.00, 0.00, 0.00, '2020-11-20 10:36:19', '2020-11-25 22:07:09'),
(7, 26, 0, 681890.00, 0.00, 681890.00, '2020-11-20 10:36:19', '2020-11-25 22:07:09'),
(8, 28, 0, 0.00, 0.00, 0.00, '2020-11-20 10:36:20', '2020-11-25 22:07:09'),
(9, 29, 0, 52110.00, 0.00, 52110.00, '2020-11-20 10:36:20', '2020-11-25 22:07:09'),
(10, 30, 0, 15000.00, 0.00, 15000.00, '2020-11-20 10:36:20', '2020-11-25 22:07:09'),
(11, 31, 0, 0.00, 0.00, 0.00, '2020-11-20 10:36:20', '2020-11-25 22:07:09'),
(12, 32, 0, 0.00, 0.00, 0.00, '2020-11-20 10:36:20', '2020-11-25 22:07:09'),
(13, 33, 0, 115800.00, 0.00, 115800.00, '2020-11-20 10:36:21', '2020-11-25 22:07:09'),
(14, 34, 0, 425400.00, 0.00, 425400.00, '2020-11-20 10:36:21', '2020-11-25 22:07:09'),
(15, 35, 0, 0.00, 0.00, 0.00, '2020-11-20 10:36:21', '2020-11-25 22:07:09'),
(16, 36, 0, 69150.00, 0.00, 69150.00, '2020-11-20 10:36:21', '2020-11-25 22:07:09'),
(17, 37, 0, 85163.00, 0.00, 85163.00, '2020-11-20 10:36:21', '2020-11-25 22:07:09'),
(18, 38, 0, 0.00, 0.00, 0.00, '2020-11-20 10:36:22', '2020-11-25 22:07:09'),
(19, 39, 0, 504950.00, 0.00, 504950.00, '2020-11-20 10:36:22', '2020-11-25 22:07:09'),
(20, 40, 0, 0.00, 0.00, 0.00, '2020-11-20 10:36:22', '2020-11-25 22:07:09'),
(21, 41, 0, 0.00, 0.00, 0.00, '2020-11-20 10:36:22', '2020-11-25 22:07:09'),
(22, 42, 0, 0.00, 0.00, 0.00, '2020-11-20 10:36:22', '2020-11-25 22:07:09'),
(23, 43, 0, 0.00, 0.00, 0.00, '2020-11-20 10:36:22', '2020-11-25 22:07:09'),
(24, 44, 0, 0.00, 0.00, 0.00, '2020-11-20 10:36:23', '2020-11-25 22:07:09'),
(25, 45, 0, 0.00, 0.00, 0.00, '2020-11-20 10:36:23', '2020-11-25 22:07:09'),
(26, 46, 0, 0.00, 0.00, 0.00, '2020-11-20 10:36:23', '2020-11-25 22:07:09'),
(27, 47, 0, 0.00, 0.00, 0.00, '2020-11-20 10:36:23', '2020-11-25 22:07:09'),
(28, 48, 0, 0.00, 0.00, 0.00, '2020-11-20 10:36:23', '2020-11-25 22:07:09'),
(29, 304, 0, 0.00, 0.00, 0.00, '2020-11-20 10:36:23', '2020-11-25 22:07:09'),
(30, 49, 0, 0.00, 0.00, 0.00, '2020-11-20 10:36:23', '2020-11-25 22:07:09'),
(31, 305, 0, 0.00, 0.00, 0.00, '2020-11-20 10:36:24', '2020-11-25 22:07:09'),
(32, 50, 0, 0.00, 0.00, 0.00, '2020-11-20 10:36:24', '2020-11-25 22:07:09'),
(33, 51, 0, 0.00, 0.00, 0.00, '2020-11-20 10:36:24', '2020-11-25 22:07:09'),
(34, 310, 0, 0.00, 0.00, 0.00, '2020-11-20 10:36:24', '2020-11-25 22:07:09'),
(35, 317, 0, 0.00, 0.00, 0.00, '2020-11-20 10:36:24', '2020-11-25 22:07:09'),
(36, 318, 0, 0.00, 0.00, 0.00, '2020-11-20 10:36:24', '2020-11-25 22:07:09'),
(37, 321, 0, 0.00, 0.00, 0.00, '2020-11-20 10:36:24', '2020-11-25 22:07:09'),
(38, 322, 0, 0.00, 37040.00, -37040.00, '2020-11-20 10:36:24', '2020-11-25 22:07:09'),
(39, 326, 0, 0.00, 0.00, 0.00, '2020-11-20 10:36:25', '2020-11-25 22:07:09'),
(40, 331, 0, 0.00, 0.00, 0.00, '2020-11-20 10:36:25', '2020-11-25 22:07:09'),
(41, 337, 0, 0.00, 0.00, 0.00, '2020-11-20 10:36:25', '2020-11-25 22:07:09'),
(42, 339, 0, 0.00, 0.00, 0.00, '2020-11-20 10:36:25', '2020-11-25 22:07:09'),
(43, 340, 0, 0.00, 0.00, 0.00, '2020-11-20 10:36:25', '2020-11-25 22:07:09'),
(44, 343, 0, 62780.00, 0.00, 62780.00, '2020-11-20 10:36:25', '2020-11-25 22:07:09'),
(45, 353, 0, 3448059.00, 0.00, 3448059.00, '2020-11-20 10:36:26', '2020-11-25 22:07:09'),
(46, 131, 0, 0.00, 0.00, 0.00, '2020-11-20 10:36:26', '2020-11-25 22:07:09'),
(47, 132, 0, 16000.00, 0.00, 16000.00, '2020-11-20 10:36:26', '2020-11-25 22:07:09'),
(48, 133, 0, 50000.00, 0.00, 50000.00, '2020-11-20 10:36:26', '2020-11-25 22:07:09'),
(49, 134, 0, 415060.00, 0.00, 415060.00, '2020-11-20 10:36:26', '2020-11-25 22:07:09'),
(50, 135, 0, 0.00, 0.00, 0.00, '2020-11-20 10:36:27', '2020-11-25 22:07:09'),
(51, 136, 0, 0.00, 0.00, 0.00, '2020-11-20 10:36:27', '2020-11-25 22:07:09'),
(52, 137, 0, 19500.00, 0.00, 19500.00, '2020-11-20 10:36:27', '2020-11-25 22:07:09'),
(53, 138, 0, 167500.00, 0.00, 167500.00, '2020-11-20 10:36:27', '2020-11-25 22:07:09'),
(54, 139, 0, 17700.00, 0.00, 17700.00, '2020-11-20 10:36:28', '2020-11-25 22:07:09'),
(55, 140, 0, 0.00, 0.00, 0.00, '2020-11-20 10:36:28', '2020-11-25 22:07:09'),
(56, 141, 0, 0.00, 0.00, 0.00, '2020-11-20 10:36:28', '2020-11-25 22:07:09'),
(57, 142, 0, 0.00, 0.00, 0.00, '2020-11-20 10:36:28', '2020-11-25 22:07:09'),
(58, 431, 0, 0.00, 0.00, 0.00, '2020-11-20 10:36:29', '2020-11-25 22:07:09'),
(59, 432, 0, 797302.00, 0.00, 797302.00, '2020-11-20 10:36:29', '2020-11-25 22:07:09'),
(60, 177, 0, 0.00, 0.00, 0.00, '2020-11-20 10:36:29', '2020-11-25 22:07:09'),
(61, 178, 0, 0.00, 0.00, 0.00, '2020-11-20 10:36:30', '2020-11-25 22:07:09'),
(62, 179, 0, 0.00, 0.00, 0.00, '2020-11-20 10:36:30', '2020-11-25 22:07:09'),
(63, 180, 0, 0.00, 0.00, 0.00, '2020-11-20 10:36:30', '2020-11-25 22:07:09'),
(64, 181, 0, 0.00, 0.00, 0.00, '2020-11-20 10:36:31', '2020-11-25 22:07:09'),
(65, 455, 0, 0.00, 0.00, 0.00, '2020-11-20 10:36:31', '2020-11-25 22:07:09'),
(66, 456, 0, 0.00, 0.00, 0.00, '2020-11-20 10:36:32', '2020-11-25 22:07:09'),
(67, 201, 0, 0.00, 0.00, 0.00, '2020-11-20 10:36:32', '2020-11-25 22:07:09'),
(68, 202, 0, 0.00, 0.00, 0.00, '2020-11-20 10:36:32', '2020-11-25 22:07:09'),
(69, 460, 0, 31500.00, 0.00, 31500.00, '2020-11-20 10:36:32', '2020-11-25 22:07:09'),
(70, 210, 0, 0.00, 0.00, 0.00, '2020-11-20 10:36:32', '2020-11-25 22:07:09'),
(71, 218, 0, 0.00, 0.00, 0.00, '2020-11-20 10:36:32', '2020-11-25 22:07:09'),
(72, 219, 0, 0.00, 0.00, 0.00, '2020-11-20 10:36:33', '2020-11-25 22:07:09'),
(73, 220, 0, 0.00, 0.00, 0.00, '2020-11-20 10:36:33', '2020-11-25 22:07:09'),
(74, 221, 0, 0.00, 0.00, 0.00, '2020-11-20 10:36:33', '2020-11-25 22:07:10'),
(75, 222, 0, 0.00, 0.00, 0.00, '2020-11-20 10:36:33', '2020-11-25 22:07:10'),
(76, 223, 0, 0.00, 0.00, 0.00, '2020-11-20 10:36:33', '2020-11-25 22:07:10'),
(77, 224, 0, 0.00, 0.00, 0.00, '2020-11-20 10:36:33', '2020-11-25 22:07:10'),
(78, 225, 0, 0.00, 0.00, 0.00, '2020-11-20 10:36:34', '2020-11-25 22:07:10'),
(79, 226, 0, 0.00, 0.00, 0.00, '2020-11-20 10:36:34', '2020-11-25 22:07:10'),
(80, 227, 0, 0.00, 0.00, 0.00, '2020-11-20 10:36:34', '2020-11-25 22:07:10'),
(81, 228, 0, 0.00, 0.00, 0.00, '2020-11-20 10:36:34', '2020-11-25 22:07:10'),
(82, 230, 0, 0.00, 0.00, 0.00, '2020-11-20 10:36:34', '2020-11-25 22:07:10'),
(83, 231, 0, 0.00, 0.00, 0.00, '2020-11-20 10:36:34', '2020-11-25 22:07:10'),
(84, 232, 0, 0.00, 0.00, 0.00, '2020-11-20 10:36:35', '2020-11-25 22:07:10'),
(85, 233, 0, 0.00, 0.00, 0.00, '2020-11-20 10:36:35', '2020-11-25 22:07:10'),
(86, 234, 0, 0.00, 0.00, 0.00, '2020-11-20 10:36:35', '2020-11-25 22:07:10'),
(87, 235, 0, 0.00, 0.00, 0.00, '2020-11-20 10:36:35', '2020-11-25 22:07:10'),
(88, 243, 0, 0.00, 0.00, 0.00, '2020-11-20 10:36:35', '2020-11-25 22:07:10'),
(89, 244, 0, 0.00, 0.00, 0.00, '2020-11-20 10:36:35', '2020-11-25 22:07:10'),
(90, 252, 0, 0.00, 0.00, 0.00, '2020-11-20 10:36:36', '2020-11-25 22:07:10'),
(91, 256, 0, 0.00, 0.00, 0.00, '2020-11-20 10:36:36', '2020-11-25 22:07:10'),
(92, 257, 0, 0.00, 0.00, 0.00, '2020-11-20 10:36:36', '2020-11-25 22:07:10'),
(93, 258, 0, 0.00, 0.00, 0.00, '2020-11-20 10:36:36', '2020-11-25 22:07:10'),
(94, 264, 0, 0.00, 0.00, 0.00, '2020-11-20 10:36:37', '2020-11-25 22:07:10'),
(95, 271, 0, 0.00, 0.00, 0.00, '2020-11-20 10:36:37', '2020-11-25 22:07:10'),
(96, 275, 0, 0.00, 0.00, 0.00, '2020-11-20 10:36:37', '2020-11-25 22:07:10'),
(97, 276, 0, 0.00, 0.00, 0.00, '2020-11-20 10:36:37', '2020-11-25 22:07:10'),
(98, 277, 0, 0.00, 0.00, 0.00, '2020-11-20 10:36:37', '2020-11-25 22:07:10'),
(99, 286, 0, 0.00, 0.00, 0.00, '2020-11-20 10:36:37', '2020-11-25 22:07:10'),
(100, 287, 0, 0.00, 0.00, 0.00, '2020-11-20 10:36:38', '2020-11-25 22:07:10'),
(101, 288, 0, 0.00, 0.00, 0.00, '2020-11-20 10:36:38', '2020-11-25 22:07:10'),
(102, 289, 0, 0.00, 0.00, 0.00, '2020-11-20 10:36:38', '2020-11-25 22:07:10'),
(103, 290, 0, 0.00, 0.00, 0.00, '2020-11-20 10:36:39', '2020-11-25 22:07:10'),
(104, 291, 0, 0.00, 0.00, 0.00, '2020-11-20 10:36:39', '2020-11-25 22:07:10'),
(105, 292, 0, 0.00, 0.00, 0.00, '2020-11-20 10:36:39', '2020-11-25 22:07:10'),
(106, 293, 0, 0.00, 0.00, 0.00, '2020-11-20 10:36:39', '2020-11-25 22:07:10'),
(107, 294, 0, 0.00, 0.00, 0.00, '2020-11-20 10:36:39', '2020-11-25 22:07:10'),
(108, 302, 0, 0.00, 0.00, 0.00, '2020-11-20 10:36:39', '2020-11-25 22:07:10'),
(109, 52, 0, 0.00, 0.00, 0.00, '2020-11-20 10:36:40', '2020-11-25 22:07:10'),
(110, 53, 0, 0.00, 0.00, 0.00, '2020-11-20 10:36:40', '2020-11-25 22:07:10'),
(111, 54, 0, 0.00, 0.00, 0.00, '2020-11-20 10:36:40', '2020-11-25 22:07:10'),
(112, 55, 0, 0.00, 0.00, 0.00, '2020-11-20 10:36:40', '2020-11-25 22:07:10'),
(113, 311, 0, 0.00, 0.00, 0.00, '2020-11-20 10:36:40', '2020-11-25 22:07:10'),
(114, 56, 0, 0.00, 0.00, 0.00, '2020-11-20 10:36:41', '2020-11-25 22:07:10'),
(115, 312, 0, 0.00, 0.00, 0.00, '2020-11-20 10:36:41', '2020-11-25 22:07:10'),
(116, 57, 0, 0.00, 0.00, 0.00, '2020-11-20 10:36:41', '2020-11-25 22:07:10'),
(117, 58, 0, 0.00, 0.00, 0.00, '2020-11-20 10:36:41', '2020-11-25 22:07:10'),
(118, 59, 0, 0.00, 0.00, 0.00, '2020-11-20 10:36:41', '2020-11-25 22:07:10'),
(119, 324, 0, 0.00, 0.00, 0.00, '2020-11-20 10:36:41', '2020-11-25 22:07:10'),
(120, 325, 0, 0.00, 0.00, 0.00, '2020-11-20 10:36:42', '2020-11-25 22:07:10'),
(121, 329, 0, 0.00, 0.00, 0.00, '2020-11-20 10:36:42', '2020-11-25 22:07:10'),
(122, 332, 0, 0.00, 0.00, 0.00, '2020-11-20 10:36:42', '2020-11-25 22:07:10'),
(123, 333, 0, 0.00, 0.00, 0.00, '2020-11-20 10:36:43', '2020-11-25 22:07:10'),
(124, 342, 0, 0.00, 143000.00, 143000.00, '2020-11-20 10:36:43', '2020-11-25 22:07:10'),
(125, 344, 0, 0.00, 10000.00, 10000.00, '2020-11-20 10:36:43', '2020-11-25 22:07:10'),
(126, 348, 0, 0.00, 0.00, 0.00, '2020-11-20 10:36:43', '2020-11-25 22:07:10'),
(127, 349, 0, 0.00, 0.00, 0.00, '2020-11-20 10:36:43', '2020-11-25 22:07:10'),
(128, 350, 0, 0.00, 0.00, 0.00, '2020-11-20 10:36:44', '2020-11-25 22:07:10'),
(129, 351, 0, 0.00, 0.00, 0.00, '2020-11-20 10:36:44', '2020-11-25 22:07:10'),
(130, 352, 0, 0.00, 0.00, 0.00, '2020-11-20 10:36:44', '2020-11-25 22:07:10'),
(131, 107, 0, 0.00, 0.00, 0.00, '2020-11-20 10:36:44', '2020-11-25 22:07:10'),
(132, 117, 0, 0.00, 0.00, 0.00, '2020-11-20 10:36:44', '2020-11-25 22:07:10'),
(133, 373, 0, 0.00, 0.00, 0.00, '2020-11-20 10:36:44', '2020-11-25 22:07:10'),
(134, 118, 0, 0.00, 0.00, 0.00, '2020-11-20 10:36:45', '2020-11-25 22:07:10'),
(135, 119, 0, 0.00, 0.00, 0.00, '2020-11-20 10:36:45', '2020-11-25 22:07:10'),
(136, 120, 0, 0.00, 0.00, 0.00, '2020-11-20 10:36:45', '2020-11-25 22:07:10'),
(137, 376, 0, 0.00, 0.00, 0.00, '2020-11-20 10:36:45', '2020-11-25 22:07:10'),
(138, 121, 0, 0.00, 0.00, 0.00, '2020-11-20 10:36:45', '2020-11-25 22:07:10'),
(139, 122, 0, 0.00, 0.00, 0.00, '2020-11-20 10:36:45', '2020-11-25 22:07:10'),
(140, 123, 0, 0.00, 0.00, 0.00, '2020-11-20 10:36:46', '2020-11-25 22:07:10'),
(141, 124, 0, 0.00, 0.00, 0.00, '2020-11-20 10:36:46', '2020-11-25 22:07:10'),
(142, 125, 0, 0.00, 0.00, 0.00, '2020-11-20 10:36:46', '2020-11-25 22:07:10'),
(143, 126, 0, 0.00, 0.00, 0.00, '2020-11-20 10:36:46', '2020-11-25 22:07:10'),
(144, 127, 0, 0.00, 129414.00, 129414.00, '2020-11-20 10:36:46', '2020-11-25 22:07:10'),
(145, 128, 0, 0.00, 0.00, 0.00, '2020-11-20 10:36:46', '2020-11-25 22:07:10'),
(146, 129, 0, 0.00, 0.00, 0.00, '2020-11-20 10:36:47', '2020-11-25 22:07:10'),
(147, 130, 0, 0.00, 34150972.00, 34150972.00, '2020-11-20 10:36:48', '2020-11-25 22:07:10'),
(148, 143, 0, 0.00, 0.00, 0.00, '2020-11-20 10:36:48', '2020-11-25 22:07:10'),
(149, 144, 0, 0.00, 0.00, 0.00, '2020-11-20 10:36:48', '2020-11-25 22:07:10'),
(150, 145, 0, 0.00, 0.00, 0.00, '2020-11-20 10:36:48', '2020-11-25 22:07:10'),
(151, 146, 0, 0.00, 0.00, 0.00, '2020-11-20 10:36:48', '2020-11-25 22:07:10'),
(152, 147, 0, 0.00, 0.00, 0.00, '2020-11-20 10:36:48', '2020-11-25 22:07:10'),
(153, 148, 0, 0.00, 0.00, 0.00, '2020-11-20 10:36:48', '2020-11-25 22:07:10'),
(154, 149, 0, 0.00, 0.00, 0.00, '2020-11-20 10:36:48', '2020-11-25 22:07:10'),
(155, 150, 0, 0.00, 0.00, 0.00, '2020-11-20 10:36:48', '2020-11-25 22:07:10'),
(156, 151, 0, 0.00, 0.00, 0.00, '2020-11-20 10:36:49', '2020-11-25 22:07:10'),
(157, 152, 0, 0.00, 0.00, 0.00, '2020-11-20 10:36:49', '2020-11-25 22:07:10'),
(158, 419, 0, 0.00, 0.00, 0.00, '2020-11-20 10:36:49', '2020-11-25 22:07:10'),
(159, 420, 0, 0.00, 0.00, 0.00, '2020-11-20 10:36:49', '2020-11-25 22:07:10'),
(160, 421, 0, 0.00, 0.00, 0.00, '2020-11-20 10:36:49', '2020-11-25 22:07:10'),
(161, 182, 0, 0.00, 0.00, 0.00, '2020-11-20 10:36:49', '2020-11-25 22:07:10'),
(162, 183, 0, 0.00, 0.00, 0.00, '2020-11-20 10:36:49', '2020-11-25 22:07:10'),
(163, 184, 0, 0.00, 0.00, 0.00, '2020-11-20 10:36:49', '2020-11-25 22:07:10'),
(164, 440, 0, 0.00, 0.00, 0.00, '2020-11-20 10:36:50', '2020-11-25 22:07:10'),
(165, 185, 0, 0.00, 0.00, 0.00, '2020-11-20 10:36:50', '2020-11-25 22:07:10'),
(166, 441, 0, 0.00, 0.00, 0.00, '2020-11-20 10:36:50', '2020-11-25 22:07:10'),
(167, 186, 0, 0.00, 0.00, 0.00, '2020-11-20 10:36:50', '2020-11-25 22:07:10'),
(168, 442, 0, 0.00, 0.00, 0.00, '2020-11-20 10:36:50', '2020-11-25 22:07:10'),
(169, 187, 0, 0.00, 0.00, 0.00, '2020-11-20 10:36:50', '2020-11-25 22:07:10'),
(170, 188, 0, 0.00, 0.00, 0.00, '2020-11-20 10:36:50', '2020-11-25 22:07:10'),
(171, 189, 0, 0.00, 0.00, 0.00, '2020-11-20 10:36:50', '2020-11-25 22:07:10'),
(172, 190, 0, 0.00, 0.00, 0.00, '2020-11-20 10:36:51', '2020-11-25 22:07:10'),
(173, 191, 0, 0.00, 0.00, 0.00, '2020-11-20 10:36:51', '2020-11-25 22:07:10'),
(174, 192, 0, 0.00, 0.00, 0.00, '2020-11-20 10:36:51', '2020-11-25 22:07:10'),
(175, 448, 0, 0.00, 0.00, 0.00, '2020-11-20 10:36:51', '2020-11-25 22:07:10'),
(176, 193, 0, 0.00, 0.00, 0.00, '2020-11-20 10:36:51', '2020-11-25 22:07:10'),
(177, 449, 0, 0.00, 0.00, 0.00, '2020-11-20 10:36:51', '2020-11-25 22:07:10'),
(178, 194, 0, 0.00, 0.00, 0.00, '2020-11-20 10:36:51', '2020-11-25 22:07:10'),
(179, 450, 0, 0.00, 0.00, 0.00, '2020-11-20 10:36:52', '2020-11-25 22:07:10'),
(180, 195, 0, 0.00, 0.00, 0.00, '2020-11-20 10:36:52', '2020-11-25 22:07:10'),
(181, 196, 0, 0.00, 0.00, 0.00, '2020-11-20 10:36:52', '2020-11-25 22:07:10'),
(182, 197, 0, 0.00, 0.00, 0.00, '2020-11-20 10:36:52', '2020-11-25 22:07:10'),
(183, 453, 0, 0.00, 0.00, 0.00, '2020-11-20 10:36:52', '2020-11-25 22:07:10'),
(184, 203, 0, 25352989.00, 0.00, -25352989.00, '2020-11-20 10:36:52', '2020-11-25 22:07:10'),
(185, 204, 0, 0.00, 0.00, 0.00, '2020-11-20 10:36:52', '2020-11-25 22:07:10'),
(186, 205, 0, 0.00, 72043.00, 72043.00, '2020-11-20 10:36:52', '2020-11-25 22:07:10'),
(187, 212, 0, 0.00, 0.00, 0.00, '2020-11-20 10:36:53', '2020-11-25 22:07:10'),
(188, 215, 0, 0.00, 0.00, 0.00, '2020-11-20 10:36:53', '2020-11-25 22:07:10'),
(189, 216, 0, 0.00, 0.00, 0.00, '2020-11-20 10:36:53', '2020-11-25 22:07:11'),
(190, 217, 0, 0.00, 0.00, 0.00, '2020-11-20 10:36:53', '2020-11-25 22:07:11'),
(191, 236, 0, 0.00, 0.00, 0.00, '2020-11-20 10:36:53', '2020-11-25 22:07:11'),
(192, 237, 0, 0.00, 0.00, 0.00, '2020-11-20 10:36:53', '2020-11-25 22:07:11'),
(193, 240, 0, 0.00, 0.00, 0.00, '2020-11-20 10:36:53', '2020-11-25 22:07:11'),
(194, 241, 0, 0.00, 0.00, 0.00, '2020-11-20 10:36:53', '2020-11-25 22:07:11'),
(195, 242, 0, 0.00, 0.00, 0.00, '2020-11-20 10:36:54', '2020-11-25 22:07:11'),
(196, 253, 0, 0.00, 0.00, 0.00, '2020-11-20 10:36:54', '2020-11-25 22:07:11'),
(197, 255, 0, 0.00, 0.00, 0.00, '2020-11-20 10:36:54', '2020-11-25 22:07:11'),
(198, 1, 0, 0.00, 0.00, 0.00, '2020-11-20 10:36:54', '2020-11-25 22:07:11'),
(199, 2, 0, 0.00, 0.00, 0.00, '2020-11-20 10:36:54', '2020-11-25 22:07:11'),
(200, 3, 0, 0.00, 0.00, 0.00, '2020-11-20 10:36:54', '2020-11-25 22:07:11'),
(201, 4, 0, 0.00, 0.00, 0.00, '2020-11-20 10:36:54', '2020-11-25 22:07:11'),
(202, 260, 0, 0.00, 0.00, 0.00, '2020-11-20 10:36:55', '2020-11-25 22:07:11'),
(203, 5, 0, 0.00, 1638225.00, 1638225.00, '2020-11-20 10:36:55', '2020-11-25 22:07:11'),
(204, 6, 0, 0.00, 125500.00, 125500.00, '2020-11-20 10:36:55', '2020-11-25 22:07:11'),
(205, 7, 0, 0.00, 309100.00, 309100.00, '2020-11-20 10:36:55', '2020-11-25 22:07:11'),
(206, 8, 0, 0.00, 5980092.00, 5980092.00, '2020-11-20 10:36:56', '2020-11-25 22:07:11'),
(207, 9, 0, 0.00, 484255.00, 484255.00, '2020-11-20 10:36:56', '2020-11-25 22:07:11'),
(208, 10, 0, 0.00, 3800.00, 3800.00, '2020-11-20 10:36:56', '2020-11-25 22:07:11'),
(209, 11, 0, 0.00, 10000.00, 10000.00, '2020-11-20 10:36:56', '2020-11-25 22:07:11'),
(210, 12, 0, 0.00, 118500.00, 118500.00, '2020-11-20 10:36:56', '2020-11-25 22:07:11'),
(211, 268, 0, 0.00, 0.00, 0.00, '2020-11-20 10:36:56', '2020-11-25 22:07:11'),
(212, 13, 0, 0.00, 18500.00, 18500.00, '2020-11-20 10:36:56', '2020-11-25 22:07:11'),
(213, 269, 0, 0.00, 0.00, 0.00, '2020-11-20 10:36:57', '2020-11-25 22:07:11'),
(214, 14, 0, 0.00, 4702685.00, 4702685.00, '2020-11-20 10:36:57', '2020-11-25 22:07:11'),
(215, 270, 0, 0.00, 0.00, 0.00, '2020-11-20 10:36:57', '2020-11-25 22:07:11'),
(216, 15, 0, 0.00, 584307.00, 584307.00, '2020-11-20 10:36:57', '2020-11-25 22:07:11'),
(217, 272, 0, 0.00, 0.00, 0.00, '2020-11-20 10:36:57', '2020-11-25 22:07:11'),
(218, 23, 0, 0.00, 0.00, 0.00, '2020-11-20 10:36:57', '2020-11-25 22:07:11'),
(219, 281, 0, 0.00, 0.00, 0.00, '2020-11-20 10:36:57', '2020-11-25 22:07:11'),
(220, 282, 0, 0.00, 0.00, 0.00, '2020-11-20 10:36:58', '2020-11-25 22:07:11'),
(221, 283, 0, 0.00, 0.00, 0.00, '2020-11-20 10:36:58', '2020-11-25 22:07:11'),
(222, 303, 0, 0.00, 0.00, 0.00, '2020-11-20 10:36:58', '2020-11-25 22:07:11'),
(223, 309, 0, 0.00, 0.00, 0.00, '2020-11-20 10:36:58', '2020-11-25 22:07:11'),
(224, 313, 0, 0.00, 128332.00, 128332.00, '2020-11-20 10:36:58', '2020-11-25 22:07:11'),
(225, 314, 0, 0.00, 0.00, 0.00, '2020-11-20 10:36:59', '2020-11-25 22:07:11'),
(226, 60, 0, 0.00, 52610.00, 52610.00, '2020-11-20 10:36:59', '2020-11-25 22:07:11'),
(227, 61, 0, 0.00, 0.00, 0.00, '2020-11-20 10:36:59', '2020-11-25 22:07:11'),
(228, 62, 0, 0.00, 0.00, 0.00, '2020-11-20 10:36:59', '2020-11-25 22:07:11'),
(229, 63, 0, 0.00, 0.00, 0.00, '2020-11-20 10:36:59', '2020-11-25 22:07:11'),
(230, 319, 0, 0.00, 0.00, 0.00, '2020-11-20 10:36:59', '2020-11-25 22:07:11'),
(231, 64, 0, 0.00, 0.00, 0.00, '2020-11-20 10:36:59', '2020-11-25 22:07:11'),
(232, 65, 0, 0.00, 0.00, 0.00, '2020-11-20 10:37:00', '2020-11-25 22:07:11'),
(233, 66, 0, 0.00, 0.00, 0.00, '2020-11-20 10:37:00', '2020-11-25 22:07:11'),
(234, 67, 0, 0.00, 0.00, 0.00, '2020-11-20 10:37:00', '2020-11-25 22:07:11'),
(235, 68, 0, 0.00, 0.00, 0.00, '2020-11-20 10:37:00', '2020-11-25 22:07:11'),
(236, 69, 0, 0.00, 0.00, 0.00, '2020-11-20 10:37:00', '2020-11-25 22:07:11'),
(237, 70, 0, 0.00, 0.00, 0.00, '2020-11-20 10:37:01', '2020-11-25 22:07:11'),
(238, 71, 0, 0.00, 0.00, 0.00, '2020-11-20 10:37:01', '2020-11-25 22:07:11'),
(239, 72, 0, 0.00, 0.00, 0.00, '2020-11-20 10:37:01', '2020-11-25 22:07:11'),
(240, 334, 0, 0.00, 0.00, 0.00, '2020-11-20 10:37:01', '2020-11-25 22:07:11'),
(241, 341, 0, 0.00, 0.00, 0.00, '2020-11-20 10:37:01', '2020-11-25 22:07:11'),
(242, 346, 0, 0.00, 0.00, 0.00, '2020-11-20 10:37:01', '2020-11-25 22:07:11'),
(243, 347, 0, 0.00, 0.00, 0.00, '2020-11-20 10:37:01', '2020-11-25 22:07:11'),
(244, 108, 0, 0.00, 0.00, 0.00, '2020-11-20 10:37:02', '2020-11-25 22:07:11'),
(245, 109, 0, 0.00, 0.00, 0.00, '2020-11-20 10:37:02', '2020-11-25 22:07:11'),
(246, 110, 0, 0.00, 0.00, 0.00, '2020-11-20 10:37:02', '2020-11-25 22:07:11'),
(247, 111, 0, 0.00, 0.00, 0.00, '2020-11-20 10:37:02', '2020-11-25 22:07:11'),
(248, 112, 0, 0.00, 0.00, 0.00, '2020-11-20 10:37:02', '2020-11-25 22:07:11'),
(249, 113, 0, 0.00, 0.00, 0.00, '2020-11-20 10:37:02', '2020-11-25 22:07:11'),
(250, 174, 0, 0.00, 0.00, 0.00, '2020-11-20 10:37:02', '2020-11-25 22:07:11'),
(251, 198, 0, 0.00, 0.00, 0.00, '2020-11-20 10:37:03', '2020-11-25 22:07:11'),
(252, 199, 0, 0.00, 0.00, 0.00, '2020-11-20 10:37:03', '2020-11-25 22:07:11'),
(253, 200, 0, 0.00, 0.00, 0.00, '2020-11-20 10:37:03', '2020-11-25 22:07:11'),
(254, 208, 0, 0.00, 0.00, 0.00, '2020-11-20 10:37:03', '2020-11-25 22:07:11'),
(255, 209, 0, 0.00, 0.00, 0.00, '2020-11-20 10:37:03', '2020-11-25 22:07:11'),
(256, 229, 0, 0.00, 0.00, 0.00, '2020-11-20 10:37:03', '2020-11-25 22:07:11'),
(257, 245, 0, 0.00, 0.00, 0.00, '2020-11-20 10:37:03', '2020-11-25 22:07:11'),
(258, 246, 0, 0.00, 0.00, 0.00, '2020-11-20 10:37:04', '2020-11-25 22:07:11'),
(259, 254, 0, 0.00, 0.00, 0.00, '2020-11-20 10:37:04', '2020-11-25 22:07:11'),
(260, 259, 0, 0.00, 0.00, 0.00, '2020-11-20 10:37:04', '2020-11-25 22:07:11'),
(261, 262, 0, 0.00, 0.00, 0.00, '2020-11-20 10:37:04', '2020-11-25 22:07:11'),
(262, 16, 0, 5192915.00, 0.00, 5192915.00, '2020-11-20 10:37:04', '2020-11-25 22:07:11'),
(263, 17, 0, 27878.00, 0.00, 27878.00, '2020-11-20 10:37:04', '2020-11-25 22:07:11'),
(264, 18, 0, 92250.00, 0.00, 92250.00, '2020-11-20 10:37:04', '2020-11-25 22:07:11'),
(265, 274, 0, 0.00, 0.00, 0.00, '2020-11-20 10:37:05', '2020-11-25 22:07:11'),
(266, 19, 0, 2050.00, 0.00, 2050.00, '2020-11-20 10:37:05', '2020-11-25 22:07:11'),
(267, 20, 0, 18500.00, 0.00, 18500.00, '2020-11-20 10:37:05', '2020-11-25 22:07:11'),
(268, 21, 0, 58790.00, 0.00, 58790.00, '2020-11-20 10:37:05', '2020-11-25 22:07:11'),
(269, 22, 0, 40545.00, 0.00, 40545.00, '2020-11-20 10:37:05', '2020-11-25 22:07:11'),
(270, 278, 0, 0.00, 0.00, 0.00, '2020-11-20 10:37:05', '2020-11-25 22:07:11'),
(271, 279, 0, 0.00, 0.00, 0.00, '2020-11-20 10:37:05', '2020-11-25 22:07:11'),
(272, 280, 0, 0.00, 0.00, 0.00, '2020-11-20 10:37:05', '2020-11-25 22:07:11'),
(273, 284, 0, 0.00, 0.00, 0.00, '2020-11-20 10:37:06', '2020-11-25 22:07:11'),
(274, 285, 0, 0.00, 0.00, 0.00, '2020-11-20 10:37:06', '2020-11-25 22:07:11'),
(275, 295, 0, 0.00, 0.00, 0.00, '2020-11-20 10:37:06', '2020-11-25 22:07:11'),
(276, 296, 0, 0.00, 0.00, 0.00, '2020-11-20 10:37:06', '2020-11-25 22:07:11'),
(277, 297, 0, 0.00, 0.00, 0.00, '2020-11-20 10:37:06', '2020-11-25 22:07:11'),
(278, 298, 0, 0.00, 0.00, 0.00, '2020-11-20 10:37:07', '2020-11-25 22:07:11'),
(279, 299, 0, 0.00, 0.00, 0.00, '2020-11-20 10:37:07', '2020-11-25 22:07:11'),
(280, 300, 0, 0.00, 0.00, 0.00, '2020-11-20 10:37:07', '2020-11-25 22:07:11'),
(281, 301, 0, 0.00, 0.00, 0.00, '2020-11-20 10:37:07', '2020-11-25 22:07:11'),
(282, 306, 0, 0.00, 0.00, 0.00, '2020-11-20 10:37:07', '2020-11-25 22:07:11'),
(283, 307, 0, 0.00, 0.00, 0.00, '2020-11-20 10:37:07', '2020-11-25 22:07:11'),
(284, 308, 0, 0.00, 0.00, 0.00, '2020-11-20 10:37:07', '2020-11-25 22:07:11'),
(285, 315, 0, 0.00, 0.00, 0.00, '2020-11-20 10:37:07', '2020-11-25 22:07:11'),
(286, 316, 0, 0.00, 0.00, 0.00, '2020-11-20 10:37:08', '2020-11-25 22:07:11'),
(287, 320, 0, 39500.00, 0.00, 39500.00, '2020-11-20 10:37:08', '2020-11-25 22:07:11'),
(288, 323, 0, 0.00, 0.00, 0.00, '2020-11-20 10:37:08', '2020-11-25 22:07:11'),
(289, 327, 0, 0.00, 0.00, 0.00, '2020-11-20 10:37:08', '2020-11-25 22:07:11'),
(290, 328, 0, 0.00, 0.00, 0.00, '2020-11-20 10:37:08', '2020-11-25 22:07:11'),
(291, 73, 0, 0.00, 0.00, 0.00, '2020-11-20 10:37:08', '2020-11-25 22:07:11'),
(292, 74, 0, 0.00, 0.00, 0.00, '2020-11-20 10:37:08', '2020-11-25 22:07:11'),
(293, 330, 0, 0.00, 0.00, 0.00, '2020-11-20 10:37:09', '2020-11-25 22:07:11'),
(294, 75, 0, 0.00, 0.00, 0.00, '2020-11-20 10:37:09', '2020-11-25 22:07:11'),
(295, 76, 0, 0.00, 0.00, 0.00, '2020-11-20 10:37:09', '2020-11-25 22:07:11'),
(296, 77, 0, 0.00, 0.00, 0.00, '2020-11-20 10:37:09', '2020-11-25 22:07:11'),
(297, 78, 0, 0.00, 0.00, 0.00, '2020-11-20 10:37:09', '2020-11-25 22:07:11'),
(298, 79, 0, 44381.00, 0.00, 44381.00, '2020-11-20 10:37:09', '2020-11-25 22:07:11'),
(299, 335, 0, 0.00, 0.00, 0.00, '2020-11-20 10:37:10', '2020-11-25 22:07:11'),
(300, 80, 0, 74267.00, 0.00, 74267.00, '2020-11-20 10:37:10', '2020-11-25 22:07:11'),
(301, 336, 0, 0.00, 0.00, 0.00, '2020-11-20 10:37:10', '2020-11-25 22:07:11'),
(302, 81, 0, 0.00, 0.00, 0.00, '2020-11-20 10:37:10', '2020-11-25 22:07:11'),
(303, 82, 0, 79342.00, 0.00, 79342.00, '2020-11-20 10:37:10', '2020-11-25 22:07:11'),
(304, 338, 0, 0.00, 0.00, 0.00, '2020-11-20 10:37:10', '2020-11-25 22:07:12'),
(305, 83, 0, 1957442.00, 0.00, 1957442.00, '2020-11-20 10:37:10', '2020-11-25 22:07:12'),
(306, 84, 0, 8029.00, 0.00, 8029.00, '2020-11-20 10:37:10', '2020-11-25 22:07:12'),
(307, 85, 0, 2645785.00, 0.00, 2645785.00, '2020-11-20 10:37:10', '2020-11-25 22:07:12'),
(308, 86, 0, 48370.00, 0.00, 48370.00, '2020-11-20 10:37:11', '2020-11-25 22:07:12'),
(309, 87, 0, 0.00, 0.00, 0.00, '2020-11-20 10:37:11', '2020-11-25 22:07:12'),
(310, 88, 0, 493233.00, 0.00, 493233.00, '2020-11-20 10:37:11', '2020-11-25 22:07:12'),
(311, 89, 0, 0.00, 0.00, 0.00, '2020-11-20 10:37:11', '2020-11-25 22:07:12'),
(312, 345, 0, 0.00, 0.00, 0.00, '2020-11-20 10:37:11', '2020-11-25 22:07:12'),
(313, 90, 0, 0.00, 0.00, 0.00, '2020-11-20 10:37:11', '2020-11-25 22:07:12'),
(314, 91, 0, 0.00, 0.00, 0.00, '2020-11-20 10:37:11', '2020-11-25 22:07:12'),
(315, 92, 0, 0.00, 0.00, 0.00, '2020-11-20 10:37:12', '2020-11-25 22:07:12'),
(316, 93, 0, 0.00, 0.00, 0.00, '2020-11-20 10:37:12', '2020-11-25 22:07:12'),
(317, 94, 0, 0.00, 0.00, 0.00, '2020-11-20 10:37:12', '2020-11-25 22:07:12'),
(318, 95, 0, 0.00, 0.00, 0.00, '2020-11-20 10:37:12', '2020-11-25 22:07:12'),
(319, 96, 0, 65754.00, 0.00, 65754.00, '2020-11-20 10:37:12', '2020-11-25 22:07:12'),
(320, 97, 0, 0.00, 0.00, 0.00, '2020-11-20 10:37:13', '2020-11-25 22:07:12'),
(321, 98, 0, 0.00, 0.00, 0.00, '2020-11-20 10:37:13', '2020-11-25 22:07:12'),
(322, 99, 0, 0.00, 0.00, 0.00, '2020-11-20 10:37:13', '2020-11-25 22:07:12'),
(323, 100, 0, 0.00, 0.00, 0.00, '2020-11-20 10:37:13', '2020-11-25 22:07:12'),
(324, 101, 0, 0.00, 0.00, 0.00, '2020-11-20 10:37:13', '2020-11-25 22:07:12'),
(325, 102, 0, 0.00, 0.00, 0.00, '2020-11-20 10:37:13', '2020-11-25 22:07:12'),
(326, 103, 0, 0.00, 0.00, 0.00, '2020-11-20 10:37:14', '2020-11-25 22:07:12'),
(327, 104, 0, 0.00, 0.00, 0.00, '2020-11-20 10:37:14', '2020-11-25 22:07:12'),
(328, 105, 0, 0.00, 0.00, 0.00, '2020-11-20 10:37:14', '2020-11-25 22:07:12'),
(329, 106, 0, 0.00, 0.00, 0.00, '2020-11-20 10:37:14', '2020-11-25 22:07:12'),
(330, 114, 0, 3094817.00, 0.00, 3094817.00, '2020-11-20 10:37:14', '2020-11-25 22:07:12'),
(331, 115, 0, 52220.00, 0.00, 52220.00, '2020-11-20 10:37:14', '2020-11-25 22:07:12'),
(332, 116, 0, 4111.00, 0.00, 4111.00, '2020-11-20 10:37:14', '2020-11-25 22:07:12'),
(333, 153, 0, 0.00, 0.00, 0.00, '2020-11-20 10:37:15', '2020-11-25 22:07:12'),
(334, 154, 0, 135552.00, 0.00, 135552.00, '2020-11-20 10:37:15', '2020-11-25 22:07:12'),
(335, 155, 0, 0.00, 0.00, 0.00, '2020-11-20 10:37:15', '2020-11-25 22:07:12'),
(336, 156, 0, 291435.00, 0.00, 291435.00, '2020-11-20 10:37:15', '2020-11-25 22:07:12'),
(337, 157, 0, 6080.00, 0.00, 6080.00, '2020-11-20 10:37:15', '2020-11-25 22:07:12'),
(338, 158, 0, 0.00, 0.00, 0.00, '2020-11-20 10:37:15', '2020-11-25 22:07:12'),
(339, 159, 0, 0.00, 0.00, 0.00, '2020-11-20 10:37:16', '2020-11-25 22:07:12'),
(340, 160, 0, 0.00, 0.00, 0.00, '2020-11-20 10:37:16', '2020-11-25 22:07:12'),
(341, 161, 0, 167270.00, 0.00, 167270.00, '2020-11-20 10:37:16', '2020-11-25 22:07:12'),
(342, 162, 0, 0.00, 0.00, 0.00, '2020-11-20 10:37:16', '2020-11-25 22:07:12'),
(343, 163, 0, 1132370.00, 0.00, 1132370.00, '2020-11-20 10:37:16', '2020-11-25 22:07:12'),
(344, 164, 0, 0.00, 0.00, 0.00, '2020-11-20 10:37:16', '2020-11-25 22:07:12'),
(345, 165, 0, 0.00, 0.00, 0.00, '2020-11-20 10:37:16', '2020-11-25 22:07:12'),
(346, 166, 0, 0.00, 0.00, 0.00, '2020-11-20 10:37:17', '2020-11-25 22:07:12'),
(347, 167, 0, 0.00, 0.00, 0.00, '2020-11-20 10:37:17', '2020-11-25 22:07:12'),
(348, 168, 0, 111259.00, 0.00, 111259.00, '2020-11-20 10:37:17', '2020-11-25 22:07:12'),
(349, 169, 0, 0.00, 0.00, 0.00, '2020-11-20 10:37:17', '2020-11-25 22:07:12'),
(350, 170, 0, 0.00, 0.00, 0.00, '2020-11-20 10:37:17', '2020-11-25 22:07:12'),
(351, 171, 0, 0.00, 0.00, 0.00, '2020-11-20 10:37:17', '2020-11-25 22:07:12'),
(352, 172, 0, 0.00, 0.00, 0.00, '2020-11-20 10:37:17', '2020-11-25 22:07:12'),
(353, 173, 0, 486377.00, 0.00, 486377.00, '2020-11-20 10:37:18', '2020-11-25 22:07:12'),
(354, 175, 0, 0.00, 0.00, 0.00, '2020-11-20 10:37:18', '2020-11-25 22:07:12'),
(355, 176, 0, 0.00, 0.00, 0.00, '2020-11-20 10:37:18', '2020-11-25 22:07:12'),
(356, 206, 0, 0.00, 0.00, 0.00, '2020-11-20 10:37:18', '2020-11-25 22:07:12'),
(357, 207, 0, 0.00, 0.00, 0.00, '2020-11-20 10:37:18', '2020-11-25 22:07:12'),
(358, 211, 0, 0.00, 0.00, 0.00, '2020-11-20 10:37:18', '2020-11-25 22:07:12'),
(359, 213, 0, 0.00, 0.00, 0.00, '2020-11-20 10:37:18', '2020-11-25 22:07:12'),
(360, 214, 0, 0.00, 0.00, 0.00, '2020-11-20 10:37:19', '2020-11-25 22:07:12'),
(361, 238, 0, 0.00, 0.00, 0.00, '2020-11-20 10:37:19', '2020-11-25 22:07:12'),
(362, 239, 0, 0.00, 0.00, 0.00, '2020-11-20 10:37:19', '2020-11-25 22:07:12'),
(363, 247, 0, 0.00, 0.00, 0.00, '2020-11-20 10:37:19', '2020-11-25 22:07:12'),
(364, 248, 0, 0.00, 0.00, 0.00, '2020-11-20 10:37:19', '2020-11-25 22:07:12'),
(365, 249, 0, 0.00, 0.00, 0.00, '2020-11-20 10:37:19', '2020-11-25 22:07:12'),
(366, 250, 0, 0.00, 0.00, 0.00, '2020-11-20 10:37:19', '2020-11-25 22:07:12'),
(367, 251, 0, 0.00, 0.00, 0.00, '2020-11-20 10:37:20', '2020-11-25 22:07:12'),
(368, 14, 1, 0.00, 3300.00, 0.00, '2020-12-08 13:26:07', '2020-12-21 08:27:10'),
(369, 353, 1, 3570.00, 18287.00, 0.00, '2020-12-08 13:26:07', '2020-12-21 09:27:47'),
(370, 16, 1, 2755.00, 0.00, 0.00, '2020-12-16 13:47:09', '2020-12-21 08:47:26'),
(371, 163, 1, 7862.00, 0.00, 0.00, '2020-12-16 14:03:07', '2020-12-21 08:50:54'),
(372, 157, 1, 800.00, 0.00, 0.00, '2020-12-16 14:03:51', '2020-12-21 08:50:55'),
(373, 115, 1, 80.00, 0.00, 0.00, '2020-12-16 14:04:13', '2020-12-21 08:50:55'),
(374, 85, 1, 6790.00, 0.00, 0.00, '2020-12-16 14:04:31', '2020-12-21 08:50:55'),
(375, 15, 1, 0.00, 270.00, 0.00, '2020-12-16 14:09:02', '2020-12-21 09:27:47'),
(376, 15, 2, 0.00, 1000.00, 0.00, '2020-12-16 14:15:36', '2020-12-21 09:29:22'),
(377, 353, 2, 1000.00, 0.00, 0.00, '2020-12-16 14:15:36', '2020-12-21 09:29:22'),
(378, 16, 2, 0.00, 0.00, 0.00, '2020-12-16 14:21:45', '2020-12-21 07:44:47'),
(379, 163, 2, 0.00, 0.00, 0.00, '2020-12-16 14:45:10', '2020-12-21 07:44:23'),
(380, 84, 2, 0.00, 0.00, 0.00, '2020-12-16 14:49:29', '2020-12-21 07:43:04'),
(381, 115, 2, 0.00, 0.00, 0.00, '2020-12-16 14:49:54', '2020-12-21 07:43:01');

-- --------------------------------------------------------

--
-- Table structure for table `dates`
--

CREATE TABLE `dates` (
  `id` int(10) UNSIGNED NOT NULL,
  `date` date NOT NULL,
  `status` int(10) UNSIGNED NOT NULL DEFAULT 0,
  `created_at` timestamp NULL DEFAULT NULL,
  `updated_at` timestamp NULL DEFAULT NULL
) ENGINE=InnoDB DEFAULT CHARSET=utf8mb4 COLLATE=utf8mb4_unicode_ci;

--
-- Dumping data for table `dates`
--

INSERT INTO `dates` (`id`, `date`, `status`, `created_at`, `updated_at`) VALUES
(1, '2020-07-01', 1, '2020-11-20 09:08:30', '2020-12-16 14:13:01'),
(2, '2020-07-02', 1, '2020-12-16 14:13:01', '2020-12-16 14:51:24'),
(3, '2020-07-03', 1, '2020-12-16 14:51:24', '2020-12-21 09:27:54');

-- --------------------------------------------------------

--
-- Table structure for table `deliveries`
--

CREATE TABLE `deliveries` (
  `id` int(10) UNSIGNED NOT NULL,
  `current_stock_id` int(10) UNSIGNED NOT NULL,
  `stock_id` int(10) UNSIGNED NOT NULL,
  `date_id` int(10) UNSIGNED NOT NULL,
  `quantity` double(10,3) NOT NULL DEFAULT 0.000,
  `unit_id` int(10) UNSIGNED NOT NULL,
  `deleted_at` timestamp NULL DEFAULT NULL,
  `created_at` timestamp NULL DEFAULT NULL,
  `updated_at` timestamp NULL DEFAULT NULL
) ENGINE=InnoDB DEFAULT CHARSET=utf8mb4 COLLATE=utf8mb4_unicode_ci;

-- --------------------------------------------------------

--
-- Table structure for table `e1_departments`
--

CREATE TABLE `e1_departments` (
  `id` int(10) UNSIGNED NOT NULL,
  `name` varchar(100) COLLATE utf8mb4_unicode_ci NOT NULL,
  `description` varchar(255) COLLATE utf8mb4_unicode_ci DEFAULT NULL,
  `created_at` timestamp NULL DEFAULT NULL,
  `updated_at` timestamp NULL DEFAULT NULL
) ENGINE=InnoDB DEFAULT CHARSET=utf8mb4 COLLATE=utf8mb4_unicode_ci;

-- --------------------------------------------------------

--
-- Table structure for table `e2_employee_designations`
--

CREATE TABLE `e2_employee_designations` (
  `id` int(10) UNSIGNED NOT NULL,
  `name` varchar(100) COLLATE utf8mb4_unicode_ci NOT NULL,
  `description` varchar(255) COLLATE utf8mb4_unicode_ci DEFAULT NULL,
  `created_at` timestamp NULL DEFAULT NULL,
  `updated_at` timestamp NULL DEFAULT NULL
) ENGINE=InnoDB DEFAULT CHARSET=utf8mb4 COLLATE=utf8mb4_unicode_ci;

--
-- Dumping data for table `e2_employee_designations`
--

INSERT INTO `e2_employee_designations` (`id`, `name`, `description`, `created_at`, `updated_at`) VALUES
(1, 'Deputy Director', '', '2019-09-09 07:36:14', NULL),
(2, 'Asst. Director', '', '2019-09-09 07:36:29', NULL),
(3, 'Manager', '', '2019-09-09 07:36:38', NULL),
(4, 'Accounts Officer', '', '2019-09-09 07:36:43', NULL),
(5, 'Service Manager', '', '2019-10-06 16:36:35', NULL),
(6, 'Receptionist', '', '2019-10-06 16:37:02', NULL),
(7, 'Electric Officer', '', '2019-10-06 16:37:29', NULL),
(8, 'Service Officer', '', '2019-10-06 16:37:49', NULL),
(9, 'Guard', '', '2019-10-06 16:38:13', NULL);

-- --------------------------------------------------------

--
-- Table structure for table `e3_salary_grades`
--

CREATE TABLE `e3_salary_grades` (
  `id` int(10) UNSIGNED NOT NULL,
  `name` varchar(30) COLLATE utf8mb4_unicode_ci NOT NULL,
  `type` smallint(6) NOT NULL,
  `provident_fund` varchar(191) COLLATE utf8mb4_unicode_ci NOT NULL,
  `basic_salary` varchar(191) COLLATE utf8mb4_unicode_ci NOT NULL,
  `transportation_allowance` varchar(191) COLLATE utf8mb4_unicode_ci NOT NULL,
  `dinning_allowance` varchar(191) COLLATE utf8mb4_unicode_ci NOT NULL,
  `other_allowance` varchar(191) COLLATE utf8mb4_unicode_ci NOT NULL,
  `home_rent` varchar(191) COLLATE utf8mb4_unicode_ci NOT NULL,
  `gross_salary` varchar(191) COLLATE utf8mb4_unicode_ci NOT NULL,
  `note` varchar(191) COLLATE utf8mb4_unicode_ci DEFAULT NULL,
  `created_at` timestamp NULL DEFAULT NULL,
  `updated_at` timestamp NULL DEFAULT NULL
) ENGINE=InnoDB DEFAULT CHARSET=utf8mb4 COLLATE=utf8mb4_unicode_ci;

--
-- Dumping data for table `e3_salary_grades`
--

INSERT INTO `e3_salary_grades` (`id`, `name`, `type`, `provident_fund`, `basic_salary`, `transportation_allowance`, `dinning_allowance`, `other_allowance`, `home_rent`, `gross_salary`, `note`, `created_at`, `updated_at`) VALUES
(1, 'SALARY GRADE test', 1, '300', '2000', '1000', '100', '200', '500', '500', 'Note', '2019-12-05 01:53:57', NULL);

-- --------------------------------------------------------

--
-- Table structure for table `e4_employees`
--

CREATE TABLE `e4_employees` (
  `id` int(10) UNSIGNED NOT NULL,
  `department_id` int(10) UNSIGNED NOT NULL,
  `type_id` enum('0','3','5') COLLATE utf8mb4_unicode_ci NOT NULL DEFAULT '0',
  `name` varchar(191) COLLATE utf8mb4_unicode_ci NOT NULL,
  `date_of_birth` date DEFAULT NULL,
  `phone` varchar(191) COLLATE utf8mb4_unicode_ci DEFAULT NULL,
  `address` varchar(191) COLLATE utf8mb4_unicode_ci DEFAULT NULL,
  `blood_group` char(10) COLLATE utf8mb4_unicode_ci DEFAULT NULL,
  `designation_id` int(10) UNSIGNED NOT NULL DEFAULT 0,
  `salary_grade_id` int(10) UNSIGNED NOT NULL DEFAULT 0,
  `emergency_contact` char(30) COLLATE utf8mb4_unicode_ci DEFAULT NULL,
  `other` text COLLATE utf8mb4_unicode_ci DEFAULT NULL,
  `created_at` timestamp NULL DEFAULT NULL,
  `updated_at` timestamp NULL DEFAULT NULL
) ENGINE=InnoDB DEFAULT CHARSET=utf8mb4 COLLATE=utf8mb4_unicode_ci;

--
-- Dumping data for table `e4_employees`
--

INSERT INTO `e4_employees` (`id`, `department_id`, `type_id`, `name`, `date_of_birth`, `phone`, `address`, `blood_group`, `designation_id`, `salary_grade_id`, `emergency_contact`, `other`, `created_at`, `updated_at`) VALUES
(1, 5, '3', 'Service Staff', '2019-05-12', '243563', 'Dhaka', 'A+', 5, 1, '3245235235', NULL, '2020-02-20 03:05:00', '2019-12-13 01:50:27'),
(3, 4, '0', 'Amol Kumar Paul', '1988-03-20', '01708559667', 'Sirajgonj', 'A+', 5, 1, '01736221591', NULL, '2020-02-20 02:55:49', '2020-02-20 02:55:49'),
(4, 1, '0', 'Palash Kumar Saha', '1980-02-20', '01708559670', 'Mymensingh', 'B+', 3, 1, '0170585826', NULL, '2020-02-20 03:00:15', '2020-02-20 03:00:15'),
(5, 5, '0', 'Tumpa Goswami', '1982-02-20', '01914981426', 'Mechua Bazar,Mymensingh', 'B+', 6, 1, '01708559668', NULL, '2020-02-20 03:01:35', '2020-02-20 03:01:35'),
(6, 4, '0', 'Abul Kalam Azad', '1992-02-20', '01717053629', 'Sherpur', 'B+', 4, 1, '01914561645', NULL, '2020-02-20 03:02:45', '2020-02-20 03:02:45'),
(7, 5, '0', 'Noor Mahamud', '1976-02-20', '01708559695', 'Mymensingh', 'B-', 2, 1, '01711452387', NULL, '2020-02-20 03:04:12', '2020-02-20 03:04:12');

-- --------------------------------------------------------

--
-- Table structure for table `e5_leave_categories`
--

CREATE TABLE `e5_leave_categories` (
  `id` int(10) UNSIGNED NOT NULL,
  `name` varchar(191) COLLATE utf8mb4_unicode_ci NOT NULL,
  `details` varchar(191) COLLATE utf8mb4_unicode_ci DEFAULT NULL,
  `created_at` timestamp NULL DEFAULT NULL,
  `updated_at` timestamp NULL DEFAULT NULL
) ENGINE=InnoDB DEFAULT CHARSET=utf8mb4 COLLATE=utf8mb4_unicode_ci;

--
-- Dumping data for table `e5_leave_categories`
--

INSERT INTO `e5_leave_categories` (`id`, `name`, `details`, `created_at`, `updated_at`) VALUES
(1, 'Name2', NULL, '2019-12-12 23:16:20', NULL),
(2, 'Name 3', NULL, '2020-02-15 02:54:58', NULL);

-- --------------------------------------------------------

--
-- Table structure for table `e6_leaves`
--

CREATE TABLE `e6_leaves` (
  `id` int(10) UNSIGNED NOT NULL,
  `name` varchar(100) COLLATE utf8mb4_unicode_ci NOT NULL,
  `duration` varchar(191) COLLATE utf8mb4_unicode_ci NOT NULL,
  `leave_category_id` int(10) UNSIGNED NOT NULL,
  `description` varchar(255) COLLATE utf8mb4_unicode_ci DEFAULT NULL,
  `created_at` timestamp NULL DEFAULT NULL,
  `updated_at` timestamp NULL DEFAULT NULL
) ENGINE=InnoDB DEFAULT CHARSET=utf8mb4 COLLATE=utf8mb4_unicode_ci;

-- --------------------------------------------------------

--
-- Table structure for table `general_infos`
--

CREATE TABLE `general_infos` (
  `id` int(10) UNSIGNED NOT NULL,
  `name` varchar(191) COLLATE utf8mb4_unicode_ci NOT NULL,
  `text` varchar(191) COLLATE utf8mb4_unicode_ci DEFAULT NULL,
  `value` double(14,2) NOT NULL DEFAULT 0.00,
  `date` date DEFAULT NULL,
  `created_at` timestamp NULL DEFAULT NULL,
  `updated_at` timestamp NULL DEFAULT NULL
) ENGINE=InnoDB DEFAULT CHARSET=utf8mb4 COLLATE=utf8mb4_unicode_ci;

-- --------------------------------------------------------

--
-- Table structure for table `guests`
--

CREATE TABLE `guests` (
  `id` int(10) UNSIGNED NOT NULL,
  `name` varchar(191) COLLATE utf8mb4_unicode_ci NOT NULL,
  `org_name` varchar(191) COLLATE utf8mb4_unicode_ci DEFAULT NULL,
  `designation` varchar(191) COLLATE utf8mb4_unicode_ci DEFAULT NULL,
  `contact_no` varchar(191) COLLATE utf8mb4_unicode_ci NOT NULL,
  `address` text COLLATE utf8mb4_unicode_ci DEFAULT NULL,
  `appearance` smallint(5) UNSIGNED NOT NULL DEFAULT 1,
  `created_at` timestamp NULL DEFAULT NULL,
  `updated_at` timestamp NULL DEFAULT NULL
) ENGINE=InnoDB DEFAULT CHARSET=utf8mb4 COLLATE=utf8mb4_unicode_ci;

--
-- Dumping data for table `guests`
--

INSERT INTO `guests` (`id`, `name`, `org_name`, `designation`, `contact_no`, `address`, `appearance`, `created_at`, `updated_at`) VALUES
(1, 'Astra Biopharmaceuticals Ltd.', 'Astra Biopharmaceuticals Ltd.', 'Org.', '01355669988', 'Mym', 1, '2020-02-16 10:03:04', '2020-02-16 10:03:04'),
(2, 'Astra Biopharmaceuticals Ltd.', 'Astra Biopharmaceuticals Ltd.', 'Org.', '01344455667', 'Mym', 1, '2020-02-17 07:20:33', '2020-02-17 07:20:33'),
(3, 'Asatra Biopharmaceuticals Ltd.', 'Asatra Biopharmaceuticals Ltd.', 'Org.', '01344445556', 'Mym', 1, '2020-02-17 08:52:32', '2020-02-17 08:52:32'),
(4, 'SK+F Pharmaceuticals Ltd.', 'SK+F', 'Org.', '01344455226', 'Mym', 1, '2020-02-17 09:19:15', '2020-02-17 09:19:15'),
(5, 'SK+F Pharmaceuticals Ltd.', 'SK+F Pharmaceuticals Ltd.', 'ogr.', '01399999988', 'mym', 1, '2020-02-17 10:32:42', '2020-02-17 10:32:42'),
(6, 'Radiant Pharmaceuticals Ltd.', 'Radiant Pharmaceuticals Ltd.', 'Org.', '01455555555', 'Mym', 1, '2020-02-17 10:39:51', '2020-02-17 10:39:51'),
(7, 'Radiant Pharmaceuticals Ltd.', 'Radiant Pharmaceuticals Ltd.', 'Org.', '01344444444', 'mym', 1, '2020-02-17 10:43:50', '2020-02-17 10:43:50'),
(8, 'Ziska Pharmaceuticals Ltd.', 'Ziska Pharmaceuticals Ltd.', 'org.', '013444555667', 'mym', 1, '2020-02-17 10:55:15', '2020-02-17 10:55:15'),
(9, 'Ziska Pharmaceuticals Ltd.', 'Ziska Pharmaceuticals Ltd.', 'org', '01344455555', 'mym', 1, '2020-02-17 11:10:41', '2020-02-17 11:10:41'),
(10, 'Akij Plastic Limited', 'Akij Plastic Limited', 'org.', '01333333333', 'mym', 1, '2020-02-17 11:34:23', '2020-02-17 11:34:23'),
(11, 'Akij Plastics Limited', 'Akij Plastics Limited', 'Org.', '01333333333', 'mym', 2, '2020-02-17 11:39:05', '2020-02-17 11:39:05'),
(12, 'Akij Plastic Limited', 'Akij Plastic Limited', 'Org.', '013222222222', 'mym', 1, '2020-02-17 11:42:25', '2020-02-17 11:42:25'),
(13, 'Akij Plastic Limited', 'A', 'O', '013333333333', 'mym', 1, '2020-02-17 11:44:37', '2020-02-17 11:44:37'),
(14, 'Rajib Singha', 'SMC', 'Sm', '01967626463', 'mym', 1, '2020-02-19 16:34:58', '2020-02-19 16:34:58'),
(15, 'Tauhidur Rahman', 'smc', 'sm', '01786239688', 'mym', 1, '2020-02-19 16:36:59', '2020-02-19 16:36:59'),
(16, 'Md. Mizanur Rahman', 'smc', 'sm', '01725823161', 'mym', 1, '2020-02-19 16:38:31', '2020-02-19 16:38:31'),
(17, 'Md. Mahbubur Rahman', 'smc', 'sm', '01721074071', 'mys', 1, '2020-02-19 16:39:49', '2020-02-19 16:39:49'),
(18, 'Md. Golam Easin', 'smc', 'sm', '01712032007', 'mym', 1, '2020-02-19 16:41:09', '2020-02-19 16:41:09'),
(19, 'Md. Sawkhaut Hossain', 'smc', 'sm', '01722045307', 'mym', 1, '2020-02-19 16:43:15', '2020-02-19 16:43:15'),
(20, 'Nuruzaman', 'smc', 'sm', '01914505177', 'mym', 1, '2020-02-19 16:45:33', '2020-02-19 16:45:33'),
(21, 'Nuruzzaman', 'smc', 'sm', '01914505177', 'mym', 2, '2020-02-19 16:46:41', '2020-02-19 16:46:41'),
(22, 'Md. Mehedi Hasan', 'smc', 'sm', '01715338093', 'mym', 1, '2020-02-19 16:48:16', '2020-02-19 16:48:16'),
(23, 'Md. Ebrahim Khalil', 'Ziska Pharma', 'sm', '01958598749', 'mym', 1, '2020-02-19 16:49:57', '2020-02-19 16:49:57'),
(24, 'Md. Masud Rana', 'Akij', 'sm', '01725652532', 'mym', 1, '2020-02-19 16:51:36', '2020-02-19 16:51:36'),
(25, 'Quazi Md. Jaforullah', 'smc', 'sm', '01711432076', 'mym', 1, '2020-02-19 16:53:57', '2020-02-19 16:53:57'),
(26, 'Md. Rakib', 'BAU', 'Teacher', '01733339292', 'Uttara,Dhaka', 1, '2020-02-19 16:58:26', '2020-02-19 16:58:26'),
(27, 'Humaiun Kabir', 'Akij Plastic Ltd.', 'Sm', '01712169277', 'Dhaka', 1, '2020-02-19 17:00:17', '2020-02-19 17:00:17'),
(28, 'Md. Sabidullah', 'General Pharmaceuticals', 'SM', '01874049427', 'Mym', 1, '2020-02-19 17:02:14', '2020-02-19 17:02:14'),
(29, 'Md. Forhad', 'ACI', 'SM', '01777969578', 'Mym', 1, '2020-02-19 17:03:35', '2020-02-19 17:03:35'),
(30, 'Firoz Ahmed Kabir', 'Azad Group', 'SM', '01718082702', 'MYM', 1, '2020-02-19 17:07:15', '2020-02-19 17:07:15'),
(31, 'Md. Azad', 'General Pharmaceuticals', 'sm', '01872601687', 'mym', 1, '2020-02-19 17:09:23', '2020-02-19 17:09:23'),
(32, 'Md. Azad', 'General', 'sm', '018726016887', 'Mym', 1, '2020-02-19 17:12:14', '2020-02-19 17:12:14'),
(33, 'Humaiun Kabir Riaz', 'General Pharma', 'sm', '01872601691', 'mym', 1, '2020-02-19 17:14:10', '2020-02-19 17:14:10'),
(34, 'Md. Nazrul Islam', 'General', 'sm', '01872601663', 'Mym', 1, '2020-02-19 17:16:07', '2020-02-19 17:16:07'),
(35, 'Selim Mia', 'Azad Group', 'sm', '01970010830', 'mym', 1, '2020-02-19 17:19:33', '2020-02-19 17:19:33'),
(36, 'Ashraful Islam', 'Azad Group', 'sm', '01970010842', 'mym', 1, '2020-02-19 17:21:24', '2020-02-19 17:21:24'),
(37, 'Sandeep Goshane', 'Transcom', 'sm', '0177770076', 'mym', 1, '2020-02-19 17:23:50', '2020-02-19 17:23:50'),
(38, 'Sandeep Gashare', 'Transcom', 'Sm', '01700008888', 'India', 1, '2020-02-19 17:27:01', '2020-02-19 17:27:01'),
(39, 'Sandeep Gosami', 'Transcom', 'Officer', '01717735073', 'kaji para Joassore', 1, '2020-02-25 06:14:12', '2020-02-25 06:14:12'),
(40, 'Md.Rakib', 'BAU', 'Teacher', '01733339292', 'Uttara Dhaka', 2, '2020-02-25 06:24:50', '2020-02-25 06:24:50'),
(41, 'quazi Md.Jafurllah', 'MSC', 'Officer', '01711432076', 'Mymensingh', 2, '2020-02-25 06:32:37', '2020-02-25 06:32:37'),
(42, 'Md.Mehedi Hassan', 'SMC', 'Officer', '01715338093', 'Mymensingh', 2, '2020-02-25 06:38:19', '2020-02-25 06:38:19'),
(43, 'Nuruzzaman', 'SMC', 'Officer', '01914505177', 'Mymensingh', 3, '2020-02-25 06:47:51', '2020-02-25 06:47:51'),
(44, 'Nuruzaman', 'SMC', 'Officer', '01914505177', 'Mymensingh', 4, '2020-02-25 06:50:34', '2020-02-25 06:50:34'),
(45, 'Noruzzman', 'SMC', 'Officer', '01914505177', 'Mymensingh', 5, '2020-02-25 06:52:58', '2020-02-25 06:52:58'),
(46, 'Md. Sawkhaut Hossain', 'SMC', 'Office', '01722045307', 'Mymensingh', 2, '2020-02-25 06:57:14', '2020-02-25 06:57:14'),
(47, 'Md. Golam Easin', 'SMC', 'Officer', '01712032007', 'Mymensingh', 2, '2020-02-25 07:00:23', '2020-02-25 07:00:23'),
(48, 'Md. Mahbubur Rahman', 'SMC', 'Officer', '01721074071', 'Mymensingh', 2, '2020-02-25 07:03:29', '2020-02-25 07:03:29'),
(49, 'Md. Mizanur Rahman', 'SMC', 'Office', '01725823161', 'Mymensingh', 2, '2020-02-25 07:08:53', '2020-02-25 07:08:53'),
(50, 'Tauhidur Rahman', 'SMC', 'Officer', '01786239688', 'Mymensingh', 2, '2020-02-25 07:13:33', '2020-02-25 07:13:33'),
(51, 'Rajib Singha', 'SMC', 'Officer', '01967626463', 'Mymensingh', 2, '2020-02-25 07:16:21', '2020-02-25 07:16:21'),
(52, 'Md.Rakib', 'BAU', 'Teacher', '01733339292', 'Mymensingh', 3, '2020-02-25 09:42:12', '2020-02-25 09:42:12'),
(53, 'Popular Pharmaceuticals Ltd', 'Popular Pharmaceuticals Ltd', 'Company', '01711585429', 'Mymensingh', 1, '2020-02-25 12:21:48', '2020-02-25 12:21:48'),
(54, 'Abir', 'ACI Motors', 'Company', '01799993035', 'Mymensingh', 1, '2020-02-25 12:40:13', '2020-02-25 12:40:13'),
(55, 'Abir', 'ACI Motors Ltd', 'Company', '01799993035', 'Mymensingh', 2, '2020-02-25 12:58:40', '2020-02-25 12:58:40'),
(56, 'Rasel Miah', 'ACI', 'SM', '01625620006', 'Mymensingh', 1, '2020-02-25 13:20:33', '2020-02-25 13:20:33'),
(57, 'Dr. Md. Shahid Hossain', 'ACME L. L', 'Officer', '01713430529', 'Mymensingh', 1, '2020-02-25 13:33:08', '2020-02-25 13:33:08'),
(58, 'Md. Mukhlesur Rahman', 'General Pharmaceuticals Ltd.', 'SSM', '01872601735', 'Mymensingh', 1, '2020-02-25 13:37:18', '2020-02-25 13:37:18'),
(59, 'Md. Mukhlesur Rahman', 'General Pharmaceuticals Ltd.', 'SM', '01872601735', 'Sherpur', 2, '2020-02-25 13:39:42', '2020-02-25 13:39:42'),
(60, 'xxxcc ddd', 'aa', 'ff', '01711585429', 'ssahgsd ajsdga', 2, '2020-02-26 06:17:58', '2020-02-26 06:17:58'),
(61, 'Md. Lutfar Rahman', 'Popular Pharmaceuticals Ltd.', 'Manager', '0182257229', 'Popular', 1, '2020-03-01 05:01:47', '2020-03-01 05:01:47'),
(62, 'Md. Lutfar Rahman', 'Popular Pharmaceuticals Ltd.', 'Manager', '01822575229', 'Dhaka', 1, '2020-03-01 05:20:14', '2020-03-01 05:20:14'),
(63, 'Md. Lutfar Rahman', 'Popular Pharmaceuticals Ltd.', 'Manager', '01822575229', 'Dhaka', 2, '2020-03-01 05:35:39', '2020-03-01 05:35:39'),
(64, 'Md.Ranju', 'Nokia Mobaile', 'Driver', '01714559071', 'Nokia', 1, '2020-03-01 07:07:21', '2020-03-01 07:07:21'),
(65, 'Dr. Md. Nur-E-Azam', 'Popular Pharmaceuticals Ltd.', 'DR.', '01844192297', 'Popular', 1, '2020-03-01 07:12:09', '2020-03-01 07:12:09'),
(66, 'Moinul Islam Khan', 'Aci', 'Sales Man', '01313076583', 'Aci', 1, '2020-03-01 07:16:41', '2020-03-01 07:16:41'),
(67, 'Waheduzzaman', 'Aci', 'Sales Man', '01714853090', 'Feni', 1, '2020-03-01 07:20:44', '2020-03-01 07:20:44'),
(68, 'Md. Waheduzzaman', 'ACI', 'Sales Man', '01714853090', 'Feni', 2, '2020-03-01 07:26:38', '2020-03-01 07:26:38'),
(69, 'Sheikh Sharif Uddin Rajib', 'Genaral Pharmaceuticls LTD.', 'RSM', '01844095124', 'Dhaka', 1, '2020-03-01 07:32:39', '2020-03-01 07:32:39'),
(70, 'Md.Sossain Mobarak', 'Nitol Motors Ltd.', 'Rm', '01922123534', 'Nitol', 1, '2020-03-01 07:36:20', '2020-03-01 07:36:20'),
(71, 'Abdul Awal Roni', 'Nitol Motors Ltd', 'Officer', '01713094398', 'Nitol', 1, '2020-03-01 07:39:17', '2020-03-01 07:39:17'),
(72, 'Abu Tauhid Kiron', 'Media', 'Artist', '01711224313', 'Media', 1, '2020-03-01 07:44:51', '2020-03-01 07:44:51'),
(73, 'Md.Alamin', 'Nitol Motors Ltd', 'Driver', '0171216448', 'NItol', 1, '2020-03-01 07:47:25', '2020-03-01 07:47:25'),
(74, 'Aminul Islam', 'Dudhok', 'Officer', '017125028152', 'Mymensingh', 1, '2020-03-01 09:09:54', '2020-03-01 09:09:54'),
(75, 'Aminul Islam', 'Dudhok', 'Officer', '017125028152', 'Mymensingh', 2, '2020-03-01 09:14:01', '2020-03-01 09:14:01'),
(76, 'Md. Rayhan', 'Nokia Mobile', 'Officer', '0155058937', 'Nokia', 1, '2020-03-01 09:35:58', '2020-03-01 09:35:58'),
(77, 'Md. Raihan', 'Nokia', 'Officer', '01550158937', 'Nokia', 1, '2020-03-01 09:38:55', '2020-03-01 09:38:55'),
(78, 'Anik', 'Mak Distribution Ltd.', 'SRM', '01712586400', 'Trishal', 1, '2020-03-01 10:30:02', '2020-03-01 10:30:02'),
(79, 'Md.Nantu Hossain', 'Eon Group', 'Officer', '01612270966', 'Uttara,Dhaka', 1, '2020-03-01 11:26:41', '2020-03-01 11:26:41'),
(80, 'Faruk Hossain', 'Media', 'Artist', '01755521822', 'Dhaka', 1, '2020-03-01 11:28:57', '2020-03-01 11:28:57'),
(81, 'Jahidul', 'Eon Group', 'Sales Man', '01313448184', 'Dhaka', 1, '2020-03-01 11:46:58', '2020-03-01 11:46:58'),
(82, 'Shomrat', 'GP', 'Driver', '01763635625', 'Dhaka', 1, '2020-03-01 11:56:14', '2020-03-01 11:56:14'),
(83, 'Monirul Islam', 'Eon Group', 'Sales Man', '01708467514', 'Dhaka', 1, '2020-03-01 11:57:59', '2020-03-01 11:57:59'),
(84, 'Md.Asadul Islam Khan', 'Azad Group', 'Officer', '01970010843', 'Dhaka', 1, '2020-03-01 12:04:16', '2020-03-01 12:04:16'),
(85, 'Asadul Islam Khan', 'Azad Group', 'Rsm', '01970010843', 'Mymensingh Sadar,mymensingh', 2, '2020-03-03 06:21:56', '2020-03-03 06:21:56'),
(86, 'Irfan', 'Nitol Motors Ltd.', 'Sales Man', '0131578267', 'Nitol', 1, '2020-03-03 08:16:11', '2020-03-03 08:16:11'),
(87, 'Md.Washim Akram', 'Banglalink Care', 'Marketing Officer', '01962424841', 'Dhaka', 1, '2020-03-03 08:19:00', '2020-03-03 08:19:00'),
(88, 'Md.Amirul Islam', 'JTI', 'M.O', '01716386116', 'Dhaka', 1, '2020-03-03 08:20:33', '2020-03-03 08:20:33'),
(89, 'Md.Rafiqul Islam', 'General Pharmaceuticals Ltd.', 'RSM', '01872601938', 'Mymensingh Sadar,mymensingh', 1, '2020-03-03 08:35:36', '2020-03-03 08:35:36'),
(90, 'Md. Masud', 'Runner Auto Mobiles Ltd.', 'RM', '01730407527', 'Trishal', 1, '2020-03-03 10:01:28', '2020-03-03 10:01:28'),
(91, 'Md Nasir Uddin Mia', 'RRP', 'Officer', '01762019343', 'Savar, Dhaka', 1, '2020-03-03 10:10:51', '2020-03-03 10:10:51'),
(92, 'Kablu Das', 'ACI', 'SM', '01719748404', 'Dhaka', 1, '2020-03-03 10:18:11', '2020-03-03 10:18:11'),
(93, 'Rezuna Bhuiya', 'WHO', 'Officer', '01786279327', 'Dhaka', 1, '2020-03-03 10:20:15', '2020-03-03 10:20:15'),
(94, 'Md Alamgir Hossain', 'Modina Pharma', 'RM', '01717839291', 'Dhaka', 1, '2020-03-03 10:23:21', '2020-03-03 10:23:21'),
(95, 'Md Monir', 'GP', 'RM', '01711490817', 'Dhaka', 1, '2020-03-03 10:25:54', '2020-03-03 10:25:54'),
(96, 'Md Harunor Rashid', 'Fishtech Hatchery Ltd', 'Officer', '01926990196', 'Dhaka', 1, '2020-03-03 10:28:24', '2020-03-03 10:28:24'),
(97, 'Md Koddus', 'Kazi Farms Group', 'Driver', '01855975320', 'Dhaka', 1, '2020-03-03 10:30:07', '2020-03-03 10:30:07'),
(98, 'Md Jahan Ali', 'EON Group', 'RM', '01700713185', 'Dhaka', 1, '2020-03-03 10:33:10', '2020-03-03 10:33:10'),
(99, 'Md Saiful Islam', 'EON Group', 'RM', '01708495102', 'Dhaka', 1, '2020-03-03 10:35:45', '2020-03-03 10:35:45'),
(100, 'MD. aMZAD hOSSAIN', 'Semco Group', 'SM', '01713336360', 'Dhaka', 1, '2020-03-03 10:50:08', '2020-03-03 10:50:08'),
(101, 'Samapika hawlader', 'ADAB', 'Officer', '01713065026', 'Dhaka', 1, '2020-03-03 10:52:48', '2020-03-03 10:52:48'),
(102, 'Md. A.F. Mohuddin', 'Kazi Farms Groups', 'Sales Man', '01837875555', 'Dhaka', 1, '2020-03-03 10:57:54', '2020-03-03 10:57:54'),
(103, 'P. Morogawani ham', 'CBMCB', 'Officer', '9952626182', 'Telegu,Indian', 1, '2020-03-03 11:10:02', '2020-03-03 11:10:02'),
(104, 'MS. V. Vesulei Deir', 'CBMC', 'Officer', '1904643173', 'Telegu,India', 1, '2020-03-03 11:14:14', '2020-03-03 11:14:14'),
(105, 'Tanazul Islam', 'Deeplaid Labortories Ltd.', 'RSM', '01700712108', 'Mymensingh', 1, '2020-03-05 03:03:55', '2020-03-05 03:03:55'),
(106, 'Tanazul Islam', 'deeplaid Laboratories Ltd.', 'RSM', '01700712108', 'Mymensingh', 2, '2020-03-05 03:12:56', '2020-03-05 03:12:56'),
(107, 'Md.Ashraf Uddin', 'Anwar Ispat', 'DGM', '01779605060', 'Dhaka', 1, '2020-03-05 03:21:49', '2020-03-05 03:21:49'),
(108, 'Md.Alak Mia', 'Anwar Ispat', 'Driver', '01727903394', 'Dhaka', 1, '2020-03-05 03:25:19', '2020-03-05 03:25:19'),
(109, 'Thaz Ria', 'CBMCB', 'Ductor', '9514680616', 'India', 1, '2020-03-05 03:29:12', '2020-03-05 03:29:12'),
(110, 'Krish Kumar', 'CBMCB', 'Pation', '01408492220', 'India', 1, '2020-03-05 03:41:20', '2020-03-05 03:41:20'),
(111, 'Monir/Kalam', 'Crp', 'Driver', '01711490817', 'dhaka', 2, '2020-03-05 04:10:54', '2020-03-05 04:10:54'),
(112, 'Md Rafiqul Islam', 'Al Madina', 'Driver', '01772135334', 'Dhaka', 1, '2020-03-05 04:29:50', '2020-03-05 04:29:50'),
(113, 'Mashiur Rahman', 'Opsonon Pharma Ltd', 'Markiting Officer', '01686146618', 'Dhaka', 1, '2020-03-05 04:32:27', '2020-03-05 04:32:27'),
(114, 'Siddthartha Sarker Roy', 'Opsonon Pharma', 'Marketing Officer', '01714099003', 'Dhaka', 1, '2020-03-05 04:34:06', '2020-03-05 04:34:06'),
(115, 'Siddthartha Sarker Roy', 'Opsonon Pharma', 'Marketing Officer', '01714099003', 'Dhaka', 2, '2020-03-05 04:34:15', '2020-03-05 04:34:15'),
(116, 'Sobuj Mia', 'Romaniya', 'Selas Officer', '01999016498', 'Netrokona', 1, '2020-03-05 04:36:34', '2020-03-05 04:36:34'),
(117, 'Md Shahid Hossain', 'Acme', 'DGM', '01713430529', 'Dhaka', 2, '2020-03-05 04:38:57', '2020-03-05 04:38:57'),
(118, 'Sajib Das', 'Opsonin Pharma Ltd', 'Driver', '01918674735', 'Dhaka', 1, '2020-03-05 04:40:18', '2020-03-05 04:40:18'),
(119, 'Md Sohel', 'Health Ministry', 'Driver', '01703305644', 'Dhaka', 1, '2020-03-05 04:51:50', '2020-03-05 04:51:50'),
(120, 'Rejuban Karim', 'BAU', 'Officer', '01733230600', 'Dhaka', 1, '2020-03-05 04:54:23', '2020-03-05 04:54:23'),
(121, 'Rejuban Karim', 'BAU', 'Officer', '01733230600', 'Dhaka', 2, '2020-03-05 04:56:16', '2020-03-05 04:56:16'),
(122, 'Monir Hossain', 'BAU', 'Driver', '01760755975', 'Dhaka', 1, '2020-03-05 04:58:41', '2020-03-05 04:58:41'),
(123, 'BAU Studant', 'BAU', 'Studant', '01734020103', 'Dhaka', 1, '2020-03-05 05:02:16', '2020-03-05 05:02:16'),
(124, 'Aminul Islam', 'Dhudok', 'Officer', '01712502872', 'Dhaka', 1, '2020-03-05 05:08:27', '2020-03-05 05:08:27'),
(125, 'Mr. Samsuzzaman', 'BAU', 'Health Ministrey', '01814116518', 'Dhaka', 1, '2020-03-05 05:22:34', '2020-03-05 05:22:34'),
(126, 'Md. Mahfuz', 'Romania Food & Beverage Ltd.', 'RSM', '01977009020', 'Mymensingh', 1, '2020-03-05 05:39:47', '2020-03-05 05:39:47'),
(127, 'Md. Mahfuz', 'Romania Food & Beverage Ltd.', 'RSM', '01977009020', 'Mymensingh', 2, '2020-03-05 05:40:09', '2020-03-05 05:40:09'),
(128, 'Imamuzzaman', 'Bombay Sweets & Company Ltd.', 'RSM', '01713659830', 'Mymensingh', 1, '2020-03-05 05:48:46', '2020-03-05 05:48:46'),
(129, 'Nur Kutubul Alam', 'Boshundhora Group', 'DGM', '01313094501', 'Dhaka', 1, '2020-03-05 06:55:52', '2020-03-05 06:55:52'),
(130, 'ATM MOnuarul Hasan', 'Partex Agro', 'AGM', '01755629429', 'Dhaka', 1, '2020-03-05 06:57:13', '2020-03-05 06:57:13'),
(131, 'Md.Saiful Islam', 'Boshundhora Group', 'Driver', '01981272930', 'Dhaka', 1, '2020-03-05 06:58:55', '2020-03-05 06:58:55'),
(132, 'Abul Hasem', 'Boshundhora', 'Driver', '01303000778', 'dhaka', 1, '2020-03-05 07:00:12', '2020-03-05 07:00:12'),
(133, 'Md.Shorif', 'Lab Aid Pharma', 'ASM', '01766662468', 'Dhaka', 1, '2020-03-05 07:01:29', '2020-03-05 07:01:29'),
(134, 'Papon', 'ACI Fertilizer', 'M.O', '01714163094', 'Mymensingh', 1, '2020-03-05 07:06:25', '2020-03-05 07:06:25'),
(135, 'Md. Papon', 'AcI Fertilizer', 'M.O', '01714163094', 'Mymensingh', 2, '2020-03-05 07:09:25', '2020-03-05 07:09:25'),
(136, 'Md.Papon', 'Aci', 'M.O', '01714163094', 'Mymensingh', 3, '2020-03-05 07:11:20', '2020-03-05 07:11:20'),
(137, 'Md.Tarek', 'RFL', 'M,O', '01841664760', 'Mymensingh', 1, '2020-03-05 07:12:59', '2020-03-05 07:12:59'),
(138, 'Ayushman', 'CBMCB', 'Officer', '01799793673', 'CBMCVB', 1, '2020-03-07 04:37:47', '2020-03-07 04:37:47'),
(139, 'Md. Abu Sayed Mia', 'SPTC', 'Officer', '01936006765', 'Dhaka', 1, '2020-03-07 04:41:16', '2020-03-07 04:41:16'),
(140, 'M.A. Gafur', 'Danish', 'RM', '0187183183', 'Dhaka', 1, '2020-03-07 04:44:12', '2020-03-07 04:44:12'),
(141, 'Md. Shahidul Islam', 'AT Haque ltd.', 'officer', '0180730006', 'Dhaka', 1, '2020-03-07 04:46:48', '2020-03-07 04:46:48'),
(142, 'Md.Mosarof hossain', 'Danish', 'Officer', '01926262400', 'Dhaka', 1, '2020-03-07 04:51:39', '2020-03-07 04:51:39'),
(143, 'Shariful Hague', 'BAU', 'Teacher', '01715247398', 'Dhaka', 1, '2020-03-07 04:55:26', '2020-03-07 04:55:26'),
(144, 'Misu', 'Jeeon Bangladesh Ltd.', 'RSM', '01926698689', 'Dhaka', 1, '2020-03-07 05:17:17', '2020-03-07 05:17:17'),
(145, 'Misu', 'Leeon Banglades Ltd.h', 'RSM', '01926698689', 'Dhaka', 2, '2020-03-07 05:20:40', '2020-03-07 05:20:40'),
(146, 'Md.sayed Hasan', 'Nagad', 'Officer', '01704161389', 'Dhaka', 1, '2020-03-07 05:36:32', '2020-03-07 05:36:32'),
(147, 'Md.Abu Hanif', 'JTI', 'Officer', '01313076833', 'Dhaka', 1, '2020-03-07 05:38:07', '2020-03-07 05:38:07'),
(148, 'Md. Abdul Kadir Gazi', 'ACI', 'MF', '01704119189', 'Dhaka', 1, '2020-03-07 05:39:53', '2020-03-07 05:39:53'),
(149, 'Md. Saidul Islam', 'Walton', 'MO', '01755614555', 'Dhaka', 1, '2020-03-07 06:25:40', '2020-03-07 06:25:40'),
(150, 'Md.Shariful', 'Rancon Electronic', 'Driver', '01935076500', 'Dhaka', 1, '2020-03-07 06:33:20', '2020-03-07 06:33:20'),
(151, 'Shahin Mahmud', 'Trans Com Beverage', 'DCRM', '01714047239', 'Dhaka', 1, '2020-03-07 06:35:57', '2020-03-07 06:35:57'),
(152, 'Rowshan Ali', 'Rancon Electronic', 'AM', '01701211930', 'Dhaka', 1, '2020-03-07 06:39:00', '2020-03-07 06:39:00'),
(153, 'Rashal Ahmed', 'Rfl', 'AO', '018441661623', 'Dhaka', 1, '2020-03-07 06:42:07', '2020-03-07 06:42:07'),
(154, 'Rashal Ahmed', 'RFL', 'AO', '018441661623', 'Dhaka', 2, '2020-03-07 06:47:20', '2020-03-07 06:47:21'),
(155, 'Md.Foyshal Hossain', 'Singer', 'MO', '01771104756', 'Dhaka', 1, '2020-03-07 07:35:02', '2020-03-07 07:35:02'),
(156, 'Md. Zakir Hossain', 'Blerrong Group', 'MO', '01730044700', 'Dhaka', 1, '2020-03-07 07:38:21', '2020-03-07 07:38:21'),
(157, 'Md.Emzan', 'Unigas', 'Driver', '01648952903', 'Dhaka', 1, '2020-03-07 07:41:20', '2020-03-07 07:41:20'),
(158, 'Sujit Das', 'Unigas', 'MO', '01713250515', 'Dhaka', 1, '2020-03-07 07:45:06', '2020-03-07 07:45:06'),
(159, 'Jiaur Rahman', 'Metal (Pvt) Limited', 'RM', '01708156950', 'Dhaka', 1, '2020-03-07 07:48:36', '2020-03-07 07:48:36'),
(160, 'Atonu Kundo', 'Unigas', NULL, '01818583363', 'Dhaka', 1, '2020-03-07 07:51:49', '2020-03-07 07:51:49'),
(161, 'Md.Abu Hanif', 'JTI', 'MO', '01313076833', 'Dhaka', 2, '2020-03-07 07:53:50', '2020-03-07 07:53:50'),
(162, 'Mtiokuz Nessa', 'Shumhidibon', 'NO', 'No Number', 'Dhaka', 1, '2020-03-07 07:58:38', '2020-03-07 07:58:38'),
(163, 'Md. Gqram Hossain', 'Rspl', 'MO', '01885444466', 'Dhaka', 1, '2020-03-07 08:05:45', '2020-03-07 08:05:45'),
(164, 'Zeaur Rahman', 'Metal (Pvt.) Ltd.', 'Officer', '01708156950', 'Dhaka', 2, '2020-03-07 08:29:09', '2020-03-07 08:29:09'),
(165, 'Ziur Rahman', 'Metal (Pvt.) Ltd.', 'Officer', '01708156950', 'Mymensingh', 3, '2020-03-07 08:33:47', '2020-03-07 08:33:47'),
(166, 'Emrul', 'Nagad', 'Officer', '01704161013', 'Mymensingh', 1, '2020-03-07 08:58:49', '2020-03-07 08:58:49'),
(167, 'Emrul', 'Nagad', 'Officer', '01704161013', 'Mymensingh', 2, '2020-03-07 09:02:16', '2020-03-07 09:02:16'),
(168, 'Ziaur Rahman', 'Metal (Pvt.) Ltd.', 'Officer', '01708156950', 'Mymensingh', 4, '2020-03-07 09:05:51', '2020-03-07 09:05:51'),
(169, 'Masba Uddin', 'SMC', 'MO', '01764009748', 'Dhaka', 1, '2020-03-07 09:13:57', '2020-03-07 09:13:57'),
(170, 'Md. Mosharof Hossain', 'Kaji Farms', 'ASM', '01709661817', 'Dhaka', 1, '2020-03-07 09:16:39', '2020-03-07 09:16:39'),
(171, 'Md.Shajahan', 'Kaji Farms', 'Driver', '01727704499', 'Dhaka', 1, '2020-03-07 09:19:00', '2020-03-07 09:19:00'),
(172, 'Bau', 'Bogura', 'Student', '01716865122', 'Dhaka', 1, '2020-03-07 09:31:23', '2020-03-07 09:31:23'),
(173, 'Md. Hazunor Rashed', 'Growteech', 'DGM', '01926990196', 'Dhaka', 2, '2020-03-07 09:37:50', '2020-03-07 09:37:50'),
(174, 'Dr. Ahmed Iftekhor Alom', 'SMC', 'Doctor', '01817090702', 'Dhaka', 1, '2020-03-07 09:40:44', '2020-03-07 09:40:44'),
(175, 'Sm Ferdows', 'Bau', 'Principal', '01927367402', 'Dhaka', 1, '2020-03-07 09:43:19', '2020-03-07 09:43:19'),
(176, 'Goutam Kumor', 'Seed Production', 'agriculture', '01716503837', 'Gazipur', 1, '2020-03-07 09:46:55', '2020-03-07 09:46:55'),
(177, 'Md. Zahangir Alom', 'SMC', 'MO', '01717677199', 'Dhaka', 1, '2020-03-07 09:49:03', '2020-03-07 09:49:03'),
(178, 'Iquram Hossani', 'Rspl Health', 'Doctor', '01885444466', 'Dhaka', 2, '2020-03-09 01:57:35', '2020-03-09 01:57:35'),
(179, 'Md.Suyel Muzumder', 'CMC', 'MO', '01716309754', 'Dhaka', 1, '2020-03-09 02:00:23', '2020-03-09 02:00:23'),
(180, 'Syed Shahidul Islam', 'SMC', 'Officer', '01716004879', 'Dhaka', 1, '2020-03-09 02:03:06', '2020-03-09 02:03:06'),
(181, 'Md.Zakir Hossain', 'WHO', 'Driver', '01777750674', 'Dhaka', 1, '2020-03-09 02:06:15', '2020-03-09 02:06:15'),
(182, 'Md.Zakir Hossain', 'Who', 'Driver', '01777750674', 'Dhaka', 2, '2020-03-09 02:08:48', '2020-03-09 02:08:48'),
(183, 'Md.Faruq', 'ADAB', 'CEO', '01712990173', 'Mymensingh', 1, '2020-03-09 02:12:33', '2020-03-09 02:12:33'),
(184, 'Md.Dip Ali', 'JTI', 'RMS', '01313076655', 'Dhaka', 1, '2020-03-09 02:13:15', '2020-03-09 02:13:15'),
(185, 'Hafizur Rahman', 'Megna Group', 'Officer', '01716752886', 'Dhaka', 1, '2020-03-09 02:17:15', '2020-03-09 02:17:15'),
(186, 'Md. Faruq Mia', 'ADAB', 'CEO', '01712990173', 'Mymensingh', 2, '2020-03-09 02:17:41', '2020-03-09 02:17:41'),
(187, 'Md. Jahangir Alom', 'WHO', 'Doctors', '01711593996', 'Dhaka', 1, '2020-03-09 02:29:35', '2020-03-09 02:29:35'),
(188, 'Nuzuzzaman', 'SMC', 'Driver', '01717677199', 'Dhaka', 2, '2020-03-09 02:30:17', '2020-03-09 02:30:17'),
(189, 'Nuzuzzaman', NULL, NULL, '01717677199', NULL, 3, '2020-03-09 02:34:09', '2020-03-09 02:34:09'),
(190, 'Kbd. Gautom', NULL, NULL, '01716503837', NULL, 2, '2020-03-09 02:42:12', '2020-03-09 02:42:12'),
(191, 'Dr.Md.Jahanger Alam', 'WHO', 'Doctor', '01711593996', 'Dhaka', 2, '2020-03-09 04:30:12', '2020-03-09 04:30:12'),
(192, 'Hafizur Rahman', 'Meghna Group', 'Officer', '01716752886', 'Dhaka', 2, '2020-03-09 04:32:09', '2020-03-09 04:32:09'),
(193, 'Mohmud Gony', 'Akij', 'SO', '01684395462', 'Chadpur', 1, '2020-03-09 06:06:21', '2020-03-09 06:06:21'),
(194, 'Mahmud Gany', 'Akij', 'So', '01684395462', 'Chatpur', 2, '2020-03-09 06:09:42', '2020-03-09 06:09:42'),
(195, 'Mahmud Gony', 'Akij', 'SO', '01684395462', 'Chatpur', 3, '2020-03-09 06:12:10', '2020-03-09 06:12:10'),
(196, 'Mohmud Gony', 'AKIJ', 'Officer', '01713453007', 'Dhaka', 1, '2020-03-09 06:15:08', '2020-03-09 06:15:08'),
(197, 'Md.Amer Hossain', 'AG', 'Driver', '01682787476', 'Dhaka', 1, '2020-03-09 06:17:20', '2020-03-09 06:17:20'),
(198, 'Md.Mofizul Islam', 'NOT', 'NOT', '01926990173', 'Dhaka', 1, '2020-03-09 06:19:39', '2020-03-09 06:19:39'),
(199, 'Md.Repon', 'Fishtech', 'Driver', '01926990486', 'Dhaka', 1, '2020-03-09 06:21:39', '2020-03-09 06:21:39'),
(200, 'Uro Star', 'Uro Star', 'Company', '01326658763', 'Dhaka', 1, '2020-03-09 06:32:58', '2020-03-09 06:32:58'),
(201, 'Md.Shadul Islam', 'Uro Star', 'NOT', '01990783831', 'Dhaka', 1, '2020-03-09 06:39:26', '2020-03-09 06:39:26'),
(202, 'Md. Rokanuzzaman Rokon', 'Krislibid', 'Officer', '01700729903', 'Dhaka', 1, '2020-03-09 06:41:39', '2020-03-09 06:41:39'),
(203, 'Dr.Sadek Ahameed', 'BLRI', 'Saver', '01712189212', 'Dhaka', 1, '2020-03-09 06:51:01', '2020-03-09 06:51:01'),
(204, 'Md.Rofiqul Islam', 'SEMCO', 'Driver', '01714390232', 'Dhaka', 1, '2020-03-09 06:55:24', '2020-03-09 06:55:24'),
(205, 'Dr.Sultan Mahamud', 'SAMCO', 'Officer', '01713336340', 'Dhaka', 1, '2020-03-09 06:59:06', '2020-03-09 06:59:06'),
(206, 'Dr.Sultan Mahamud', 'SEMCO', 'NOT', '01713336340', 'Dhaka', 2, '2020-03-09 07:02:17', '2020-03-09 07:02:17'),
(207, 'MM.Huda', 'SAMCO', 'MD', '9641216-21', 'Dhaka', 1, '2020-03-09 07:05:21', '2020-03-09 07:05:21'),
(208, 'Md.Mushabber Hossain', 'BAU', 'Officer', '01712235685', 'Dhaka', 1, '2020-03-09 07:11:30', '2020-03-09 07:11:30'),
(209, 'Md.Attaf Hossan', 'Grow Teech', 'Driver', '01721255311', 'Dhaka', 1, '2020-03-09 07:15:38', '2020-03-09 07:15:38'),
(210, 'Md.Attaf Hossan', 'Grow  Teech', 'Driver', '01721255311', 'Dhaka', 2, '2020-03-09 07:18:15', '2020-03-09 07:18:15'),
(211, 'Khairul Ahsan', 'ACI Motors', 'Officer', '01730378089', 'Dhaka', 1, '2020-03-09 07:21:50', '2020-03-09 07:21:50'),
(212, 'Albert Sangma', 'RRI', 'Officer', '0176663401', 'Dhaka', 1, '2020-03-09 07:26:14', '2020-03-09 07:26:14'),
(213, 'Md. Rahad', 'Euro Star Group', 'RMS', '01926698686', 'Mynensingh', 1, '2020-03-09 07:26:37', '2020-03-09 07:26:37'),
(214, 'Gourango Sutrodhor', 'BAU', 'Officer', '01716235534', 'Rampura', 1, '2020-03-09 07:30:29', '2020-03-09 07:30:29'),
(215, 'Md. Moshiur Rahamn', 'Bao', 'NOT', '01713231186', 'Chittagong', 1, '2020-03-09 07:37:36', '2020-03-09 07:37:36'),
(216, 'Md. Moshiur Rahamn', 'Bao', 'NOT', '01713231186', 'Chittagong', 2, '2020-03-09 07:45:40', '2020-03-09 07:45:40'),
(217, 'Md. Moshiur Rahamn', 'Bao', 'NOT', '01713231186', 'Chittagong', 3, '2020-03-09 07:48:32', '2020-03-09 07:48:32'),
(218, 'Md.Juyel', 'Akij', 'MO', '01684395462', 'Chatpur', 4, '2020-03-09 07:51:50', '2020-03-09 07:51:50'),
(219, 'Md.Abid Hemayed', 'BAU', 'Officer', '01722105931', 'Shavar', 1, '2020-03-09 07:56:44', '2020-03-09 07:56:44'),
(220, 'Abu Hanif', 'Amancement', 'Driver', '01728168112', 'Dhaka', 1, '2020-03-09 08:27:31', '2020-03-09 08:27:31'),
(221, 'Golam Kawser', 'Amancement', 'GM', '01913193299', 'Dhaka', 1, '2020-03-09 08:36:56', '2020-03-09 08:36:56'),
(222, 'Mohammod Samsul Alam', 'Aptap Group', 'Officer', '01709638104', 'Dhaka', 1, '2020-03-09 08:42:56', '2020-03-09 08:42:56'),
(223, 'Mir Amdadul Haque', 'Meghna Group', 'Officer', '01744991105', 'Dhaka', 1, '2020-03-09 08:45:10', '2020-03-09 08:45:10'),
(224, 'Md.Foyshal Hossain', 'Singer', 'Office', '01771104756', 'Dhaka', 2, '2020-03-09 08:50:38', '2020-03-09 08:50:38'),
(225, 'Mahmud Alom', 'Eurostar', 'AM', '01992045666', 'Dhaka', 1, '2020-03-09 08:56:20', '2020-03-09 08:56:20'),
(226, 'Roman', 'Uro Star', 'MO', '01992698689', 'Dhaka', 1, '2020-03-09 09:03:28', '2020-03-09 09:03:28'),
(227, 'Md.Al Mamun Fahad', 'ACI Motors', 'Officer', '01708467515', 'Dhaka', 1, '2020-03-10 01:38:36', '2020-03-10 01:38:36'),
(228, 'Md Foyshal Hossain', 'Singer', 'Officer', '01771104756', 'Dhaka', 3, '2020-03-10 01:43:30', '2020-03-10 01:43:30'),
(229, 'Md Hasanul Bari', 'LPG', 'Officer', '01720208585', 'Dhaka', 1, '2020-03-10 01:54:27', '2020-03-10 01:54:27'),
(230, 'Md.Nazmul Hassan', 'Huawei', 'SO', '01717063046', 'Dhaka', 1, '2020-03-10 01:58:17', '2020-03-10 01:58:17'),
(231, 'Bokul', 'IBN SINA', 'RM', '01755838698', 'Dhaka', 1, '2020-03-10 02:37:42', '2020-03-10 02:37:42'),
(232, 'Md.Zahidul Islam Chandan', 'Popular', 'RSM', '01819556981', 'Dhaka', 1, '2020-03-10 02:59:21', '2020-03-10 02:59:21'),
(233, 'Shwapan Chandra Ray', 'Jadrabari', 'ASM', '01761872404', 'Dhaka', 1, '2020-03-10 03:02:17', '2020-03-10 03:02:17'),
(234, 'Shwapan Chandra Ray', 'Jadrabari', 'ASM', '01761872404', 'Dhaka', 2, '2020-03-10 03:06:37', '2020-03-10 03:06:37'),
(235, 'Abu Zafor', 'Singer', 'Officer', '01713092010', 'Mymensingh', 1, '2020-03-10 03:08:12', '2020-03-10 03:08:12'),
(236, 'Md.Humayan Kabir', 'ACI', 'Officer', '01713053070', 'Netrokuna', 1, '2020-03-10 03:10:34', '2020-03-10 03:10:34'),
(237, 'Md.Firoz Hossain', 'ACI', 'Officer', '01708407515', 'Mymensingh', 1, '2020-03-10 03:16:02', '2020-03-10 03:16:02'),
(238, 'Md.Firoz Hossain', 'ACI', 'Officer', '01708407515', 'Mymensingh', 2, '2020-03-10 03:17:36', '2020-03-10 03:17:36'),
(239, 'Md.Foyshal Hossain', 'Singer', 'Officer', '01771106756', 'Dhaka', 1, '2020-03-10 03:21:06', '2020-03-10 03:21:06'),
(240, 'ACI Motors', 'ACI Motors', 'Manager', '01713052988', 'Dhaka', 1, '2020-03-10 03:27:48', '2020-03-10 03:27:48'),
(241, 'Md.Oskin', 'General Pharma', 'Driver', '01787819958', 'Dhaka', 1, '2020-03-10 04:10:56', '2020-03-10 04:10:56'),
(242, 'Md. Motiur Rahman', 'General Pharma', 'Driver', '01641991065', 'Dhaka', 1, '2020-03-10 04:15:23', '2020-03-10 04:15:23'),
(243, 'Md. Rashedul Islam', 'General Pharma', 'MO', '01713188807', 'Dhaka', 1, '2020-03-10 04:17:08', '2020-03-10 04:17:08'),
(244, 'Md. Moinul Islam', 'JTI', 'MO', '01313076850', 'Dhaksa', 1, '2020-03-10 04:18:29', '2020-03-10 04:18:29'),
(245, 'Md. Imam Kabir', 'JTI', 'MO', '01313076583', 'Dhaka', 2, '2020-03-10 04:19:46', '2020-03-10 04:19:46'),
(246, 'Md. Abu Hanif', 'JTI', 'MO', '01313078633', 'Dhaka', 1, '2020-03-10 04:21:23', '2020-03-10 04:21:23'),
(247, 'Tina', 'JTI', 'MO', '01313077005', 'Dhaka', 1, '2020-03-10 04:23:12', '2020-03-10 04:23:12'),
(248, 'Md. Majharul Islam', 'Byer Crops', 'MO', '01755505354', 'Dhaka', 1, '2020-03-10 04:25:26', '2020-03-10 04:25:26'),
(249, 'Md. Kabir Hossain', 'SDF', 'officer', '01710733539', 'Dhaka', 1, '2020-03-10 04:26:46', '2020-03-10 04:26:46'),
(250, 'Omor Faruq', 'SK+F Pharma', 'Driver', '01940910912', 'Dhaka', 1, '2020-03-10 04:28:18', '2020-03-10 04:28:18'),
(251, 'Md. Masudur Rahman', 'SK+F', 'RM', '01713396523', 'Dhaka', 1, '2020-03-10 04:30:19', '2020-03-10 04:30:19'),
(252, 'Md. Abul Bashar', 'SK+F Pharma', 'MO', '01714012008', 'Dhaka', 1, '2020-03-10 04:32:19', '2020-03-10 04:32:19'),
(253, 'Sogir Ahmed', 'Opsonin Pharma', 'MO', '01714099009', 'Dhaka', 1, '2020-03-10 04:34:14', '2020-03-10 04:34:14'),
(254, 'Abdullah Al-Mamun', 'Walton', 'MO', '01686690413', 'Jamalpur', 1, '2020-03-10 04:35:52', '2020-03-10 04:35:52'),
(255, 'Bidhan Chandra Paul', 'Byer Crop', 'MO', '01713444167', 'Dhaka', 1, '2020-03-10 04:37:24', '2020-03-10 04:37:24'),
(256, 'Md. Mintu Mia', 'Walton', 'Driver', '01632321047', 'Dhaka', 1, '2020-03-10 04:39:07', '2020-03-10 04:39:07'),
(257, 'Md. Shablu Islam', 'HR Group', 'MO', '01715364195', 'Dhaka', 1, '2020-03-10 04:40:47', '2020-03-10 04:40:47'),
(258, 'Abu Sama', 'AR Manik', 'MO', '01713090935', 'Dhaka', 1, '2020-03-10 04:43:09', '2020-03-10 04:43:09'),
(259, 'Md. Khairul Islam Rony', 'AR Manik', 'MO', '01713090953', 'Dhaka', 1, '2020-03-10 04:44:30', '2020-03-10 04:44:30'),
(260, 'Md. Rayhan', 'Walton', 'MO', '01701861908', 'Dhaka', 1, '2020-03-10 04:45:41', '2020-03-10 04:45:41'),
(261, 'Murshedul Haque Sarker', 'Opsonin', 'MO', '0173004509', 'Dhaka', 1, '2020-03-10 04:48:44', '2020-03-10 04:48:44'),
(262, 'Md. Shemol Mia', 'ASA', 'RM', '01714088755', 'Mymensingh', 1, '2020-03-10 05:04:45', '2020-03-10 05:04:45'),
(263, 'Md. Tarikul', 'Bashundara', 'Driver', '01722106825', 'Dhaka', 1, '2020-03-10 05:33:02', '2020-03-10 05:33:02'),
(264, 'Md. Monir', 'Anowar Group', 'Driver', '01986070484', 'Dhaka', 1, '2020-03-10 05:35:32', '2020-03-10 05:35:32'),
(265, 'Md. Arafat Hossain', 'GME', 'Driver', '0170735970', 'Dhaka', 1, '2020-03-10 05:36:53', '2020-03-10 05:36:53'),
(266, 'Md. Jalal Kibria', 'Energy Pac', 'MO', '01708454316', 'Dhaka', 1, '2020-03-10 05:38:17', '2020-03-10 05:38:53'),
(267, 'Md. Saiful', 'Walton', 'Driver', '01632321047', 'Dhaka', 2, '2020-03-10 05:40:29', '2020-03-10 05:40:29'),
(268, 'Md. Shadut Hossain', 'Walton', 'MO', '01678048922', 'Dhaka', 1, '2020-03-10 05:42:17', '2020-03-10 05:42:17'),
(269, 'Md. Rayhan', 'Walton', 'Driver', '01701861908', 'Dhaka', 2, '2020-03-10 05:43:42', '2020-03-10 05:43:42'),
(270, 'Kbd. MD. Mohsin Hossain', 'GNO Agro', 'MO', '01718003661', 'Dhaka', 1, '2020-03-10 05:45:40', '2020-03-10 05:45:40'),
(271, 'Omor Faruque', 'SK+F Pharma', 'Driver', '01940910912', 'Dhaka', 2, '2020-03-10 05:49:18', '2020-03-10 05:49:18'),
(272, 'Md. Shafiqul Islam', 'Bashundara Group', 'MO', '0198873040', 'Dhaka', 1, '2020-03-10 05:50:45', '2020-03-10 05:50:45'),
(273, 'Md. Md. Abul Bashar', 'SK+F Pharma', 'MO', '01713396523', 'Dhaka', 2, '2020-03-10 05:52:04', '2020-03-10 05:52:04'),
(274, 'Md. Mashudur Rahman', 'SK+F Pharma', 'MO', '01714012008', 'Dhaka', 2, '2020-03-10 05:53:20', '2020-03-10 05:53:20'),
(275, 'Md. Faysal Hossain', 'Singer', 'MO', '01771104756', 'Dhaka', 4, '2020-03-10 05:55:25', '2020-03-10 05:55:25'),
(276, 'Md. Faysal Hossain', 'Singer', 'MO', '0171104756', 'Dhaka', 1, '2020-03-10 05:59:53', '2020-03-10 05:59:53'),
(277, 'Md. Shahidul Islam', 'Bashundara Group', 'Driver', '01923347721', 'Dhaka', 1, '2020-03-10 06:01:23', '2020-03-10 06:01:23'),
(278, 'Md. Rumal Sarker Rubel', 'Bhasundara Group', 'Officer', '01999043437', 'Dhaka', 1, '2020-03-10 06:02:48', '2020-03-10 06:02:48'),
(279, 'Deluwer Hossain', 'RFL', 'MO', '01844607749', 'Dhaka', 1, '2020-03-10 06:05:23', '2020-03-10 06:05:23'),
(280, 'Md. Amin Hossain', 'Krisibidh', 'MO', '01682787476', 'Dhaka', 2, '2020-03-10 06:06:56', '2020-03-10 06:06:56'),
(281, 'Md. Abdullah Patuwary', 'Akij', 'Mo', '01755630237', 'Gazipur', 1, '2020-03-10 06:08:27', '2020-03-10 06:08:27'),
(282, 'Md. Wadud Mollah', 'Abedin', 'MO', '01958522842', 'Dhaka', 1, '2020-03-10 06:09:49', '2020-03-10 06:09:49'),
(283, 'Sandeep Gauhanee', 'Uttara Motors', 'Eng.', '01777731073', 'India', 1, '2020-03-10 06:11:31', '2020-03-10 06:11:31'),
(284, 'Md. Altafur Rahman', 'Fair Chemicals', 'MO', '01879132190', 'Faridpur', 1, '2020-03-10 06:13:33', '2020-03-10 06:13:33'),
(285, 'Md. Tareq', 'RFL', 'GMO', '01841664770', 'Mymensingh', 1, '2020-03-10 06:53:59', '2020-03-10 06:53:59'),
(286, 'Md.Anwar Hossain', 'Bayer', 'Officer', '01841082692', 'Dhaka', 1, '2020-03-10 06:54:01', '2020-03-10 06:54:01'),
(287, 'Md. Tareq', 'RFL', 'GMO', '01841664770', 'Mymensingh', 2, '2020-03-10 06:54:13', '2020-03-10 06:54:13'),
(288, 'Kiron', 'Media', 'D', '01711224313', 'Dhaka', 2, '2020-03-10 07:27:28', '2020-03-10 07:27:28'),
(289, 'Md.Razu', 'Super Star', 'Driver', '01969818110', 'Dhaka', 1, '2020-03-10 07:48:42', '2020-03-10 07:48:42'),
(290, 'Onupom', 'JTI', 'GMO', '01713917864', 'Mymensingh', 1, '2020-03-10 07:48:55', '2020-03-10 07:48:55'),
(291, 'Kbd. Md. Rafiqul Islam', 'Aftab Feed Products Ltd.', 'GMO', '01714-095688', 'Dhaka', 1, '2020-03-10 08:00:31', '2020-03-10 08:00:31'),
(292, 'Md.Shajahan', 'Popular', 'AM', '01817147141', 'Dhaka', 1, '2020-03-10 08:02:17', '2020-03-10 08:02:17'),
(293, 'Md.Shajahan', 'Popular', 'AM', '01817147141', 'Dhaka', 2, '2020-03-10 08:06:15', '2020-03-10 08:06:15'),
(294, 'Kbd Md. Rafiqul Islam', 'Aftab Feed Products Ltd.', 'GM', '01714-095688', 'Gazipur', 2, '2020-03-10 08:07:09', '2020-03-10 08:07:09'),
(295, 'Sabbir Bin Ehsan', 'JTI', 'Officer', '01715390154', 'Dhaka', 1, '2020-03-10 08:08:32', '2020-03-10 08:08:32'),
(296, 'Kbd. Md. Rafiqul Islam', 'Aftab Feed Products Ltd.', 'GM', '01714-095688', 'Mymensingh', 3, '2020-03-10 08:10:43', '2020-03-10 08:10:43'),
(297, 'Md.Quamruzzaman', 'Super Star', 'Officer', '017130380112', 'Dhaka', 1, '2020-03-10 08:11:21', '2020-03-10 08:11:21'),
(298, 'Md.Monirul Islam', 'Huawei', 'Driver', '01724076348', 'Driver', 1, '2020-03-10 08:14:15', '2020-03-10 08:14:15'),
(299, 'Md. Mehedi', 'S.M Corporation Ltd.', 'MO', '01730-716892', 'Mymensingh', 1, '2020-03-10 08:16:44', '2020-03-10 08:16:44'),
(300, 'Md.Nazmul Hasan', 'Huawei', 'Officer', '01717063046', 'Dhaka', 2, '2020-03-10 08:18:50', '2020-03-10 08:18:50'),
(301, 'Mizanur Rahman', 'SSG', 'Officer', '01713997662', 'Dhaka', 1, '2020-03-10 08:21:34', '2020-03-10 08:21:34'),
(302, 'Md.Monju', 'Squre', 'Electi', '01715959362', 'Dhaka', 1, '2020-03-10 08:32:21', '2020-03-10 08:32:21'),
(303, 'Md.Sawer', 'Eon', 'Driver', '01718212927', 'Dhaka', 1, '2020-03-10 08:38:38', '2020-03-10 08:38:38'),
(304, 'Mohammad Nasim Uddin', 'EON', 'Animall Health', '01730011950', 'Dhaka', 1, '2020-03-10 08:42:14', '2020-03-10 08:42:14'),
(305, 'Simon S.S. Sangma', 'World Vision', 'PM', '01730331788', 'Mymensingh', 1, '2020-03-10 08:47:48', '2020-03-10 08:47:48'),
(306, 'ATM.Mezanur Rahman', 'BRB Cable', 'GM', '01403002890', 'Dhaka', 1, '2020-03-10 10:35:08', '2020-03-10 10:35:08'),
(307, 'ASM Shalah', 'Opsonil', 'Ph', '01714099045', 'Dhaka', 1, '2020-03-10 10:38:24', '2020-03-10 10:38:24'),
(308, 'Ronjon Kumar Mitro', 'BRB Cable', 'Office', '01730733858', 'Dhaka', 1, '2020-03-10 10:42:02', '2020-03-10 10:42:02'),
(309, 'Dr.Md.Tanvir Rahman', 'Ziska Farma', 'Dogtor', '01999014594', 'Dhaka', 1, '2020-03-10 10:44:47', '2020-03-10 10:44:47'),
(310, 'Md.Humayon Kobir', 'Opsonin', 'Driver', '0177907264', 'Dhaka', 1, '2020-03-10 10:49:21', '2020-03-10 10:49:21'),
(311, 'Md.Humayon Kobir', 'Opsonin', 'Driver', '01779072643', 'Dhaka', 1, '2020-03-10 11:17:19', '2020-03-10 11:17:19'),
(312, 'BRB Cable', 'BRB Cable', 'Driver', '01722524282', 'Dhaka', 1, '2020-03-10 11:23:05', '2020-03-10 11:23:05'),
(313, 'Md.Anwar Hossaion', 'Opsonin', 'Ph', '01730034791', 'Dhaka', 1, '2020-03-10 11:25:57', '2020-03-10 11:25:57'),
(314, 'Md.Rejaul Alam', 'Opsonin', 'Officer', '01926990525', 'Dhaka', 1, '2020-03-10 11:30:27', '2020-03-10 11:30:27'),
(315, 'A.T.M Mizanur Rahman', 'BRB Cables Industries Ltd.', 'DGM', '01713069219', 'Dhaka', 1, '2020-03-10 11:47:55', '2020-03-10 11:47:55'),
(316, 'A.T.M Mizanur Rahman', 'BRB Cables Industries Ltd.', 'DGM', '01713069219', 'Dhaka', 2, '2020-03-10 11:48:06', '2020-03-10 11:48:06'),
(317, 'A.T.M Mizanur Rahman', 'BRB Cables Industries Ltd.', 'DGM', '01713069219', 'Dhaka', 3, '2020-03-10 11:48:29', '2020-03-10 11:48:29'),
(318, 'A.T.M Mizanur Rahman', 'BRB Cables Industries Ltd.', 'DGM', '01713069219', 'Dhaka', 4, '2020-03-10 11:48:55', '2020-03-10 11:48:55'),
(319, 'A.T.M Mizanur Rahman', 'BRB Cables Industries Ltd.', 'DGM', '01713069219', 'Dhaka', 5, '2020-03-10 11:50:49', '2020-03-10 11:50:49'),
(320, 'A.T.M Mizanur Rahman', 'BRB Cables Industries Ltd.', 'DGM', '01713069219', 'Dhaka', 6, '2020-03-10 11:52:55', '2020-03-10 11:52:55'),
(321, 'A.T.M Mizanur Rahman', 'BRB Cables Industries Ltd.', 'DGM', '01713069219', 'Dhaka', 7, '2020-03-10 11:53:57', '2020-03-10 11:53:57'),
(322, 'Asraful Islam', 'Babylon Group', 'GM', '01959-998818', 'Dhaka', 1, '2020-03-10 12:04:10', '2020-03-10 12:04:10'),
(323, 'Asraful Islam', 'Babylon Group', 'DGm', '01959-998818', 'Dhaka', 2, '2020-03-10 12:10:57', '2020-03-10 12:10:57'),
(324, 'Mohammed Sharif Mahmood', 'Maasranga TV', 'GM', '01755580706', 'Dhaka', 1, '2020-03-10 12:33:52', '2020-03-10 12:33:52'),
(325, 'Mohammad Sharif', 'Maasranga TV', 'Manager', '10715432434', 'Dhaka', 1, '2020-03-10 12:38:32', '2020-03-10 12:38:32'),
(326, 'Md.Monjurul Hossain', 'Eon', 'Animal Health', '01755634005', 'Dhaka', 1, '2020-03-10 12:53:00', '2020-03-10 12:53:00'),
(327, 'Md.Monjur Hossain', 'Opsolin', 'Ph', '01730034799', 'Dhaka', 1, '2020-03-10 12:59:59', '2020-03-10 12:59:59'),
(328, 'Md.Raihan Kabir', 'Babylon', 'Officer', '01713758608', 'Dhaka', 1, '2020-03-10 13:02:20', '2020-03-10 13:02:20'),
(329, 'Refat Bin Mortoza', 'JTI', 'Officer', '01727312103', 'Dhaka', 1, '2020-03-10 13:05:14', '2020-03-10 13:05:14'),
(330, 'Md.Alimuzzaman', 'Opsolin', 'Officer', '01886747566', 'Dhaka', 1, '2020-03-10 13:09:09', '2020-03-10 13:09:09'),
(331, 'Md.Siddikur Rahman', 'Blpg', 'Driver', '01934593396', 'Dhaka', 1, '2020-03-10 13:12:03', '2020-03-10 13:12:03'),
(332, 'Al Mamun Khan', 'BLPG', 'Officer', '01991197803', 'Dhaka', 1, '2020-03-10 13:14:25', '2020-03-10 13:14:25'),
(333, 'Md.Suman', 'Babglon', 'Officer', '01830562343', 'Dhaka', 1, '2020-03-10 13:18:10', '2020-03-10 13:18:10'),
(334, 'Gorongo', 'Opsonin Pharmaceuticals Ltd.', 'DGM', '01714099074', 'Mymensingh', 1, '2020-03-10 14:10:31', '2020-03-10 14:10:31'),
(335, 'Md.Ala Uddin', 'Danish', 'GM', '01847189549', 'Dhaka', 1, '2020-03-10 14:17:48', '2020-03-10 14:17:48'),
(336, 'Md.Sohel Parvez', 'Aftab', 'Office', '01730343953', 'Dhaka', 1, '2020-03-10 14:20:41', '2020-03-10 14:20:41'),
(337, 'Md.Yusub Alam', 'ACI', 'Officer', '01713399976', 'Dhaka', 1, '2020-03-10 14:27:35', '2020-03-10 14:27:35'),
(338, 'Md.Firoz Hossain', 'ACI', 'GN', '01714163187', 'Dhaka', 1, '2020-03-10 14:31:43', '2020-03-10 14:31:43'),
(339, 'Sondeep', 'Uttora Motors', 'Officer', '01777735073', 'Dhaka', 1, '2020-03-10 14:34:34', '2020-03-10 14:34:34'),
(340, 'Md.Majahar Alam', 'Pksf', 'Driver', '01749034770', 'Dhaka', 1, '2020-03-10 14:38:07', '2020-03-10 14:38:07'),
(341, 'Imroz', 'Banglalink', 'Driver', '01915553039', 'Dhaka', 1, '2020-03-10 14:41:38', '2020-03-10 14:41:38'),
(342, 'Md.Ariful Islam', 'JTI', 'MO', '01833181552', 'Dhaka', 1, '2020-03-10 14:44:48', '2020-03-10 14:44:48'),
(343, 'Md. Hasan Uddin', 'Not', 'Not', '01708139936', 'Dhaka', 1, '2020-03-10 14:47:27', '2020-03-10 14:47:27'),
(344, 'Nuhin', 'Sukhi-Jibon', 'CEO', '01711197983', 'Dhaka', 1, '2020-03-10 15:10:36', '2020-03-10 15:10:36'),
(345, 'Nuhin Amin', 'Sukhi Jibon', 'CEO', '01711197983', 'Dhaka', 2, '2020-03-10 15:12:39', '2020-03-10 15:12:39'),
(346, 'Md. Aminul Islam', 'SDF', 'CEO', '01818258870', 'Mymensingh', 1, '2020-03-10 15:17:55', '2020-03-10 15:17:55'),
(347, 'Polash', 'RM', 'ASpada', '1223456', 'Mesoa Bazar Mymensingh', 1, '2020-03-11 04:23:35', '2020-03-11 04:23:35'),
(348, 'Md.Monirul Islam', 'Rediend Pharma', 'RM', '01811409833', 'Dhaka', 1, '2020-03-11 05:07:10', '2020-03-11 05:07:10'),
(349, 'Md.Al Amin Haque', 'Radient Pharma', 'MPO', '01847416378', 'Dhaka', 1, '2020-03-11 05:15:25', '2020-03-11 05:15:25'),
(350, 'Badrul Haque', 'Radient', 'MPO', '01811409862', 'Dhaka', 1, '2020-03-11 05:29:22', '2020-03-11 05:29:22'),
(351, 'Mir Mosharaf', 'Radient Pharma', 'Driver', '01717064069', 'Netrokona', 1, '2020-03-11 05:32:36', '2020-03-11 05:32:36'),
(352, 'Md.Mustufa', 'JTI', 'RSM', '01313076946', 'Mymensingh', 1, '2020-03-11 05:40:23', '2020-03-11 05:40:23'),
(353, 'Shahin Mahmud', 'Pepsi', 'MO', '01714047239', 'Dhaka', 2, '2020-03-11 05:41:28', '2020-03-11 05:41:28'),
(354, 'Md Morshed Shofiul', 'Asia Industries', 'MO', '01708146310', 'Dhaka', 1, '2020-03-11 05:42:59', '2020-03-11 05:42:59'),
(355, 'Md Forhad Hossain', 'Asia Industries LTD', 'Driver', '01742415599', 'Dhaka', 1, '2020-03-11 05:44:13', '2020-03-11 05:44:13'),
(356, 'Tofazzal Hosen', 'Radient Pharma Ltd', 'MPO', '01833323695', 'Dhaka', 1, '2020-03-11 05:48:55', '2020-03-11 05:48:55'),
(357, 'Utpal Komar Shen', 'Radient Pharma', 'MPO', '01811448422', 'Dhaka', 1, '2020-03-11 05:50:04', '2020-03-11 05:50:04'),
(358, 'Md.Sohel Rana', 'Radient Pharma', 'MPO', '01847344405', 'Kishorgonj', 1, '2020-03-11 05:53:23', '2020-03-11 05:53:23'),
(359, 'Asit Sorkar', 'Radirnt', 'Driver', '01844154354', 'Jamalpur', 1, '2020-03-11 05:55:26', '2020-03-11 05:55:26'),
(360, 'Md.Mahmudul', 'Radient', 'MPO', '01847844439', 'Dhaka', 1, '2020-03-11 05:57:24', '2020-03-11 05:57:24'),
(361, 'Taizul islam', 'Radient Pharma', 'MPO', '01833102632', 'Dhaka', 1, '2020-03-11 06:02:27', '2020-03-11 06:02:27'),
(362, 'Md.Mofizul Islam', 'Radient Pharma', 'MPO', '01844154767', 'Dhaka', 1, '2020-03-11 06:07:41', '2020-03-11 06:07:41'),
(363, 'Mir Mosharof', 'Radient Pharma', 'MPO', '01794923610', 'Dhaka', 1, '2020-03-11 06:10:44', '2020-03-11 06:10:44'),
(364, 'Abdul Alim Sk', 'Aci Motors', 'RM', '01708467515', 'Dhaka', 2, '2020-03-11 06:13:17', '2020-03-11 06:13:17'),
(365, 'Md.Abu Bakar Siddik', 'Radient Pharma', 'Driver', '01774334977', 'Sherpur', 1, '2020-03-11 07:21:07', '2020-03-11 07:21:07'),
(366, 'Mustakim', 'Radient Pharma', 'MPO', '01717064069', 'Netrokona', 2, '2020-03-11 07:24:17', '2020-03-11 07:24:17'),
(367, 'Nirmol kumar', 'Radient Pharma', 'MPO', '01844154361', 'Netrokona', 1, '2020-03-11 07:25:59', '2020-03-11 07:25:59'),
(368, 'Md.Kafi', 'Radient Pharma', 'Driver', '01844152287', 'Dhaka', 1, '2020-03-11 07:27:58', '2020-03-11 07:27:58'),
(369, 'Gourong', 'Opsonin Pharmaceuticals', 'DM', '01714099074', 'Mymensingh', 2, '2020-03-11 07:33:09', '2020-03-11 07:33:09'),
(370, 'Md.Ashraf', 'Radiant Pharmaceuticals Ltd.', 'RM', '01811448324', 'Mymensingh', 1, '2020-03-11 07:44:23', '2020-03-11 07:44:23'),
(371, 'Asharf', 'Radient Pharma Ltd.', 'DM', '01811448324', 'Mymensingh', 2, '2020-03-11 08:18:43', '2020-03-11 08:18:43'),
(372, 'Ashraf', 'Radient Pharma Ltd.', 'DM', '01811448324', 'Mymensingh', 3, '2020-03-11 08:22:24', '2020-03-11 08:22:24'),
(373, 'Kaondakar Walidur Rahman', 'Incepta Pharma', 'MPO', '01753748211', 'Dhaka', 1, '2020-03-14 02:30:24', '2020-03-14 02:30:24'),
(374, 'Md. Azam Uddin', 'Krisibidh', 'MPO', '01712169769', 'Dhaka', 1, '2020-03-14 02:34:18', '2020-03-14 02:34:18'),
(375, 'Md. Robiul Islam', 'Akij Group', 'MO', '01755516535', 'Mymensingh Division', 1, '2020-03-14 02:41:22', '2020-03-14 02:41:22'),
(376, 'Md.Razib Ahmed', 'Campain Bangladesh', 'Officer', '01763014180', 'Dhaka', 1, '2020-03-14 02:53:15', '2020-03-14 02:53:15'),
(377, 'Aminul Islam', 'Dudhok', 'Officer', '01712502812', 'Dhaka', 1, '2020-03-14 02:55:51', '2020-03-14 02:55:51'),
(378, 'Babur Hossain', 'Akij', 'ASM', '01755516535', 'Dhaka', 2, '2020-03-14 02:57:17', '2020-03-14 02:57:17'),
(379, 'Md. Rezaul Islam', 'HR Feed', 'Auditor', '01713856236', 'Dhaka', 1, '2020-03-14 02:59:52', '2020-03-14 02:59:52'),
(380, 'Sabbir Ahmed', 'Opsonin Pharmaceuticals Ltd.', 'MPO', '01749769107', 'Dhaka', 1, '2020-03-14 03:02:04', '2020-03-14 03:02:04'),
(381, 'Md. Alamen', 'Opsonin Pharmaceuticals Ltd.', 'Driver', '01714686958', 'Dhaka', 1, '2020-03-14 03:03:59', '2020-03-14 03:03:59'),
(382, 'Md. Akter Hossain', 'Opsonin Pharmaceuticals Ltd.', 'Officer', '01730034622', 'Dhaka', 1, '2020-03-14 03:05:35', '2020-03-14 03:05:35'),
(383, 'Md.Razib Ahmed', 'Campain Bangladesh', 'MO', '01763014180', 'Dhaka', 2, '2020-03-14 03:15:57', '2020-03-14 03:15:57'),
(384, 'Kaondakar Walidur Rahman', 'Incepta Pharmaceuticals Ltd.', 'DMO', '01753748211', 'Dhaka', 2, '2020-03-14 03:37:10', '2020-03-14 03:37:10'),
(385, 'Md.Razib Ahmed', 'Campain Bangladesh', 'Officer', '01763014180', 'Dhaka', 3, '2020-03-14 04:20:05', '2020-03-14 04:20:05'),
(386, 'Md.Razib Ahmed', 'Campain Bangladesh', 'MPO', '01763014180', 'Dhaka', 4, '2020-03-14 04:38:22', '2020-03-14 04:38:22'),
(387, 'Md.Razib Ahmed', 'Campain Bangladesh', 'Officer', '01763014180', 'Dhaka', 5, '2020-03-14 04:43:56', '2020-03-14 04:43:56'),
(388, 'Md. Aminul Islam', 'SDF', 'Co-Ordinator', '01818258870', 'Mymensingh', 2, '2020-03-14 05:05:54', '2020-03-14 05:05:54'),
(389, 'Nuhin Amin', 'Sukhi Jibon', 'CEO', '01711197983', 'Mymensingh', 3, '2020-03-14 05:47:43', '2020-03-14 05:47:43'),
(390, 'pramita banik', 'Labaid', 'officer', '01766662887', 'Dhaka', 1, '2020-07-14 06:22:03', '2020-07-14 06:22:03'),
(391, 'Md. Fahad Hosen', 'ACI', 'M.O', '01777969578', 'Dhaka', 2, '2020-07-16 04:29:42', '2020-07-16 04:29:42'),
(392, 'Parmita Banik', 'Labaid Pharma', 'MPO', '01766662887', 'Dhaka', 2, '2020-07-16 04:49:24', '2020-07-16 04:49:24'),
(393, 'Kazi Nazrul Islam', 'Ziska Pharma', 'M.O', '01872601663', 'Mymensingh', 2, '2020-07-16 04:53:06', '2020-07-16 04:53:06'),
(394, 'Asraful Haque', 'General Pharma', 'M.O', '01764832676', 'Dhaka', 1, '2020-07-16 04:55:32', '2020-07-16 04:55:32'),
(395, 'Asraful Haque', 'General Pharma', 'M.O', '01764832676', 'Dhaka', 2, '2020-07-16 04:57:35', '2020-07-16 04:57:35'),
(396, 'Sk Muzahidur Rahman', 'Akij Food', 'MPo', '0177718291', 'Dhaka', 1, '2020-07-16 05:01:49', '2020-07-16 05:01:49'),
(397, 'Md.Fahad Hosen', 'ACI', 'M.O', '01777969578', 'Dhaka', 3, '2020-07-16 08:53:33', '2020-07-16 08:53:33'),
(398, 'Pormita Banik', 'Labaid Pharma', 'MPO', '01766662887', 'Dhaka', 3, '2020-07-16 09:06:01', '2020-07-16 09:06:01'),
(399, 'Parmita Banik', 'Labaid', 'MPO', '01766662887', 'Dhaka', 4, '2020-07-16 09:08:06', '2020-07-16 09:08:06'),
(400, 'Kazi Nazrul Islam', 'N/A', 'Officer', '01872601663', 'Mymensingh', 3, '2020-07-16 09:09:36', '2020-07-16 09:09:36'),
(401, 'Ashraful Haque', 'N/A', 'Officer', '01764832676', 'Dhaka', 3, '2020-07-16 09:11:53', '2020-07-16 09:11:53'),
(402, 'SK. Muzahidur Rahman', 'Akij Food', 'MPO', '0177718291', 'Dhaka', 2, '2020-07-16 09:13:42', '2020-07-16 09:13:42'),
(403, 'Ataur Rahman', 'Ziska Pharmaceuticals Ltd.', 'MPO', '01344455555', 'Mymensingh', 2, '2020-07-16 09:36:41', '2020-07-16 09:36:41'),
(404, 'Suvrotto Das', 'Duronto Tv', 'Director', '01961392396', 'Dhaka', 1, '2020-07-17 03:04:05', '2020-07-17 03:04:05'),
(405, 'Suvrotto Das', 'Duronto Tv', 'Actors', '01961392396', 'Dhaka', 2, '2020-07-17 03:06:07', '2020-07-17 03:06:07'),
(406, 'Suvrotto Das', 'Duronto Tv', 'Director', '01961392396', 'Dhaka', 3, '2020-07-17 03:09:32', '2020-07-17 03:09:32'),
(407, 'Md. Abu Hanif', 'JTI', 'MO', '0131307833', 'Dhaka', 1, '2020-07-17 03:13:09', '2020-07-17 03:13:09'),
(408, 'Ishtier Azim', 'JTI', 'MO', '0177548033', 'Dhaka', 1, '2020-07-17 03:15:10', '2020-07-17 03:15:10'),
(409, 'Md. Azim Uddin', 'IFIAPP', 'Officer', '01712169769', 'Dhaka', 2, '2020-07-17 03:20:47', '2020-07-17 03:20:47'),
(410, 'Abdul Bashir', 'Byercrops', 'MO', '01738634269', 'Munshigonj', 1, '2020-07-17 03:48:07', '2020-07-17 03:48:07'),
(411, 'Masud', 'ACI', 'MO', '01872601668', 'Dhaka', 1, '2020-07-17 03:58:02', '2020-07-17 03:58:02'),
(412, 'Masud', 'ACI', 'MO', '01857600047', 'Dhaka', 1, '2020-07-17 04:00:10', '2020-07-17 04:00:10'),
(413, 'Abdul Kadir', 'Byer Crops', 'MO', '01788117196', 'Dhaka', 1, '2020-07-17 04:12:18', '2020-07-17 04:12:18'),
(414, 'Khandoker Farid Uddin', 'Byer Crops', 'MPO', '01713444179', 'Dhaka', 1, '2020-07-17 04:32:19', '2020-07-17 04:32:19'),
(415, 'Md. Amin Ullah', 'Byer Crops', 'MPO', '01724989288', 'Dhaka', 1, '2020-07-17 04:34:25', '2020-07-17 04:34:25'),
(416, 'Md.Babul Hasan', 'Byer Crops', 'MO', '01679527841', 'Dhaka', 1, '2020-07-17 04:37:04', '2020-07-17 04:37:04'),
(417, 'Md. Babul Hossain', 'Byer Crops', 'MO', '01732841991', 'Dhaka', 1, '2020-07-17 04:41:58', '2020-07-17 04:41:58');
INSERT INTO `guests` (`id`, `name`, `org_name`, `designation`, `contact_no`, `address`, `appearance`, `created_at`, `updated_at`) VALUES
(418, 'Dr. Rajan Bashak', 'Popular Pharma', 'MPO', '01853656507', 'Dhaka', 1, '2020-07-17 04:44:01', '2020-07-17 04:44:01'),
(419, 'Md. Mukhlesur Rahman', 'General Pharma', 'MO', '01750387702', 'Sherpur', 1, '2020-07-17 04:46:22', '2020-07-17 04:46:22'),
(420, 'Md. Ekbal', 'Popular Pharmaceuticals Ltd.', 'MPO', '01711585429', 'Mymensingh', 3, '2020-07-17 04:53:43', '2020-07-17 04:53:43'),
(421, 'Md. Abir', 'ACI Fertilizer', 'MPO', '01799993035', 'Mymensingh', 3, '2020-07-17 05:01:47', '2020-07-17 05:01:47'),
(422, 'Md. Nazrul Islam', 'Veritas Pharmaceuticals', 'Dristributor', '01955577804', 'Banani,Dhaka', 1, '2020-07-17 05:11:07', '2020-07-17 05:11:07'),
(423, 'Md. Robiul Islam', 'Akij Group', 'Executive Dristributor', '01755516535', 'Mymensingh Division', 3, '2020-07-17 05:19:34', '2020-07-17 05:19:34'),
(424, 'Sagor Mondol', 'Byer crops', 'Driver', '01749718150', 'dhaka', 1, '2020-07-17 07:44:14', '2020-07-17 07:44:14'),
(425, 'Mintu Mia', 'Byer Crops', 'Driver', '01749718151', 'Dhaka', 1, '2020-07-17 07:48:00', '2020-07-17 07:48:00'),
(426, 'Mintu Mia', 'Byer Crops', 'Driver', '01749718150', 'Dhaka', 2, '2020-07-17 07:53:07', '2020-07-17 07:53:07'),
(427, 'Shamol Bormon', 'Byer Crops', 'Officer', '01713444163', 'Dhaka', 1, '2020-07-17 07:55:25', '2020-07-17 07:55:25'),
(428, 'Shamol Bormon', 'Byer Crops', 'Officer', '01713444163', 'Dhaka', 2, '2020-07-17 07:57:33', '2020-07-17 07:57:33'),
(429, 'Masudur Rahman Noman', 'Navana', 'Officer', '01929325104', 'Dhaka', 1, '2020-07-17 07:59:28', '2020-07-17 07:59:28'),
(430, 'Md Abu Hanif', 'Navana', 'Officer', '01980007878', 'Dhaka', 1, '2020-07-17 08:01:40', '2020-07-17 08:01:40'),
(431, 'MM Shohidul Islam Monir', 'Navana', 'Sr.Officer', '01929988786', 'Dhaka', 1, '2020-07-17 08:03:59', '2020-07-17 08:03:59'),
(432, 'Md Shohel', 'Navana', 'Driver', '01929325104', 'Dhaka', 2, '2020-07-17 08:06:02', '2020-07-17 08:06:02'),
(433, 'Md Razib kHan', 'N/A', 'Officer', '01912361488', 'Dhaka', 1, '2020-07-17 08:09:04', '2020-07-17 08:09:04'),
(434, 'Mehidi Hasan', 'Byer Crops', 'Officer', '0181700260', 'Dhaka', 1, '2020-07-17 08:10:52', '2020-07-17 08:10:52'),
(435, 'Md. Zahid', 'Byer Crops', 'Driver', '01749718150', 'Dhaka', 3, '2020-07-17 08:13:07', '2020-07-17 08:13:07'),
(436, 'Bidhan Chandra Paul', 'Byer Crops', 'MPO', '01713444167', 'Dhaka', 2, '2020-07-17 08:15:24', '2020-07-17 08:15:24'),
(437, 'Onupom', 'JTI', 'MDO', '01713917864', 'Mymensingh', 2, '2020-07-17 08:22:07', '2020-07-17 08:22:07'),
(438, 'Md. Aminul Islam', 'SDF', 'PD', '01818258870', 'Mymensingh', 3, '2020-07-17 08:27:45', '2020-07-17 08:27:45'),
(439, 'Md. Abul Bashar', 'SK+F Pharmaceuticals Ltd.', 'MDO', '01714012008', 'Mymensingh', 3, '2020-07-17 08:38:21', '2020-07-17 08:38:21'),
(440, 'Trina', 'JTI', 'MTO', '01313076583', 'Dhaka', 3, '2020-07-17 10:01:49', '2020-07-17 10:01:49'),
(441, 'Md.Atikuzzaman', 'Byer Crops', 'MTO', '01841444151', 'Chittagong', 1, '2020-07-17 10:04:55', '2020-07-17 10:04:55'),
(442, 'Md. Atikuzzaman', 'Byer Crops', 'MTO', '01841444151', 'Chittagong', 2, '2020-07-17 10:06:37', '2020-07-17 10:06:37'),
(443, 'Md. Atikuzzaman', 'Byer Crops', 'MTO', '01841444151', 'Chittagong', 3, '2020-07-17 10:15:54', '2020-07-17 10:15:54'),
(444, 'Md. Jafar Sadikul', 'Byer Crops', 'MO', '01711426862', 'Dhaka', 1, '2020-07-17 10:18:08', '2020-07-17 10:18:08'),
(445, 'Md. Samsul Alom', 'Byer Crops', 'MO', '01713444160', 'Johoree', 1, '2020-07-17 10:19:45', '2020-07-17 10:19:45'),
(446, 'Md. Akramul Haque', 'Madaripur', 'MO', '01841444196', 'Byer Crops', 1, '2020-07-17 10:24:32', '2020-07-17 10:24:32'),
(447, 'Md. Shahin', 'Byer Crops', 'MO', '01710666503', 'Dhaka', 1, '2020-07-17 10:26:40', '2020-07-17 10:26:40'),
(448, 'Sjahan', 'Kazi Farms', 'MO', '01727704499', 'Dhaka', 2, '2020-07-17 10:28:45', '2020-07-17 10:28:45'),
(449, 'Md. Mosharaf Hossain', 'Kazi Farms', 'MTO', '01709661817', 'Dhaka', 2, '2020-07-17 10:30:15', '2020-07-17 10:30:15'),
(450, 'Mafuzur Rahman', 'Byer Crops', 'MO', '01707009383', 'Dhaka', 1, '2020-07-17 10:32:56', '2020-07-17 10:32:56'),
(451, 'Md. Mamun Hawlader', 'N/A', 'Officer', '01958316362', 'Dhanmondi,Dhaka', 1, '2020-07-17 10:34:43', '2020-07-17 10:34:43'),
(452, 'Debasis Sarker', 'N/A', 'Officer', '01958316370', 'Dhanmondi,Dhaka', 1, '2020-07-17 10:36:02', '2020-07-17 10:36:02'),
(453, 'Ambika Proshad', 'N/A', 'Officer', '01797184709', 'Dhanmondi,Dhaka', 1, '2020-07-17 10:38:17', '2020-07-17 10:38:17'),
(454, 'Eliyas Hossain', 'N/a', 'MO', '01679042262', 'Dhanmondi,Dhaka', 1, '2020-07-17 10:40:01', '2020-07-17 10:40:01'),
(455, 'Md. Nazim Uddin', 'EON Group', 'MO', '01730011950', 'Dhaka', 2, '2020-07-17 10:43:06', '2020-07-17 10:43:06'),
(456, 'Md. Mustafizur Rahman', 'Akij Group', 'MO', '01675613739', 'Dhaka', 1, '2020-07-17 10:45:10', '2020-07-17 10:45:10'),
(457, 'Shamimuzzaman', 'Aftab Group', 'MO', '01713015621', 'Dhaka', 1, '2020-07-17 10:50:53', '2020-07-17 10:50:53'),
(458, 'Ratul Islam', 'Deeplaid Pharma', 'MO', '01700712432', 'Dhaka', 1, '2020-07-17 10:54:28', '2020-07-17 10:54:28'),
(459, 'Md. Nuruzaman Biswas', 'Kornofuli Group', 'MO', '01713452579', 'Dhaka', 1, '2020-07-17 10:56:26', '2020-07-17 10:56:26'),
(460, 'Md. Shohag', 'Byer Crops', 'Driver', '01957341335', 'Comilla', 1, '2020-07-17 10:58:16', '2020-07-17 10:58:16'),
(461, 'S.M. Hossainuzzaman', 'Byer Crops', 'Manager', '01841444191', 'Chittagong', 1, '2020-07-17 11:04:54', '2020-07-17 11:04:54'),
(462, 'Md. Hafizur Rahman', NULL, NULL, '01841444153', 'Jamalpur', 1, '2020-07-17 11:07:48', '2020-07-17 11:07:48'),
(463, 'Shamim Ahmed', 'Byer Crops', 'Officer', '01557566434', 'Gazipur', 1, '2020-07-17 11:10:37', '2020-07-17 11:10:37'),
(464, 'Md. Sohel Kabir', 'Byer Crops', 'DO', '01713444125', 'Dhaka', 1, '2020-07-17 11:17:20', '2020-07-17 11:17:20'),
(465, 'Sayeb Imrul Kabir', 'Byer Crops', 'Do', '01713444123', 'Dhaka', 1, '2020-07-17 11:19:01', '2020-07-17 11:19:01'),
(466, 'Samsul Alom', 'Byer Crops', 'DO', '01713444160', 'Joshoree', 2, '2020-07-17 11:27:07', '2020-07-17 11:27:07'),
(467, 'Md. Saruer', 'EON Group', 'Driver', '01718212927', 'Dhaka', 2, '2020-07-17 11:30:30', '2020-07-17 11:30:30'),
(468, 'G.M. Masudur Rahman', 'Byer Crops', 'OM', '01841444121', 'Dhaka', 1, '2020-07-17 11:32:22', '2020-07-17 11:32:22'),
(469, 'Jibon Roy', 'Byer Crops', 'DO', '01756539999', 'Dhaka', 1, '2020-07-17 11:35:01', '2020-07-17 11:35:01'),
(470, 'Dipok Kumar', 'Byer Crops', 'MO', '01747831566', 'Noyakhali', 1, '2020-07-17 11:37:20', '2020-07-17 11:37:20'),
(471, 'Md. Jahidul Islam', 'Byer Crops', 'MO', '01713444178', 'Comilla', 1, '2020-07-17 11:39:06', '2020-07-17 11:39:06'),
(472, 'Md. Rayhan nUllah', 'Byerv Crops', 'MO', '017841700263', 'Comilla', 1, '2020-07-17 11:40:53', '2020-07-17 11:40:53'),
(473, 'Md. Hafizur Rahman', 'Byer Crops', 'Om', '01841444153', 'JamalPur', 2, '2020-07-17 11:43:58', '2020-07-17 11:43:58'),
(474, 'Md. Robiul Islam', 'Akij Group', 'DO', '01755516535', 'Mymensingh Division', 4, '2020-07-17 11:47:51', '2020-07-17 11:47:51'),
(475, 'Md. Noor Islam Rony', 'Meghna Group', 'MPO', '01727288539', 'Dhaka', 1, '2020-07-17 23:47:18', '2020-07-17 23:47:18'),
(476, 'Md. Mahbubul Alom', 'Meghna Group', 'DO', '01755558409', 'Dhaka', 1, '2020-07-17 23:49:06', '2020-07-17 23:49:06'),
(477, 'Md. Kamal', 'Gramen Phone', 'MO', '01711490858', 'Dhaka', 1, '2020-07-17 23:50:39', '2020-07-17 23:50:39'),
(478, 'Atikul Islam', 'EON Group', 'MO', '01313448179', 'Dhaka', 1, '2020-07-17 23:53:00', '2020-07-17 23:53:00'),
(479, 'Md. Kbdul Kadir', 'AKIJ Group', 'MTO', '01751825454', 'Dhaka', 1, '2020-07-17 23:56:00', '2020-07-17 23:56:00'),
(480, 'Md. Monir Ahmed', 'Akij Group', 'DO', '01751525454', 'Dhaka', 1, '2020-07-17 23:57:56', '2020-07-17 23:57:56'),
(481, 'Md. Harunor Rashid', 'Growtech', 'MO', '0192699096', 'Dhaka', 1, '2020-07-18 00:00:31', '2020-07-18 00:00:31'),
(482, 'Md.Monir Hossain', 'GP', 'MO', '01711490858', 'Dhaka', 2, '2020-07-18 00:03:08', '2020-07-18 00:03:08'),
(483, 'Md. Mizanur Rahman', 'Genetika', 'MO', '01711361235', 'Dhaka', 1, '2020-07-18 00:08:45', '2020-07-18 00:08:45'),
(484, 'Md. Masud Mia', 'DG Feed', 'MO', '01708120800', 'Dhaka', 1, '2020-07-18 00:10:32', '2020-07-18 00:10:32'),
(485, 'Md.Amin hossain', 'krishibid', 'M.o', '01682787476', 'N/A', 3, '2020-07-18 00:18:42', '2020-07-18 00:18:42'),
(486, 'Noor Alam', 'Akiz Group', 'M O', '01712373569', 'Dhaka', 1, '2020-07-18 01:35:48', '2020-07-18 01:35:48'),
(487, 'MD Joynul Abdin', 'Quality Feeds LTD', 'M O', '0155631193', 'Dhaka', 1, '2020-07-18 02:24:47', '2020-07-18 02:24:47'),
(488, 'MD Mamunur Roshid', 'Eon Group', 'Officer', '01755634037', 'Dhaka', 1, '2020-07-18 02:28:27', '2020-07-18 02:28:27'),
(489, 'Razaul Islam', 'Fishtech', 'Officer', '01926990525', 'Dhaka', 2, '2020-07-18 02:35:37', '2020-07-18 02:35:37'),
(490, 'Meghna Group Md. Mahbubul Alom', 'Megna Group', 'DO', '01755558409', 'Dhaka', 2, '2020-07-18 03:51:15', '2020-07-18 03:51:15'),
(491, 'Meghna Group Md. Mahbubul Alom', 'Meghna Group', 'MDO', '01755558409', 'Mymensingh', 3, '2020-07-18 03:59:20', '2020-07-18 03:59:20'),
(492, 'Md. Rafiq Mia', 'General Pharmaceuticals Ltd.', 'MRO', '01872601938', 'Mymensingh', 2, '2020-07-18 04:06:36', '2020-07-18 04:06:36'),
(493, 'Md. Rafiq', 'General Pharmaceuticals Ltd.', 'MRO', '01872601938', 'Mymensingh', 3, '2020-07-18 04:16:02', '2020-07-18 04:16:02'),
(494, 'Md. Ayub vAli', 'Incepta', 'Driver', '01719460617', 'Dhaka', 1, '2020-07-18 06:37:01', '2020-07-18 06:37:01'),
(495, 'Md. Ayub Miah', 'Incepta Pharmaceuticals Ltd.', 'Driver', '01719460617', 'Dhaka', 2, '2020-07-18 08:37:13', '2020-07-18 08:37:13'),
(496, 'Md. Ayub Miah', 'Incepta POharmaceuticals Ltd.', 'Driver', '01719460617', 'Dhaka', 3, '2020-07-20 02:21:56', '2020-07-20 02:21:56'),
(497, 'Md. zakaria', 'Incepta Pharmaceuticals Ltd,', 'Dhaka', '01711243162', 'Dhaka', 1, '2020-07-20 02:24:18', '2020-07-20 02:24:18'),
(498, 'Md. Jibon Chandra Dor', 'Incepta Pharmaceuticals Ltd.', 'Dhaka', '01731702296', 'Dhaka', 1, '2020-07-20 02:26:11', '2020-07-20 02:26:11'),
(499, 'Dr. Md. Nazrul Islam', 'Incepta Pharmaceuticals Ltd.', 'Doctor', '01714094087', 'Dhaka', 1, '2020-07-20 02:29:01', '2020-07-20 02:29:01'),
(500, 'Dr. Taslim Akhter', 'Incepta Pharmaceuticals Ltd.', 'Doctor', '01467551402', 'Dhaka', 1, '2020-07-20 02:31:00', '2020-07-20 02:31:00'),
(501, 'Dr. Nezam Uddin', 'Incepta Pharmaceuticals Ltd.', 'Doctor', '01730024433', 'Dhaka', 1, '2020-07-20 02:33:16', '2020-07-20 02:33:16'),
(502, 'Dr. Md. Sadequr Rahman', 'Incepta Pharmaceuticals Ltd.', 'Doctor', '01712769879', 'Dhaka', 1, '2020-07-20 02:35:08', '2020-07-20 02:35:08'),
(503, 'Dr. Rabbi', 'Incepta Pharmaceuticals Ltd.', 'Doctor', '0173070018', 'Dhaka', 1, '2020-07-20 02:36:40', '2020-07-20 02:36:40'),
(504, 'Md. Jahid Hasan', 'Incepta Pharmaceuticals Ltd.', 'Driver', '01933401404', 'Dhaka', 1, '2020-07-20 02:38:03', '2020-07-20 02:38:03'),
(505, 'Dr. Md. Shahid Hossain', 'ACME', 'Doctor', '01713430529', 'Dhaka', 3, '2020-07-20 02:40:59', '2020-07-20 02:40:59'),
(506, 'Md. Saifur Rahman', 'Romania', 'Driver', '019999010497', 'Dhaka', 1, '2020-07-20 02:44:53', '2020-07-20 02:44:53'),
(507, 'Utpal Kumar Sen', 'Radiant Pharmaceuticals Ltd.', 'MO', '01811448422', 'Dhaka', 2, '2020-07-20 02:46:31', '2020-07-20 02:46:31'),
(508, 'Tonmoy Mazumder', 'ACI', 'MO', '01755608400', 'Dhaka', 1, '2020-07-20 02:47:53', '2020-07-20 02:47:53'),
(509, 'Md. Masharof Hossain', 'SMC', 'MO', '01995666111', 'Dhaka', 1, '2020-07-20 02:49:19', '2020-07-20 02:49:19'),
(510, 'Dr. Fatema Ashrafee', 'Radiant Pharmaceuticals Ltd.', 'Dr.', '01711855941', 'Dhaka', 1, '2020-07-20 02:51:20', '2020-07-20 02:51:20'),
(511, 'Delowar Ahmed Totul', 'Khushi Enterprise', 'MO', '01713310068', 'Sylhet', 1, '2020-07-20 02:54:02', '2020-07-20 02:54:02'),
(512, 'Md. Muzibar Rahman', 'Ziska Pharmaceuticals Ltd.', 'MO', '01914430108', 'Dhaka', 1, '2020-07-20 02:55:26', '2020-07-20 02:55:26'),
(513, 'Dr. Md. Sarowar', 'Incepta Pharmaceuticals Ltd.', 'MO', '01904488604', 'Dhaka', 1, '2020-07-20 02:57:04', '2020-07-20 02:57:04'),
(514, 'Dr. Zasim Uddin', 'Incepta Pharmaceuticals Ltd.', 'MO', '01752827682', 'Dhaka', 1, '2020-07-20 02:59:00', '2020-07-20 02:59:00'),
(515, 'Md. Mafuz Mia', 'Romania Food & Beverage Ltd.', 'MPO', '01977009020', 'Mymensingh', 3, '2020-07-20 04:58:48', '2020-07-20 04:58:48'),
(516, 'Md. Mafuz Mia', 'Date: 7th March, 2020  Receipt #: aspada_20_07_20_020 Romania Food & Beverage Ltd.', 'MPO', '01977009020', 'Mymensingh', 4, '2020-07-20 05:03:46', '2020-07-20 05:03:46'),
(517, 'Md. Faruq Mia', 'New Zealand Dairy Products Bangladesh', 'Dristributor Officer', '01951454977', 'Mymensingh', 1, '2020-07-20 07:20:07', '2020-07-20 07:20:07'),
(518, 'Md. Imamuzzaman', 'Bombay Sweets & Company Ltd.', 'DO', '01713659830', 'Mymensingh', 2, '2020-07-20 07:23:46', '2020-07-20 07:23:46'),
(519, 'Md Kawser Azaz', 'Inovatibe Bioscitnce', 'Officr', '0170858017', 'Dhaka', 1, '2020-07-20 08:05:42', '2020-07-20 08:05:42'),
(520, 'Md. Kawser Azam', 'Inovative Bio Science', 'Sales Man', '01708150817', 'Dhaka', 1, '2020-07-20 23:20:58', '2020-07-20 23:20:58'),
(521, 'Md. Atiqul Ehasa', 'Megna Group', 'MO', '01713204997', 'Dhaka', 1, '2020-07-20 23:22:49', '2020-07-20 23:22:49'),
(522, 'Md. Montu', 'Incepta Pharma', 'Driver', '0171037325', 'Dhaka', 1, '2020-07-20 23:24:27', '2020-07-20 23:24:27'),
(523, 'Kablu Das', 'ACI', 'MO', '01708467536', 'Dhaka', 1, '2020-07-20 23:25:35', '2020-07-20 23:25:35'),
(524, 'Md. Almas Hossain', 'Samco', 'Driver', '01995261287', 'Dhaka', 1, '2020-07-20 23:26:59', '2020-07-20 23:26:59'),
(525, 'Md. Saiful Islam', 'Megna Group', 'Sales Man', '01936213008', 'Dhaka', 1, '2020-07-20 23:28:33', '2020-07-20 23:28:33'),
(526, 'Md. Yeasin Mollah', 'Megna Group', 'MPO', '01713013158', 'Dhaka', 1, '2020-07-20 23:30:13', '2020-07-20 23:30:13'),
(527, 'Md. Razib Khan', 'Inovative Bio Science', 'MO', '01912361488', 'Dhaka', 2, '2020-07-20 23:32:25', '2020-07-20 23:32:25'),
(528, 'Md. Yeasen Mollah', 'Megna Group', 'MRO', '01713013158', 'Dhaka', 2, '2020-07-20 23:36:59', '2020-07-20 23:36:59'),
(529, 'Md. Selim Reza Sumon', 'Pusti', 'DMO', '01730784800', 'Dhaka', 1, '2020-07-20 23:55:52', '2020-07-20 23:55:52'),
(530, 'S.M Abdullah Al Maruf', 'Deeplaid', 'Sales Man', '01713188575', 'Dhaka', 1, '2020-07-20 23:58:24', '2020-07-20 23:58:24'),
(531, 'Md. Razib Khan', 'Inovative Bio Science', 'MPO', '01912361488', 'Dhaka', 3, '2020-07-21 00:00:07', '2020-07-21 00:00:07'),
(532, 'Toufiq Ahmed Siddique', 'SMC Enterprise', 'Senior Area Executive', '01318245110', 'Mymensingh', 1, '2020-07-21 00:07:23', '2020-07-21 00:07:23'),
(533, 'H M Syfullah', 'Deeplaid Laboratories Ltd.', 'DGM-Sales & Marketing', '01700712700', 'Mymensingh', 1, '2020-07-21 00:24:01', '2020-07-21 00:24:01'),
(534, 'Md. Fahim', 'CBL Bangladesh (Pvt.) Ltd.', 'Officer', '01711881064', '17 Chota Baza', 1, '2020-07-21 00:29:29', '2020-07-21 00:29:29'),
(535, 'Ispahani Tea Limited', 'Ispahani Tea Limited', 'Company', '+880-31-716153-6', '14/15, Motijheel Commercial Area, Dhaka-1000', 1, '2020-07-21 00:39:39', '2020-07-21 00:39:39'),
(536, 'Dr. Md. Elias Hossain', 'AL-AMdina', 'DGM-Sales', '0168397000', 'Dhaka', 1, '2020-07-21 01:08:00', '2020-07-21 01:08:00'),
(537, 'Md. Baschu Mia', 'Karnofuli', 'Sales Man', '01777741311', 'Dhaka', 1, '2020-07-21 01:09:24', '2020-07-21 01:09:24'),
(538, 'Md. Sohag Hossen', 'Al-Madina', 'Driver', '01710576357', 'Dhaka', 1, '2020-07-21 01:14:02', '2020-07-21 01:14:02'),
(539, 'Md. Moslem', 'Waltopn', 'Driver', '0176501254 3', 'Dhaka', 1, '2020-07-21 01:15:46', '2020-07-21 01:15:46'),
(540, 'jahid Hasan', 'WaltoN', 'dgm-Sales', '0167802805', 'Dhaka', 1, '2020-07-21 01:17:50', '2020-07-21 01:17:50'),
(541, 'Rosamoy Roy', 'Walton', 'Sales Man', '016866601444', 'Dhaka', 1, '2020-07-21 01:19:23', '2020-07-21 01:19:23'),
(542, 'Bahar Uddin Majumder', 'National Life Insurance Ltd.', 'Officer', '01711815512', 'Dhaka', 1, '2020-07-21 01:21:09', '2020-07-21 01:21:09'),
(543, 'Md. Razib Khan', 'Inovative Bio Science', 'MO', '01912361488', 'Dhaka', 4, '2020-07-21 01:22:39', '2020-07-21 01:22:39'),
(544, 'Abdul Jalil Khan', 'Karnofuli', 'MO', '01777741311', 'Dhaka', 2, '2020-07-21 01:23:59', '2020-07-21 01:23:59'),
(545, 'A.K.M Azad', 'ASA', 'DM', '01746830318', 'Mymensingh', 1, '2020-07-21 01:28:57', '2020-07-21 01:28:57'),
(546, 'Md. Kamalo', 'Gramenphone', 'Driver', '01716321059', 'Dhaka', 1, '2020-07-21 02:10:44', '2020-07-21 02:10:44'),
(547, 'Md. Mokbul Hoissain', 'IRG', 'Officer', '01716321059', 'Dhaka', 2, '2020-07-21 02:14:23', '2020-07-21 02:14:23'),
(548, 'Senta', 'IRRI', 'Officer', '01955667740', 'Dhaka', 1, '2020-07-21 02:16:35', '2020-07-21 02:16:35'),
(549, 'Dr. MA Salaque', 'IRRI', 'Officer', '01864567543', 'Dhaka', 1, '2020-07-21 02:18:41', '2020-07-21 02:18:41'),
(550, 'Md. Robiul Islam', 'Akij Food & Beverage Ltd.', 'DO', '01719423505', 'Mymensingh', 1, '2020-07-21 02:23:40', '2020-07-21 02:23:40'),
(551, 'Aminul Islam', 'ASA', 'Sr.ABM', '01713506242', 'Mymensingh', 1, '2020-07-21 04:02:37', '2020-07-21 04:02:37'),
(552, 'Dr.Anawer Hossain', 'WHO', 'Doctor', '01766144576', 'Dhaka', 1, '2020-07-21 05:11:35', '2020-07-21 05:11:35'),
(553, 'Md Nur Alam Siddique', 'N/A', 'Officer', '01782644415', 'Dhaka', 1, '2020-07-21 05:17:26', '2020-07-21 05:17:26'),
(554, 'Md Anawer Hossain', 'Bondhon', 'DM', '01794863347', 'Dhaka', 1, '2020-07-21 05:21:54', '2020-07-21 05:21:54'),
(555, 'Ali Hossain', 'Akij', 'Manager', '01831432845', 'Dhaka', 1, '2020-07-21 05:23:41', '2020-07-21 05:23:41'),
(556, 'Mohid Nawaz', 'SK+F', 'DGM', '01755517634', 'Dhaka', 1, '2020-07-21 05:26:09', '2020-07-21 05:26:09'),
(557, 'Muhid Nawaz', 'SK+F', 'DGM', '01755517634', 'Dhaka', 2, '2020-07-21 05:29:50', '2020-07-21 05:29:50'),
(558, 'Md. Mafizur Rahman', 'WHo', 'Officer', '01714165232', 'Dhaka', 1, '2020-07-21 05:31:37', '2020-07-21 05:31:37'),
(559, 'Md. Kamrul Islam', 'GP', 'Driver', '01711490858', 'Dhaka', 3, '2020-07-21 05:32:54', '2020-07-21 05:32:54'),
(560, 'Md. Alamin', 'ACI Motors Ltd.', 'Sales Executive', '01732782213', 'Gulsan-1', 1, '2020-12-08 13:26:07', '2020-12-08 13:26:07'),
(561, 'Md. Abdur Rahman', 'ACI Motors Ltd.', 'Sales Officer', '0179650749', 'Dhaka', 1, '2020-12-08 13:33:32', '2020-12-08 13:33:32'),
(562, 'Sajedur Rahman Mamun', 'Metal', 'DSM', '01712791998', 'Dhaka', 1, '2020-12-16 14:07:49', '2020-12-16 14:07:49'),
(563, 'Alamin', 'Nokia', 'RSM', '01732782213', 'Gulshan,Dhaka', 2, '2020-12-21 07:52:34', '2020-12-21 07:52:34'),
(564, 'Md. Abdur Rahman', 'ACI Motors Ltd.', 'Salesb Executive', '0179650749', 'Dhaka', 2, '2020-12-21 07:55:22', '2020-12-21 07:55:22'),
(565, 'Sajedur Rahman', 'Metal', 'DSM', '01712791998', 'Dhaka', 2, '2020-12-21 08:27:01', '2020-12-21 08:27:01');

-- --------------------------------------------------------

--
-- Table structure for table `h1_building_types`
--

CREATE TABLE `h1_building_types` (
  `id` int(10) UNSIGNED NOT NULL,
  `name` varchar(100) COLLATE utf8mb4_unicode_ci NOT NULL,
  `description` varchar(255) COLLATE utf8mb4_unicode_ci DEFAULT NULL,
  `created_at` timestamp NULL DEFAULT NULL,
  `updated_at` timestamp NULL DEFAULT NULL
) ENGINE=InnoDB DEFAULT CHARSET=utf8mb4 COLLATE=utf8mb4_unicode_ci;

--
-- Dumping data for table `h1_building_types`
--

INSERT INTO `h1_building_types` (`id`, `name`, `description`, `created_at`, `updated_at`) VALUES
(1, 'Normal', NULL, NULL, NULL);

-- --------------------------------------------------------

--
-- Table structure for table `h2_buildings`
--

CREATE TABLE `h2_buildings` (
  `id` int(10) UNSIGNED NOT NULL,
  `name` varchar(100) COLLATE utf8mb4_unicode_ci NOT NULL,
  `building_type` int(10) UNSIGNED NOT NULL,
  `description` varchar(255) COLLATE utf8mb4_unicode_ci DEFAULT NULL,
  `created_at` timestamp NULL DEFAULT NULL,
  `updated_at` timestamp NULL DEFAULT NULL
) ENGINE=InnoDB DEFAULT CHARSET=utf8mb4 COLLATE=utf8mb4_unicode_ci;

--
-- Dumping data for table `h2_buildings`
--

INSERT INTO `h2_buildings` (`id`, `name`, `building_type`, `description`, `created_at`, `updated_at`) VALUES
(1, 'Aspada Training Academy', 1, NULL, NULL, NULL);

-- --------------------------------------------------------

--
-- Table structure for table `h3_floor_types`
--

CREATE TABLE `h3_floor_types` (
  `id` int(10) UNSIGNED NOT NULL,
  `name` varchar(100) COLLATE utf8mb4_unicode_ci NOT NULL,
  `description` varchar(255) COLLATE utf8mb4_unicode_ci DEFAULT NULL,
  `created_at` timestamp NULL DEFAULT NULL,
  `updated_at` timestamp NULL DEFAULT NULL
) ENGINE=InnoDB DEFAULT CHARSET=utf8mb4 COLLATE=utf8mb4_unicode_ci;

--
-- Dumping data for table `h3_floor_types`
--

INSERT INTO `h3_floor_types` (`id`, `name`, `description`, `created_at`, `updated_at`) VALUES
(1, 'Ground', 'This is Ground type floor.', '2019-11-15 07:05:39', NULL),
(2, 'Normal', 'This is normal type of floor.', '2019-11-15 07:06:11', NULL);

-- --------------------------------------------------------

--
-- Table structure for table `h4_floors`
--

CREATE TABLE `h4_floors` (
  `id` int(10) UNSIGNED NOT NULL,
  `building_id` int(10) UNSIGNED NOT NULL,
  `name` varchar(100) COLLATE utf8mb4_unicode_ci NOT NULL,
  `floor_type` int(10) UNSIGNED NOT NULL,
  `description` varchar(255) COLLATE utf8mb4_unicode_ci DEFAULT NULL,
  `created_at` timestamp NULL DEFAULT NULL,
  `updated_at` timestamp NULL DEFAULT NULL
) ENGINE=InnoDB DEFAULT CHARSET=utf8mb4 COLLATE=utf8mb4_unicode_ci;

--
-- Dumping data for table `h4_floors`
--

INSERT INTO `h4_floors` (`id`, `building_id`, `name`, `floor_type`, `description`, `created_at`, `updated_at`) VALUES
(1, 1, 'Ground Floor', 1, 'This is Ground Floor.', '2019-11-15 08:42:56', NULL),
(2, 1, 'Floor-1', 2, 'This is Floor-1.', '2019-11-15 08:46:19', NULL),
(3, 1, 'Floor-2', 2, 'This is Floor-2', '2019-11-15 08:46:41', NULL),
(4, 1, 'Floor-3', 2, 'This is Floor-3.', '2019-11-15 08:47:08', NULL),
(5, 1, 'Floor-4', 2, 'This is Floor-4', '2019-11-15 08:48:09', NULL);

-- --------------------------------------------------------

--
-- Table structure for table `h5_room_categories`
--

CREATE TABLE `h5_room_categories` (
  `id` int(10) UNSIGNED NOT NULL,
  `name` varchar(100) COLLATE utf8mb4_unicode_ci NOT NULL,
  `price` int(11) NOT NULL,
  `vat` int(11) NOT NULL,
  `description` varchar(255) COLLATE utf8mb4_unicode_ci DEFAULT NULL,
  `image` varchar(60) COLLATE utf8mb4_unicode_ci DEFAULT NULL,
  `created_at` timestamp NULL DEFAULT NULL,
  `updated_at` timestamp NULL DEFAULT NULL
) ENGINE=InnoDB DEFAULT CHARSET=utf8mb4 COLLATE=utf8mb4_unicode_ci;

--
-- Dumping data for table `h5_room_categories`
--

INSERT INTO `h5_room_categories` (`id`, `name`, `price`, `vat`, `description`, `image`, `created_at`, `updated_at`) VALUES
(5, 'A/C Single', 2000, 10, 'Enjoy our Presidential Suite', 'bjr_executive-suite.jpg', '2019-11-15 02:54:08', NULL),
(6, 'A/C Double', 4000, 10, 'Enjoy our Presidential Suite', 'XI6_room5.jpg', '2019-11-15 02:55:17', NULL),
(7, 'Single', 1500, 10, 'Enjoy our Presidential Suite', 'WoM_room3.jpg', '2019-11-15 02:55:58', NULL),
(8, 'Double', 3000, 10, 'Enjoy our Presidential Suite', 'tzl_executive-suite.jpg', '2019-11-15 02:56:19', NULL),
(10, 'A/C 3 Bed', 6000, 10, 'Enjoy our Presidential Suite', 'cwc_room5.jpg', '2019-11-15 03:00:05', NULL),
(11, 'A/C 4 Bed', 8000, 10, 'Enjoy our Presidential Suite', 'tGr_room3.jpg', '2019-11-15 03:00:29', NULL),
(12, '3 Bed', 4000, 10, 'Enjoy our Presidential Suite', 'sqB_executive-suite.jpg', '2019-11-15 03:01:49', NULL),
(13, '4 Bed', 6000, 10, 'Enjoy our Presidential Suite', 'Nb3_room5.jpg', '2019-11-15 03:02:16', NULL),
(14, 'A/C Semi Double', 3500, 10, 'Enjoy our Presidential Suite', 'vTw_room3.jpg', '2019-11-15 03:03:03', NULL),
(15, 'Semi Double', 2500, 10, 'Enjoy our Presidential Suite', 'VwL_executive-suite.jpg', '2019-11-15 03:03:20', NULL),
(16, 'VIP A/C Double', 5000, 10, 'Enjoy our Presidential Suite', 'i8n_room5.jpg', '2019-11-15 03:28:59', NULL),
(17, 'VIP A/C Semi Double', 4000, 10, 'Enjoy our Presidential Suite .', 'QNJ_room3.jpg', '2019-11-17 22:54:57', NULL);

-- --------------------------------------------------------

--
-- Table structure for table `h6_rooms`
--

CREATE TABLE `h6_rooms` (
  `id` int(10) UNSIGNED NOT NULL,
  `room_no` varchar(100) COLLATE utf8mb4_unicode_ci NOT NULL,
  `price` int(11) NOT NULL,
  `floor_id` int(10) UNSIGNED NOT NULL,
  `persons_capacity` int(11) NOT NULL,
  `category_id` int(10) UNSIGNED NOT NULL,
  `description` varchar(255) COLLATE utf8mb4_unicode_ci DEFAULT NULL,
  `image` varchar(60) COLLATE utf8mb4_unicode_ci DEFAULT NULL,
  `created_at` timestamp NULL DEFAULT NULL,
  `updated_at` timestamp NULL DEFAULT NULL
) ENGINE=InnoDB DEFAULT CHARSET=utf8mb4 COLLATE=utf8mb4_unicode_ci;

--
-- Dumping data for table `h6_rooms`
--

INSERT INTO `h6_rooms` (`id`, `room_no`, `price`, `floor_id`, `persons_capacity`, `category_id`, `description`, `image`, `created_at`, `updated_at`) VALUES
(3, '201', 1200, 2, 4, 13, NULL, 'wF9_N8F_room3.jpg', '2019-11-15 03:09:54', NULL),
(4, '202', 900, 2, 3, 12, NULL, 'Vdm_room3.jpg', '2019-11-15 03:10:14', NULL),
(5, '203', 900, 2, 3, 12, NULL, 'Vdm_room3.jpg', '2019-11-15 03:10:43', NULL),
(6, '204', 900, 2, 3, 12, NULL, 'Vdm_room3.jpg', '2019-11-15 03:11:11', NULL),
(7, '205', 900, 2, 3, 12, NULL, 'Vdm_room3.jpg', '2019-11-15 03:11:35', NULL),
(8, '301', 2000, 3, 1, 14, NULL, 'Vdm_room3.jpg', '2019-11-15 03:14:24', NULL),
(9, '302', 900, 3, 3, 12, NULL, 'Vdm_room3.jpg', '2019-11-15 03:15:43', NULL),
(10, '303', 900, 3, 3, 12, NULL, 'Vdm_room3.jpg', '2019-11-15 03:16:08', NULL),
(11, '304', 900, 3, 3, 12, NULL, 'Vdm_room3.jpg', '2019-11-15 03:16:44', NULL),
(12, '305', 900, 3, 3, 12, NULL, 'Vdm_room3.jpg', '2019-11-15 03:17:13', NULL),
(13, '306', 1200, 3, 4, 13, NULL, 'epI_room 410.jpg', '2019-11-15 03:17:50', NULL),
(14, '307', 900, 3, 3, 12, NULL, 'Vdm_room3.jpg', '2019-11-15 03:19:06', NULL),
(15, '308', 900, 3, 3, 12, NULL, 'lVQ_room 410.jpg', '2019-11-15 03:19:24', NULL),
(16, '309', 900, 3, 3, 12, NULL, 'Aq9_N8F_room3.jpg', '2019-11-15 03:19:52', NULL),
(17, '310', 900, 3, 3, 12, NULL, 'Vdm_room3.jpg', '2019-11-15 03:20:26', NULL),
(18, '311', 1200, 3, 4, 13, NULL, 'Vdm_room3.jpg', '2019-11-15 03:20:42', NULL),
(19, '312', 1200, 3, 1, 5, NULL, 'Vdm_room3.jpg', '2019-11-15 03:21:15', NULL),
(20, '313', 1200, 3, 1, 5, NULL, 'Vdm_room3.jpg', '2019-11-15 03:21:35', NULL),
(21, '314', 1200, 3, 1, 5, NULL, 'Vdm_room3.jpg', '2019-11-15 03:21:54', NULL),
(22, '315', 2000, 3, 2, 14, NULL, 'Vdm_room3.jpg', '2019-11-15 03:23:55', NULL),
(23, '316', 2000, 3, 2, 14, NULL, 'Vdm_room3.jpg', '2019-11-15 03:24:25', NULL),
(24, '317', 1200, 3, 4, 13, NULL, 'uAP_room 410.jpg', '2019-11-15 03:25:04', NULL),
(27, '403', 2000, 4, 2, 14, NULL, 'Vdm_room3.jpg', '2019-11-17 22:20:55', NULL),
(29, '405', 900, 4, 3, 12, NULL, '0dd_A8f_room5.jpg', '2019-11-17 22:23:07', NULL),
(30, '406', 1200, 4, 1, 5, NULL, 'Vdm_room3.jpg', '2019-11-17 22:24:09', NULL),
(31, '407', 750, 4, 1, 7, NULL, 'Vdm_room3.jpg', '2019-11-17 22:25:25', NULL),
(32, '408', 750, 4, 1, 7, NULL, 'Vdm_room3.jpg', '2019-11-17 22:26:22', NULL),
(33, '409', 1200, 4, 1, 5, NULL, 'hHZ_room3.jpg', '2019-11-17 22:28:05', NULL),
(34, '413', 2000, 4, 2, 14, NULL, 'A8f_room5.jpg', '2019-11-17 22:30:15', NULL),
(35, '412', 2000, 4, 2, 14, NULL, 'efk_room5.jpg', '2019-11-17 22:31:24', NULL),
(36, '401', 2500, 4, 2, 6, NULL, 'zP3_room5.jpg', '2019-11-17 22:32:30', NULL),
(37, '402', 2500, 4, 1, 6, NULL, 'u4m_room3.jpg', '2019-11-17 22:33:10', NULL),
(38, '404', 2500, 4, 2, 6, NULL, 'Rqz_room5.jpg', '2019-11-17 22:34:18', NULL),
(39, '411', 2500, 4, 2, 8, NULL, 'N8F_room3.jpg', '2019-11-17 22:35:07', NULL),
(40, '501', 2500, 5, 2, 16, NULL, '3Y3_room3.jpg', '2019-11-17 22:46:56', NULL),
(41, '502', 2500, 5, 2, 16, NULL, 'XzK_room5.jpg', '2019-11-17 22:47:21', NULL),
(42, '503', 2500, 5, 2, 6, NULL, '16j_room5.jpg', '2019-11-17 22:48:07', NULL),
(43, '504', 2500, 5, 2, 6, NULL, 'Yhk_room5.jpg', '2019-11-17 22:48:46', NULL),
(44, '505', 2500, 5, 2, 17, NULL, 'qyo_room3.jpg', '2019-11-17 22:56:39', NULL),
(45, '506', 2500, 5, 2, 14, NULL, 'cyO_room3.jpg', '2019-11-17 22:57:25', NULL),
(101, '206 A', 300, 4, 2, 12, 'sadsad', 'kcZ_qyo_room3.jpg', '2020-01-26 23:51:44', NULL),
(500, '205 A', 300, 4, 1, 12, 'werwer', '9LT_N8F_room3.jpg', '2020-01-25 23:03:16', NULL),
(502, '414', 750, 4, 1, 7, NULL, 'Rtl_room 410.jpg', '2020-02-16 07:22:42', NULL),
(503, '415', 750, 4, 1, 7, NULL, 'jVj_room 410.jpg', '2020-02-16 07:23:23', NULL),
(504, '410', 1200, 4, 1, 5, NULL, 'Pbo_room 410.jpg', '2020-02-16 07:26:08', NULL),
(505, '303-A', 300, 3, 1, 12, NULL, '7oh_room 410.jpg', '2020-02-16 07:27:31', NULL),
(506, '303-B', 300, 3, 1, 12, NULL, 'gQo_room 410.jpg', '2020-02-16 07:28:38', NULL),
(507, '303-C', 300, 3, 1, 12, NULL, 'rxJ_room 410.jpg', '2020-02-16 07:29:02', NULL),
(508, '304-A', 300, 3, 1, 12, NULL, 'l4t_room 410.jpg', '2020-02-16 07:37:09', NULL),
(509, '304-B', 300, 3, 1, 12, NULL, 'YAf_room 410.jpg', '2020-02-16 07:38:06', NULL),
(510, '304-C', 300, 3, 1, 12, NULL, 'slf_room 410.jpg', '2020-02-16 07:38:29', NULL),
(511, '305-A', 300, 3, 1, 12, NULL, '0Cc_room 410.jpg', '2020-02-16 07:39:29', NULL),
(512, '305-B', 300, 3, 1, 12, NULL, 'O3k_room 410.jpg', '2020-02-16 07:39:50', NULL),
(513, '305-C', 300, 3, 1, 12, NULL, 'ig7_room 410.jpg', '2020-02-16 07:40:14', NULL),
(514, '302-A', 300, 3, 1, 12, NULL, 'P0o_room 410.jpg', '2020-02-16 08:50:12', NULL),
(515, '302-B', 300, 3, 1, 12, NULL, 'kFN_room 410.jpg', '2020-02-16 08:50:35', NULL),
(516, '302-C', 300, 3, 1, 12, NULL, 'qos_room 410.jpg', '2020-02-16 08:51:06', NULL),
(517, '311-A', 300, 3, 1, 13, NULL, 'uI0_room 410.jpg', '2020-02-16 08:52:14', NULL),
(518, '311-B', 300, 3, 1, 13, NULL, 'U8t_room 410.jpg', '2020-02-16 08:52:38', NULL),
(519, '311-C', 300, 3, 1, 13, NULL, 'Yci_room 410.jpg', '2020-02-16 08:53:01', NULL),
(520, '311-D', 300, 3, 1, 13, NULL, 'oei_room 410.jpg', '2020-02-16 08:57:20', NULL),
(521, '416', 1100, 4, 2, 8, NULL, 'MHy_room 410.jpg', '2020-02-16 08:58:47', NULL),
(522, '416-A', 300, 4, 1, 8, NULL, 'JWE_room 410.jpg', '2020-02-16 08:59:11', NULL),
(523, '416-B', 300, 4, 1, 8, NULL, 'bpL_room 410.jpg', '2020-02-16 08:59:48', NULL),
(524, '317-A', 300, 3, 1, 13, NULL, '4NZ_room 410.jpg', '2020-02-16 09:01:58', NULL),
(525, '317-B', 300, 3, 1, 13, NULL, 'WlU_room 410.jpg', '2020-02-16 09:02:46', NULL),
(526, '317-C', 300, 3, 1, 13, NULL, '4D9_room 410.jpg', '2020-02-16 09:09:02', NULL),
(527, '317-D', 300, 3, 1, 13, NULL, 'MA4_room 410.jpg', '2020-02-16 09:11:21', NULL),
(528, '306-A', 300, 3, 1, 13, NULL, 'aZi_room 410.jpg', '2020-02-16 09:13:21', NULL),
(529, '306-B', 300, 3, 1, 13, NULL, '3Lv_room 410.jpg', '2020-02-16 09:14:04', NULL),
(530, '306-C', 300, 3, 1, 13, NULL, 'qn1_room 410.jpg', '2020-02-16 09:15:37', NULL),
(531, '306-D', 300, 3, 1, 13, NULL, 'yRU_room 410.jpg', '2020-02-16 09:16:27', NULL),
(532, '307-A', 300, 3, 1, 12, NULL, 'OGW_room 410.jpg', '2020-02-16 09:19:13', NULL),
(533, '307-B', 300, 3, 1, 12, NULL, 'Si9_room 410.jpg', '2020-02-16 09:19:42', NULL),
(534, '307-C', 300, 3, 1, 12, NULL, '9xZ_room 410.jpg', '2020-02-16 09:20:08', NULL),
(535, '308-A', 300, 3, 1, 12, NULL, 'KyB_room 410.jpg', '2020-02-16 09:23:19', NULL),
(536, '308-B', 300, 3, 1, 12, NULL, 'Hrl_room 410.jpg', '2020-02-16 09:31:27', NULL),
(537, '308-C', 300, 3, 1, 12, NULL, '7E9_room 410.jpg', '2020-02-16 09:31:55', NULL),
(538, '309-A', 300, 3, 1, 12, NULL, 'nZ0_N8F_room3.jpg', '2020-02-16 09:37:35', NULL),
(539, '309-B', 300, 3, 1, 12, NULL, 'Zhp_A8f_room5.jpg', '2020-02-16 09:38:03', NULL),
(540, '309-C', 300, 3, 1, 12, NULL, 'eNO_N8F_room3.jpg', '2020-02-16 09:38:27', NULL),
(541, '310-A', 300, 3, 1, 12, NULL, '7qI_N8F_room3.jpg', '2020-02-16 09:40:06', NULL),
(542, '310-B', 300, 3, 1, 12, NULL, 'tUo_N8F_room3.jpg', '2020-02-16 09:40:28', NULL),
(543, '310-C', 300, 3, 1, 12, NULL, '32h_N8F_room3.jpg', '2020-02-16 09:40:50', NULL),
(544, '405-A', 300, 4, 1, 12, NULL, 'vwy_N8F_room3.jpg', '2020-02-16 09:42:05', NULL),
(545, '405-B', 300, 4, 1, 12, NULL, 'C1f_N8F_room3.jpg', '2020-02-16 09:42:30', NULL),
(546, '405-C', 300, 4, 1, 12, NULL, 'ArM_N8F_room3.jpg', '2020-02-16 09:42:51', NULL),
(547, '302 New', 1200, 4, 1, 5, NULL, 'mFA_A8f_room5.jpg', '2020-07-17 03:56:31', NULL),
(548, '502-A', 1200, 5, 1, 14, NULL, '4qv_A8f_room5.jpg', '2020-07-17 04:30:23', NULL),
(549, '502-B', 1200, 5, 1, 14, NULL, '4kG_A8f_room5.jpg', '2020-07-17 04:30:49', NULL),
(550, '503-A', 1000, 5, 1, 6, NULL, 'nJi_A8f_room5.jpg', '2020-07-17 10:13:19', NULL),
(551, '503-B', 1000, 5, 1, 6, NULL, 'Wwm_A8f_room5.jpg', '2020-07-17 10:13:57', NULL),
(552, '503-C', 1000, 5, 1, 6, NULL, 's7I_A8f_room5.jpg', '2020-07-17 10:14:22', NULL),
(553, '411-A', 1000, 4, 1, 6, NULL, '0Xm_A8f_room5.jpg', '2020-07-17 10:22:45', NULL),
(554, '411-B', 999, 4, 1, 6, NULL, 'nUL_A8f_room5.jpg', '2020-07-17 10:23:06', NULL);

-- --------------------------------------------------------

--
-- Table structure for table `m1_mis_heads`
--

CREATE TABLE `m1_mis_heads` (
  `id` int(10) UNSIGNED NOT NULL,
  `voucher_type_id` int(10) UNSIGNED NOT NULL,
  `credit_head_id` int(10) UNSIGNED DEFAULT NULL,
  `debit_head_id` int(10) UNSIGNED DEFAULT NULL,
  `name` varchar(191) COLLATE utf8mb4_unicode_ci NOT NULL,
  `description` text COLLATE utf8mb4_unicode_ci DEFAULT NULL,
  `created_at` timestamp NULL DEFAULT NULL,
  `updated_at` timestamp NULL DEFAULT NULL
) ENGINE=InnoDB DEFAULT CHARSET=utf8mb4 COLLATE=utf8mb4_unicode_ci;

--
-- Dumping data for table `m1_mis_heads`
--

INSERT INTO `m1_mis_heads` (`id`, `voucher_type_id`, `credit_head_id`, `debit_head_id`, `name`, `description`, `created_at`, `updated_at`) VALUES
(1, 10, 14, 353, 'Hotel Receipt', NULL, NULL, '2020-02-13 10:37:24'),
(2, 10, 5, 353, 'Venue Receipt', NULL, NULL, '2020-02-12 10:09:19'),
(3, 10, 15, 353, 'Restaurant Receipt', NULL, NULL, '2020-12-21 07:44:01'),
(4, 11, 353, 16, 'Restaurant Payment', NULL, NULL, '2020-12-21 08:17:50'),
(5, 11, 12, 353, 'Inventory Payment', NULL, NULL, NULL),
(6, 10, 353, 96, 'Discount', NULL, NULL, '2020-02-11 02:30:41');

-- --------------------------------------------------------

--
-- Table structure for table `m2_mis_head_child_i`
--

CREATE TABLE `m2_mis_head_child_i` (
  `id` int(10) UNSIGNED NOT NULL,
  `mis_head_id` int(10) UNSIGNED NOT NULL,
  `credit_head_id` int(10) UNSIGNED NOT NULL,
  `debit_head_id` int(10) UNSIGNED NOT NULL,
  `name` varchar(191) COLLATE utf8mb4_unicode_ci NOT NULL,
  `description` text COLLATE utf8mb4_unicode_ci DEFAULT NULL,
  `checked` tinyint(1) NOT NULL DEFAULT 1,
  `deleted_at` timestamp NULL DEFAULT NULL,
  `created_at` timestamp NULL DEFAULT NULL,
  `updated_at` timestamp NULL DEFAULT NULL
) ENGINE=InnoDB DEFAULT CHARSET=utf8mb4 COLLATE=utf8mb4_unicode_ci;

--
-- Dumping data for table `m2_mis_head_child_i`
--

INSERT INTO `m2_mis_head_child_i` (`id`, `mis_head_id`, `credit_head_id`, `debit_head_id`, `name`, `description`, `checked`, `deleted_at`, `created_at`, `updated_at`) VALUES
(1, 4, 353, 16, 'Rice', NULL, 1, NULL, '2020-02-11 02:19:33', '2020-12-21 08:17:51'),
(2, 5, 353, 37, 'Electrical Equipment', NULL, 0, NULL, '2020-02-11 02:19:33', '2020-02-13 06:44:44'),
(3, 4, 353, 16, 'Fish', NULL, 1, NULL, '2020-02-11 02:19:33', '2020-12-21 08:17:51'),
(4, 4, 353, 16, 'Spices (Moshla)', NULL, 1, NULL, '2020-02-11 02:19:33', '2020-12-21 08:17:51'),
(5, 4, 353, 16, 'Meat', NULL, 1, NULL, '2020-02-11 02:19:33', '2020-12-21 08:17:51'),
(6, 4, 353, 16, 'Soft Drinks', NULL, 1, NULL, '2020-02-11 02:19:34', '2020-12-21 08:17:51'),
(7, 4, 353, 16, 'Vegetables', NULL, 1, NULL, '2020-02-11 02:19:34', '2020-12-21 08:17:51'),
(8, 4, 353, 16, 'Minaral Water', NULL, 1, NULL, '2020-02-11 02:19:34', '2020-12-21 08:17:51'),
(9, 4, 353, 16, 'Snacks', NULL, 1, NULL, '2020-02-11 02:19:34', '2020-12-21 08:17:51'),
(10, 4, 353, 16, 'Curds', NULL, 1, NULL, '2020-02-11 02:19:34', '2020-12-21 08:17:51'),
(11, 4, 353, 16, 'Dal', NULL, 1, NULL, '2020-02-11 02:19:34', '2020-12-21 08:17:51'),
(12, 4, 353, 16, 'Oil', NULL, 1, NULL, '2020-02-11 02:19:34', '2020-12-21 08:17:51'),
(13, 4, 353, 163, 'Tissue', NULL, 0, NULL, '2020-02-11 02:19:34', '2020-12-21 08:16:24'),
(14, 4, 353, 16, 'Ata & Moyda', NULL, 1, NULL, '2020-02-11 02:19:34', '2020-12-21 08:17:51'),
(15, 4, 353, 16, 'Milk', NULL, 1, NULL, '2020-02-11 02:19:34', '2020-12-21 08:17:51'),
(16, 4, 353, 16, 'Tea', NULL, 1, NULL, '2020-02-11 02:19:34', '2020-12-21 08:17:51'),
(17, 4, 353, 16, 'Suger', NULL, 1, NULL, '2020-02-11 02:19:34', '2020-12-21 08:17:51'),
(18, 4, 353, 16, 'Salt', NULL, 1, NULL, '2020-02-11 02:19:34', '2020-12-21 08:17:51'),
(19, 4, 353, 163, 'Soap', NULL, 0, NULL, '2020-02-11 02:19:34', '2020-12-21 08:16:24'),
(20, 4, 353, 163, 'Aerosol', NULL, 0, NULL, '2020-02-11 02:19:34', '2020-12-21 08:16:24'),
(21, 4, 353, 16, 'Egg', NULL, 1, NULL, '2020-02-11 02:19:34', '2020-12-21 08:17:51'),
(22, 4, 353, 163, 'Air Freshner', NULL, 0, NULL, '2020-02-11 02:19:34', '2020-12-21 08:16:24'),
(23, 4, 353, 163, 'Washing Powder', NULL, 0, NULL, '2020-02-11 02:19:34', '2020-12-21 08:16:24'),
(24, 4, 353, 16, 'Others', NULL, 1, NULL, '2020-02-11 02:19:34', '2020-12-21 08:17:51'),
(25, 4, 353, 16, 'Wood (Lakri)', NULL, 1, NULL, '2020-02-11 02:19:34', '2020-12-21 08:17:51'),
(26, 4, 353, 163, 'Harpic', NULL, 0, NULL, '2020-02-11 02:19:34', '2020-12-21 08:16:24'),
(27, 4, 353, 163, 'Tooth brush and Tooth paste', NULL, 0, NULL, '2020-02-11 02:19:34', '2020-12-21 08:16:24'),
(28, 4, 353, 80, 'Disel', NULL, 0, NULL, '2020-02-11 02:19:34', '2020-12-21 08:16:24'),
(29, 4, 353, 16, 'Muri', NULL, 1, NULL, '2020-02-11 02:19:34', '2020-12-21 08:17:51'),
(30, 4, 353, 16, 'Biscuits', NULL, 1, NULL, '2020-02-11 02:19:34', '2020-12-21 08:17:51'),
(31, 4, 353, 16, 'Coffee', NULL, 1, NULL, '2020-02-11 02:19:34', '2020-12-21 08:17:51'),
(32, 5, 353, 26, 'Furniture', NULL, 0, NULL, '2020-02-11 02:19:34', '2020-02-13 06:25:36'),
(33, 5, 353, 456, 'Office Equipment', NULL, 0, NULL, '2020-02-11 02:19:34', '2020-02-13 06:44:44'),
(34, 5, 168, 353, 'Cookeries-Expenses', NULL, 0, NULL, '2020-02-11 02:19:34', '2020-02-25 10:41:43'),
(35, 4, 353, 163, 'Shampoo', NULL, 0, NULL, '2020-02-11 02:19:35', '2020-12-21 08:16:24'),
(36, 4, 16, 353, 'test', NULL, 1, '2020-02-22 04:30:00', '2020-02-22 04:28:59', '2020-02-22 04:30:00'),
(37, 4, 353, 16, 'Sweet', NULL, 1, NULL, '2020-02-23 09:58:03', '2020-12-21 08:17:51'),
(38, 4, 353, 16, 'Fruit', NULL, 1, NULL, '2020-02-23 10:06:38', '2020-12-21 08:17:51'),
(39, 4, 353, 16, 'Truth Pic', NULL, 1, NULL, '2020-03-03 06:43:57', '2020-12-21 08:17:51'),
(40, 4, 353, 16, 'Ghee', NULL, 1, NULL, '2020-07-17 06:59:39', '2020-12-21 08:17:51'),
(41, 4, 353, 163, 'Koyel', NULL, 0, NULL, '2020-07-17 09:43:14', '2020-12-21 08:16:24'),
(42, 4, 353, 163, 'Sandel', NULL, 0, NULL, '2020-07-17 12:38:52', '2020-12-21 08:16:24');

-- --------------------------------------------------------

--
-- Table structure for table `m3_mis_ledger_heads`
--

CREATE TABLE `m3_mis_ledger_heads` (
  `id` int(10) UNSIGNED NOT NULL,
  `mis_head_id` int(10) UNSIGNED NOT NULL,
  `name` varchar(191) COLLATE utf8mb4_unicode_ci NOT NULL,
  `credit_head_id` int(10) UNSIGNED DEFAULT NULL,
  `debit_head_id` int(10) UNSIGNED DEFAULT NULL,
  `code` int(10) UNSIGNED NOT NULL,
  `amount` double(14,2) NOT NULL DEFAULT 0.00,
  `description` text COLLATE utf8mb4_unicode_ci DEFAULT NULL,
  `unit_type_id` int(10) UNSIGNED DEFAULT NULL,
  `ledgerable_id` int(11) NOT NULL,
  `ledgerable_type` varchar(191) COLLATE utf8mb4_unicode_ci NOT NULL,
  `checked` tinyint(1) NOT NULL DEFAULT 1,
  `deleted_at` timestamp NULL DEFAULT NULL,
  `created_at` timestamp NULL DEFAULT NULL,
  `updated_at` timestamp NULL DEFAULT NULL
) ENGINE=InnoDB DEFAULT CHARSET=utf8mb4 COLLATE=utf8mb4_unicode_ci;

--
-- Dumping data for table `m3_mis_ledger_heads`
--

INSERT INTO `m3_mis_ledger_heads` (`id`, `mis_head_id`, `name`, `credit_head_id`, `debit_head_id`, `code`, `amount`, `description`, `unit_type_id`, `ledgerable_id`, `ledgerable_type`, `checked`, `deleted_at`, `created_at`, `updated_at`) VALUES
(1, 1, 'Room', 14, 353, 1000, 0.00, NULL, NULL, 1, 'App\\MISHead', 1, NULL, NULL, '2020-12-21 07:44:01'),
(2, 2, 'Venue', 5, 353, 1100, 0.00, NULL, NULL, 2, 'App\\MISHead', 1, NULL, NULL, '2020-12-21 07:44:01'),
(3, 3, 'Restaurant', 8, 353, 1200, 0.00, NULL, NULL, 3, 'App\\MISHead', 1, NULL, NULL, '2020-12-21 07:44:01'),
(4, 6, 'Discount', 353, 96, 1300, 0.00, NULL, NULL, 6, 'App\\MISHead', 1, NULL, NULL, '2020-12-21 07:44:01'),
(5, 4, 'Normal Rice', 353, 16, 1400, 50.00, NULL, 1, 1, 'App\\MISHeadChild_I', 1, NULL, '2020-02-11 02:19:33', '2020-12-21 08:19:09'),
(6, 4, 'Khichuri Rice', 353, 16, 1500, 42.00, NULL, 1, 1, 'App\\MISHeadChild_I', 1, NULL, '2020-02-11 02:19:33', '2020-12-21 08:19:09'),
(7, 4, 'Polaw Rice', 353, 16, 1600, 50.00, NULL, 1, 1, 'App\\MISHeadChild_I', 1, NULL, '2020-02-11 02:19:33', '2020-12-21 08:19:09'),
(8, 4, 'Basmoti Rice', 16, 353, 1700, 0.00, NULL, 1, 1, 'App\\MISHeadChild_I', 1, '2020-03-09 09:14:19', '2020-02-11 02:19:33', '2020-03-09 09:14:19'),
(9, 5, 'Table Fan', 353, 37, 1800, 0.00, NULL, 1, 2, 'App\\MISHeadChild_I', 0, NULL, '2020-02-11 02:19:33', '2020-02-25 10:41:43'),
(10, 5, 'Ceiling Fan', 353, 37, 1900, 0.00, NULL, 1, 2, 'App\\MISHeadChild_I', 0, NULL, '2020-02-11 02:19:33', '2020-02-25 10:41:43'),
(11, 5, 'Computer System', 353, 37, 2000, 0.00, NULL, 1, 2, 'App\\MISHeadChild_I', 0, NULL, '2020-02-11 02:19:33', '2020-02-25 10:41:43'),
(12, 5, 'Television', 353, 37, 2100, 0.00, NULL, 1, 2, 'App\\MISHeadChild_I', 0, NULL, '2020-02-11 02:19:33', '2020-02-25 10:41:43'),
(13, 5, 'Refrigerator', 353, 37, 2200, 0.00, NULL, 1, 2, 'App\\MISHeadChild_I', 0, NULL, '2020-02-11 02:19:33', '2020-02-25 10:41:43'),
(14, 5, 'Air Conditioner', 353, 37, 2300, 0.00, NULL, 1, 2, 'App\\MISHeadChild_I', 0, NULL, '2020-02-11 02:19:33', '2020-02-25 10:41:43'),
(15, 5, 'Veceom Cleaner', 353, 37, 2400, 0.00, NULL, 1, 2, 'App\\MISHeadChild_I', 0, NULL, '2020-02-11 02:19:33', '2020-02-25 10:41:43'),
(16, 5, 'Sound System', 353, 37, 2500, 0.00, NULL, 1, 2, 'App\\MISHeadChild_I', 0, NULL, '2020-02-11 02:19:33', '2020-02-25 10:41:43'),
(17, 5, 'AC/DC Motors & Feetings', 353, 37, 2600, 0.00, NULL, 1, 2, 'App\\MISHeadChild_I', 0, NULL, '2020-02-11 02:19:33', '2020-02-25 10:41:43'),
(18, 5, 'Oven', 353, 37, 2700, 0.00, NULL, 1, 2, 'App\\MISHeadChild_I', 0, NULL, '2020-02-11 02:19:33', '2020-02-25 10:41:43'),
(19, 5, 'Stand Fan', 353, 37, 2800, 0.00, NULL, 1, 2, 'App\\MISHeadChild_I', 0, NULL, '2020-02-11 02:19:33', '2020-02-25 10:41:43'),
(20, 4, 'Bual', 353, 16, 2900, 0.00, NULL, 1, 3, 'App\\MISHeadChild_I', 1, NULL, '2020-02-11 02:19:33', '2020-12-21 08:19:09'),
(21, 4, 'Hilsha', 353, 16, 3000, 0.00, NULL, 1, 3, 'App\\MISHeadChild_I', 1, NULL, '2020-02-11 02:19:33', '2020-12-21 08:19:09'),
(22, 4, 'Katla', 353, 16, 3100, 0.00, NULL, 1, 3, 'App\\MISHeadChild_I', 1, NULL, '2020-02-11 02:19:33', '2020-12-21 08:19:09'),
(23, 4, 'Rui', 353, 16, 3200, 0.00, NULL, 1, 3, 'App\\MISHeadChild_I', 1, NULL, '2020-02-11 02:19:33', '2020-12-21 08:19:09'),
(24, 4, 'Pabda', 353, 16, 3300, 0.00, NULL, 1, 3, 'App\\MISHeadChild_I', 1, NULL, '2020-02-11 02:19:33', '2020-12-21 08:19:09'),
(25, 4, 'Batai', 353, 16, 3400, 0.00, NULL, 1, 3, 'App\\MISHeadChild_I', 1, NULL, '2020-02-11 02:19:33', '2020-12-21 08:19:09'),
(26, 4, 'Mola', 353, 16, 3500, 0.00, NULL, 1, 3, 'App\\MISHeadChild_I', 1, NULL, '2020-02-11 02:19:33', '2020-12-21 08:19:09'),
(27, 4, 'Cingri', 353, 16, 3600, 0.00, NULL, 1, 3, 'App\\MISHeadChild_I', 1, NULL, '2020-02-11 02:19:33', '2020-12-21 08:19:09'),
(28, 4, 'Shoil', 353, 16, 3700, 0.00, NULL, 1, 3, 'App\\MISHeadChild_I', 1, NULL, '2020-02-11 02:19:33', '2020-12-21 08:19:09'),
(29, 4, 'Bam', 353, 16, 3800, 0.00, NULL, 1, 3, 'App\\MISHeadChild_I', 1, NULL, '2020-02-11 02:19:33', '2020-12-21 08:19:09'),
(30, 4, 'Taki', 353, 16, 3900, 0.00, NULL, 1, 3, 'App\\MISHeadChild_I', 1, NULL, '2020-02-11 02:19:33', '2020-12-21 08:19:09'),
(31, 4, 'Telapia', 353, 16, 4000, 0.00, NULL, 1, 3, 'App\\MISHeadChild_I', 1, NULL, '2020-02-11 02:19:33', '2020-12-21 08:19:09'),
(32, 4, 'Dry Fish', 353, 16, 4100, 0.00, NULL, 1, 3, 'App\\MISHeadChild_I', 1, NULL, '2020-02-11 02:19:33', '2020-12-21 08:19:09'),
(33, 4, 'Elachi', 353, 16, 4200, 0.25, NULL, 1, 4, 'App\\MISHeadChild_I', 1, NULL, '2020-02-11 02:19:33', '2020-12-21 08:19:09'),
(34, 4, 'Darchini', 353, 16, 4300, 0.70, NULL, 1, 4, 'App\\MISHeadChild_I', 1, NULL, '2020-02-11 02:19:33', '2020-12-21 08:19:09'),
(35, 4, 'Alo Bukra', 353, 16, 4400, 0.00, NULL, 1, 4, 'App\\MISHeadChild_I', 1, NULL, '2020-02-11 02:19:33', '2020-12-21 08:19:09'),
(36, 4, 'Chilly Powder', 353, 16, 4500, 0.00, NULL, 1, 4, 'App\\MISHeadChild_I', 1, NULL, '2020-02-11 02:19:33', '2020-12-21 08:19:09'),
(37, 4, 'Jira', 353, 16, 4600, 1.50, NULL, 1, 4, 'App\\MISHeadChild_I', 1, NULL, '2020-02-11 02:19:33', '2020-12-21 08:19:09'),
(38, 4, 'Sada Golmorich', 353, 16, 4700, 0.00, NULL, 1, 4, 'App\\MISHeadChild_I', 1, NULL, '2020-02-11 02:19:33', '2020-12-21 08:19:09'),
(39, 4, 'Kalo Golmorich', 353, 16, 4800, 0.00, NULL, 1, 4, 'App\\MISHeadChild_I', 1, NULL, '2020-02-11 02:19:33', '2020-12-21 08:19:09'),
(40, 4, 'Joktik', 353, 16, 4900, 0.00, NULL, 1, 4, 'App\\MISHeadChild_I', 1, NULL, '2020-02-11 02:19:33', '2020-12-21 08:19:09'),
(41, 4, 'Joifol', 353, 16, 5000, 0.00, NULL, 1, 4, 'App\\MISHeadChild_I', 1, NULL, '2020-02-11 02:19:33', '2020-12-21 08:19:09'),
(42, 4, 'Postodana', 353, 16, 5100, 0.00, NULL, 1, 4, 'App\\MISHeadChild_I', 1, NULL, '2020-02-11 02:19:33', '2020-12-21 08:19:09'),
(43, 4, 'Kismis', 353, 16, 5200, 0.00, NULL, 1, 4, 'App\\MISHeadChild_I', 1, NULL, '2020-02-11 02:19:33', '2020-12-21 08:19:09'),
(44, 4, 'Soa Soch', 353, 16, 5300, 0.00, NULL, 1, 4, 'App\\MISHeadChild_I', 1, NULL, '2020-02-11 02:19:33', '2020-12-21 08:19:09'),
(45, 4, 'Kera Jol', 353, 16, 5400, 0.00, NULL, 1, 4, 'App\\MISHeadChild_I', 1, NULL, '2020-02-11 02:19:33', '2020-12-21 08:19:09'),
(46, 4, 'Ada', 353, 16, 5500, 8.00, NULL, 1, 4, 'App\\MISHeadChild_I', 1, NULL, '2020-02-11 02:19:33', '2020-12-21 08:19:09'),
(47, 4, 'Tomato Soch', 353, 16, 5600, 0.00, NULL, 1, 4, 'App\\MISHeadChild_I', 1, NULL, '2020-02-11 02:19:33', '2020-12-21 08:19:09'),
(48, 4, 'Venegar', 353, 16, 5700, 0.00, NULL, 1, 4, 'App\\MISHeadChild_I', 1, NULL, '2020-02-11 02:19:33', '2020-12-21 08:19:09'),
(49, 4, 'Tespata', 353, 16, 5800, 0.30, NULL, 1, 4, 'App\\MISHeadChild_I', 1, NULL, '2020-02-11 02:19:33', '2020-12-21 08:19:09'),
(50, 4, 'Halud', 353, 16, 5900, 0.00, NULL, 1, 4, 'App\\MISHeadChild_I', 1, NULL, '2020-02-11 02:19:33', '2020-12-21 08:19:09'),
(51, 4, 'Chilly', 353, 16, 6000, 10.00, NULL, 1, 4, 'App\\MISHeadChild_I', 1, NULL, '2020-02-11 02:19:33', '2020-12-21 08:19:09'),
(52, 4, 'Peaj', 353, 16, 6100, 40.00, NULL, 1, 4, 'App\\MISHeadChild_I', 1, NULL, '2020-02-11 02:19:33', '2020-12-21 08:19:09'),
(53, 4, 'Rashun', 353, 16, 6200, 5.00, NULL, 1, 4, 'App\\MISHeadChild_I', 1, NULL, '2020-02-11 02:19:33', '2020-12-21 08:19:09'),
(54, 4, 'Pach Poron', 353, 16, 6300, 0.00, NULL, 1, 4, 'App\\MISHeadChild_I', 1, NULL, '2020-02-11 02:19:33', '2020-12-21 08:19:09'),
(55, 4, 'Badam', 353, 16, 6400, 0.00, NULL, 1, 4, 'App\\MISHeadChild_I', 1, NULL, '2020-02-11 02:19:33', '2020-12-21 08:19:09'),
(56, 4, 'Lobongo', 353, 16, 6500, 0.00, NULL, 1, 4, 'App\\MISHeadChild_I', 1, NULL, '2020-02-11 02:19:33', '2020-12-21 08:19:09'),
(57, 4, 'Ghee', 353, 16, 6600, 0.00, NULL, 1, 4, 'App\\MISHeadChild_I', 1, NULL, '2020-02-11 02:19:33', '2020-12-21 08:19:09'),
(58, 4, 'Mutton', 353, 16, 6700, 0.00, NULL, 1, 5, 'App\\MISHeadChild_I', 1, NULL, '2020-02-11 02:19:33', '2020-12-21 08:19:09'),
(59, 4, 'Beaf', 353, 16, 6800, 0.00, NULL, 1, 5, 'App\\MISHeadChild_I', 1, NULL, '2020-02-11 02:19:34', '2020-12-21 08:19:09'),
(60, 4, 'Chiken (deshi)', 353, 16, 6900, 0.00, NULL, 1, 5, 'App\\MISHeadChild_I', 1, NULL, '2020-02-11 02:19:34', '2020-12-21 08:19:09'),
(61, 4, 'Chiken (Coak)', 353, 16, 7000, 5.40, NULL, 1, 5, 'App\\MISHeadChild_I', 1, NULL, '2020-02-11 02:19:34', '2020-12-21 08:19:09'),
(62, 4, 'Chiken (Farm)', 353, 16, 7100, 0.00, NULL, 1, 5, 'App\\MISHeadChild_I', 1, NULL, '2020-02-11 02:19:34', '2020-12-21 08:19:09'),
(63, 4, 'Duck', 353, 16, 7200, 0.00, NULL, 1, 5, 'App\\MISHeadChild_I', 1, NULL, '2020-02-11 02:19:34', '2020-12-21 08:19:09'),
(64, 4, 'Pigeon (kobutor)', 353, 16, 7300, 0.00, NULL, 1, 5, 'App\\MISHeadChild_I', 1, NULL, '2020-02-11 02:19:34', '2020-12-21 08:19:09'),
(65, 4, 'Quail', 353, 16, 7400, 0.00, NULL, 1, 5, 'App\\MISHeadChild_I', 1, NULL, '2020-02-11 02:19:34', '2020-12-21 08:19:09'),
(66, 4, 'Soft Drinks-(250ml)', 353, 16, 7500, 19.00, NULL, 3, 6, 'App\\MISHeadChild_I', 1, NULL, '2020-02-11 02:19:34', '2020-12-21 08:19:09'),
(67, 4, 'Soft Drinks (500ml)', 353, 16, 7600, 0.00, NULL, 3, 6, 'App\\MISHeadChild_I', 1, NULL, '2020-02-11 02:19:34', '2020-12-21 08:19:09'),
(68, 4, 'Alo', 353, 16, 7700, 0.00, NULL, 1, 7, 'App\\MISHeadChild_I', 1, NULL, '2020-02-11 02:19:34', '2020-12-21 08:19:09'),
(69, 4, 'Pepe', 353, 16, 7800, 0.00, NULL, 1, 7, 'App\\MISHeadChild_I', 1, NULL, '2020-02-11 02:19:34', '2020-12-21 08:19:09'),
(70, 4, 'Fulcopy', 353, 16, 7900, 0.00, NULL, 1, 7, 'App\\MISHeadChild_I', 1, NULL, '2020-02-11 02:19:34', '2020-12-21 08:19:09'),
(71, 4, 'Patacopy', 353, 16, 8000, 0.00, NULL, 3, 7, 'App\\MISHeadChild_I', 1, NULL, '2020-02-11 02:19:34', '2020-12-21 08:19:09'),
(72, 4, 'Lemon', 353, 16, 8100, 0.00, NULL, 3, 7, 'App\\MISHeadChild_I', 1, NULL, '2020-02-11 02:19:34', '2020-12-21 08:19:09'),
(73, 4, 'Sosha', 353, 16, 8200, 0.00, NULL, 1, 7, 'App\\MISHeadChild_I', 1, NULL, '2020-02-11 02:19:34', '2020-12-21 08:19:09'),
(74, 4, 'Derosh', 353, 16, 8300, 0.00, NULL, 1, 7, 'App\\MISHeadChild_I', 1, NULL, '2020-02-11 02:19:34', '2020-12-21 08:19:09'),
(75, 4, 'Chichinga', 353, 16, 8400, 0.00, NULL, 1, 7, 'App\\MISHeadChild_I', 1, NULL, '2020-02-11 02:19:34', '2020-12-21 08:19:09'),
(76, 4, 'Gajor', 353, 16, 8500, 0.00, NULL, 1, 7, 'App\\MISHeadChild_I', 1, NULL, '2020-02-11 02:19:34', '2020-12-21 08:19:09'),
(77, 4, 'Sweet Kumra', 353, 16, 8600, 0.00, NULL, 3, 7, 'App\\MISHeadChild_I', 1, NULL, '2020-02-11 02:19:34', '2020-12-21 08:19:09'),
(78, 4, 'Lao', 353, 16, 8700, 0.00, NULL, 3, 7, 'App\\MISHeadChild_I', 1, NULL, '2020-02-11 02:19:34', '2020-12-21 08:19:09'),
(79, 4, 'Vegetables', 353, 16, 8800, 0.00, NULL, 1, 7, 'App\\MISHeadChild_I', 1, NULL, '2020-02-11 02:19:34', '2020-12-21 08:19:09'),
(80, 4, 'Sim', 353, 16, 8900, 0.00, NULL, 1, 7, 'App\\MISHeadChild_I', 1, NULL, '2020-02-11 02:19:34', '2020-12-21 08:19:09'),
(81, 4, 'Begun', 353, 16, 9000, 0.00, NULL, 1, 7, 'App\\MISHeadChild_I', 1, NULL, '2020-02-11 02:19:34', '2020-12-21 08:19:09'),
(82, 4, 'Tomato', 353, 16, 9100, 0.00, NULL, 1, 7, 'App\\MISHeadChild_I', 1, NULL, '2020-02-11 02:19:34', '2020-12-21 08:19:09'),
(83, 4, 'Korolla', 353, 16, 9200, 0.00, NULL, 1, 7, 'App\\MISHeadChild_I', 1, NULL, '2020-02-11 02:19:34', '2020-12-21 08:19:09'),
(84, 4, 'Borboti', 353, 16, 9300, 0.00, NULL, 1, 7, 'App\\MISHeadChild_I', 1, NULL, '2020-02-11 02:19:34', '2020-12-21 08:19:09'),
(85, 4, 'Salgom', 353, 16, 9400, 0.00, NULL, 1, 7, 'App\\MISHeadChild_I', 1, NULL, '2020-02-11 02:19:34', '2020-12-21 08:19:09'),
(86, 4, 'Mula', 353, 16, 9500, 0.00, NULL, 1, 7, 'App\\MISHeadChild_I', 1, NULL, '2020-02-11 02:19:34', '2020-12-21 08:19:09'),
(87, 4, 'Capsicum', 353, 16, 9600, 0.00, NULL, 1, 7, 'App\\MISHeadChild_I', 1, NULL, '2020-02-11 02:19:34', '2020-12-21 08:19:09'),
(88, 4, 'Motor Shuti', 353, 16, 9700, 0.00, NULL, 1, 7, 'App\\MISHeadChild_I', 1, NULL, '2020-02-11 02:19:34', '2020-12-21 08:19:09'),
(89, 4, 'Kakrol', 353, 16, 9800, 0.00, NULL, 1, 7, 'App\\MISHeadChild_I', 1, NULL, '2020-02-11 02:19:34', '2020-12-21 08:19:09'),
(90, 4, 'kochu', 353, 16, 9900, 0.00, NULL, 1, 7, 'App\\MISHeadChild_I', 1, NULL, '2020-02-11 02:19:34', '2020-12-21 08:19:09'),
(91, 4, 'Data', 353, 16, 10000, 0.00, NULL, 3, 7, 'App\\MISHeadChild_I', 1, NULL, '2020-02-11 02:19:34', '2020-12-21 08:19:09'),
(92, 4, 'Minarel Water (330ml)', 353, 16, 10100, 72.00, NULL, 3, 8, 'App\\MISHeadChild_I', 1, NULL, '2020-02-11 02:19:34', '2020-12-21 08:19:09'),
(93, 4, 'Minarel Water (500ml)', 353, 16, 10200, 216.00, NULL, 3, 8, 'App\\MISHeadChild_I', 1, NULL, '2020-02-11 02:19:34', '2020-12-21 08:19:09'),
(94, 4, 'Minarel Water (1000ml)', 353, 16, 10300, 84.00, NULL, 3, 8, 'App\\MISHeadChild_I', 1, NULL, '2020-02-11 02:19:34', '2020-12-21 08:19:09'),
(95, 4, 'Minarel Water (1500ml)', 353, 16, 10400, 0.00, NULL, 3, 8, 'App\\MISHeadChild_I', 1, NULL, '2020-02-11 02:19:34', '2020-12-21 08:19:09'),
(96, 4, 'Minarel Water (2000ml)', 353, 16, 10500, 0.00, NULL, 3, 8, 'App\\MISHeadChild_I', 1, NULL, '2020-02-11 02:19:34', '2020-12-21 08:19:09'),
(97, 4, 'Fruit', 16, 353, 10600, 0.00, NULL, 1, 9, 'App\\MISHeadChild_I', 1, '2020-02-23 10:05:10', '2020-02-11 02:19:34', '2020-02-23 10:05:10'),
(98, 4, 'Sweet', 16, 353, 10700, 0.00, NULL, 1, 9, 'App\\MISHeadChild_I', 1, '2020-02-23 09:57:50', '2020-02-11 02:19:34', '2020-02-23 09:57:50'),
(99, 4, 'Chanachur', 353, 16, 10800, 0.00, NULL, 1, 9, 'App\\MISHeadChild_I', 1, NULL, '2020-02-11 02:19:34', '2020-12-21 08:19:09'),
(100, 4, 'Banana', 16, 353, 10900, 0.00, NULL, 1, 9, 'App\\MISHeadChild_I', 1, '2020-02-23 10:05:16', '2020-02-11 02:19:34', '2020-02-23 10:05:16'),
(101, 4, 'Apple', 16, 353, 11000, 0.00, NULL, 1, 9, 'App\\MISHeadChild_I', 1, '2020-02-23 10:06:04', '2020-02-11 02:19:34', '2020-02-23 10:06:04'),
(102, 4, 'Orange', 16, 353, 11100, 0.00, NULL, 1, 9, 'App\\MISHeadChild_I', 1, '2020-02-23 10:06:14', '2020-02-11 02:19:34', '2020-02-23 10:06:14'),
(103, 4, 'Grapes', 16, 353, 11200, 0.00, NULL, 1, 9, 'App\\MISHeadChild_I', 1, '2020-02-23 10:06:29', '2020-02-11 02:19:34', '2020-02-23 10:06:29'),
(104, 4, 'Singara', 353, 16, 11300, 0.00, NULL, 3, 9, 'App\\MISHeadChild_I', 1, NULL, '2020-02-11 02:19:34', '2020-12-21 08:19:09'),
(105, 4, 'Somocha', 353, 16, 11400, 0.00, NULL, 3, 9, 'App\\MISHeadChild_I', 1, NULL, '2020-02-11 02:19:34', '2020-12-21 08:19:09'),
(106, 4, 'Vegetabe Roll', 353, 16, 11500, 0.00, NULL, 3, 9, 'App\\MISHeadChild_I', 1, NULL, '2020-02-11 02:19:34', '2020-12-21 08:19:09'),
(107, 4, 'Chicken Roll', 353, 16, 11600, 0.00, NULL, 3, 9, 'App\\MISHeadChild_I', 1, NULL, '2020-02-11 02:19:34', '2020-12-21 08:19:09'),
(108, 4, 'Sweet Curds(Cup)', 353, 16, 11700, 0.00, NULL, 3, 10, 'App\\MISHeadChild_I', 1, NULL, '2020-02-11 02:19:34', '2020-12-21 08:19:09'),
(109, 4, 'Sour Curds', 353, 16, 11800, 0.00, NULL, 1, 10, 'App\\MISHeadChild_I', 1, NULL, '2020-02-11 02:19:34', '2020-12-21 08:19:09'),
(110, 4, 'Sweet Curds (Patil)', 353, 16, 11900, 0.00, NULL, 1, 10, 'App\\MISHeadChild_I', 1, NULL, '2020-02-11 02:19:34', '2020-12-21 08:19:09'),
(111, 4, 'Mug Dal', 353, 16, 12000, 0.00, NULL, 1, 11, 'App\\MISHeadChild_I', 1, NULL, '2020-02-11 02:19:34', '2020-12-21 08:19:09'),
(112, 4, 'Mosur Dal', 353, 16, 12100, 39.00, NULL, 1, 11, 'App\\MISHeadChild_I', 1, NULL, '2020-02-11 02:19:34', '2020-12-21 08:19:09'),
(113, 4, 'Mash-kalai Dal', 353, 16, 12200, 0.00, NULL, 1, 11, 'App\\MISHeadChild_I', 1, NULL, '2020-02-11 02:19:34', '2020-12-21 08:19:09'),
(114, 4, 'But Dal', 353, 16, 12300, 2.00, NULL, 1, 11, 'App\\MISHeadChild_I', 1, NULL, '2020-02-11 02:19:34', '2020-12-21 08:19:09'),
(115, 4, 'Khasari Dal', 353, 16, 12400, 0.00, NULL, 1, 11, 'App\\MISHeadChild_I', 1, NULL, '2020-02-11 02:19:34', '2020-12-21 08:19:09'),
(116, 4, 'Soyabin Oil', 353, 16, 12500, 23.00, NULL, 2, 12, 'App\\MISHeadChild_I', 1, NULL, '2020-02-11 02:19:34', '2020-12-21 08:19:09'),
(117, 4, 'Sorisha Oil', 353, 16, 12600, 1.20, NULL, 2, 12, 'App\\MISHeadChild_I', 1, NULL, '2020-02-11 02:19:34', '2020-12-21 08:19:09'),
(118, 4, 'Facial Tissue', 353, 163, 12700, 16.00, NULL, 3, 13, 'App\\MISHeadChild_I', 0, NULL, '2020-02-11 02:19:34', '2020-12-21 08:19:09'),
(119, 4, 'Toilet Tissue', 353, 163, 12800, 20.00, NULL, 3, 13, 'App\\MISHeadChild_I', 0, NULL, '2020-02-11 02:19:34', '2020-12-21 08:19:09'),
(120, 4, 'Ata', 353, 16, 12900, 18.00, NULL, 1, 14, 'App\\MISHeadChild_I', 1, NULL, '2020-02-11 02:19:34', '2020-12-21 08:19:09'),
(121, 4, 'Moyda', 353, 16, 13000, 0.00, NULL, 1, 14, 'App\\MISHeadChild_I', 1, NULL, '2020-02-11 02:19:34', '2020-12-21 08:19:09'),
(122, 4, 'Danish Condenced', 353, 16, 13100, 0.00, NULL, 3, 15, 'App\\MISHeadChild_I', 1, NULL, '2020-02-11 02:19:34', '2020-12-21 08:19:09'),
(123, 4, 'Powder Milk', 353, 16, 13200, 1.00, NULL, 3, 15, 'App\\MISHeadChild_I', 1, NULL, '2020-02-11 02:19:34', '2020-12-21 08:19:09'),
(124, 4, 'Pran powder milk 400 gm', 353, 16, 13300, 0.00, NULL, 3, 15, 'App\\MISHeadChild_I', 1, NULL, '2020-02-11 02:19:34', '2020-12-21 08:19:09'),
(125, 4, 'Tea Pata', 353, 16, 13400, 2.40, NULL, 1, 16, 'App\\MISHeadChild_I', 1, NULL, '2020-02-11 02:19:34', '2020-12-21 08:19:09'),
(126, 4, 'Tea Bag', 353, 16, 13500, 15.00, NULL, 3, 16, 'App\\MISHeadChild_I', 1, NULL, '2020-02-11 02:19:34', '2020-12-21 08:19:09'),
(127, 4, 'Suger', 353, 16, 13600, 18.00, NULL, 1, 17, 'App\\MISHeadChild_I', 1, NULL, '2020-02-11 02:19:34', '2020-12-21 08:19:09'),
(128, 4, 'Normal Salt', 353, 16, 13700, 21.00, NULL, 1, 18, 'App\\MISHeadChild_I', 1, NULL, '2020-02-11 02:19:34', '2020-12-21 08:19:09'),
(129, 4, 'Bit Salt', 353, 16, 13800, 0.00, NULL, 1, 18, 'App\\MISHeadChild_I', 1, NULL, '2020-02-11 02:19:34', '2020-12-21 08:19:09'),
(130, 4, 'Testy Salt', 353, 16, 13900, 0.00, NULL, 1, 18, 'App\\MISHeadChild_I', 1, NULL, '2020-02-11 02:19:34', '2020-12-21 08:19:09'),
(131, 4, 'Soap', 353, 163, 14000, 248.00, NULL, 3, 19, 'App\\MISHeadChild_I', 0, NULL, '2020-02-11 02:19:34', '2020-12-21 08:19:09'),
(132, 4, 'Vim Soap', 353, 163, 14100, 22.00, NULL, 3, 19, 'App\\MISHeadChild_I', 0, NULL, '2020-02-11 02:19:34', '2020-12-21 08:19:09'),
(133, 4, 'Vim Liquid', 353, 163, 14200, 4.00, NULL, 2, 19, 'App\\MISHeadChild_I', 0, NULL, '2020-02-11 02:19:34', '2020-12-21 08:19:09'),
(134, 4, 'Glass Cleaneer', 353, 163, 14300, 10.00, NULL, 3, 19, 'App\\MISHeadChild_I', 0, NULL, '2020-02-11 02:19:34', '2020-12-21 08:19:09'),
(135, 4, 'Hand Wash', 353, 163, 14400, 4.00, NULL, 2, 19, 'App\\MISHeadChild_I', 0, NULL, '2020-02-11 02:19:34', '2020-12-21 08:19:09'),
(136, 4, 'Floor Cleaner', 353, 163, 14500, 4.00, NULL, 2, 19, 'App\\MISHeadChild_I', 0, NULL, '2020-02-11 02:19:34', '2020-12-21 08:19:09'),
(137, 4, 'Aerol', 353, 163, 14600, 1.00, NULL, 3, 20, 'App\\MISHeadChild_I', 0, NULL, '2020-02-11 02:19:34', '2020-12-21 08:19:09'),
(138, 4, 'Egg', 353, 16, 14700, 311.00, NULL, 3, 21, 'App\\MISHeadChild_I', 1, NULL, '2020-02-11 02:19:34', '2020-12-21 08:19:09'),
(139, 4, 'Air Freshner', 353, 163, 14800, 2.00, NULL, 3, 22, 'App\\MISHeadChild_I', 0, NULL, '2020-02-11 02:19:34', '2020-12-21 08:19:09'),
(140, 4, 'Washing Powder', 353, 163, 14900, 0.00, NULL, 1, 23, 'App\\MISHeadChild_I', 0, NULL, '2020-02-11 02:19:34', '2020-12-21 08:19:09'),
(141, 4, 'Wood (Lakri)', 353, 16, 15000, 80.00, NULL, 1, 25, 'App\\MISHeadChild_I', 1, NULL, '2020-02-11 02:19:34', '2020-12-21 08:19:09'),
(142, 4, 'Harpic', 353, 163, 15100, 6.00, NULL, 3, 26, 'App\\MISHeadChild_I', 0, NULL, '2020-02-11 02:19:34', '2020-12-21 08:19:09'),
(143, 4, 'Tooth Brush', 353, 163, 15200, 600.00, NULL, 3, 27, 'App\\MISHeadChild_I', 0, NULL, '2020-02-11 02:19:34', '2020-12-21 08:19:09'),
(144, 4, 'Tooth Paste', 353, 163, 15300, 390.00, NULL, 3, 27, 'App\\MISHeadChild_I', 0, NULL, '2020-02-11 02:19:34', '2020-12-21 08:19:09'),
(145, 4, 'Disel', 353, 80, 15400, 0.00, NULL, 1, 28, 'App\\MISHeadChild_I', 0, NULL, '2020-02-11 02:19:34', '2020-12-21 08:19:09'),
(146, 4, 'Muri', 353, 16, 15500, 0.00, NULL, 1, 29, 'App\\MISHeadChild_I', 1, NULL, '2020-02-11 02:19:34', '2020-12-21 08:19:09'),
(147, 4, 'Lexus Biscuit', 353, 16, 15600, 216.00, NULL, 3, 30, 'App\\MISHeadChild_I', 1, NULL, '2020-02-11 02:19:34', '2020-12-21 08:19:09'),
(148, 4, 'Bekari Biscuits', 353, 16, 15700, 0.00, NULL, 1, 30, 'App\\MISHeadChild_I', 1, NULL, '2020-02-11 02:19:34', '2020-12-21 08:19:09'),
(149, 4, 'Coffee (Jar)', 353, 16, 15800, 0.00, NULL, 1, 31, 'App\\MISHeadChild_I', 1, NULL, '2020-02-11 02:19:34', '2020-12-21 08:19:09'),
(150, 4, 'Coffee (Packet)', 353, 16, 15900, 1.00, NULL, 3, 31, 'App\\MISHeadChild_I', 1, NULL, '2020-02-11 02:19:34', '2020-12-21 08:19:09'),
(151, 5, 'Almirah', 353, 26, 16000, 0.00, NULL, 1, 32, 'App\\MISHeadChild_I', 0, NULL, '2020-02-11 02:19:34', '2020-02-25 10:41:43'),
(152, 5, 'Big Khat', 353, 26, 16100, 0.00, NULL, 1, 32, 'App\\MISHeadChild_I', 0, NULL, '2020-02-11 02:19:34', '2020-02-25 10:41:43'),
(153, 5, 'Single Khat', 353, 26, 16200, 0.00, NULL, 1, 32, 'App\\MISHeadChild_I', 0, NULL, '2020-02-11 02:19:34', '2020-02-25 10:41:43'),
(154, 5, 'Seme-Double Khat', 353, 26, 16300, 0.00, NULL, 1, 32, 'App\\MISHeadChild_I', 0, NULL, '2020-02-11 02:19:34', '2020-02-25 10:41:43'),
(155, 5, 'Big Table', 353, 26, 16400, 0.00, NULL, 1, 32, 'App\\MISHeadChild_I', 0, NULL, '2020-02-11 02:19:34', '2020-02-25 10:41:43'),
(156, 5, 'Tea Table', 353, 26, 16500, 0.00, NULL, 1, 32, 'App\\MISHeadChild_I', 0, NULL, '2020-02-11 02:19:34', '2020-02-25 10:41:43'),
(157, 5, 'Round Table', 353, 26, 16600, 0.00, NULL, 1, 32, 'App\\MISHeadChild_I', 0, NULL, '2020-02-11 02:19:34', '2020-02-25 10:41:43'),
(158, 5, 'Small Table', 353, 26, 16700, 0.00, NULL, 1, 32, 'App\\MISHeadChild_I', 0, NULL, '2020-02-11 02:19:34', '2020-02-25 10:41:43'),
(159, 5, 'Dining Table', 353, 26, 16800, 0.00, NULL, 1, 32, 'App\\MISHeadChild_I', 0, NULL, '2020-02-11 02:19:34', '2020-02-25 10:41:43'),
(160, 5, 'Alna', 353, 26, 16900, 0.00, NULL, 1, 32, 'App\\MISHeadChild_I', 0, NULL, '2020-02-11 02:19:34', '2020-02-25 10:41:43'),
(161, 5, 'Sofa', 353, 26, 17000, 0.00, NULL, 1, 32, 'App\\MISHeadChild_I', 0, NULL, '2020-02-11 02:19:34', '2020-02-25 10:41:43'),
(162, 5, 'Chair With Hand', 353, 26, 17100, 0.00, NULL, 1, 32, 'App\\MISHeadChild_I', 0, NULL, '2020-02-11 02:19:34', '2020-02-25 10:41:43'),
(163, 5, 'Chair Without Hand', 353, 26, 17200, 0.00, NULL, 1, 32, 'App\\MISHeadChild_I', 0, NULL, '2020-02-11 02:19:34', '2020-02-25 10:41:43'),
(164, 5, 'Easy Chair', 353, 26, 17300, 0.00, NULL, 1, 32, 'App\\MISHeadChild_I', 0, NULL, '2020-02-11 02:19:34', '2020-02-25 10:41:43'),
(165, 5, 'Training Chair', 353, 26, 17400, 0.00, NULL, 1, 32, 'App\\MISHeadChild_I', 0, NULL, '2020-02-11 02:19:34', '2020-02-25 10:41:43'),
(166, 5, 'Dining Chair', 353, 26, 17500, 0.00, NULL, 1, 32, 'App\\MISHeadChild_I', 0, NULL, '2020-02-11 02:19:34', '2020-02-25 10:41:43'),
(167, 5, 'Computer Table', 353, 26, 17600, 0.00, NULL, 1, 32, 'App\\MISHeadChild_I', 0, NULL, '2020-02-11 02:19:34', '2020-02-25 10:41:43'),
(168, 5, 'T.V Troli', 353, 26, 17700, 0.00, NULL, 1, 32, 'App\\MISHeadChild_I', 0, NULL, '2020-02-11 02:19:34', '2020-02-25 10:41:43'),
(169, 5, 'Telephone Set', 353, 456, 17800, 0.00, NULL, 1, 33, 'App\\MISHeadChild_I', 0, NULL, '2020-02-11 02:19:34', '2020-02-25 10:41:43'),
(170, 5, 'Video Camera', 353, 456, 17900, 0.00, NULL, 1, 33, 'App\\MISHeadChild_I', 0, NULL, '2020-02-11 02:19:34', '2020-02-25 10:41:43'),
(171, 5, 'Multimedia And Overhead Projector', 353, 456, 18000, 0.00, NULL, 1, 33, 'App\\MISHeadChild_I', 0, NULL, '2020-02-11 02:19:34', '2020-02-25 10:41:43'),
(172, 5, 'Fire extinguisher', 353, 456, 18100, 0.00, NULL, 1, 33, 'App\\MISHeadChild_I', 0, NULL, '2020-02-11 02:19:34', '2020-02-25 10:41:43'),
(173, 5, 'Glass', 168, 353, 18200, 0.00, NULL, 3, 34, 'App\\MISHeadChild_I', 0, NULL, '2020-02-11 02:19:34', '2020-02-25 10:41:43'),
(174, 5, 'Peyala Plige', 168, 353, 18300, 0.00, NULL, 3, 34, 'App\\MISHeadChild_I', 0, NULL, '2020-02-11 02:19:34', '2020-02-25 10:41:43'),
(175, 5, 'Patil', 168, 353, 18400, 0.00, NULL, 3, 34, 'App\\MISHeadChild_I', 0, NULL, '2020-02-11 02:19:34', '2020-02-25 10:41:43'),
(176, 5, 'Korai', 168, 353, 18500, 0.00, NULL, 3, 34, 'App\\MISHeadChild_I', 0, NULL, '2020-02-11 02:19:34', '2020-02-25 10:41:43'),
(177, 5, 'Sospen', 168, 353, 18600, 0.00, NULL, 3, 34, 'App\\MISHeadChild_I', 0, NULL, '2020-02-11 02:19:34', '2020-02-25 10:41:43'),
(178, 5, 'Sospen-Dakna', 168, 353, 18700, 0.00, NULL, 3, 34, 'App\\MISHeadChild_I', 0, NULL, '2020-02-11 02:19:34', '2020-02-25 10:41:43'),
(179, 5, 'Gas Cylinder', 168, 353, 18800, 0.00, NULL, 3, 34, 'App\\MISHeadChild_I', 0, NULL, '2020-02-11 02:19:34', '2020-02-25 10:41:43'),
(180, 5, 'Shil Pata', 168, 353, 18900, 0.00, NULL, 3, 34, 'App\\MISHeadChild_I', 0, NULL, '2020-02-11 02:19:34', '2020-02-25 10:41:43'),
(181, 5, 'Da-Boti', 168, 353, 19000, 0.00, NULL, 3, 34, 'App\\MISHeadChild_I', 0, NULL, '2020-02-11 02:19:34', '2020-02-25 10:41:43'),
(182, 5, 'Rannar Hatol', 168, 353, 19100, 0.00, NULL, 3, 34, 'App\\MISHeadChild_I', 0, NULL, '2020-02-11 02:19:34', '2020-02-25 10:41:43'),
(183, 5, 'Machh Chhakna', 168, 353, 19200, 0.00, NULL, 3, 34, 'App\\MISHeadChild_I', 0, NULL, '2020-02-11 02:19:34', '2020-02-25 10:41:43'),
(184, 5, 'Rice Plate', 168, 353, 19300, 0.00, NULL, 3, 34, 'App\\MISHeadChild_I', 0, NULL, '2020-02-11 02:19:34', '2020-02-25 10:41:43'),
(185, 5, 'Rice Dish', 168, 353, 19400, 0.00, NULL, 3, 34, 'App\\MISHeadChild_I', 0, NULL, '2020-02-11 02:19:35', '2020-02-25 10:41:43'),
(186, 5, 'Bati', 168, 353, 19500, 0.00, NULL, 3, 34, 'App\\MISHeadChild_I', 0, NULL, '2020-02-11 02:19:35', '2020-02-25 10:41:43'),
(187, 5, 'Bhorn Plate', 168, 353, 19600, 0.00, NULL, 3, 34, 'App\\MISHeadChild_I', 0, NULL, '2020-02-11 02:19:35', '2020-02-25 10:41:43'),
(188, 5, 'Curry Bati', 168, 353, 19700, 0.00, NULL, 3, 34, 'App\\MISHeadChild_I', 0, NULL, '2020-02-11 02:19:35', '2020-02-25 10:41:43'),
(189, 5, 'Salad Plate', 168, 353, 19800, 0.00, NULL, 3, 34, 'App\\MISHeadChild_I', 0, NULL, '2020-02-11 02:19:35', '2020-02-25 10:41:43'),
(190, 5, 'Tray', 168, 353, 19900, 0.00, NULL, 3, 34, 'App\\MISHeadChild_I', 0, NULL, '2020-02-11 02:19:35', '2020-02-25 10:41:43'),
(191, 5, 'Rice Spoon', 168, 353, 20000, 0.00, NULL, 3, 34, 'App\\MISHeadChild_I', 0, NULL, '2020-02-11 02:19:35', '2020-02-25 10:41:43'),
(192, 5, 'Curry Spoon', 168, 353, 20100, 0.00, NULL, 3, 34, 'App\\MISHeadChild_I', 0, NULL, '2020-02-11 02:19:35', '2020-02-25 10:41:43'),
(193, 5, 'Half Plate', 168, 353, 20200, 0.00, NULL, 3, 34, 'App\\MISHeadChild_I', 0, NULL, '2020-02-11 02:19:35', '2020-02-25 10:41:43'),
(194, 5, 'Tea Cup', 168, 353, 20300, 0.00, NULL, 3, 34, 'App\\MISHeadChild_I', 0, NULL, '2020-02-11 02:19:35', '2020-02-25 10:41:43'),
(195, 4, 'Shampoo (3ml)-Small Packet', 353, 163, 20400, 200.00, NULL, 3, 35, 'App\\MISHeadChild_I', 0, NULL, '2020-02-11 02:19:35', '2020-12-21 08:19:09'),
(196, 4, 'Shampoo (6ml)-Standard Packet', 353, 163, 20500, 110.00, NULL, 3, 35, 'App\\MISHeadChild_I', 0, NULL, '2020-02-11 02:19:35', '2020-12-21 08:19:09'),
(197, 4, 'Miniket Rice', 16, 353, 20600, 0.00, NULL, 1, 1, 'App\\MISHeadChild_I', 1, '2020-03-09 09:14:28', '2020-02-19 15:29:17', '2020-03-09 09:14:28'),
(198, 4, 'Chilly-Kacha', 353, 16, 20700, 3.00, NULL, 1, 4, 'App\\MISHeadChild_I', 1, NULL, '2020-02-19 15:42:22', '2020-12-21 08:19:09'),
(199, 4, 'Dhoniya', 353, 16, 20800, 0.00, NULL, 1, 4, 'App\\MISHeadChild_I', 1, NULL, '2020-02-19 15:44:54', '2020-12-21 08:19:09'),
(200, 4, 'Dhoniya-Pata', 353, 16, 20900, 0.00, NULL, 1, 4, 'App\\MISHeadChild_I', 1, NULL, '2020-02-19 15:45:10', '2020-12-21 08:19:09'),
(201, 4, 'Hand Towal Tissue', 353, 163, 21000, 11.00, NULL, 3, 13, 'App\\MISHeadChild_I', 0, NULL, '2020-02-19 15:50:33', '2020-12-21 08:19:09'),
(202, 4, 'Tea Cup', 353, 16, 21100, 200.00, NULL, 3, 16, 'App\\MISHeadChild_I', 1, NULL, '2020-02-19 16:01:43', '2020-12-21 08:19:09'),
(203, 4, 'heloo', 16, 353, 21200, 0.00, NULL, 1, 36, 'App\\MISHeadChild_I', 1, '2020-02-22 04:29:42', '2020-02-22 04:29:28', '2020-02-22 04:29:42'),
(204, 4, 'One Time Coffee Cup', 353, 16, 21300, 0.00, NULL, 3, 31, 'App\\MISHeadChild_I', 1, NULL, '2020-02-23 08:34:28', '2020-12-21 08:19:09'),
(205, 4, 'Chilly Powder', 353, 16, 21400, 0.00, NULL, 1, 4, 'App\\MISHeadChild_I', 1, NULL, '2020-02-23 08:40:39', '2020-12-21 08:19:09'),
(206, 4, 'Halud Powder', 353, 16, 21500, 0.00, NULL, 1, 4, 'App\\MISHeadChild_I', 1, NULL, '2020-02-23 08:41:11', '2020-12-21 08:19:09'),
(207, 4, 'Malaikari', 353, 16, 21600, 0.00, NULL, 1, 37, 'App\\MISHeadChild_I', 1, NULL, '2020-02-23 09:58:27', '2020-12-21 08:19:09'),
(208, 4, 'Sweet-Lencha', 353, 16, 21700, 0.00, NULL, 1, 37, 'App\\MISHeadChild_I', 1, NULL, '2020-02-23 09:58:42', '2020-12-21 08:19:09'),
(209, 4, 'Sweet', 353, 16, 21800, 0.00, NULL, 1, 37, 'App\\MISHeadChild_I', 1, NULL, '2020-02-23 09:58:55', '2020-12-21 08:19:09'),
(210, 4, 'Banana', 353, 16, 21900, 0.00, NULL, 3, 38, 'App\\MISHeadChild_I', 1, NULL, '2020-02-23 10:06:55', '2020-12-21 08:19:09'),
(211, 4, 'Apple', 353, 16, 22000, 0.00, NULL, 1, 38, 'App\\MISHeadChild_I', 1, NULL, '2020-02-23 10:07:10', '2020-12-21 08:19:09'),
(212, 4, 'Orange', 353, 16, 22100, 0.00, NULL, 1, 38, 'App\\MISHeadChild_I', 1, NULL, '2020-02-23 10:07:30', '2020-12-21 08:19:09'),
(213, 4, 'Guova', 353, 16, 22200, 0.00, NULL, 1, 38, 'App\\MISHeadChild_I', 1, NULL, '2020-02-23 10:07:47', '2020-12-21 08:19:09'),
(214, 4, 'Chilly-Dry', 353, 16, 22300, 0.00, NULL, 1, 4, 'App\\MISHeadChild_I', 1, NULL, '2020-02-23 10:19:14', '2020-12-21 08:19:09'),
(215, 4, 'Plaine Cake', 353, 16, 22400, 0.00, NULL, 3, 9, 'App\\MISHeadChild_I', 1, NULL, '2020-02-23 10:33:29', '2020-12-21 08:19:09'),
(216, 4, 'Lal Shak', 353, 16, 22500, 0.00, NULL, 1, 7, 'App\\MISHeadChild_I', 1, NULL, '2020-02-25 04:51:04', '2020-12-21 08:19:09'),
(217, 4, 'Grapes', 353, 16, 22600, 0.00, NULL, 1, 38, 'App\\MISHeadChild_I', 1, NULL, '2020-02-25 05:00:11', '2020-12-21 08:19:09'),
(218, 4, 'Boroi', 353, 16, 22700, 0.00, NULL, 1, 38, 'App\\MISHeadChild_I', 1, NULL, '2020-02-25 12:20:16', '2020-12-21 08:19:09'),
(219, 4, 'Truth Pic', 353, 16, 22800, 0.00, NULL, 3, 24, 'App\\MISHeadChild_I', 1, NULL, '2020-03-03 06:47:23', '2020-12-21 08:19:09'),
(220, 4, 'Food Cake', 353, 16, 22900, 0.00, NULL, 3, 9, 'App\\MISHeadChild_I', 1, NULL, '2020-03-03 06:53:58', '2020-12-21 08:19:09'),
(221, 4, 'Kacha Kola', 353, 16, 23000, 0.00, NULL, 3, 7, 'App\\MISHeadChild_I', 1, NULL, '2020-03-03 07:30:31', '2020-12-21 08:19:09'),
(222, 4, 'Birani Mosla', 353, 16, 23100, 0.00, NULL, 3, 24, 'App\\MISHeadChild_I', 1, NULL, '2020-03-05 06:10:11', '2020-12-21 08:19:09'),
(223, 4, 'Achar', 353, 16, 23200, 0.00, NULL, 3, 24, 'App\\MISHeadChild_I', 1, NULL, '2020-03-05 06:30:25', '2020-12-21 08:19:09'),
(224, 4, 'Chicken Burger', 353, 16, 23300, 0.00, NULL, 3, 9, 'App\\MISHeadChild_I', 1, NULL, '2020-03-07 03:28:06', '2020-12-21 08:19:09'),
(225, 4, 'Jafran Bug', 353, 16, 23400, 0.00, NULL, 1, 37, 'App\\MISHeadChild_I', 1, NULL, '2020-03-07 03:45:14', '2020-12-21 08:19:09'),
(226, 4, 'Sorisha', 353, 16, 23500, 0.00, NULL, 1, 4, 'App\\MISHeadChild_I', 1, NULL, '2020-03-07 03:54:06', '2020-12-21 08:19:09'),
(227, 4, 'Harpik', 353, 163, 23600, 0.00, NULL, 3, 19, 'App\\MISHeadChild_I', 0, NULL, '2020-03-07 04:13:45', '2020-12-21 08:19:09'),
(228, 4, 'Toilet Cleaner', 353, 163, 23700, 0.00, NULL, 2, 19, 'App\\MISHeadChild_I', 0, NULL, '2020-03-07 04:15:02', '2020-12-21 08:19:09'),
(229, 4, 'Khejurer Gur', 353, 16, 23800, 0.00, NULL, 1, 37, 'App\\MISHeadChild_I', 1, NULL, '2020-03-07 06:00:38', '2020-12-21 08:19:09'),
(230, 4, 'Milk', 353, 16, 23900, 0.00, NULL, 2, 15, 'App\\MISHeadChild_I', 1, NULL, '2020-03-07 06:09:25', '2020-12-21 08:19:09'),
(231, 4, 'Normal Cake', 353, 16, 24000, 0.00, NULL, 3, 9, 'App\\MISHeadChild_I', 1, NULL, '2020-03-07 06:11:40', '2020-12-21 08:19:09'),
(232, 4, 'Sandwich', 353, 16, 24100, 0.00, NULL, 3, 9, 'App\\MISHeadChild_I', 1, NULL, '2020-03-07 06:29:31', '2020-12-21 08:19:09'),
(233, 4, 'Sammi Kabab', 353, 16, 24200, 0.00, NULL, 3, 9, 'App\\MISHeadChild_I', 1, NULL, '2020-03-07 06:48:06', '2020-12-21 08:19:09'),
(234, 4, 'Sos', 353, 16, 24300, 0.00, NULL, 3, 9, 'App\\MISHeadChild_I', 1, NULL, '2020-03-09 08:26:31', '2020-12-21 08:19:09'),
(235, 4, 'Kacha SharISHA', 16, 353, 24400, 0.00, NULL, 1, 4, 'App\\MISHeadChild_I', 1, '2020-03-09 08:55:05', '2020-03-09 08:50:15', '2020-03-09 08:55:05'),
(236, 4, 'Jam Alo', 353, 16, 24500, 0.00, NULL, 1, 7, 'App\\MISHeadChild_I', 1, NULL, '2020-03-09 09:57:42', '2020-12-21 08:19:09'),
(237, 5, 'Tea-Flags', 168, 353, 24600, 0.00, NULL, 3, 34, 'App\\MISHeadChild_I', 1, NULL, '2020-03-09 10:20:59', '2020-03-09 10:20:59'),
(238, 5, 'Piller (Shosha Katar Machine)', 168, 353, 24700, 0.00, NULL, 3, 34, 'App\\MISHeadChild_I', 1, NULL, '2020-03-09 10:22:02', '2020-03-09 10:22:02'),
(239, 5, 'One Time Coffee Cup', 168, 353, 24800, 0.00, NULL, 3, 34, 'App\\MISHeadChild_I', 1, NULL, '2020-03-09 10:26:07', '2020-03-09 10:26:07'),
(240, 4, 'Suji', 353, 16, 24900, 0.00, NULL, 1, 14, 'App\\MISHeadChild_I', 1, NULL, '2020-03-10 01:48:40', '2020-12-21 08:19:09'),
(241, 4, 'Dry-Cake', 353, 16, 25000, 0.00, NULL, 1, 9, 'App\\MISHeadChild_I', 1, NULL, '2020-03-10 03:02:57', '2020-12-21 08:19:09'),
(242, 4, 'Lao Shak', 353, 16, 25100, 0.00, NULL, 1, 7, 'App\\MISHeadChild_I', 1, NULL, '2020-03-10 05:11:01', '2020-12-21 08:19:09'),
(243, 4, 'Pattish', 353, 16, 25200, 0.00, NULL, 3, 9, 'App\\MISHeadChild_I', 1, NULL, '2020-03-10 07:15:17', '2020-12-21 08:19:09'),
(244, 4, 'Tengra', 353, 16, 25300, 0.00, NULL, 1, 3, 'App\\MISHeadChild_I', 1, NULL, '2020-03-10 08:05:55', '2020-12-21 08:19:09'),
(245, 4, 'Muri', 353, 16, 25400, 0.00, NULL, 1, 9, 'App\\MISHeadChild_I', 1, NULL, '2020-03-10 08:44:35', '2020-12-21 08:19:09'),
(246, 4, 'Chisingga', 353, 16, 25500, 0.00, NULL, 1, 7, 'App\\MISHeadChild_I', 1, NULL, '2020-03-10 11:27:23', '2020-12-21 08:19:09'),
(247, 5, 'Kata Chamos', 168, 353, 25600, 0.00, NULL, 3, 34, 'App\\MISHeadChild_I', 1, NULL, '2020-03-10 11:45:39', '2020-03-10 11:45:39'),
(248, 5, 'SS Chamos', 168, 353, 25700, 0.00, NULL, 3, 34, 'App\\MISHeadChild_I', 1, NULL, '2020-03-10 11:45:59', '2020-03-10 11:45:59'),
(249, 5, 'Salt Pot', 168, 353, 25800, 0.00, NULL, 3, 34, 'App\\MISHeadChild_I', 1, NULL, '2020-03-10 11:46:40', '2020-03-10 11:46:40'),
(250, 4, 'Halud,Moris,Doniya Banganu', 353, 16, 25900, 0.00, NULL, 1, 24, 'App\\MISHeadChild_I', 1, NULL, '2020-03-11 03:51:53', '2020-12-21 08:19:09'),
(251, 3, 'Restaurant (Personal)', 15, 353, 26000, 0.00, NULL, NULL, 3, 'App\\MISHead', 0, NULL, NULL, '2020-12-21 07:44:01'),
(252, 4, 'Sobji Bora', 353, 16, 26100, 0.00, NULL, 3, 9, 'App\\MISHeadChild_I', 1, NULL, '2020-03-11 04:56:31', '2020-12-21 08:19:09'),
(253, 4, 'Coconut', 353, 16, 26200, 0.00, NULL, 3, 38, 'App\\MISHeadChild_I', 1, NULL, '2020-03-14 01:24:29', '2020-12-21 08:19:09'),
(254, 4, 'Facial Tissue-Small', 353, 163, 26300, 0.00, NULL, 3, 13, 'App\\MISHeadChild_I', 0, NULL, '2020-03-14 01:42:51', '2020-12-21 08:19:09'),
(255, 5, 'Sugar', 353, 37, 26400, 0.00, 'For Office use', 1, 2, 'App\\MISHeadChild_I', 1, NULL, '2020-03-18 05:36:43', '2020-03-18 05:36:43'),
(256, 4, 'Teheri Moshola', 353, 16, 26500, 0.00, NULL, 3, 4, 'App\\MISHeadChild_I', 1, NULL, '2020-07-17 01:31:17', '2020-12-21 08:19:09'),
(257, 4, 'Gulsha', 353, 16, 26600, 0.00, NULL, 1, 3, 'App\\MISHeadChild_I', 1, NULL, '2020-07-17 02:17:15', '2020-12-21 08:19:09'),
(258, 4, 'Mutton Head', 353, 16, 26700, 0.00, NULL, 3, 5, 'App\\MISHeadChild_I', 1, NULL, '2020-07-17 06:06:24', '2020-12-21 08:19:09'),
(259, 4, 'Palong Shak', 353, 16, 26800, 0.00, NULL, 1, 7, 'App\\MISHeadChild_I', 1, NULL, '2020-07-17 06:21:52', '2020-12-21 08:19:09'),
(260, 4, 'Ghee', 353, 16, 26900, 0.00, NULL, 1, 40, 'App\\MISHeadChild_I', 1, NULL, '2020-07-17 07:00:21', '2020-12-21 08:19:09'),
(261, 4, 'Chocolate', 353, 16, 27000, 0.00, NULL, 3, 24, 'App\\MISHeadChild_I', 1, NULL, '2020-07-17 07:06:56', '2020-12-21 08:19:09'),
(262, 4, 'Bidhan', 353, 16, 27100, 0.00, NULL, 3, 4, 'App\\MISHeadChild_I', 1, NULL, '2020-07-17 09:23:54', '2020-12-21 08:19:09'),
(263, 4, 'Moshar Koyel', 353, 163, 27200, 0.00, NULL, 3, 41, 'App\\MISHeadChild_I', 0, NULL, '2020-07-17 09:43:42', '2020-12-21 08:19:09'),
(264, 4, 'Sandel', 353, 163, 27300, 0.00, NULL, 4, 42, 'App\\MISHeadChild_I', 0, NULL, '2020-07-17 12:39:53', '2020-12-21 08:19:09'),
(265, 4, 'Poishak', 353, 16, 27400, 0.00, NULL, 1, 7, 'App\\MISHeadChild_I', 1, NULL, '2020-07-21 05:52:15', '2020-12-21 08:19:09'),
(266, 4, 'Potol', 353, 16, 27500, 0.00, NULL, 1, 7, 'App\\MISHeadChild_I', 1, NULL, '2020-12-16 13:57:13', '2020-12-21 08:19:09');

-- --------------------------------------------------------

--
-- Table structure for table `m4_mis_vouchers_i`
--

CREATE TABLE `m4_mis_vouchers_i` (
  `id` int(10) UNSIGNED NOT NULL,
  `mis_head_id` int(10) UNSIGNED NOT NULL,
  `ledger_head_id` int(10) UNSIGNED NOT NULL,
  `date_id` int(10) UNSIGNED NOT NULL,
  `voucher_id` int(10) UNSIGNED NOT NULL,
  `deleted_at` timestamp NULL DEFAULT NULL,
  `created_at` timestamp NULL DEFAULT NULL,
  `updated_at` timestamp NULL DEFAULT NULL
) ENGINE=InnoDB DEFAULT CHARSET=utf8mb4 COLLATE=utf8mb4_unicode_ci;

--
-- Dumping data for table `m4_mis_vouchers_i`
--

INSERT INTO `m4_mis_vouchers_i` (`id`, `mis_head_id`, `ledger_head_id`, `date_id`, `voucher_id`, `deleted_at`, `created_at`, `updated_at`) VALUES
(1, 2, 2, 1, 1, NULL, '2020-02-16 10:03:04', '2020-02-16 10:03:04'),
(2, 6, 4, 1, 2, NULL, '2020-02-16 10:05:37', '2020-02-16 10:05:37'),
(3, 2, 2, 1, 3, NULL, '2020-02-16 10:05:38', '2020-02-16 10:05:38'),
(4, 3, 3, 1, 4, NULL, '2020-02-16 10:05:38', '2020-02-16 10:05:38'),
(5, 2, 2, 1, 5, NULL, '2020-02-17 07:20:33', '2020-02-17 07:20:33'),
(6, 6, 4, 1, 6, NULL, '2020-02-17 07:22:03', '2020-02-17 07:22:03'),
(7, 2, 2, 1, 7, NULL, '2020-02-17 07:22:03', '2020-02-17 07:22:03'),
(8, 3, 3, 1, 8, NULL, '2020-02-17 07:22:03', '2020-02-17 07:22:03'),
(9, 2, 2, 1, 9, NULL, '2020-02-17 08:52:32', '2020-02-17 08:52:32'),
(10, 2, 2, 1, 10, NULL, '2020-02-17 08:53:32', '2020-02-17 08:53:32'),
(11, 3, 3, 1, 11, NULL, '2020-02-17 08:53:32', '2020-02-17 08:53:32'),
(12, 2, 2, 1, 12, NULL, '2020-02-17 09:19:15', '2020-02-17 09:19:15'),
(13, 2, 2, 1, 13, NULL, '2020-02-17 10:32:42', '2020-02-17 10:32:42'),
(14, 2, 2, 1, 14, NULL, '2020-02-17 10:33:54', '2020-02-17 10:33:54'),
(15, 3, 3, 1, 15, NULL, '2020-02-17 10:33:54', '2020-02-17 10:33:54'),
(16, 2, 2, 1, 17, NULL, '2020-02-17 10:39:51', '2020-02-17 10:39:51'),
(17, 2, 2, 1, 18, NULL, '2020-02-17 10:43:50', '2020-02-17 10:43:50'),
(18, 2, 2, 1, 19, NULL, '2020-02-17 10:44:14', '2020-02-17 10:44:14'),
(19, 3, 3, 1, 20, NULL, '2020-02-17 10:44:14', '2020-02-17 10:44:14'),
(20, 2, 2, 1, 21, NULL, '2020-02-17 10:55:15', '2020-02-17 10:55:15'),
(21, 2, 2, 1, 22, NULL, '2020-02-17 11:10:41', '2020-02-17 11:10:41'),
(22, 2, 2, 1, 23, NULL, '2020-02-17 11:11:58', '2020-02-17 11:11:58'),
(23, 3, 3, 1, 24, NULL, '2020-02-17 11:11:58', '2020-02-17 11:11:58'),
(24, 2, 2, 1, 26, NULL, '2020-02-17 11:34:23', '2020-02-17 11:34:23'),
(25, 2, 2, 1, 27, NULL, '2020-02-17 11:39:05', '2020-02-17 11:39:05'),
(26, 2, 2, 1, 28, NULL, '2020-02-17 11:42:25', '2020-02-17 11:42:25'),
(27, 2, 2, 1, 29, NULL, '2020-02-17 11:44:37', '2020-02-17 11:44:37'),
(28, 2, 2, 1, 30, NULL, '2020-02-17 11:46:26', '2020-02-17 11:46:26'),
(29, 3, 3, 1, 31, NULL, '2020-02-17 11:46:27', '2020-02-17 11:46:27'),
(30, 1, 1, 1, 33, NULL, '2020-02-19 16:34:58', '2020-02-19 16:34:58'),
(31, 6, 4, 1, 34, NULL, '2020-02-19 16:35:11', '2020-02-19 16:35:11'),
(32, 1, 1, 1, 35, NULL, '2020-02-19 16:35:11', '2020-02-19 16:35:11'),
(33, 1, 1, 1, 36, NULL, '2020-02-19 16:37:00', '2020-02-19 16:37:00'),
(34, 6, 4, 1, 37, NULL, '2020-02-19 16:37:12', '2020-02-19 16:37:12'),
(35, 1, 1, 1, 38, NULL, '2020-02-19 16:37:12', '2020-02-19 16:37:12'),
(36, 1, 1, 1, 39, NULL, '2020-02-19 16:38:31', '2020-02-19 16:38:31'),
(37, 6, 4, 1, 40, NULL, '2020-02-19 16:38:39', '2020-02-19 16:38:39'),
(38, 1, 1, 1, 41, NULL, '2020-02-19 16:38:39', '2020-02-19 16:38:39'),
(39, 1, 1, 1, 42, NULL, '2020-02-19 16:39:49', '2020-02-19 16:39:49'),
(40, 6, 4, 1, 43, NULL, '2020-02-19 16:39:56', '2020-02-19 16:39:56'),
(41, 1, 1, 1, 44, NULL, '2020-02-19 16:39:56', '2020-02-19 16:39:56'),
(42, 1, 1, 1, 45, NULL, '2020-02-19 16:41:09', '2020-02-19 16:41:09'),
(43, 6, 4, 1, 46, NULL, '2020-02-19 16:41:17', '2020-02-19 16:41:17'),
(44, 1, 1, 1, 47, NULL, '2020-02-19 16:41:17', '2020-02-19 16:41:17'),
(45, 1, 1, 1, 48, NULL, '2020-02-19 16:43:15', '2020-02-19 16:43:15'),
(46, 6, 4, 1, 49, NULL, '2020-02-19 16:44:10', '2020-02-19 16:44:10'),
(47, 1, 1, 1, 50, NULL, '2020-02-19 16:44:10', '2020-02-19 16:44:10'),
(48, 3, 3, 1, 51, NULL, '2020-02-19 16:44:10', '2020-02-19 16:44:10'),
(49, 1, 1, 1, 52, NULL, '2020-02-19 16:45:34', '2020-02-19 16:45:34'),
(50, 1, 1, 1, 53, NULL, '2020-02-19 16:46:41', '2020-02-19 16:46:41'),
(51, 6, 4, 1, 54, NULL, '2020-02-19 16:47:10', '2020-02-19 16:47:10'),
(52, 1, 1, 1, 55, NULL, '2020-02-19 16:47:10', '2020-02-19 16:47:10'),
(53, 3, 3, 1, 56, NULL, '2020-02-19 16:47:10', '2020-02-19 16:47:10'),
(54, 1, 1, 1, 57, NULL, '2020-02-19 16:48:16', '2020-02-19 16:48:16'),
(55, 6, 4, 1, 58, NULL, '2020-02-19 16:48:37', '2020-02-19 16:48:37'),
(56, 1, 1, 1, 59, NULL, '2020-02-19 16:48:37', '2020-02-19 16:48:37'),
(57, 3, 3, 1, 60, NULL, '2020-02-19 16:48:37', '2020-02-19 16:48:37'),
(58, 1, 1, 1, 61, NULL, '2020-02-19 16:49:57', '2020-02-19 16:49:57'),
(59, 1, 1, 1, 62, NULL, '2020-02-19 16:50:03', '2020-02-19 16:50:03'),
(60, 1, 1, 1, 63, NULL, '2020-02-19 16:51:36', '2020-02-19 16:51:36'),
(61, 1, 1, 1, 64, NULL, '2020-02-19 16:51:41', '2020-02-19 16:51:41'),
(62, 1, 1, 1, 65, NULL, '2020-02-19 16:53:58', '2020-02-19 16:53:58'),
(63, 6, 4, 1, 66, NULL, '2020-02-19 16:54:08', '2020-02-19 16:54:08'),
(64, 1, 1, 1, 67, NULL, '2020-02-19 16:54:08', '2020-02-19 16:54:08'),
(65, 1, 1, 1, 68, NULL, '2020-02-19 16:58:26', '2020-02-19 16:58:26'),
(66, 6, 4, 1, 69, NULL, '2020-02-19 16:58:51', '2020-02-19 16:58:51'),
(67, 1, 1, 1, 70, NULL, '2020-02-19 16:58:51', '2020-02-19 16:58:51'),
(68, 1, 1, 1, 71, NULL, '2020-02-19 17:00:17', '2020-02-19 17:00:17'),
(69, 1, 1, 1, 72, NULL, '2020-02-19 17:00:28', '2020-02-19 17:00:28'),
(70, 1, 1, 1, 73, NULL, '2020-02-19 17:02:14', '2020-02-19 17:02:14'),
(71, 1, 1, 1, 74, NULL, '2020-02-19 17:02:19', '2020-02-19 17:02:19'),
(72, 1, 1, 1, 75, NULL, '2020-02-19 17:03:35', '2020-02-19 17:03:35'),
(73, 1, 1, 1, 76, NULL, '2020-02-19 17:03:40', '2020-02-19 17:03:40'),
(74, 1, 1, 1, 77, NULL, '2020-02-19 17:07:15', '2020-02-19 17:07:15'),
(75, 1, 1, 1, 78, NULL, '2020-02-19 17:07:20', '2020-02-19 17:07:20'),
(76, 1, 1, 1, 79, NULL, '2020-02-19 17:09:23', '2020-02-19 17:09:23'),
(77, 1, 1, 1, 80, NULL, '2020-02-19 17:12:14', '2020-02-19 17:12:14'),
(78, 1, 1, 1, 81, NULL, '2020-02-19 17:12:18', '2020-02-19 17:12:18'),
(79, 1, 1, 1, 82, NULL, '2020-02-19 17:14:10', '2020-02-19 17:14:10'),
(80, 1, 1, 1, 83, NULL, '2020-02-19 17:14:42', '2020-02-19 17:14:42'),
(81, 1, 1, 1, 84, NULL, '2020-02-19 17:16:07', '2020-02-19 17:16:07'),
(82, 1, 1, 1, 85, NULL, '2020-02-19 17:16:12', '2020-02-19 17:16:12'),
(83, 1, 1, 1, 86, NULL, '2020-02-19 17:19:33', '2020-02-19 17:19:33'),
(84, 1, 1, 1, 87, NULL, '2020-02-19 17:19:40', '2020-02-19 17:19:40'),
(85, 1, 1, 1, 88, NULL, '2020-02-19 17:21:24', '2020-02-19 17:21:24'),
(86, 1, 1, 1, 89, NULL, '2020-02-19 17:21:32', '2020-02-19 17:21:32'),
(87, 1, 1, 1, 90, NULL, '2020-02-19 17:23:51', '2020-02-19 17:23:51'),
(88, 1, 1, 1, 91, NULL, '2020-02-19 17:27:01', '2020-02-19 17:27:01'),
(89, 6, 4, 1, 92, NULL, '2020-02-19 17:27:52', '2020-02-19 17:27:52'),
(90, 1, 1, 1, 93, NULL, '2020-02-19 17:27:52', '2020-02-19 17:27:52'),
(91, 3, 3, 1, 94, NULL, '2020-02-19 17:27:52', '2020-02-19 17:27:52'),
(92, 4, 61, 1, 97, NULL, '2020-02-23 08:16:06', '2020-02-23 08:16:06'),
(93, 4, 199, 1, 98, NULL, '2020-02-23 08:16:06', '2020-02-23 08:16:06'),
(94, 4, 51, 1, 99, NULL, '2020-02-23 08:16:07', '2020-02-23 08:16:07'),
(95, 4, 50, 1, 100, NULL, '2020-02-23 08:16:07', '2020-02-23 08:16:07'),
(96, 4, 116, 1, 101, NULL, '2020-02-23 08:19:17', '2020-02-23 08:19:17'),
(97, 4, 122, 1, 102, NULL, '2020-02-23 08:27:04', '2020-02-23 08:27:04'),
(98, 4, 108, 1, 103, NULL, '2020-02-23 08:30:57', '2020-02-23 08:30:57'),
(99, 4, 204, 1, 104, NULL, '2020-02-23 08:35:22', '2020-02-23 08:35:22'),
(100, 4, 25, 1, 105, NULL, '2020-02-23 08:45:29', '2020-02-23 08:45:29'),
(101, 4, 20, 1, 106, NULL, '2020-02-23 08:45:29', '2020-02-23 08:45:29'),
(102, 4, 27, 1, 107, NULL, '2020-02-23 08:45:29', '2020-02-23 08:45:29'),
(103, 4, 23, 1, 108, NULL, '2020-02-23 08:45:29', '2020-02-23 08:45:29'),
(104, 4, 206, 1, 109, NULL, '2020-02-23 08:45:29', '2020-02-23 08:45:29'),
(105, 4, 205, 1, 110, NULL, '2020-02-23 08:45:29', '2020-02-23 08:45:29'),
(106, 4, 72, 1, 111, NULL, '2020-02-23 09:36:54', '2020-02-23 09:36:54'),
(107, 4, 73, 1, 112, NULL, '2020-02-23 09:36:55', '2020-02-23 09:36:55'),
(108, 4, 76, 1, 113, NULL, '2020-02-23 09:36:55', '2020-02-23 09:36:55'),
(109, 4, 68, 1, 114, NULL, '2020-02-23 09:36:55', '2020-02-23 09:36:55'),
(110, 4, 69, 1, 115, NULL, '2020-02-23 09:36:55', '2020-02-23 09:36:55'),
(111, 4, 58, 1, 116, NULL, '2020-02-23 09:41:02', '2020-02-23 09:41:02'),
(112, 4, 66, 1, 118, NULL, '2020-02-23 09:44:26', '2020-02-23 09:44:26'),
(113, 4, 80, 1, 119, NULL, '2020-02-23 09:46:03', '2020-02-23 09:46:03'),
(114, 4, 207, 1, 120, NULL, '2020-02-23 09:59:40', '2020-02-23 09:59:40'),
(115, 4, 198, 1, 122, NULL, '2020-02-23 10:04:28', '2020-02-23 10:04:28'),
(116, 4, 200, 1, 123, NULL, '2020-02-23 10:04:28', '2020-02-23 10:04:28'),
(117, 4, 210, 1, 124, NULL, '2020-02-23 10:08:28', '2020-02-23 10:08:28'),
(118, 4, 210, 1, 125, NULL, '2020-02-23 10:10:33', '2020-02-23 10:10:33'),
(119, 4, 73, 1, 126, NULL, '2020-02-23 10:15:42', '2020-02-23 10:15:42'),
(120, 4, 72, 1, 127, NULL, '2020-02-23 10:15:42', '2020-02-23 10:15:42'),
(121, 4, 78, 1, 128, NULL, '2020-02-23 10:15:43', '2020-02-23 10:15:43'),
(122, 4, 68, 1, 129, NULL, '2020-02-23 10:15:43', '2020-02-23 10:15:43'),
(123, 4, 82, 1, 130, NULL, '2020-02-23 10:15:43', '2020-02-23 10:15:43'),
(124, 4, 27, 1, 131, NULL, '2020-02-23 10:17:39', '2020-02-23 10:17:39'),
(125, 4, 20, 1, 132, NULL, '2020-02-23 10:17:39', '2020-02-23 10:17:39'),
(126, 4, 214, 1, 133, NULL, '2020-02-23 10:21:04', '2020-02-23 10:21:04'),
(127, 4, 50, 1, 134, NULL, '2020-02-23 10:21:04', '2020-02-23 10:21:04'),
(128, 4, 116, 1, 137, NULL, '2020-02-23 10:24:50', '2020-02-23 10:24:50'),
(129, 4, 66, 1, 138, NULL, '2020-02-23 10:27:43', '2020-02-23 10:27:43'),
(130, 4, 148, 1, 139, NULL, '2020-02-23 10:31:49', '2020-02-23 10:31:49'),
(131, 4, 215, 1, 140, NULL, '2020-02-23 10:38:46', '2020-02-23 10:38:46'),
(132, 4, 112, 1, 141, NULL, '2020-02-23 10:41:06', '2020-02-23 10:41:06'),
(133, 4, 130, 1, 142, NULL, '2020-02-25 04:24:31', '2020-02-25 04:24:31'),
(134, 4, 7, 1, 143, NULL, '2020-02-25 04:25:47', '2020-02-25 04:25:47'),
(135, 4, 197, 1, 144, '2020-02-25 07:13:05', '2020-02-25 04:26:02', '2020-02-25 07:13:05'),
(136, 4, 138, 1, 145, NULL, '2020-02-25 04:29:06', '2020-02-25 04:29:06'),
(137, 4, 68, 1, 146, NULL, '2020-02-25 04:33:34', '2020-02-25 04:33:34'),
(138, 4, 52, 1, 147, NULL, '2020-02-25 04:33:34', '2020-02-25 04:33:34'),
(139, 4, 46, 1, 148, NULL, '2020-02-25 04:33:34', '2020-02-25 04:33:34'),
(140, 4, 59, 1, 149, NULL, '2020-02-25 04:36:54', '2020-02-25 04:36:54'),
(141, 4, 59, 1, 150, NULL, '2020-02-25 04:36:54', '2020-02-25 04:36:54'),
(142, 4, 58, 1, 151, NULL, '2020-02-25 04:36:54', '2020-02-25 04:36:54'),
(143, 4, 216, 1, 152, NULL, '2020-02-25 04:52:26', '2020-02-25 04:52:26'),
(144, 4, 82, 1, 153, NULL, '2020-02-25 04:52:26', '2020-02-25 04:52:26'),
(145, 4, 108, 1, 154, NULL, '2020-02-25 04:54:54', '2020-02-25 04:54:54'),
(146, 4, 209, 1, 155, NULL, '2020-02-25 04:54:54', '2020-02-25 04:54:54'),
(147, 4, 147, 1, 156, NULL, '2020-02-25 04:57:07', '2020-02-25 04:57:07'),
(148, 4, 211, 1, 157, NULL, '2020-02-25 04:59:19', '2020-02-25 04:59:19'),
(149, 4, 217, 1, 158, NULL, '2020-02-25 05:02:49', '2020-02-25 05:02:49'),
(150, 4, 212, 1, 159, NULL, '2020-02-25 05:02:49', '2020-02-25 05:02:49'),
(151, 4, 130, 1, 160, NULL, '2020-02-25 05:04:29', '2020-02-25 05:04:29'),
(152, 4, 82, 1, 161, NULL, '2020-02-25 05:05:30', '2020-02-25 05:05:30'),
(153, 4, 81, 1, 162, NULL, '2020-02-25 05:05:30', '2020-02-25 05:05:30'),
(154, 4, 73, 1, 163, NULL, '2020-02-25 05:05:30', '2020-02-25 05:05:30'),
(155, 4, 198, 1, 164, NULL, '2020-02-25 05:05:30', '2020-02-25 05:05:30'),
(156, 4, 72, 1, 165, NULL, '2020-02-25 05:05:30', '2020-02-25 05:05:30'),
(157, 4, 80, 1, 166, NULL, '2020-02-25 05:05:30', '2020-02-25 05:05:30'),
(158, 4, 200, 1, 167, NULL, '2020-02-25 05:05:31', '2020-02-25 05:05:31'),
(159, 4, 27, 1, 168, NULL, '2020-02-25 05:05:31', '2020-02-25 05:05:31'),
(160, 4, 25, 1, 169, NULL, '2020-02-25 05:05:31', '2020-02-25 05:05:31'),
(161, 4, 23, 1, 170, NULL, '2020-02-25 05:05:31', '2020-02-25 05:05:31'),
(162, 4, 119, 1, 171, NULL, '2020-02-25 05:14:54', '2020-02-25 05:14:54'),
(163, 4, 118, 1, 172, NULL, '2020-02-25 05:14:54', '2020-02-25 05:14:54'),
(164, 4, 201, 1, 173, NULL, '2020-02-25 05:14:54', '2020-02-25 05:14:54'),
(165, 4, 118, 1, 174, NULL, '2020-02-25 05:16:30', '2020-02-25 05:16:30'),
(166, 4, 195, 1, 175, NULL, '2020-02-25 05:17:17', '2020-02-25 05:17:17'),
(167, 4, 196, 1, 176, NULL, '2020-02-25 05:17:17', '2020-02-25 05:17:17'),
(168, 4, 144, 1, 177, NULL, '2020-02-25 05:17:17', '2020-02-25 05:17:17'),
(169, 5, 177, 1, 182, '2020-02-25 10:43:59', '2020-02-25 05:59:09', '2020-02-25 10:43:59'),
(170, 5, 177, 1, 183, '2020-02-25 10:43:59', '2020-02-25 05:59:09', '2020-02-25 10:43:59'),
(171, 1, 1, 1, 184, NULL, '2020-02-25 06:14:12', '2020-02-25 06:14:12'),
(172, 1, 1, 1, 185, NULL, '2020-02-25 06:15:21', '2020-02-25 06:15:21'),
(173, 3, 3, 1, 186, NULL, '2020-02-25 06:15:21', '2020-02-25 06:15:21'),
(174, 1, 1, 1, 187, NULL, '2020-02-25 06:24:50', '2020-02-25 06:24:50'),
(175, 6, 4, 1, 188, NULL, '2020-02-25 06:27:18', '2020-02-25 06:27:18'),
(176, 1, 1, 1, 189, NULL, '2020-02-25 06:27:18', '2020-02-25 06:27:18'),
(177, 1, 1, 1, 190, NULL, '2020-02-25 06:32:37', '2020-02-25 06:32:37'),
(178, 1, 1, 1, 191, NULL, '2020-02-25 06:32:50', '2020-02-25 06:32:50'),
(179, 1, 1, 1, 192, NULL, '2020-02-25 06:38:19', '2020-02-25 06:38:19'),
(180, 1, 1, 1, 193, NULL, '2020-02-25 06:39:27', '2020-02-25 06:39:27'),
(181, 3, 3, 1, 194, NULL, '2020-02-25 06:39:27', '2020-02-25 06:39:27'),
(182, 1, 1, 1, 195, NULL, '2020-02-25 06:47:51', '2020-02-25 06:47:51'),
(183, 1, 1, 1, 196, NULL, '2020-02-25 06:50:34', '2020-02-25 06:50:34'),
(184, 1, 1, 1, 197, NULL, '2020-02-25 06:52:58', '2020-02-25 06:52:58'),
(185, 1, 1, 1, 198, NULL, '2020-02-25 06:53:25', '2020-02-25 06:53:25'),
(186, 3, 3, 1, 199, NULL, '2020-02-25 06:53:25', '2020-02-25 06:53:25'),
(187, 1, 1, 1, 200, NULL, '2020-02-25 06:57:15', '2020-02-25 06:57:15'),
(188, 1, 1, 1, 201, NULL, '2020-02-25 06:57:40', '2020-02-25 06:57:40'),
(189, 3, 3, 1, 202, NULL, '2020-02-25 06:57:40', '2020-02-25 06:57:40'),
(190, 1, 1, 1, 203, NULL, '2020-02-25 07:00:23', '2020-02-25 07:00:23'),
(191, 1, 1, 1, 204, NULL, '2020-02-25 07:00:30', '2020-02-25 07:00:30'),
(192, 1, 1, 1, 205, NULL, '2020-02-25 07:03:29', '2020-02-25 07:03:29'),
(193, 1, 1, 1, 206, NULL, '2020-02-25 07:03:35', '2020-02-25 07:03:35'),
(194, 1, 1, 1, 207, NULL, '2020-02-25 07:08:53', '2020-02-25 07:08:53'),
(195, 1, 1, 1, 208, NULL, '2020-02-25 07:09:26', '2020-02-25 07:09:26'),
(196, 1, 1, 1, 209, NULL, '2020-02-25 07:13:33', '2020-02-25 07:13:33'),
(197, 1, 1, 1, 210, NULL, '2020-02-25 07:13:40', '2020-02-25 07:13:40'),
(198, 4, 5, 1, 211, NULL, '2020-02-25 07:13:56', '2020-02-25 07:13:56'),
(199, 1, 1, 1, 212, NULL, '2020-02-25 07:16:21', '2020-02-25 07:16:21'),
(200, 1, 1, 1, 213, NULL, '2020-02-25 07:17:16', '2020-02-25 07:17:16'),
(201, 1, 1, 1, 214, NULL, '2020-02-25 09:42:13', '2020-02-25 09:42:13'),
(202, 1, 1, 1, 215, NULL, '2020-02-25 09:42:44', '2020-02-25 09:42:44'),
(203, 5, 177, 1, 217, NULL, '2020-02-25 10:46:15', '2020-02-25 10:46:15'),
(204, 5, 177, 1, 218, NULL, '2020-02-25 10:46:15', '2020-02-25 10:46:15'),
(205, 4, 59, 1, 220, NULL, '2020-02-25 11:10:51', '2020-02-25 11:10:51'),
(206, 4, 215, 2, 222, NULL, '2020-02-25 12:10:06', '2020-02-25 12:10:06'),
(207, 4, 216, 2, 223, NULL, '2020-02-25 12:11:48', '2020-02-25 12:11:48'),
(208, 4, 200, 2, 224, NULL, '2020-02-25 12:11:48', '2020-02-25 12:11:48'),
(209, 4, 130, 2, 225, NULL, '2020-02-25 12:13:26', '2020-02-25 12:13:26'),
(210, 4, 61, 2, 226, NULL, '2020-02-25 12:15:32', '2020-02-25 12:15:32'),
(211, 4, 108, 2, 227, '2020-02-25 12:45:28', '2020-02-25 12:16:45', '2020-02-25 12:45:28'),
(212, 4, 108, 2, 228, NULL, '2020-02-25 12:16:56', '2020-02-25 12:16:56'),
(213, 4, 210, 2, 229, NULL, '2020-02-25 12:18:59', '2020-02-25 12:18:59'),
(214, 4, 123, 2, 230, NULL, '2020-02-25 12:18:59', '2020-02-25 12:18:59'),
(215, 4, 218, 2, 231, NULL, '2020-02-25 12:21:18', '2020-02-25 12:21:18'),
(216, 2, 2, 2, 232, NULL, '2020-02-25 12:21:48', '2020-02-25 12:21:48'),
(217, 2, 2, 2, 233, NULL, '2020-02-25 12:27:58', '2020-02-25 12:27:58'),
(218, 3, 3, 2, 234, NULL, '2020-02-25 12:27:58', '2020-02-25 12:27:58'),
(219, 4, 25, 2, 236, NULL, '2020-02-25 12:29:54', '2020-02-25 12:29:54'),
(220, 4, 27, 2, 237, NULL, '2020-02-25 12:29:55', '2020-02-25 12:29:55'),
(221, 4, 23, 2, 238, NULL, '2020-02-25 12:29:55', '2020-02-25 12:29:55'),
(222, 4, 63, 2, 239, NULL, '2020-02-25 12:29:55', '2020-02-25 12:29:55'),
(223, 4, 73, 2, 240, NULL, '2020-02-25 12:29:55', '2020-02-25 12:29:55'),
(224, 4, 198, 2, 241, NULL, '2020-02-25 12:29:55', '2020-02-25 12:29:55'),
(225, 4, 72, 2, 242, NULL, '2020-02-25 12:29:55', '2020-02-25 12:29:55'),
(226, 4, 81, 2, 243, NULL, '2020-02-25 12:29:55', '2020-02-25 12:29:55'),
(227, 4, 82, 2, 244, NULL, '2020-02-25 12:29:55', '2020-02-25 12:29:55'),
(228, 4, 69, 2, 245, NULL, '2020-02-25 12:29:55', '2020-02-25 12:29:55'),
(229, 4, 76, 2, 246, NULL, '2020-02-25 12:29:55', '2020-02-25 12:29:55'),
(230, 4, 70, 2, 247, NULL, '2020-02-25 12:29:55', '2020-02-25 12:29:55'),
(231, 4, 80, 2, 248, NULL, '2020-02-25 12:29:55', '2020-02-25 12:29:55'),
(232, 4, 200, 2, 249, NULL, '2020-02-25 12:29:55', '2020-02-25 12:29:55'),
(233, 4, 137, 2, 250, NULL, '2020-02-25 12:34:12', '2020-02-25 12:34:12'),
(234, 2, 2, 2, 254, NULL, '2020-02-25 12:40:13', '2020-02-25 12:40:13'),
(235, 2, 2, 2, 256, NULL, '2020-02-25 12:42:24', '2020-02-25 12:42:24'),
(236, 3, 3, 2, 257, NULL, '2020-02-25 12:42:24', '2020-02-25 12:42:24'),
(237, 2, 2, 2, 259, NULL, '2020-02-25 12:58:41', '2020-02-25 12:58:41'),
(238, 2, 2, 2, 260, NULL, '2020-02-25 13:01:33', '2020-02-25 13:01:33'),
(239, 3, 3, 2, 261, NULL, '2020-02-25 13:01:33', '2020-02-25 13:01:33'),
(240, 1, 1, 2, 262, NULL, '2020-02-25 13:20:33', '2020-02-25 13:20:33'),
(241, 1, 1, 2, 263, NULL, '2020-02-25 13:20:45', '2020-02-25 13:20:45'),
(242, 1, 1, 2, 264, NULL, '2020-02-25 13:33:09', '2020-02-25 13:33:09'),
(243, 1, 1, 2, 265, NULL, '2020-02-25 13:33:15', '2020-02-25 13:33:15'),
(244, 1, 1, 2, 266, NULL, '2020-02-25 13:37:18', '2020-02-25 13:37:18'),
(245, 1, 1, 2, 267, NULL, '2020-02-25 13:39:42', '2020-02-25 13:39:42'),
(246, 1, 1, 2, 268, NULL, '2020-02-25 13:39:47', '2020-02-25 13:39:47'),
(247, 1, 1, 2, 269, NULL, '2020-02-26 06:17:58', '2020-02-26 06:17:58'),
(248, 1, 1, 2, 270, NULL, '2020-03-01 04:20:34', '2020-03-01 04:20:34'),
(249, 1, 1, 2, 271, NULL, '2020-03-01 05:01:48', '2020-03-01 05:01:48'),
(250, 1, 1, 2, 272, NULL, '2020-03-01 05:20:14', '2020-03-01 05:20:14'),
(251, 1, 1, 2, 273, NULL, '2020-03-01 05:35:39', '2020-03-01 05:35:39'),
(252, 1, 1, 2, 274, NULL, '2020-03-01 05:37:35', '2020-03-01 05:37:35'),
(253, 4, 124, 3, 276, NULL, '2020-03-01 06:58:36', '2020-03-01 06:58:36'),
(254, 1, 1, 3, 280, NULL, '2020-03-01 07:07:21', '2020-03-01 07:07:21'),
(255, 1, 1, 3, 281, NULL, '2020-03-01 07:07:40', '2020-03-01 07:07:40'),
(256, 1, 1, 3, 282, NULL, '2020-03-01 07:12:09', '2020-03-01 07:12:09'),
(257, 1, 1, 3, 283, NULL, '2020-03-01 07:12:44', '2020-03-01 07:12:44'),
(258, 1, 1, 3, 284, NULL, '2020-03-01 07:16:41', '2020-03-01 07:16:41'),
(259, 1, 1, 3, 285, NULL, '2020-03-01 07:16:51', '2020-03-01 07:16:51'),
(260, 1, 1, 3, 286, NULL, '2020-03-01 07:20:44', '2020-03-01 07:20:44'),
(261, 1, 1, 3, 287, NULL, '2020-03-01 07:26:39', '2020-03-01 07:26:39'),
(262, 1, 1, 3, 288, NULL, '2020-03-01 07:26:50', '2020-03-01 07:26:50'),
(263, 1, 1, 3, 290, NULL, '2020-03-01 07:32:39', '2020-03-01 07:32:39'),
(264, 1, 1, 3, 291, NULL, '2020-03-01 07:33:08', '2020-03-01 07:33:08'),
(265, 1, 1, 3, 292, NULL, '2020-03-01 07:36:20', '2020-03-01 07:36:20'),
(266, 1, 1, 3, 293, NULL, '2020-03-01 07:36:30', '2020-03-01 07:36:30'),
(267, 1, 1, 3, 294, NULL, '2020-03-01 07:39:17', '2020-03-01 07:39:17'),
(268, 1, 1, 3, 295, NULL, '2020-03-01 07:39:27', '2020-03-01 07:39:27'),
(269, 1, 1, 3, 296, NULL, '2020-03-01 07:44:51', '2020-03-01 07:44:51'),
(270, 1, 1, 3, 297, NULL, '2020-03-01 07:45:07', '2020-03-01 07:45:07'),
(271, 1, 1, 3, 298, NULL, '2020-03-01 07:47:25', '2020-03-01 07:47:25'),
(272, 1, 1, 3, 299, NULL, '2020-03-01 07:49:20', '2020-03-01 07:49:20'),
(273, 3, 3, 3, 300, NULL, '2020-03-01 07:49:20', '2020-03-01 07:49:20'),
(274, 1, 1, 3, 301, NULL, '2020-03-01 09:09:54', '2020-03-01 09:09:54'),
(275, 1, 1, 3, 302, NULL, '2020-03-01 09:14:01', '2020-03-01 09:14:01'),
(276, 1, 1, 3, 303, NULL, '2020-03-01 09:14:13', '2020-03-01 09:14:13'),
(277, 1, 1, 3, 305, NULL, '2020-03-01 09:35:58', '2020-03-01 09:35:58'),
(278, 1, 1, 3, 306, NULL, '2020-03-01 09:38:55', '2020-03-01 09:38:55'),
(279, 1, 1, 3, 307, NULL, '2020-03-01 09:39:25', '2020-03-01 09:39:25'),
(280, 2, 2, 3, 311, NULL, '2020-03-01 10:30:02', '2020-03-01 10:30:02'),
(281, 2, 2, 3, 312, NULL, '2020-03-01 10:30:20', '2020-03-01 10:30:20'),
(282, 1, 1, 4, 315, NULL, '2020-03-01 11:26:42', '2020-03-01 11:26:42'),
(283, 1, 1, 4, 316, NULL, '2020-03-01 11:26:53', '2020-03-01 11:26:53'),
(284, 1, 1, 4, 317, NULL, '2020-03-01 11:28:57', '2020-03-01 11:28:57'),
(285, 1, 1, 4, 318, NULL, '2020-03-01 11:29:04', '2020-03-01 11:29:04'),
(286, 1, 1, 4, 319, NULL, '2020-03-01 11:46:58', '2020-03-01 11:46:58'),
(287, 1, 1, 4, 320, NULL, '2020-03-01 11:47:08', '2020-03-01 11:47:08'),
(288, 1, 1, 4, 321, NULL, '2020-03-01 11:56:14', '2020-03-01 11:56:14'),
(289, 1, 1, 4, 322, NULL, '2020-03-01 11:56:22', '2020-03-01 11:56:22'),
(290, 1, 1, 4, 323, NULL, '2020-03-01 11:57:59', '2020-03-01 11:57:59'),
(291, 1, 1, 4, 324, NULL, '2020-03-01 11:58:07', '2020-03-01 11:58:07'),
(292, 2, 2, 4, 325, NULL, '2020-03-01 12:04:16', '2020-03-01 12:04:16'),
(293, 1, 1, 4, 326, NULL, '2020-03-01 12:06:30', '2020-03-01 12:06:30'),
(294, 4, 141, 4, 334, NULL, '2020-03-03 05:01:33', '2020-03-03 05:01:33'),
(295, 4, 94, 4, 335, NULL, '2020-03-03 05:07:53', '2020-03-03 05:07:53'),
(296, 4, 94, 4, 336, NULL, '2020-03-03 05:07:53', '2020-03-03 05:07:53'),
(297, 4, 52, 4, 337, NULL, '2020-03-03 05:22:19', '2020-03-03 05:22:19'),
(298, 4, 53, 4, 338, NULL, '2020-03-03 05:22:19', '2020-03-03 05:22:19'),
(299, 4, 68, 4, 339, NULL, '2020-03-03 05:22:19', '2020-03-03 05:22:19'),
(300, 4, 46, 4, 340, NULL, '2020-03-03 05:22:19', '2020-03-03 05:22:19'),
(301, 4, 5, 4, 341, NULL, '2020-03-03 05:23:11', '2020-03-03 05:23:11'),
(302, 4, 61, 4, 342, NULL, '2020-03-03 05:24:48', '2020-03-03 05:24:48'),
(303, 4, 59, 4, 343, NULL, '2020-03-03 05:31:50', '2020-03-03 05:31:50'),
(304, 4, 108, 4, 344, NULL, '2020-03-03 05:32:52', '2020-03-03 05:32:52'),
(305, 4, 211, 4, 345, NULL, '2020-03-03 05:35:35', '2020-03-03 05:35:35'),
(306, 4, 207, 4, 346, NULL, '2020-03-03 05:36:11', '2020-03-03 05:36:11'),
(307, 4, 58, 4, 347, NULL, '2020-03-03 05:36:49', '2020-03-03 05:36:49'),
(308, 4, 104, 4, 348, NULL, '2020-03-03 05:43:54', '2020-03-03 05:43:54'),
(309, 4, 21, 4, 349, NULL, '2020-03-03 05:51:22', '2020-03-03 05:51:22'),
(310, 4, 30, 4, 350, NULL, '2020-03-03 05:51:22', '2020-03-03 05:51:22'),
(311, 4, 69, 4, 351, NULL, '2020-03-03 05:51:22', '2020-03-03 05:51:22'),
(312, 4, 76, 4, 352, NULL, '2020-03-03 05:51:22', '2020-03-03 05:51:22'),
(313, 4, 77, 4, 353, NULL, '2020-03-03 05:51:22', '2020-03-03 05:51:22'),
(314, 4, 70, 4, 354, NULL, '2020-03-03 05:51:22', '2020-03-03 05:51:22'),
(315, 4, 198, 4, 355, NULL, '2020-03-03 05:51:22', '2020-03-03 05:51:22'),
(316, 4, 73, 4, 356, NULL, '2020-03-03 05:51:23', '2020-03-03 05:51:23'),
(317, 4, 72, 4, 357, NULL, '2020-03-03 05:51:23', '2020-03-03 05:51:23'),
(318, 4, 200, 4, 358, NULL, '2020-03-03 05:51:23', '2020-03-03 05:51:23'),
(319, 4, 81, 4, 359, NULL, '2020-03-03 05:51:23', '2020-03-03 05:51:23'),
(320, 4, 82, 4, 360, NULL, '2020-03-03 05:51:23', '2020-03-03 05:51:23'),
(321, 4, 117, 4, 361, NULL, '2020-03-03 05:51:23', '2020-03-03 05:51:23'),
(322, 4, 150, 4, 362, NULL, '2020-03-03 05:51:23', '2020-03-03 05:51:23'),
(323, 4, 139, 4, 366, NULL, '2020-03-03 06:09:44', '2020-03-03 06:09:44'),
(324, 2, 2, 4, 370, NULL, '2020-03-03 06:21:56', '2020-03-03 06:21:56'),
(325, 2, 2, 4, 371, NULL, '2020-03-03 06:31:26', '2020-03-03 06:31:26'),
(326, 3, 3, 4, 372, NULL, '2020-03-03 06:31:26', '2020-03-03 06:31:26'),
(327, 4, 219, 4, 374, NULL, '2020-03-03 06:48:33', '2020-03-03 06:48:33'),
(328, 4, 202, 4, 375, NULL, '2020-03-03 06:48:33', '2020-03-03 06:48:33'),
(329, 4, 220, 4, 376, NULL, '2020-03-03 06:55:49', '2020-03-03 06:55:49'),
(330, 4, 106, 5, 377, NULL, '2020-03-03 07:24:33', '2020-03-03 07:24:33'),
(331, 4, 59, 5, 378, NULL, '2020-03-03 07:25:13', '2020-03-03 07:25:13'),
(332, 4, 211, 5, 379, NULL, '2020-03-03 07:26:03', '2020-03-03 07:26:03'),
(333, 4, 69, 5, 380, NULL, '2020-03-03 07:31:17', '2020-03-03 07:31:17'),
(334, 4, 76, 5, 381, NULL, '2020-03-03 07:31:17', '2020-03-03 07:31:17'),
(335, 4, 70, 5, 382, NULL, '2020-03-03 07:31:17', '2020-03-03 07:31:17'),
(336, 4, 200, 5, 383, NULL, '2020-03-03 07:31:17', '2020-03-03 07:31:17'),
(337, 4, 84, 5, 384, NULL, '2020-03-03 07:31:17', '2020-03-03 07:31:17'),
(338, 4, 221, 5, 385, NULL, '2020-03-03 07:31:17', '2020-03-03 07:31:17'),
(339, 4, 108, 5, 386, NULL, '2020-03-03 07:32:19', '2020-03-03 07:32:19'),
(340, 4, 209, 5, 387, NULL, '2020-03-03 07:33:23', '2020-03-03 07:33:23'),
(341, 4, 210, 5, 388, NULL, '2020-03-03 07:34:36', '2020-03-03 07:34:36'),
(342, 4, 104, 5, 389, NULL, '2020-03-03 07:34:36', '2020-03-03 07:34:36'),
(343, 1, 1, 5, 396, NULL, '2020-03-03 08:16:11', '2020-03-03 08:16:11'),
(344, 1, 1, 5, 397, NULL, '2020-03-03 08:16:23', '2020-03-03 08:16:23'),
(345, 1, 1, 5, 398, NULL, '2020-03-03 08:19:00', '2020-03-03 08:19:00'),
(346, 1, 1, 5, 399, NULL, '2020-03-03 08:19:06', '2020-03-03 08:19:06'),
(347, 1, 1, 5, 400, NULL, '2020-03-03 08:20:33', '2020-03-03 08:20:33'),
(348, 1, 1, 5, 401, NULL, '2020-03-03 08:20:37', '2020-03-03 08:20:37'),
(349, 2, 2, 5, 402, NULL, '2020-03-03 08:35:36', '2020-03-03 08:35:36'),
(350, 2, 2, 5, 403, NULL, '2020-03-03 08:42:25', '2020-03-03 08:42:25'),
(351, 3, 3, 5, 404, NULL, '2020-03-03 08:42:25', '2020-03-03 08:42:25'),
(352, 2, 2, 5, 406, NULL, '2020-03-03 10:01:28', '2020-03-03 10:01:28'),
(353, 2, 2, 5, 407, NULL, '2020-03-03 10:02:20', '2020-03-03 10:02:20'),
(354, 3, 3, 5, 408, NULL, '2020-03-03 10:02:20', '2020-03-03 10:02:20'),
(355, 1, 1, 6, 411, NULL, '2020-03-03 10:10:51', '2020-03-03 10:10:51'),
(356, 4, 220, 6, 412, NULL, '2020-03-03 10:10:53', '2020-03-03 10:10:53'),
(357, 1, 1, 6, 413, NULL, '2020-03-03 10:11:04', '2020-03-03 10:11:04'),
(358, 4, 94, 6, 414, NULL, '2020-03-03 10:14:27', '2020-03-03 10:14:27'),
(359, 1, 1, 6, 415, NULL, '2020-03-03 10:18:11', '2020-03-03 10:18:11'),
(360, 1, 1, 6, 416, NULL, '2020-03-03 10:18:20', '2020-03-03 10:18:20'),
(361, 4, 66, 6, 417, NULL, '2020-03-03 10:20:15', '2020-03-03 10:20:15'),
(362, 1, 1, 6, 418, NULL, '2020-03-03 10:20:15', '2020-03-03 10:20:15'),
(363, 1, 1, 6, 419, NULL, '2020-03-03 10:20:22', '2020-03-03 10:20:22'),
(364, 1, 1, 6, 420, NULL, '2020-03-03 10:23:21', '2020-03-03 10:23:21'),
(365, 1, 1, 6, 421, NULL, '2020-03-03 10:23:30', '2020-03-03 10:23:30'),
(366, 1, 1, 6, 422, NULL, '2020-03-03 10:25:54', '2020-03-03 10:25:54'),
(367, 4, 125, 6, 423, NULL, '2020-03-03 10:26:22', '2020-03-03 10:26:22'),
(368, 4, 126, 6, 424, NULL, '2020-03-03 10:26:22', '2020-03-03 10:26:22'),
(369, 4, 211, 6, 425, NULL, '2020-03-03 10:28:23', '2020-03-03 10:28:23'),
(370, 1, 1, 6, 426, NULL, '2020-03-03 10:28:24', '2020-03-03 10:28:24'),
(371, 4, 141, 6, 427, NULL, '2020-03-03 10:29:44', '2020-03-03 10:29:44'),
(372, 1, 1, 6, 428, NULL, '2020-03-03 10:30:07', '2020-03-03 10:30:07'),
(373, 1, 1, 6, 429, NULL, '2020-03-03 10:30:17', '2020-03-03 10:30:17'),
(374, 1, 1, 6, 430, NULL, '2020-03-03 10:33:11', '2020-03-03 10:33:11'),
(375, 1, 1, 6, 431, NULL, '2020-03-03 10:33:26', '2020-03-03 10:33:26'),
(376, 4, 210, 6, 432, NULL, '2020-03-03 10:34:21', '2020-03-03 10:34:21'),
(377, 1, 1, 6, 433, NULL, '2020-03-03 10:35:46', '2020-03-03 10:35:46'),
(378, 1, 1, 6, 434, NULL, '2020-03-03 10:35:56', '2020-03-03 10:35:56'),
(379, 4, 68, 6, 435, NULL, '2020-03-03 10:37:56', '2020-03-03 10:37:56'),
(380, 4, 200, 6, 436, NULL, '2020-03-03 10:37:56', '2020-03-03 10:37:56'),
(381, 4, 216, 6, 437, NULL, '2020-03-03 10:37:56', '2020-03-03 10:37:56'),
(382, 1, 1, 6, 440, NULL, '2020-03-03 10:50:08', '2020-03-03 10:50:08'),
(383, 1, 1, 6, 441, NULL, '2020-03-03 10:50:16', '2020-03-03 10:50:16'),
(384, 1, 1, 6, 442, NULL, '2020-03-03 10:52:48', '2020-03-03 10:52:48'),
(385, 1, 1, 6, 443, NULL, '2020-03-03 10:52:53', '2020-03-03 10:52:53'),
(386, 1, 1, 6, 444, NULL, '2020-03-03 10:57:54', '2020-03-03 10:57:54'),
(387, 1, 1, 6, 445, NULL, '2020-03-03 10:58:00', '2020-03-03 10:58:00'),
(388, 1, 1, 6, 446, NULL, '2020-03-03 11:10:02', '2020-03-03 11:10:02'),
(389, 1, 1, 6, 447, NULL, '2020-03-03 11:10:12', '2020-03-03 11:10:12'),
(390, 1, 1, 6, 448, NULL, '2020-03-03 11:14:14', '2020-03-03 11:14:14'),
(391, 1, 1, 6, 449, NULL, '2020-03-03 11:14:21', '2020-03-03 11:14:21'),
(392, 2, 2, 6, 450, NULL, '2020-03-05 03:03:55', '2020-03-05 03:03:55'),
(393, 2, 2, 6, 451, NULL, '2020-03-05 03:12:56', '2020-03-05 03:12:56'),
(394, 2, 2, 6, 452, NULL, '2020-03-05 03:13:39', '2020-03-05 03:13:39'),
(395, 3, 3, 6, 453, NULL, '2020-03-05 03:13:39', '2020-03-05 03:13:39'),
(396, 1, 1, 6, 454, NULL, '2020-03-05 03:21:49', '2020-03-05 03:21:49'),
(397, 1, 1, 6, 455, NULL, '2020-03-05 03:21:55', '2020-03-05 03:21:55'),
(398, 1, 1, 6, 457, NULL, '2020-03-05 03:25:19', '2020-03-05 03:25:19'),
(399, 1, 1, 6, 458, NULL, '2020-03-05 03:25:29', '2020-03-05 03:25:29'),
(400, 1, 1, 6, 460, NULL, '2020-03-05 03:29:12', '2020-03-05 03:29:12'),
(401, 1, 1, 6, 461, NULL, '2020-03-05 03:29:19', '2020-03-05 03:29:19'),
(402, 1, 1, 6, 463, NULL, '2020-03-05 03:41:20', '2020-03-05 03:41:20'),
(403, 1, 1, 6, 464, NULL, '2020-03-05 03:41:27', '2020-03-05 03:41:27'),
(404, 1, 1, 6, 469, NULL, '2020-03-05 04:10:55', '2020-03-05 04:10:55'),
(405, 1, 1, 6, 470, NULL, '2020-03-05 04:13:54', '2020-03-05 04:13:54'),
(406, 1, 1, 6, 471, NULL, '2020-03-05 04:14:05', '2020-03-05 04:14:05'),
(407, 1, 1, 8, 472, NULL, '2020-03-05 04:29:50', '2020-03-05 04:29:50'),
(408, 1, 1, 8, 473, NULL, '2020-03-05 04:29:57', '2020-03-05 04:29:57'),
(409, 1, 1, 8, 474, NULL, '2020-03-05 04:32:27', '2020-03-05 04:32:27'),
(410, 1, 1, 8, 475, NULL, '2020-03-05 04:32:33', '2020-03-05 04:32:33'),
(411, 1, 1, 8, 476, NULL, '2020-03-05 04:34:06', '2020-03-05 04:34:06'),
(412, 1, 1, 8, 477, NULL, '2020-03-05 04:34:15', '2020-03-05 04:34:15'),
(413, 1, 1, 8, 478, NULL, '2020-03-05 04:34:20', '2020-03-05 04:34:20'),
(414, 1, 1, 8, 479, NULL, '2020-03-05 04:36:34', '2020-03-05 04:36:34'),
(415, 1, 1, 8, 480, NULL, '2020-03-05 04:36:42', '2020-03-05 04:36:42'),
(416, 1, 1, 8, 481, NULL, '2020-03-05 04:38:57', '2020-03-05 04:38:57'),
(417, 1, 1, 8, 482, NULL, '2020-03-05 04:39:03', '2020-03-05 04:39:03'),
(418, 1, 1, 8, 483, NULL, '2020-03-05 04:40:18', '2020-03-05 04:40:18'),
(419, 1, 1, 8, 484, NULL, '2020-03-05 04:40:23', '2020-03-05 04:40:23'),
(420, 1, 1, 8, 485, NULL, '2020-03-05 04:51:50', '2020-03-05 04:51:50'),
(421, 1, 1, 8, 486, NULL, '2020-03-05 04:51:54', '2020-03-05 04:51:54'),
(422, 1, 1, 8, 487, NULL, '2020-03-05 04:54:23', '2020-03-05 04:54:23'),
(423, 1, 1, 8, 488, NULL, '2020-03-05 04:56:16', '2020-03-05 04:56:16'),
(424, 1, 1, 8, 489, NULL, '2020-03-05 04:56:22', '2020-03-05 04:56:22'),
(425, 1, 1, 8, 490, NULL, '2020-03-05 04:56:41', '2020-03-05 04:56:41'),
(426, 1, 1, 8, 491, NULL, '2020-03-05 04:58:41', '2020-03-05 04:58:41'),
(427, 1, 1, 8, 492, NULL, '2020-03-05 04:58:45', '2020-03-05 04:58:45'),
(428, 1, 1, 8, 493, NULL, '2020-03-05 05:02:16', '2020-03-05 05:02:16'),
(429, 1, 1, 8, 494, NULL, '2020-03-05 05:03:50', '2020-03-05 05:03:50'),
(430, 1, 1, 8, 495, NULL, '2020-03-05 05:08:27', '2020-03-05 05:08:27'),
(431, 1, 1, 8, 496, NULL, '2020-03-05 05:08:40', '2020-03-05 05:08:40'),
(432, 1, 1, 8, 499, NULL, '2020-03-05 05:22:34', '2020-03-05 05:22:34'),
(433, 1, 1, 8, 500, NULL, '2020-03-05 05:23:04', '2020-03-05 05:23:04'),
(434, 2, 2, 8, 504, NULL, '2020-03-05 05:39:47', '2020-03-05 05:39:47'),
(435, 2, 2, 8, 505, NULL, '2020-03-05 05:40:09', '2020-03-05 05:40:09'),
(436, 2, 2, 8, 506, NULL, '2020-03-05 05:43:17', '2020-03-05 05:43:17'),
(437, 3, 3, 8, 507, NULL, '2020-03-05 05:43:17', '2020-03-05 05:43:17'),
(438, 2, 2, 8, 509, NULL, '2020-03-05 05:48:46', '2020-03-05 05:48:46'),
(439, 2, 2, 8, 510, NULL, '2020-03-05 05:54:30', '2020-03-05 05:54:30'),
(440, 3, 3, 8, 511, NULL, '2020-03-05 05:54:30', '2020-03-05 05:54:30'),
(441, 4, 53, 8, 512, NULL, '2020-03-05 05:58:18', '2020-03-05 05:58:18'),
(442, 4, 214, 8, 513, NULL, '2020-03-05 05:58:18', '2020-03-05 05:58:18'),
(443, 4, 61, 8, 514, NULL, '2020-03-05 05:59:59', '2020-03-05 05:59:59'),
(444, 4, 60, 8, 515, NULL, '2020-03-05 05:59:59', '2020-03-05 05:59:59'),
(445, 4, 44, 8, 516, NULL, '2020-03-05 06:09:26', '2020-03-05 06:09:26'),
(446, 4, 35, 8, 517, NULL, '2020-03-05 06:09:26', '2020-03-05 06:09:26'),
(447, 4, 42, 8, 518, NULL, '2020-03-05 06:09:26', '2020-03-05 06:09:26'),
(448, 4, 55, 8, 519, NULL, '2020-03-05 06:09:26', '2020-03-05 06:09:26'),
(449, 4, 45, 8, 520, NULL, '2020-03-05 06:09:26', '2020-03-05 06:09:26'),
(450, 4, 222, 8, 521, NULL, '2020-03-05 06:10:42', '2020-03-05 06:10:42'),
(451, 4, 60, 8, 522, NULL, '2020-03-05 06:11:39', '2020-03-05 06:11:39'),
(452, 4, 108, 8, 523, NULL, '2020-03-05 06:12:15', '2020-03-05 06:12:15'),
(453, 4, 33, 8, 524, NULL, '2020-03-05 06:17:20', '2020-03-05 06:17:20'),
(454, 4, 34, 8, 525, NULL, '2020-03-05 06:17:20', '2020-03-05 06:17:20'),
(455, 4, 42, 8, 526, NULL, '2020-03-05 06:17:20', '2020-03-05 06:17:20'),
(456, 4, 37, 8, 527, NULL, '2020-03-05 06:17:20', '2020-03-05 06:17:20'),
(457, 4, 45, 8, 528, NULL, '2020-03-05 06:17:20', '2020-03-05 06:17:20'),
(458, 4, 55, 8, 529, NULL, '2020-03-05 06:17:20', '2020-03-05 06:17:20'),
(459, 4, 117, 8, 530, NULL, '2020-03-05 06:17:20', '2020-03-05 06:17:20'),
(460, 4, 56, 8, 531, NULL, '2020-03-05 06:17:21', '2020-03-05 06:17:21'),
(461, 4, 38, 8, 532, NULL, '2020-03-05 06:17:21', '2020-03-05 06:17:21'),
(462, 4, 39, 8, 533, NULL, '2020-03-05 06:17:21', '2020-03-05 06:17:21'),
(463, 4, 114, 8, 534, NULL, '2020-03-05 06:17:21', '2020-03-05 06:17:21'),
(464, 4, 112, 8, 535, NULL, '2020-03-05 06:17:21', '2020-03-05 06:17:21'),
(465, 4, 138, 8, 536, NULL, '2020-03-05 06:18:19', '2020-03-05 06:18:19'),
(466, 4, 61, 8, 537, NULL, '2020-03-05 06:19:05', '2020-03-05 06:19:05'),
(467, 4, 5, 8, 538, NULL, '2020-03-05 06:20:24', '2020-03-05 06:20:24'),
(468, 4, 7, 8, 539, NULL, '2020-03-05 06:20:24', '2020-03-05 06:20:24'),
(469, 4, 6, 8, 540, NULL, '2020-03-05 06:20:24', '2020-03-05 06:20:24'),
(470, 4, 52, 8, 541, NULL, '2020-03-05 06:21:19', '2020-03-05 06:21:19'),
(471, 4, 46, 8, 542, NULL, '2020-03-05 06:21:19', '2020-03-05 06:21:19'),
(472, 4, 116, 8, 543, NULL, '2020-03-05 06:22:39', '2020-03-05 06:22:39'),
(473, 4, 120, 8, 544, NULL, '2020-03-05 06:22:39', '2020-03-05 06:22:39'),
(474, 4, 66, 8, 545, NULL, '2020-03-05 06:24:10', '2020-03-05 06:24:10'),
(475, 4, 57, 8, 546, NULL, '2020-03-05 06:26:12', '2020-03-05 06:26:12'),
(476, 4, 110, 8, 547, NULL, '2020-03-05 06:26:12', '2020-03-05 06:26:12'),
(477, 4, 30, 8, 548, NULL, '2020-03-05 06:29:37', '2020-03-05 06:29:37'),
(478, 4, 59, 8, 549, NULL, '2020-03-05 06:29:37', '2020-03-05 06:29:37'),
(479, 4, 66, 8, 550, NULL, '2020-03-05 06:29:37', '2020-03-05 06:29:37'),
(480, 4, 223, 8, 551, NULL, '2020-03-05 06:31:02', '2020-03-05 06:31:02'),
(481, 4, 81, 8, 552, NULL, '2020-03-05 06:35:12', '2020-03-05 06:35:12'),
(482, 4, 73, 8, 553, NULL, '2020-03-05 06:35:12', '2020-03-05 06:35:12'),
(483, 4, 72, 8, 554, NULL, '2020-03-05 06:35:12', '2020-03-05 06:35:12'),
(484, 4, 198, 8, 555, NULL, '2020-03-05 06:35:13', '2020-03-05 06:35:13'),
(485, 4, 82, 8, 556, NULL, '2020-03-05 06:35:13', '2020-03-05 06:35:13'),
(486, 4, 69, 8, 557, NULL, '2020-03-05 06:35:13', '2020-03-05 06:35:13'),
(487, 4, 77, 8, 558, NULL, '2020-03-05 06:35:13', '2020-03-05 06:35:13'),
(488, 4, 70, 8, 559, NULL, '2020-03-05 06:35:13', '2020-03-05 06:35:13'),
(489, 4, 68, 8, 560, NULL, '2020-03-05 06:35:13', '2020-03-05 06:35:13'),
(490, 4, 81, 8, 562, NULL, '2020-03-05 06:39:03', '2020-03-05 06:39:03'),
(491, 4, 73, 8, 563, NULL, '2020-03-05 06:39:03', '2020-03-05 06:39:03'),
(492, 4, 72, 8, 564, NULL, '2020-03-05 06:39:03', '2020-03-05 06:39:03'),
(493, 4, 198, 8, 565, NULL, '2020-03-05 06:39:03', '2020-03-05 06:39:03'),
(494, 4, 68, 8, 566, NULL, '2020-03-05 06:39:03', '2020-03-05 06:39:03'),
(495, 4, 200, 8, 567, NULL, '2020-03-05 06:39:03', '2020-03-05 06:39:03'),
(496, 4, 82, 8, 568, NULL, '2020-03-05 06:39:03', '2020-03-05 06:39:03'),
(497, 4, 69, 8, 569, NULL, '2020-03-05 06:39:03', '2020-03-05 06:39:03'),
(498, 4, 20, 8, 570, NULL, '2020-03-05 06:41:38', '2020-03-05 06:41:38'),
(499, 4, 25, 8, 571, NULL, '2020-03-05 06:41:38', '2020-03-05 06:41:38'),
(500, 4, 216, 8, 572, NULL, '2020-03-05 06:41:38', '2020-03-05 06:41:38'),
(501, 4, 69, 8, 573, NULL, '2020-03-05 06:41:38', '2020-03-05 06:41:38'),
(502, 4, 76, 8, 574, NULL, '2020-03-05 06:41:38', '2020-03-05 06:41:38'),
(503, 4, 70, 8, 575, NULL, '2020-03-05 06:41:38', '2020-03-05 06:41:38'),
(504, 4, 77, 8, 576, NULL, '2020-03-05 06:41:38', '2020-03-05 06:41:38'),
(505, 4, 80, 8, 577, NULL, '2020-03-05 06:41:38', '2020-03-05 06:41:38'),
(506, 4, 73, 8, 578, NULL, '2020-03-05 06:41:38', '2020-03-05 06:41:38'),
(507, 4, 72, 8, 579, NULL, '2020-03-05 06:41:38', '2020-03-05 06:41:38'),
(508, 4, 119, 8, 580, NULL, '2020-03-05 06:42:46', '2020-03-05 06:42:46'),
(509, 4, 118, 8, 581, NULL, '2020-03-05 06:42:46', '2020-03-05 06:42:46'),
(510, 1, 1, 9, 586, NULL, '2020-03-05 06:55:52', '2020-03-05 06:55:52'),
(511, 1, 1, 9, 587, NULL, '2020-03-05 06:56:00', '2020-03-05 06:56:00'),
(512, 1, 1, 9, 588, NULL, '2020-03-05 06:57:13', '2020-03-05 06:57:13'),
(513, 1, 1, 9, 589, NULL, '2020-03-05 06:57:18', '2020-03-05 06:57:18'),
(514, 1, 1, 9, 590, NULL, '2020-03-05 06:58:55', '2020-03-05 06:58:55'),
(515, 1, 1, 9, 591, NULL, '2020-03-05 06:59:01', '2020-03-05 06:59:01'),
(516, 1, 1, 9, 592, NULL, '2020-03-05 07:00:12', '2020-03-05 07:00:12'),
(517, 1, 1, 9, 593, NULL, '2020-03-05 07:00:17', '2020-03-05 07:00:17'),
(518, 1, 1, 9, 594, NULL, '2020-03-05 07:01:29', '2020-03-05 07:01:29'),
(519, 1, 1, 9, 595, NULL, '2020-03-05 07:01:33', '2020-03-05 07:01:33'),
(520, 2, 2, 9, 600, NULL, '2020-03-05 07:06:25', '2020-03-05 07:06:25'),
(521, 2, 2, 9, 601, NULL, '2020-03-05 07:09:25', '2020-03-05 07:09:25'),
(522, 2, 2, 9, 602, NULL, '2020-03-05 07:11:20', '2020-03-05 07:11:20'),
(523, 2, 2, 9, 603, NULL, '2020-03-05 07:11:53', '2020-03-05 07:11:53'),
(524, 3, 3, 9, 604, NULL, '2020-03-05 07:11:54', '2020-03-05 07:11:54'),
(525, 2, 2, 9, 605, NULL, '2020-03-05 07:12:59', '2020-03-05 07:12:59'),
(526, 2, 2, 9, 606, NULL, '2020-03-05 07:15:20', '2020-03-05 07:15:20'),
(527, 3, 3, 9, 607, NULL, '2020-03-05 07:15:20', '2020-03-05 07:15:20'),
(528, 4, 61, 9, 608, '2020-03-07 03:01:30', '2020-03-07 02:59:18', '2020-03-07 03:01:30'),
(529, 4, 61, 9, 609, NULL, '2020-03-07 03:04:09', '2020-03-07 03:04:09'),
(530, 4, 60, 9, 610, NULL, '2020-03-07 03:04:09', '2020-03-07 03:04:09'),
(531, 4, 43, 9, 611, NULL, '2020-03-07 03:10:17', '2020-03-07 03:10:17'),
(532, 4, 55, 9, 612, NULL, '2020-03-07 03:10:17', '2020-03-07 03:10:17'),
(533, 4, 45, 9, 613, NULL, '2020-03-07 03:10:17', '2020-03-07 03:10:17'),
(534, 4, 93, 9, 614, NULL, '2020-03-07 03:25:41', '2020-03-07 03:25:41'),
(535, 4, 224, 9, 615, NULL, '2020-03-07 03:32:59', '2020-03-07 03:32:59'),
(536, 4, 147, 9, 616, NULL, '2020-03-07 03:38:00', '2020-03-07 03:38:00'),
(537, 4, 126, 9, 617, NULL, '2020-03-07 03:38:00', '2020-03-07 03:38:00'),
(538, 4, 217, 9, 618, NULL, '2020-03-07 03:42:25', '2020-03-07 03:42:25'),
(539, 4, 225, 9, 619, NULL, '2020-03-07 03:46:03', '2020-03-07 03:46:03'),
(540, 4, 108, 9, 620, NULL, '2020-03-07 03:47:00', '2020-03-07 03:47:00'),
(541, 4, 93, 9, 621, NULL, '2020-03-07 03:48:54', '2020-03-07 03:48:54'),
(542, 4, 60, 9, 622, NULL, '2020-03-07 03:52:31', '2020-03-07 03:52:31'),
(543, 4, 226, 9, 623, NULL, '2020-03-07 03:55:18', '2020-03-07 03:55:18'),
(544, 4, 200, 9, 624, NULL, '2020-03-07 03:55:18', '2020-03-07 03:55:18'),
(545, 4, 32, 9, 625, NULL, '2020-03-07 03:56:45', '2020-03-07 03:56:45'),
(546, 4, 104, 9, 626, NULL, '2020-03-07 03:57:44', '2020-03-07 03:57:44'),
(547, 4, 105, 9, 627, NULL, '2020-03-07 03:57:44', '2020-03-07 03:57:44'),
(548, 4, 30, 9, 628, NULL, '2020-03-07 04:05:48', '2020-03-07 04:05:48'),
(549, 4, 21, 9, 629, NULL, '2020-03-07 04:05:48', '2020-03-07 04:05:48'),
(550, 4, 23, 9, 630, NULL, '2020-03-07 04:05:48', '2020-03-07 04:05:48'),
(551, 4, 25, 9, 631, NULL, '2020-03-07 04:05:48', '2020-03-07 04:05:48'),
(552, 4, 82, 9, 632, NULL, '2020-03-07 04:05:48', '2020-03-07 04:05:48'),
(553, 4, 77, 9, 633, NULL, '2020-03-07 04:05:48', '2020-03-07 04:05:48'),
(554, 4, 70, 9, 634, NULL, '2020-03-07 04:05:48', '2020-03-07 04:05:48'),
(555, 4, 76, 9, 635, NULL, '2020-03-07 04:05:48', '2020-03-07 04:05:48'),
(556, 4, 69, 9, 636, NULL, '2020-03-07 04:05:49', '2020-03-07 04:05:49'),
(557, 4, 73, 9, 637, NULL, '2020-03-07 04:05:49', '2020-03-07 04:05:49'),
(558, 4, 72, 9, 638, NULL, '2020-03-07 04:05:49', '2020-03-07 04:05:49'),
(559, 4, 198, 9, 639, NULL, '2020-03-07 04:05:49', '2020-03-07 04:05:49'),
(560, 4, 132, 9, 641, NULL, '2020-03-07 04:17:12', '2020-03-07 04:17:12'),
(561, 4, 136, 9, 642, NULL, '2020-03-07 04:17:12', '2020-03-07 04:17:12'),
(562, 4, 228, 9, 643, NULL, '2020-03-07 04:17:12', '2020-03-07 04:17:12'),
(563, 4, 134, 9, 644, NULL, '2020-03-07 04:17:12', '2020-03-07 04:17:12'),
(564, 4, 134, 9, 645, NULL, '2020-03-07 04:17:12', '2020-03-07 04:17:12'),
(565, 4, 138, 10, 648, NULL, '2020-03-07 04:36:28', '2020-03-07 04:36:28'),
(566, 1, 1, 10, 649, NULL, '2020-03-07 04:37:47', '2020-03-07 04:37:47'),
(567, 4, 226, 10, 650, NULL, '2020-03-07 04:37:50', '2020-03-07 04:37:50'),
(568, 1, 1, 10, 651, NULL, '2020-03-07 04:38:34', '2020-03-07 04:38:34'),
(569, 4, 61, 10, 652, NULL, '2020-03-07 04:39:10', '2020-03-07 04:39:10'),
(570, 1, 1, 10, 653, NULL, '2020-03-07 04:41:17', '2020-03-07 04:41:17'),
(571, 1, 1, 10, 654, NULL, '2020-03-07 04:41:21', '2020-03-07 04:41:21'),
(572, 4, 141, 10, 655, NULL, '2020-03-07 04:41:55', '2020-03-07 04:41:55'),
(573, 4, 66, 10, 656, NULL, '2020-03-07 04:41:55', '2020-03-07 04:41:55'),
(574, 4, 128, 10, 657, NULL, '2020-03-07 04:43:38', '2020-03-07 04:43:38'),
(575, 1, 1, 10, 658, NULL, '2020-03-07 04:44:12', '2020-03-07 04:44:12'),
(576, 1, 1, 10, 659, NULL, '2020-03-07 04:44:19', '2020-03-07 04:44:19'),
(577, 1, 1, 10, 660, NULL, '2020-03-07 04:46:48', '2020-03-07 04:46:48'),
(578, 1, 1, 10, 661, NULL, '2020-03-07 04:47:56', '2020-03-07 04:47:56'),
(579, 4, 68, 10, 662, NULL, '2020-03-07 04:48:14', '2020-03-07 04:48:14'),
(580, 4, 69, 10, 663, NULL, '2020-03-07 04:48:14', '2020-03-07 04:48:14'),
(581, 4, 198, 10, 664, NULL, '2020-03-07 04:48:14', '2020-03-07 04:48:14'),
(582, 4, 82, 10, 665, NULL, '2020-03-07 04:48:14', '2020-03-07 04:48:14'),
(583, 4, 221, 10, 666, NULL, '2020-03-07 04:48:14', '2020-03-07 04:48:14'),
(584, 4, 30, 10, 667, NULL, '2020-03-07 04:48:14', '2020-03-07 04:48:14'),
(585, 4, 21, 10, 668, NULL, '2020-03-07 04:48:14', '2020-03-07 04:48:14'),
(586, 4, 76, 10, 669, NULL, '2020-03-07 04:48:14', '2020-03-07 04:48:14'),
(587, 4, 73, 10, 670, NULL, '2020-03-07 04:48:14', '2020-03-07 04:48:14'),
(588, 4, 72, 10, 671, NULL, '2020-03-07 04:48:15', '2020-03-07 04:48:15'),
(589, 4, 70, 10, 672, NULL, '2020-03-07 04:48:15', '2020-03-07 04:48:15'),
(590, 4, 77, 10, 673, NULL, '2020-03-07 04:48:15', '2020-03-07 04:48:15'),
(591, 4, 81, 10, 674, NULL, '2020-03-07 04:48:15', '2020-03-07 04:48:15'),
(592, 1, 1, 10, 679, NULL, '2020-03-07 04:51:40', '2020-03-07 04:51:40'),
(593, 1, 1, 10, 680, NULL, '2020-03-07 04:52:12', '2020-03-07 04:52:12'),
(594, 1, 1, 10, 684, NULL, '2020-03-07 04:55:26', '2020-03-07 04:55:26'),
(595, 1, 1, 10, 685, NULL, '2020-03-07 04:55:32', '2020-03-07 04:55:32'),
(596, 2, 2, 10, 688, NULL, '2020-03-07 05:17:17', '2020-03-07 05:17:17'),
(597, 2, 2, 10, 689, NULL, '2020-03-07 05:20:40', '2020-03-07 05:20:40'),
(598, 2, 2, 10, 690, NULL, '2020-03-07 05:21:32', '2020-03-07 05:21:32'),
(599, 3, 3, 10, 691, NULL, '2020-03-07 05:21:32', '2020-03-07 05:21:32'),
(600, 4, 116, 11, 692, NULL, '2020-03-07 05:27:59', '2020-03-07 05:27:59'),
(601, 4, 60, 11, 693, NULL, '2020-03-07 05:28:45', '2020-03-07 05:28:45'),
(602, 4, 111, 11, 694, NULL, '2020-03-07 05:33:31', '2020-03-07 05:33:31'),
(603, 4, 130, 11, 695, NULL, '2020-03-07 05:33:32', '2020-03-07 05:33:32'),
(604, 4, 69, 11, 696, NULL, '2020-03-07 05:34:36', '2020-03-07 05:34:36'),
(605, 4, 221, 11, 697, NULL, '2020-03-07 05:34:36', '2020-03-07 05:34:36'),
(606, 1, 1, 11, 698, NULL, '2020-03-07 05:36:32', '2020-03-07 05:36:32'),
(607, 1, 1, 11, 699, NULL, '2020-03-07 05:36:37', '2020-03-07 05:36:37'),
(608, 1, 1, 11, 700, NULL, '2020-03-07 05:38:07', '2020-03-07 05:38:07'),
(609, 1, 1, 11, 701, NULL, '2020-03-07 05:38:14', '2020-03-07 05:38:14'),
(610, 1, 1, 11, 702, NULL, '2020-03-07 05:39:53', '2020-03-07 05:39:53'),
(611, 1, 1, 11, 703, NULL, '2020-03-07 05:41:12', '2020-03-07 05:41:12'),
(612, 3, 3, 11, 704, NULL, '2020-03-07 05:41:12', '2020-03-07 05:41:12'),
(613, 4, 211, 11, 707, NULL, '2020-03-07 05:45:57', '2020-03-07 05:45:57'),
(614, 4, 108, 11, 708, NULL, '2020-03-07 05:46:41', '2020-03-07 05:46:41'),
(615, 4, 58, 11, 709, NULL, '2020-03-07 05:49:47', '2020-03-07 05:49:47'),
(616, 4, 59, 11, 710, NULL, '2020-03-07 05:49:47', '2020-03-07 05:49:47'),
(617, 4, 220, 11, 711, NULL, '2020-03-07 05:50:56', '2020-03-07 05:50:56'),
(618, 4, 224, 11, 712, NULL, '2020-03-07 05:50:56', '2020-03-07 05:50:56'),
(619, 4, 224, 11, 713, NULL, '2020-03-07 05:53:48', '2020-03-07 05:53:48'),
(620, 4, 122, 11, 714, NULL, '2020-03-07 05:55:01', '2020-03-07 05:55:01'),
(621, 4, 58, 11, 715, NULL, '2020-03-07 05:55:50', '2020-03-07 05:55:50'),
(622, 4, 59, 11, 716, NULL, '2020-03-07 05:55:50', '2020-03-07 05:55:50'),
(623, 4, 66, 11, 717, NULL, '2020-03-07 05:56:44', '2020-03-07 05:56:44'),
(624, 4, 212, 11, 718, NULL, '2020-03-07 05:59:07', '2020-03-07 05:59:07'),
(625, 4, 211, 11, 719, NULL, '2020-03-07 05:59:07', '2020-03-07 05:59:07'),
(626, 4, 217, 11, 720, NULL, '2020-03-07 05:59:07', '2020-03-07 05:59:07'),
(627, 4, 229, 11, 721, NULL, '2020-03-07 06:01:33', '2020-03-07 06:01:33'),
(628, 4, 213, 11, 722, NULL, '2020-03-07 06:01:33', '2020-03-07 06:01:33'),
(629, 4, 69, 11, 723, NULL, '2020-03-07 06:07:21', '2020-03-07 06:07:21'),
(630, 4, 76, 11, 724, NULL, '2020-03-07 06:07:21', '2020-03-07 06:07:21'),
(631, 4, 70, 11, 725, NULL, '2020-03-07 06:07:21', '2020-03-07 06:07:21'),
(632, 4, 77, 11, 726, NULL, '2020-03-07 06:07:22', '2020-03-07 06:07:22'),
(633, 4, 198, 11, 727, NULL, '2020-03-07 06:07:22', '2020-03-07 06:07:22'),
(634, 4, 82, 11, 728, NULL, '2020-03-07 06:07:22', '2020-03-07 06:07:22'),
(635, 4, 81, 11, 729, NULL, '2020-03-07 06:07:22', '2020-03-07 06:07:22'),
(636, 4, 73, 11, 730, NULL, '2020-03-07 06:07:22', '2020-03-07 06:07:22'),
(637, 4, 72, 11, 731, NULL, '2020-03-07 06:07:22', '2020-03-07 06:07:22'),
(638, 4, 21, 11, 732, NULL, '2020-03-07 06:07:22', '2020-03-07 06:07:22'),
(639, 4, 23, 11, 733, NULL, '2020-03-07 06:07:22', '2020-03-07 06:07:22'),
(640, 4, 123, 11, 735, NULL, '2020-03-07 06:12:01', '2020-03-07 06:12:01'),
(641, 4, 230, 11, 736, NULL, '2020-03-07 06:12:01', '2020-03-07 06:12:01'),
(642, 4, 104, 11, 737, NULL, '2020-03-07 06:12:01', '2020-03-07 06:12:01'),
(643, 4, 217, 11, 738, NULL, '2020-03-07 06:12:01', '2020-03-07 06:12:01'),
(644, 4, 210, 11, 739, NULL, '2020-03-07 06:12:01', '2020-03-07 06:12:01'),
(645, 4, 231, 11, 740, NULL, '2020-03-07 06:12:01', '2020-03-07 06:12:01'),
(646, 1, 1, 12, 745, NULL, '2020-03-07 06:25:40', '2020-03-07 06:25:40'),
(647, 1, 1, 12, 746, NULL, '2020-03-07 06:25:53', '2020-03-07 06:25:53'),
(648, 4, 232, 12, 747, NULL, '2020-03-07 06:30:24', '2020-03-07 06:30:24'),
(649, 4, 108, 12, 748, NULL, '2020-03-07 06:31:19', '2020-03-07 06:31:19'),
(650, 4, 211, 12, 749, NULL, '2020-03-07 06:31:58', '2020-03-07 06:31:58'),
(651, 4, 110, 12, 750, NULL, '2020-03-07 06:33:01', '2020-03-07 06:33:01'),
(652, 4, 209, 12, 751, NULL, '2020-03-07 06:33:01', '2020-03-07 06:33:01'),
(653, 1, 1, 12, 752, NULL, '2020-03-07 06:33:20', '2020-03-07 06:33:20'),
(654, 1, 1, 12, 753, NULL, '2020-03-07 06:33:26', '2020-03-07 06:33:26'),
(655, 4, 58, 12, 754, NULL, '2020-03-07 06:34:01', '2020-03-07 06:34:01'),
(656, 4, 59, 12, 755, NULL, '2020-03-07 06:34:33', '2020-03-07 06:34:33'),
(657, 4, 111, 12, 756, NULL, '2020-03-07 06:35:08', '2020-03-07 06:35:08'),
(658, 1, 1, 12, 757, NULL, '2020-03-07 06:35:57', '2020-03-07 06:35:57'),
(659, 1, 1, 12, 758, NULL, '2020-03-07 06:36:04', '2020-03-07 06:36:04'),
(660, 4, 116, 12, 759, NULL, '2020-03-07 06:37:35', '2020-03-07 06:37:35'),
(661, 4, 52, 12, 760, NULL, '2020-03-07 06:38:18', '2020-03-07 06:38:18'),
(662, 4, 68, 12, 761, NULL, '2020-03-07 06:38:18', '2020-03-07 06:38:18'),
(663, 1, 1, 12, 762, NULL, '2020-03-07 06:39:00', '2020-03-07 06:39:00'),
(664, 4, 138, 12, 763, NULL, '2020-03-07 06:39:14', '2020-03-07 06:39:14'),
(665, 1, 1, 12, 764, NULL, '2020-03-07 06:39:15', '2020-03-07 06:39:15'),
(666, 4, 5, 12, 765, NULL, '2020-03-07 06:39:53', '2020-03-07 06:39:53'),
(667, 4, 147, 12, 766, NULL, '2020-03-07 06:42:06', '2020-03-07 06:42:06'),
(668, 1, 1, 12, 767, NULL, '2020-03-07 06:42:07', '2020-03-07 06:42:07'),
(669, 4, 106, 12, 768, NULL, '2020-03-07 06:44:57', '2020-03-07 06:44:57'),
(670, 4, 66, 12, 769, NULL, '2020-03-07 06:46:16', '2020-03-07 06:46:16'),
(671, 4, 141, 12, 770, NULL, '2020-03-07 06:47:03', '2020-03-07 06:47:03'),
(672, 1, 1, 12, 771, NULL, '2020-03-07 06:47:21', '2020-03-07 06:47:21'),
(673, 1, 1, 12, 772, NULL, '2020-03-07 06:47:26', '2020-03-07 06:47:26'),
(674, 4, 233, 12, 774, NULL, '2020-03-07 06:50:19', '2020-03-07 06:50:19'),
(675, 4, 212, 12, 775, NULL, '2020-03-07 06:51:29', '2020-03-07 06:51:29'),
(676, 4, 55, 12, 776, NULL, '2020-03-07 06:51:29', '2020-03-07 06:51:29'),
(677, 4, 35, 12, 777, NULL, '2020-03-07 06:51:29', '2020-03-07 06:51:29'),
(678, 1, 1, 12, 778, NULL, '2020-03-07 07:35:02', '2020-03-07 07:35:02'),
(679, 1, 1, 12, 779, NULL, '2020-03-07 07:35:11', '2020-03-07 07:35:11'),
(680, 4, 23, 12, 780, NULL, '2020-03-07 07:36:20', '2020-03-07 07:36:20'),
(681, 4, 21, 12, 781, NULL, '2020-03-07 07:36:20', '2020-03-07 07:36:20'),
(682, 4, 69, 12, 782, NULL, '2020-03-07 07:36:21', '2020-03-07 07:36:21'),
(683, 4, 70, 12, 783, NULL, '2020-03-07 07:36:21', '2020-03-07 07:36:21'),
(684, 4, 77, 12, 784, NULL, '2020-03-07 07:36:21', '2020-03-07 07:36:21'),
(685, 4, 198, 12, 785, NULL, '2020-03-07 07:36:21', '2020-03-07 07:36:21'),
(686, 4, 76, 12, 786, NULL, '2020-03-07 07:36:21', '2020-03-07 07:36:21'),
(687, 4, 200, 12, 787, NULL, '2020-03-07 07:36:21', '2020-03-07 07:36:21'),
(688, 4, 73, 12, 788, NULL, '2020-03-07 07:36:22', '2020-03-07 07:36:22'),
(689, 4, 72, 12, 789, NULL, '2020-03-07 07:37:32', '2020-03-07 07:37:32'),
(690, 1, 1, 12, 791, NULL, '2020-03-07 07:38:21', '2020-03-07 07:38:21'),
(691, 1, 1, 12, 792, NULL, '2020-03-07 07:38:30', '2020-03-07 07:38:30'),
(692, 1, 1, 12, 796, NULL, '2020-03-07 07:41:20', '2020-03-07 07:41:20'),
(693, 1, 1, 12, 797, NULL, '2020-03-07 07:41:26', '2020-03-07 07:41:26'),
(694, 1, 1, 12, 798, NULL, '2020-03-07 07:45:06', '2020-03-07 07:45:06');
INSERT INTO `m4_mis_vouchers_i` (`id`, `mis_head_id`, `ledger_head_id`, `date_id`, `voucher_id`, `deleted_at`, `created_at`, `updated_at`) VALUES
(695, 1, 1, 12, 799, NULL, '2020-03-07 07:45:20', '2020-03-07 07:45:20'),
(696, 2, 2, 12, 800, NULL, '2020-03-07 07:48:36', '2020-03-07 07:48:36'),
(697, 1, 1, 12, 801, NULL, '2020-03-07 07:51:50', '2020-03-07 07:51:50'),
(698, 1, 1, 12, 802, NULL, '2020-03-07 07:51:56', '2020-03-07 07:51:56'),
(699, 1, 1, 12, 803, NULL, '2020-03-07 07:53:50', '2020-03-07 07:53:50'),
(700, 1, 1, 12, 804, NULL, '2020-03-07 07:53:58', '2020-03-07 07:53:58'),
(701, 1, 1, 12, 805, NULL, '2020-03-07 07:58:38', '2020-03-07 07:58:38'),
(702, 1, 1, 12, 806, NULL, '2020-03-07 08:01:41', '2020-03-07 08:01:41'),
(703, 1, 1, 12, 808, NULL, '2020-03-07 08:05:46', '2020-03-07 08:05:46'),
(704, 1, 1, 12, 809, NULL, '2020-03-07 08:06:10', '2020-03-07 08:06:10'),
(705, 2, 2, 12, 813, NULL, '2020-03-07 08:29:09', '2020-03-07 08:29:09'),
(706, 2, 2, 12, 814, NULL, '2020-03-07 08:33:47', '2020-03-07 08:33:47'),
(707, 2, 2, 12, 815, NULL, '2020-03-07 08:34:59', '2020-03-07 08:34:59'),
(708, 3, 3, 12, 816, NULL, '2020-03-07 08:34:59', '2020-03-07 08:34:59'),
(709, 2, 2, 12, 817, NULL, '2020-03-07 08:58:49', '2020-03-07 08:58:49'),
(710, 2, 2, 12, 818, NULL, '2020-03-07 09:02:16', '2020-03-07 09:02:16'),
(711, 2, 2, 12, 819, NULL, '2020-03-07 09:03:13', '2020-03-07 09:03:13'),
(712, 3, 3, 12, 820, NULL, '2020-03-07 09:03:13', '2020-03-07 09:03:13'),
(713, 2, 2, 12, 822, NULL, '2020-03-07 09:05:51', '2020-03-07 09:05:51'),
(714, 2, 2, 12, 823, NULL, '2020-03-07 09:06:55', '2020-03-07 09:06:55'),
(715, 3, 3, 12, 824, NULL, '2020-03-07 09:06:55', '2020-03-07 09:06:55'),
(716, 4, 93, 13, 825, NULL, '2020-03-07 09:10:53', '2020-03-07 09:10:53'),
(717, 4, 94, 13, 826, NULL, '2020-03-07 09:11:47', '2020-03-07 09:11:47'),
(718, 1, 1, 13, 827, NULL, '2020-03-07 09:13:57', '2020-03-07 09:13:57'),
(719, 1, 1, 13, 828, NULL, '2020-03-07 09:14:07', '2020-03-07 09:14:07'),
(720, 4, 72, 13, 829, NULL, '2020-03-07 09:14:29', '2020-03-07 09:14:29'),
(721, 4, 80, 13, 830, NULL, '2020-03-07 09:14:29', '2020-03-07 09:14:29'),
(722, 4, 200, 13, 831, NULL, '2020-03-07 09:14:29', '2020-03-07 09:14:29'),
(723, 4, 58, 13, 832, NULL, '2020-03-07 09:15:37', '2020-03-07 09:15:37'),
(724, 1, 1, 13, 833, NULL, '2020-03-07 09:16:39', '2020-03-07 09:16:39'),
(725, 1, 1, 13, 834, NULL, '2020-03-07 09:16:45', '2020-03-07 09:16:45'),
(726, 4, 23, 13, 835, NULL, '2020-03-07 09:17:36', '2020-03-07 09:17:36'),
(727, 4, 21, 13, 836, NULL, '2020-03-07 09:17:36', '2020-03-07 09:17:36'),
(728, 4, 82, 13, 837, NULL, '2020-03-07 09:17:36', '2020-03-07 09:17:36'),
(729, 4, 200, 13, 838, NULL, '2020-03-07 09:17:36', '2020-03-07 09:17:36'),
(730, 4, 32, 13, 840, NULL, '2020-03-07 09:18:54', '2020-03-07 09:18:54'),
(731, 1, 1, 13, 841, NULL, '2020-03-07 09:19:00', '2020-03-07 09:19:00'),
(732, 1, 1, 13, 842, NULL, '2020-03-07 09:19:05', '2020-03-07 09:19:05'),
(733, 4, 135, 13, 845, NULL, '2020-03-07 09:23:05', '2020-03-07 09:23:05'),
(734, 1, 1, 13, 846, NULL, '2020-03-07 09:31:23', '2020-03-07 09:31:23'),
(735, 1, 1, 13, 847, NULL, '2020-03-07 09:31:30', '2020-03-07 09:31:30'),
(736, 4, 137, 13, 849, NULL, '2020-03-07 09:32:55', '2020-03-07 09:32:55'),
(737, 1, 1, 13, 854, NULL, '2020-03-07 09:37:51', '2020-03-07 09:37:51'),
(738, 1, 1, 13, 855, NULL, '2020-03-07 09:37:57', '2020-03-07 09:37:57'),
(739, 1, 1, 13, 856, NULL, '2020-03-07 09:40:45', '2020-03-07 09:40:45'),
(740, 1, 1, 13, 857, NULL, '2020-03-07 09:40:51', '2020-03-07 09:40:51'),
(741, 1, 1, 13, 858, NULL, '2020-03-07 09:43:19', '2020-03-07 09:43:19'),
(742, 1, 1, 13, 859, NULL, '2020-03-07 09:43:25', '2020-03-07 09:43:25'),
(743, 1, 1, 13, 860, NULL, '2020-03-07 09:46:55', '2020-03-07 09:46:55'),
(744, 1, 1, 13, 861, NULL, '2020-03-07 09:47:03', '2020-03-07 09:47:03'),
(745, 1, 1, 13, 862, NULL, '2020-03-07 09:49:03', '2020-03-07 09:49:03'),
(746, 1, 1, 13, 863, NULL, '2020-03-07 09:49:08', '2020-03-07 09:49:08'),
(747, 1, 1, 13, 864, NULL, '2020-03-09 01:57:35', '2020-03-09 01:57:35'),
(748, 1, 1, 13, 865, NULL, '2020-03-09 01:57:41', '2020-03-09 01:57:41'),
(749, 1, 1, 13, 866, NULL, '2020-03-09 02:00:23', '2020-03-09 02:00:23'),
(750, 1, 1, 13, 867, NULL, '2020-03-09 02:00:37', '2020-03-09 02:00:37'),
(751, 1, 1, 13, 868, NULL, '2020-03-09 02:03:06', '2020-03-09 02:03:06'),
(752, 1, 1, 13, 869, NULL, '2020-03-09 02:03:41', '2020-03-09 02:03:41'),
(753, 1, 1, 13, 870, NULL, '2020-03-09 02:06:15', '2020-03-09 02:06:15'),
(754, 1, 1, 13, 871, NULL, '2020-03-09 02:08:48', '2020-03-09 02:08:48'),
(755, 1, 1, 13, 872, NULL, '2020-03-09 02:08:56', '2020-03-09 02:08:56'),
(756, 2, 2, 13, 873, NULL, '2020-03-09 02:12:33', '2020-03-09 02:12:33'),
(757, 1, 1, 13, 874, NULL, '2020-03-09 02:13:15', '2020-03-09 02:13:15'),
(758, 1, 1, 13, 875, NULL, '2020-03-09 02:14:06', '2020-03-09 02:14:06'),
(759, 1, 1, 13, 876, NULL, '2020-03-09 02:17:15', '2020-03-09 02:17:15'),
(760, 2, 2, 13, 877, NULL, '2020-03-09 02:17:41', '2020-03-09 02:17:41'),
(761, 1, 1, 13, 878, NULL, '2020-03-09 02:17:54', '2020-03-09 02:17:54'),
(762, 3, 3, 13, 879, NULL, '2020-03-09 02:17:54', '2020-03-09 02:17:54'),
(763, 2, 2, 13, 880, NULL, '2020-03-09 02:23:55', '2020-03-09 02:23:55'),
(764, 3, 3, 13, 881, NULL, '2020-03-09 02:23:55', '2020-03-09 02:23:55'),
(765, 1, 1, 13, 882, NULL, '2020-03-09 02:29:35', '2020-03-09 02:29:35'),
(766, 1, 1, 13, 883, NULL, '2020-03-09 02:29:57', '2020-03-09 02:29:57'),
(767, 3, 3, 13, 884, NULL, '2020-03-09 02:29:57', '2020-03-09 02:29:57'),
(768, 1, 1, 13, 885, NULL, '2020-03-09 02:30:17', '2020-03-09 02:30:17'),
(769, 1, 1, 13, 886, NULL, '2020-03-09 02:30:25', '2020-03-09 02:30:25'),
(770, 1, 1, 13, 889, NULL, '2020-03-09 04:30:12', '2020-03-09 04:30:12'),
(771, 1, 1, 13, 890, NULL, '2020-03-09 04:30:18', '2020-03-09 04:30:18'),
(772, 1, 1, 13, 892, NULL, '2020-03-09 04:32:10', '2020-03-09 04:32:10'),
(773, 1, 1, 13, 893, NULL, '2020-03-09 04:32:15', '2020-03-09 04:32:15'),
(774, 4, 123, 15, 898, NULL, '2020-03-09 05:13:02', '2020-03-09 05:13:02'),
(775, 4, 116, 15, 899, NULL, '2020-03-09 05:16:48', '2020-03-09 05:16:48'),
(776, 4, 198, 15, 900, NULL, '2020-03-09 05:20:03', '2020-03-09 05:20:03'),
(777, 4, 82, 15, 901, NULL, '2020-03-09 05:20:03', '2020-03-09 05:20:03'),
(778, 4, 80, 15, 902, NULL, '2020-03-09 05:20:03', '2020-03-09 05:20:03'),
(779, 4, 72, 15, 903, NULL, '2020-03-09 05:20:03', '2020-03-09 05:20:03'),
(780, 4, 70, 15, 904, NULL, '2020-03-09 05:20:03', '2020-03-09 05:20:03'),
(781, 4, 69, 15, 905, NULL, '2020-03-09 05:20:03', '2020-03-09 05:20:03'),
(782, 4, 81, 15, 906, NULL, '2020-03-09 05:20:03', '2020-03-09 05:20:03'),
(783, 4, 61, 15, 907, NULL, '2020-03-09 05:28:45', '2020-03-09 05:28:45'),
(784, 4, 116, 15, 908, NULL, '2020-03-09 05:35:33', '2020-03-09 05:35:33'),
(785, 4, 127, 15, 909, NULL, '2020-03-09 05:35:33', '2020-03-09 05:35:33'),
(786, 4, 125, 15, 910, NULL, '2020-03-09 05:43:39', '2020-03-09 05:43:39'),
(787, 4, 126, 15, 911, NULL, '2020-03-09 05:43:39', '2020-03-09 05:43:39'),
(788, 4, 81, 15, 912, NULL, '2020-03-09 05:45:13', '2020-03-09 05:45:13'),
(789, 4, 23, 15, 913, NULL, '2020-03-09 05:45:52', '2020-03-09 05:45:52'),
(790, 4, 135, 15, 914, NULL, '2020-03-09 05:47:36', '2020-03-09 05:47:36'),
(791, 4, 119, 15, 915, '2020-03-09 05:54:08', '2020-03-09 05:53:27', '2020-03-09 05:54:08'),
(792, 4, 118, 15, 916, '2020-03-09 05:54:08', '2020-03-09 05:53:27', '2020-03-09 05:54:08'),
(793, 4, 119, 15, 917, NULL, '2020-03-09 05:55:35', '2020-03-09 05:55:35'),
(794, 4, 118, 15, 918, NULL, '2020-03-09 05:55:35', '2020-03-09 05:55:35'),
(795, 4, 201, 15, 919, NULL, '2020-03-09 05:55:35', '2020-03-09 05:55:35'),
(796, 1, 1, 15, 922, NULL, '2020-03-09 06:06:21', '2020-03-09 06:06:21'),
(797, 1, 1, 15, 923, NULL, '2020-03-09 06:09:42', '2020-03-09 06:09:42'),
(798, 1, 1, 15, 924, NULL, '2020-03-09 06:12:10', '2020-03-09 06:12:10'),
(799, 1, 1, 15, 925, NULL, '2020-03-09 06:12:15', '2020-03-09 06:12:15'),
(800, 1, 1, 15, 926, NULL, '2020-03-09 06:15:08', '2020-03-09 06:15:08'),
(801, 1, 1, 15, 927, NULL, '2020-03-09 06:15:15', '2020-03-09 06:15:15'),
(802, 1, 1, 15, 928, NULL, '2020-03-09 06:17:20', '2020-03-09 06:17:20'),
(803, 1, 1, 15, 929, NULL, '2020-03-09 06:18:01', '2020-03-09 06:18:01'),
(804, 1, 1, 15, 930, NULL, '2020-03-09 06:19:39', '2020-03-09 06:19:39'),
(805, 1, 1, 15, 931, NULL, '2020-03-09 06:19:44', '2020-03-09 06:19:44'),
(806, 1, 1, 15, 932, NULL, '2020-03-09 06:21:39', '2020-03-09 06:21:39'),
(807, 1, 1, 15, 933, NULL, '2020-03-09 06:21:53', '2020-03-09 06:21:53'),
(808, 1, 1, 15, 934, NULL, '2020-03-09 06:32:58', '2020-03-09 06:32:58'),
(809, 1, 1, 15, 935, NULL, '2020-03-09 06:33:09', '2020-03-09 06:33:09'),
(810, 1, 1, 15, 936, NULL, '2020-03-09 06:39:27', '2020-03-09 06:39:27'),
(811, 1, 1, 15, 937, NULL, '2020-03-09 06:39:36', '2020-03-09 06:39:36'),
(812, 1, 1, 15, 938, NULL, '2020-03-09 06:41:40', '2020-03-09 06:41:40'),
(813, 1, 1, 15, 939, NULL, '2020-03-09 06:41:45', '2020-03-09 06:41:45'),
(814, 1, 1, 15, 940, NULL, '2020-03-09 06:51:01', '2020-03-09 06:51:01'),
(815, 1, 1, 15, 941, NULL, '2020-03-09 06:51:12', '2020-03-09 06:51:12'),
(816, 1, 1, 15, 942, NULL, '2020-03-09 06:55:24', '2020-03-09 06:55:24'),
(817, 1, 1, 15, 943, NULL, '2020-03-09 06:55:30', '2020-03-09 06:55:30'),
(818, 1, 1, 15, 944, NULL, '2020-03-09 06:59:06', '2020-03-09 06:59:06'),
(819, 1, 1, 15, 945, NULL, '2020-03-09 07:02:17', '2020-03-09 07:02:17'),
(820, 1, 1, 15, 946, NULL, '2020-03-09 07:02:22', '2020-03-09 07:02:22'),
(821, 1, 1, 15, 947, NULL, '2020-03-09 07:05:21', '2020-03-09 07:05:21'),
(822, 1, 1, 15, 948, NULL, '2020-03-09 07:05:30', '2020-03-09 07:05:30'),
(823, 1, 1, 15, 949, NULL, '2020-03-09 07:11:30', '2020-03-09 07:11:30'),
(824, 1, 1, 15, 950, NULL, '2020-03-09 07:11:39', '2020-03-09 07:11:39'),
(825, 1, 1, 15, 951, NULL, '2020-03-09 07:15:38', '2020-03-09 07:15:38'),
(826, 1, 1, 15, 952, NULL, '2020-03-09 07:18:15', '2020-03-09 07:18:15'),
(827, 1, 1, 15, 953, NULL, '2020-03-09 07:18:23', '2020-03-09 07:18:23'),
(828, 1, 1, 15, 954, NULL, '2020-03-09 07:21:50', '2020-03-09 07:21:50'),
(829, 1, 1, 15, 955, NULL, '2020-03-09 07:21:59', '2020-03-09 07:21:59'),
(830, 1, 1, 15, 956, NULL, '2020-03-09 07:26:14', '2020-03-09 07:26:14'),
(831, 1, 1, 15, 957, NULL, '2020-03-09 07:26:20', '2020-03-09 07:26:20'),
(832, 2, 2, 15, 958, NULL, '2020-03-09 07:26:37', '2020-03-09 07:26:37'),
(833, 2, 2, 15, 959, NULL, '2020-03-09 07:29:49', '2020-03-09 07:29:49'),
(834, 3, 3, 15, 960, NULL, '2020-03-09 07:29:49', '2020-03-09 07:29:49'),
(835, 1, 1, 15, 961, NULL, '2020-03-09 07:30:29', '2020-03-09 07:30:29'),
(836, 1, 1, 15, 962, NULL, '2020-03-09 07:30:37', '2020-03-09 07:30:37'),
(837, 1, 1, 15, 964, NULL, '2020-03-09 07:37:36', '2020-03-09 07:37:36'),
(838, 1, 1, 15, 965, NULL, '2020-03-09 07:45:40', '2020-03-09 07:45:40'),
(839, 1, 1, 15, 966, NULL, '2020-03-09 07:48:32', '2020-03-09 07:48:32'),
(840, 1, 1, 15, 967, NULL, '2020-03-09 07:48:43', '2020-03-09 07:48:43'),
(841, 1, 1, 15, 969, NULL, '2020-03-09 07:51:50', '2020-03-09 07:51:50'),
(842, 1, 1, 15, 970, NULL, '2020-03-09 07:51:56', '2020-03-09 07:51:56'),
(843, 1, 1, 15, 972, NULL, '2020-03-09 07:56:44', '2020-03-09 07:56:44'),
(844, 1, 1, 15, 973, NULL, '2020-03-09 07:56:50', '2020-03-09 07:56:50'),
(845, 4, 232, 16, 979, NULL, '2020-03-09 08:27:13', '2020-03-09 08:27:13'),
(846, 4, 234, 16, 980, NULL, '2020-03-09 08:27:13', '2020-03-09 08:27:13'),
(847, 1, 1, 16, 981, NULL, '2020-03-09 08:27:31', '2020-03-09 08:27:31'),
(848, 1, 1, 16, 982, NULL, '2020-03-09 08:27:45', '2020-03-09 08:27:45'),
(849, 4, 109, 16, 983, NULL, '2020-03-09 08:28:13', '2020-03-09 08:28:13'),
(850, 4, 72, 16, 984, NULL, '2020-03-09 08:30:34', '2020-03-09 08:30:34'),
(851, 4, 221, 16, 985, NULL, '2020-03-09 08:30:34', '2020-03-09 08:30:34'),
(852, 4, 211, 16, 986, NULL, '2020-03-09 08:31:51', '2020-03-09 08:31:51'),
(853, 1, 1, 16, 987, NULL, '2020-03-09 08:36:56', '2020-03-09 08:36:56'),
(854, 1, 1, 16, 988, NULL, '2020-03-09 08:37:03', '2020-03-09 08:37:03'),
(855, 4, 59, 16, 989, NULL, '2020-03-09 08:40:39', '2020-03-09 08:40:39'),
(856, 1, 1, 16, 990, NULL, '2020-03-09 08:42:56', '2020-03-09 08:42:56'),
(857, 1, 1, 16, 991, NULL, '2020-03-09 08:43:11', '2020-03-09 08:43:11'),
(858, 4, 72, 16, 992, NULL, '2020-03-09 08:43:12', '2020-03-09 08:43:12'),
(859, 1, 1, 16, 993, NULL, '2020-03-09 08:45:10', '2020-03-09 08:45:10'),
(860, 1, 1, 16, 994, NULL, '2020-03-09 08:45:47', '2020-03-09 08:45:47'),
(861, 1, 1, 16, 995, NULL, '2020-03-09 08:50:38', '2020-03-09 08:50:38'),
(862, 1, 1, 16, 996, NULL, '2020-03-09 08:50:45', '2020-03-09 08:50:45'),
(863, 4, 130, 16, 997, '2020-03-09 08:54:34', '2020-03-09 08:51:01', '2020-03-09 08:54:34'),
(864, 4, 235, 16, 998, '2020-03-09 08:54:34', '2020-03-09 08:51:01', '2020-03-09 08:54:34'),
(865, 1, 1, 16, 999, NULL, '2020-03-09 08:56:20', '2020-03-09 08:56:20'),
(866, 4, 130, 16, 1000, NULL, '2020-03-09 08:56:23', '2020-03-09 08:56:23'),
(867, 4, 226, 16, 1001, NULL, '2020-03-09 08:56:24', '2020-03-09 08:56:24'),
(868, 1, 1, 16, 1002, NULL, '2020-03-09 08:56:31', '2020-03-09 08:56:31'),
(869, 1, 1, 16, 1003, NULL, '2020-03-09 09:03:29', '2020-03-09 09:03:29'),
(870, 1, 1, 16, 1004, NULL, '2020-03-09 09:03:35', '2020-03-09 09:03:35'),
(871, 4, 52, 16, 1009, NULL, '2020-03-09 09:11:53', '2020-03-09 09:11:53'),
(872, 4, 46, 16, 1010, NULL, '2020-03-09 09:11:53', '2020-03-09 09:11:53'),
(873, 4, 68, 16, 1011, NULL, '2020-03-09 09:11:53', '2020-03-09 09:11:53'),
(874, 4, 6, 16, 1012, NULL, '2020-03-09 09:13:19', '2020-03-09 09:13:19'),
(875, 4, 5, 16, 1013, NULL, '2020-03-09 09:13:19', '2020-03-09 09:13:19'),
(876, 4, 61, 16, 1014, NULL, '2020-03-09 09:14:28', '2020-03-09 09:14:28'),
(877, 4, 138, 16, 1015, NULL, '2020-03-09 09:16:06', '2020-03-09 09:16:06'),
(878, 4, 72, 16, 1016, NULL, '2020-03-09 09:17:14', '2020-03-09 09:17:14'),
(879, 4, 104, 16, 1017, NULL, '2020-03-09 09:17:51', '2020-03-09 09:17:51'),
(880, 4, 138, 16, 1018, NULL, '2020-03-09 09:18:34', '2020-03-09 09:18:34'),
(881, 4, 204, 16, 1025, '2020-03-09 10:32:03', '2020-03-09 09:37:45', '2020-03-09 10:32:03'),
(882, 4, 73, 16, 1026, NULL, '2020-03-09 10:07:47', '2020-03-09 10:07:47'),
(883, 4, 69, 16, 1027, NULL, '2020-03-09 10:07:47', '2020-03-09 10:07:47'),
(884, 4, 70, 16, 1028, NULL, '2020-03-09 10:07:47', '2020-03-09 10:07:47'),
(885, 4, 221, 16, 1029, NULL, '2020-03-09 10:07:47', '2020-03-09 10:07:47'),
(886, 4, 76, 16, 1030, NULL, '2020-03-09 10:07:47', '2020-03-09 10:07:47'),
(887, 4, 82, 16, 1031, NULL, '2020-03-09 10:07:48', '2020-03-09 10:07:48'),
(888, 4, 200, 16, 1032, NULL, '2020-03-09 10:07:48', '2020-03-09 10:07:48'),
(889, 4, 77, 16, 1033, NULL, '2020-03-09 10:07:48', '2020-03-09 10:07:48'),
(890, 4, 83, 16, 1034, NULL, '2020-03-09 10:07:48', '2020-03-09 10:07:48'),
(891, 4, 236, 16, 1035, NULL, '2020-03-09 10:07:48', '2020-03-09 10:07:48'),
(892, 4, 198, 16, 1036, NULL, '2020-03-09 10:07:48', '2020-03-09 10:07:48'),
(893, 4, 23, 16, 1037, NULL, '2020-03-09 10:07:48', '2020-03-09 10:07:48'),
(894, 4, 21, 16, 1038, NULL, '2020-03-09 10:07:48', '2020-03-09 10:07:48'),
(895, 4, 27, 16, 1039, NULL, '2020-03-09 10:07:48', '2020-03-09 10:07:48'),
(896, 4, 139, 16, 1041, NULL, '2020-03-09 10:14:01', '2020-03-09 10:14:01'),
(897, 5, 237, 16, 1044, NULL, '2020-03-09 10:24:48', '2020-03-09 10:24:48'),
(898, 5, 173, 16, 1045, NULL, '2020-03-09 10:24:49', '2020-03-09 10:24:49'),
(899, 5, 238, 16, 1046, NULL, '2020-03-09 10:24:49', '2020-03-09 10:24:49'),
(900, 5, 239, 16, 1047, NULL, '2020-03-09 10:27:00', '2020-03-09 10:27:00'),
(901, 4, 66, 17, 1048, NULL, '2020-03-10 01:37:29', '2020-03-10 01:37:29'),
(902, 1, 1, 17, 1049, NULL, '2020-03-10 01:38:36', '2020-03-10 01:38:36'),
(903, 1, 1, 17, 1050, NULL, '2020-03-10 01:38:43', '2020-03-10 01:38:43'),
(904, 4, 108, 17, 1051, NULL, '2020-03-10 01:39:30', '2020-03-10 01:39:30'),
(905, 4, 110, 17, 1052, NULL, '2020-03-10 01:39:30', '2020-03-10 01:39:30'),
(906, 4, 94, 17, 1053, NULL, '2020-03-10 01:41:16', '2020-03-10 01:41:16'),
(907, 4, 94, 17, 1054, NULL, '2020-03-10 01:41:16', '2020-03-10 01:41:16'),
(908, 4, 59, 17, 1055, NULL, '2020-03-10 01:42:03', '2020-03-10 01:42:03'),
(909, 4, 209, 17, 1056, '2020-03-10 01:43:26', '2020-03-10 01:43:03', '2020-03-10 01:43:26'),
(910, 1, 1, 17, 1057, NULL, '2020-03-10 01:43:30', '2020-03-10 01:43:30'),
(911, 1, 1, 17, 1058, NULL, '2020-03-10 01:43:35', '2020-03-10 01:43:35'),
(912, 4, 209, 17, 1059, NULL, '2020-03-10 01:44:35', '2020-03-10 01:44:35'),
(913, 4, 111, 17, 1060, NULL, '2020-03-10 01:49:09', '2020-03-10 01:49:09'),
(914, 4, 240, 17, 1061, NULL, '2020-03-10 01:49:09', '2020-03-10 01:49:09'),
(915, 4, 21, 17, 1062, NULL, '2020-03-10 01:50:05', '2020-03-10 01:50:05'),
(916, 4, 82, 17, 1063, NULL, '2020-03-10 01:50:06', '2020-03-10 01:50:06'),
(917, 4, 210, 17, 1064, NULL, '2020-03-10 01:51:43', '2020-03-10 01:51:43'),
(918, 4, 105, 17, 1065, NULL, '2020-03-10 01:52:47', '2020-03-10 01:52:47'),
(919, 4, 213, 17, 1066, NULL, '2020-03-10 01:52:47', '2020-03-10 01:52:47'),
(920, 1, 1, 17, 1069, NULL, '2020-03-10 01:54:27', '2020-03-10 01:54:27'),
(921, 1, 1, 17, 1071, NULL, '2020-03-10 01:54:34', '2020-03-10 01:54:34'),
(922, 1, 1, 17, 1074, NULL, '2020-03-10 01:58:17', '2020-03-10 01:58:17'),
(923, 1, 1, 17, 1075, NULL, '2020-03-10 01:58:24', '2020-03-10 01:58:24'),
(924, 2, 2, 17, 1076, NULL, '2020-03-10 02:37:42', '2020-03-10 02:37:42'),
(925, 2, 2, 17, 1077, NULL, '2020-03-10 02:46:26', '2020-03-10 02:46:26'),
(926, 3, 3, 17, 1078, NULL, '2020-03-10 02:46:27', '2020-03-10 02:46:27'),
(927, 1, 1, 18, 1079, NULL, '2020-03-10 02:59:21', '2020-03-10 02:59:21'),
(928, 1, 1, 18, 1080, NULL, '2020-03-10 02:59:39', '2020-03-10 02:59:39'),
(929, 4, 108, 18, 1081, NULL, '2020-03-10 03:01:28', '2020-03-10 03:01:28'),
(930, 1, 1, 18, 1082, NULL, '2020-03-10 03:02:17', '2020-03-10 03:02:17'),
(931, 4, 241, 18, 1083, NULL, '2020-03-10 03:04:34', '2020-03-10 03:04:34'),
(932, 4, 111, 18, 1084, NULL, '2020-03-10 03:05:16', '2020-03-10 03:05:16'),
(933, 1, 1, 18, 1085, NULL, '2020-03-10 03:06:37', '2020-03-10 03:06:37'),
(934, 1, 1, 18, 1086, NULL, '2020-03-10 03:06:43', '2020-03-10 03:06:43'),
(935, 4, 207, 18, 1087, NULL, '2020-03-10 03:07:06', '2020-03-10 03:07:06'),
(936, 1, 1, 18, 1088, NULL, '2020-03-10 03:08:13', '2020-03-10 03:08:13'),
(937, 1, 1, 18, 1089, NULL, '2020-03-10 03:08:18', '2020-03-10 03:08:18'),
(938, 4, 147, 18, 1090, NULL, '2020-03-10 03:08:27', '2020-03-10 03:08:27'),
(939, 4, 58, 18, 1091, NULL, '2020-03-10 03:09:03', '2020-03-10 03:09:03'),
(940, 4, 104, 18, 1092, NULL, '2020-03-10 03:10:23', '2020-03-10 03:10:23'),
(941, 4, 105, 18, 1093, NULL, '2020-03-10 03:10:23', '2020-03-10 03:10:23'),
(942, 4, 210, 18, 1094, NULL, '2020-03-10 03:10:23', '2020-03-10 03:10:23'),
(943, 1, 1, 18, 1095, NULL, '2020-03-10 03:10:35', '2020-03-10 03:10:35'),
(944, 1, 1, 18, 1096, NULL, '2020-03-10 03:10:39', '2020-03-10 03:10:39'),
(945, 4, 30, 18, 1097, NULL, '2020-03-10 03:14:31', '2020-03-10 03:14:31'),
(946, 4, 73, 18, 1098, NULL, '2020-03-10 03:14:31', '2020-03-10 03:14:31'),
(947, 4, 72, 18, 1099, NULL, '2020-03-10 03:14:31', '2020-03-10 03:14:31'),
(948, 4, 198, 18, 1100, NULL, '2020-03-10 03:14:31', '2020-03-10 03:14:31'),
(949, 4, 69, 18, 1101, NULL, '2020-03-10 03:14:31', '2020-03-10 03:14:31'),
(950, 4, 70, 18, 1102, NULL, '2020-03-10 03:14:31', '2020-03-10 03:14:31'),
(951, 4, 76, 18, 1103, NULL, '2020-03-10 03:14:31', '2020-03-10 03:14:31'),
(952, 4, 77, 18, 1104, NULL, '2020-03-10 03:14:31', '2020-03-10 03:14:31'),
(953, 4, 82, 18, 1105, NULL, '2020-03-10 03:14:31', '2020-03-10 03:14:31'),
(954, 4, 200, 18, 1106, NULL, '2020-03-10 03:14:31', '2020-03-10 03:14:31'),
(955, 4, 52, 18, 1107, NULL, '2020-03-10 03:14:31', '2020-03-10 03:14:31'),
(956, 4, 137, 18, 1109, NULL, '2020-03-10 03:15:37', '2020-03-10 03:15:37'),
(957, 1, 1, 18, 1110, NULL, '2020-03-10 03:16:02', '2020-03-10 03:16:02'),
(958, 1, 1, 18, 1111, NULL, '2020-03-10 03:17:36', '2020-03-10 03:17:36'),
(959, 1, 1, 18, 1112, NULL, '2020-03-10 03:17:43', '2020-03-10 03:17:43'),
(960, 1, 1, 18, 1113, NULL, '2020-03-10 03:21:06', '2020-03-10 03:21:06'),
(961, 1, 1, 18, 1114, NULL, '2020-03-10 03:21:17', '2020-03-10 03:21:17'),
(962, 1, 1, 18, 1115, NULL, '2020-03-10 03:27:49', '2020-03-10 03:27:49'),
(963, 1, 1, 18, 1116, NULL, '2020-03-10 03:27:54', '2020-03-10 03:27:54'),
(964, 4, 137, 18, 1121, NULL, '2020-03-10 04:01:09', '2020-03-10 04:01:09'),
(965, 1, 1, 19, 1124, NULL, '2020-03-10 04:10:56', '2020-03-10 04:10:56'),
(966, 1, 1, 19, 1125, NULL, '2020-03-10 04:11:09', '2020-03-10 04:11:09'),
(967, 1, 1, 19, 1126, NULL, '2020-03-10 04:15:23', '2020-03-10 04:15:23'),
(968, 1, 1, 19, 1127, NULL, '2020-03-10 04:15:33', '2020-03-10 04:15:33'),
(969, 1, 1, 19, 1128, NULL, '2020-03-10 04:17:08', '2020-03-10 04:17:08'),
(970, 1, 1, 19, 1129, NULL, '2020-03-10 04:17:13', '2020-03-10 04:17:13'),
(971, 1, 1, 19, 1130, NULL, '2020-03-10 04:18:29', '2020-03-10 04:18:29'),
(972, 1, 1, 19, 1131, NULL, '2020-03-10 04:18:34', '2020-03-10 04:18:34'),
(973, 1, 1, 19, 1132, NULL, '2020-03-10 04:19:46', '2020-03-10 04:19:46'),
(974, 1, 1, 19, 1133, NULL, '2020-03-10 04:19:51', '2020-03-10 04:19:51'),
(975, 1, 1, 19, 1134, NULL, '2020-03-10 04:21:23', '2020-03-10 04:21:23'),
(976, 1, 1, 19, 1135, NULL, '2020-03-10 04:21:27', '2020-03-10 04:21:27'),
(977, 1, 1, 19, 1136, NULL, '2020-03-10 04:23:12', '2020-03-10 04:23:12'),
(978, 1, 1, 19, 1137, NULL, '2020-03-10 04:23:16', '2020-03-10 04:23:16'),
(979, 1, 1, 19, 1138, NULL, '2020-03-10 04:25:26', '2020-03-10 04:25:26'),
(980, 1, 1, 19, 1139, NULL, '2020-03-10 04:25:32', '2020-03-10 04:25:32'),
(981, 1, 1, 19, 1140, NULL, '2020-03-10 04:26:47', '2020-03-10 04:26:47'),
(982, 1, 1, 19, 1141, NULL, '2020-03-10 04:26:52', '2020-03-10 04:26:52'),
(983, 1, 1, 19, 1142, NULL, '2020-03-10 04:28:18', '2020-03-10 04:28:18'),
(984, 1, 1, 19, 1143, NULL, '2020-03-10 04:28:23', '2020-03-10 04:28:23'),
(985, 1, 1, 19, 1144, NULL, '2020-03-10 04:30:19', '2020-03-10 04:30:19'),
(986, 1, 1, 19, 1145, NULL, '2020-03-10 04:30:26', '2020-03-10 04:30:26'),
(987, 1, 1, 19, 1146, NULL, '2020-03-10 04:32:19', '2020-03-10 04:32:19'),
(988, 1, 1, 19, 1147, NULL, '2020-03-10 04:32:23', '2020-03-10 04:32:23'),
(989, 1, 1, 19, 1148, NULL, '2020-03-10 04:34:15', '2020-03-10 04:34:15'),
(990, 1, 1, 19, 1149, NULL, '2020-03-10 04:34:19', '2020-03-10 04:34:19'),
(991, 1, 1, 19, 1150, NULL, '2020-03-10 04:35:52', '2020-03-10 04:35:52'),
(992, 1, 1, 19, 1151, NULL, '2020-03-10 04:36:02', '2020-03-10 04:36:02'),
(993, 1, 1, 19, 1152, NULL, '2020-03-10 04:37:24', '2020-03-10 04:37:24'),
(994, 1, 1, 19, 1153, NULL, '2020-03-10 04:37:28', '2020-03-10 04:37:28'),
(995, 1, 1, 19, 1154, NULL, '2020-03-10 04:39:08', '2020-03-10 04:39:08'),
(996, 1, 1, 19, 1155, NULL, '2020-03-10 04:39:12', '2020-03-10 04:39:12'),
(997, 1, 1, 19, 1156, NULL, '2020-03-10 04:40:47', '2020-03-10 04:40:47'),
(998, 1, 1, 19, 1157, NULL, '2020-03-10 04:40:51', '2020-03-10 04:40:51'),
(999, 1, 1, 19, 1158, NULL, '2020-03-10 04:43:09', '2020-03-10 04:43:09'),
(1000, 1, 1, 19, 1159, NULL, '2020-03-10 04:43:13', '2020-03-10 04:43:13'),
(1001, 1, 1, 19, 1160, NULL, '2020-03-10 04:44:30', '2020-03-10 04:44:30'),
(1002, 1, 1, 19, 1161, NULL, '2020-03-10 04:44:36', '2020-03-10 04:44:36'),
(1003, 1, 1, 19, 1162, NULL, '2020-03-10 04:45:41', '2020-03-10 04:45:41'),
(1004, 1, 1, 19, 1163, NULL, '2020-03-10 04:45:45', '2020-03-10 04:45:45'),
(1005, 1, 1, 19, 1164, NULL, '2020-03-10 04:48:44', '2020-03-10 04:48:44'),
(1006, 1, 1, 19, 1165, NULL, '2020-03-10 04:48:50', '2020-03-10 04:48:50'),
(1007, 2, 2, 19, 1171, NULL, '2020-03-10 05:04:45', '2020-03-10 05:04:45'),
(1008, 2, 2, 19, 1172, NULL, '2020-03-10 05:05:27', '2020-03-10 05:05:27'),
(1009, 3, 3, 19, 1173, NULL, '2020-03-10 05:05:27', '2020-03-10 05:05:27'),
(1010, 4, 68, 19, 1174, NULL, '2020-03-10 05:11:46', '2020-03-10 05:11:46'),
(1011, 4, 73, 19, 1175, NULL, '2020-03-10 05:11:46', '2020-03-10 05:11:46'),
(1012, 4, 76, 19, 1176, NULL, '2020-03-10 05:11:46', '2020-03-10 05:11:46'),
(1013, 4, 82, 19, 1177, NULL, '2020-03-10 05:11:46', '2020-03-10 05:11:46'),
(1014, 4, 198, 19, 1178, NULL, '2020-03-10 05:11:47', '2020-03-10 05:11:47'),
(1015, 4, 242, 19, 1179, NULL, '2020-03-10 05:11:47', '2020-03-10 05:11:47'),
(1016, 4, 61, 19, 1180, NULL, '2020-03-10 05:15:48', '2020-03-10 05:15:48'),
(1017, 1, 1, 20, 1182, NULL, '2020-03-10 05:33:02', '2020-03-10 05:33:02'),
(1018, 1, 1, 20, 1183, NULL, '2020-03-10 05:33:06', '2020-03-10 05:33:06'),
(1019, 1, 1, 20, 1184, NULL, '2020-03-10 05:35:32', '2020-03-10 05:35:32'),
(1020, 1, 1, 20, 1185, NULL, '2020-03-10 05:35:36', '2020-03-10 05:35:36'),
(1021, 1, 1, 20, 1186, NULL, '2020-03-10 05:36:53', '2020-03-10 05:36:53'),
(1022, 1, 1, 20, 1187, NULL, '2020-03-10 05:36:59', '2020-03-10 05:36:59'),
(1023, 1, 1, 20, 1188, NULL, '2020-03-10 05:38:17', '2020-03-10 05:38:17'),
(1024, 1, 1, 20, 1189, NULL, '2020-03-10 05:38:21', '2020-03-10 05:38:21'),
(1025, 1, 1, 20, 1190, NULL, '2020-03-10 05:40:29', '2020-03-10 05:40:29'),
(1026, 1, 1, 20, 1191, NULL, '2020-03-10 05:40:33', '2020-03-10 05:40:33'),
(1027, 1, 1, 20, 1192, NULL, '2020-03-10 05:42:17', '2020-03-10 05:42:17'),
(1028, 1, 1, 20, 1193, NULL, '2020-03-10 05:42:22', '2020-03-10 05:42:22'),
(1029, 1, 1, 20, 1194, NULL, '2020-03-10 05:43:42', '2020-03-10 05:43:42'),
(1030, 1, 1, 20, 1195, NULL, '2020-03-10 05:43:46', '2020-03-10 05:43:46'),
(1031, 1, 1, 20, 1196, NULL, '2020-03-10 05:45:40', '2020-03-10 05:45:40'),
(1032, 1, 1, 20, 1197, NULL, '2020-03-10 05:45:46', '2020-03-10 05:45:46'),
(1033, 1, 1, 20, 1198, NULL, '2020-03-10 05:49:19', '2020-03-10 05:49:19'),
(1034, 1, 1, 20, 1199, NULL, '2020-03-10 05:49:24', '2020-03-10 05:49:24'),
(1035, 1, 1, 20, 1200, NULL, '2020-03-10 05:50:45', '2020-03-10 05:50:45'),
(1036, 1, 1, 20, 1201, NULL, '2020-03-10 05:50:49', '2020-03-10 05:50:49'),
(1037, 1, 1, 20, 1202, NULL, '2020-03-10 05:52:04', '2020-03-10 05:52:04'),
(1038, 1, 1, 20, 1203, NULL, '2020-03-10 05:52:11', '2020-03-10 05:52:11'),
(1039, 1, 1, 20, 1204, NULL, '2020-03-10 05:53:20', '2020-03-10 05:53:20'),
(1040, 1, 1, 20, 1205, NULL, '2020-03-10 05:53:25', '2020-03-10 05:53:25'),
(1041, 1, 1, 20, 1206, NULL, '2020-03-10 05:55:25', '2020-03-10 05:55:25'),
(1042, 1, 1, 20, 1207, NULL, '2020-03-10 05:55:30', '2020-03-10 05:55:30'),
(1043, 1, 1, 20, 1208, NULL, '2020-03-10 05:59:53', '2020-03-10 05:59:53'),
(1044, 1, 1, 20, 1209, NULL, '2020-03-10 05:59:57', '2020-03-10 05:59:57'),
(1045, 1, 1, 20, 1210, NULL, '2020-03-10 06:01:23', '2020-03-10 06:01:23'),
(1046, 1, 1, 20, 1211, NULL, '2020-03-10 06:01:27', '2020-03-10 06:01:27'),
(1047, 1, 1, 20, 1212, NULL, '2020-03-10 06:02:48', '2020-03-10 06:02:48'),
(1048, 1, 1, 20, 1213, NULL, '2020-03-10 06:02:52', '2020-03-10 06:02:52'),
(1049, 1, 1, 20, 1214, NULL, '2020-03-10 06:05:23', '2020-03-10 06:05:23'),
(1050, 1, 1, 20, 1215, NULL, '2020-03-10 06:05:28', '2020-03-10 06:05:28'),
(1051, 1, 1, 20, 1216, NULL, '2020-03-10 06:06:56', '2020-03-10 06:06:56'),
(1052, 1, 1, 20, 1217, NULL, '2020-03-10 06:07:00', '2020-03-10 06:07:00'),
(1053, 1, 1, 20, 1218, NULL, '2020-03-10 06:08:27', '2020-03-10 06:08:27'),
(1054, 1, 1, 20, 1219, NULL, '2020-03-10 06:08:31', '2020-03-10 06:08:31'),
(1055, 1, 1, 20, 1220, NULL, '2020-03-10 06:09:50', '2020-03-10 06:09:50'),
(1056, 1, 1, 20, 1221, NULL, '2020-03-10 06:09:56', '2020-03-10 06:09:56'),
(1057, 1, 1, 20, 1222, NULL, '2020-03-10 06:11:31', '2020-03-10 06:11:31'),
(1058, 1, 1, 20, 1223, NULL, '2020-03-10 06:11:38', '2020-03-10 06:11:38'),
(1059, 1, 1, 20, 1224, NULL, '2020-03-10 06:13:33', '2020-03-10 06:13:33'),
(1060, 1, 1, 20, 1225, NULL, '2020-03-10 06:13:37', '2020-03-10 06:13:37'),
(1061, 4, 226, 20, 1227, NULL, '2020-03-10 06:51:29', '2020-03-10 06:51:29'),
(1062, 4, 232, 20, 1228, NULL, '2020-03-10 06:52:40', '2020-03-10 06:52:40'),
(1063, 4, 232, 20, 1229, NULL, '2020-03-10 06:53:13', '2020-03-10 06:53:13'),
(1064, 2, 2, 20, 1230, NULL, '2020-03-10 06:53:59', '2020-03-10 06:53:59'),
(1065, 1, 1, 20, 1231, NULL, '2020-03-10 06:54:01', '2020-03-10 06:54:01'),
(1066, 1, 1, 20, 1232, NULL, '2020-03-10 06:54:07', '2020-03-10 06:54:07'),
(1067, 2, 2, 20, 1233, NULL, '2020-03-10 06:54:13', '2020-03-10 06:54:13'),
(1068, 4, 211, 20, 1234, NULL, '2020-03-10 06:54:17', '2020-03-10 06:54:17'),
(1069, 2, 2, 20, 1235, NULL, '2020-03-10 06:54:55', '2020-03-10 06:54:55'),
(1070, 3, 3, 20, 1236, NULL, '2020-03-10 06:54:55', '2020-03-10 06:54:55'),
(1071, 4, 138, 20, 1238, NULL, '2020-03-10 06:55:01', '2020-03-10 06:55:01'),
(1072, 4, 114, 20, 1239, NULL, '2020-03-10 06:55:38', '2020-03-10 06:55:38'),
(1073, 4, 60, 20, 1240, NULL, '2020-03-10 06:56:35', '2020-03-10 06:56:35'),
(1074, 4, 108, 20, 1241, NULL, '2020-03-10 06:57:20', '2020-03-10 06:57:20'),
(1075, 4, 21, 20, 1245, NULL, '2020-03-10 06:59:39', '2020-03-10 06:59:39'),
(1076, 4, 81, 20, 1246, NULL, '2020-03-10 06:59:39', '2020-03-10 06:59:39'),
(1077, 4, 73, 20, 1247, NULL, '2020-03-10 06:59:39', '2020-03-10 06:59:39'),
(1078, 4, 72, 20, 1248, NULL, '2020-03-10 06:59:39', '2020-03-10 06:59:39'),
(1079, 4, 198, 20, 1249, NULL, '2020-03-10 06:59:39', '2020-03-10 06:59:39'),
(1080, 4, 81, 20, 1251, NULL, '2020-03-10 07:01:21', '2020-03-10 07:01:21'),
(1081, 4, 82, 20, 1252, NULL, '2020-03-10 07:01:21', '2020-03-10 07:01:21'),
(1082, 1, 1, 3, 1257, NULL, '2020-03-10 07:27:28', '2020-03-10 07:27:28'),
(1083, 1, 1, 3, 1258, NULL, '2020-03-10 07:27:37', '2020-03-10 07:27:37'),
(1084, 4, 243, 22, 1260, NULL, '2020-03-10 07:34:37', '2020-03-10 07:34:37'),
(1085, 4, 69, 22, 1261, NULL, '2020-03-10 07:37:38', '2020-03-10 07:37:38'),
(1086, 4, 70, 22, 1262, NULL, '2020-03-10 07:37:38', '2020-03-10 07:37:38'),
(1087, 4, 77, 22, 1263, NULL, '2020-03-10 07:37:39', '2020-03-10 07:37:39'),
(1088, 4, 76, 22, 1264, NULL, '2020-03-10 07:37:39', '2020-03-10 07:37:39'),
(1089, 4, 73, 22, 1265, NULL, '2020-03-10 07:37:39', '2020-03-10 07:37:39'),
(1090, 4, 72, 22, 1266, NULL, '2020-03-10 07:37:39', '2020-03-10 07:37:39'),
(1091, 4, 81, 22, 1267, NULL, '2020-03-10 07:37:39', '2020-03-10 07:37:39'),
(1092, 4, 81, 22, 1268, NULL, '2020-03-10 07:38:39', '2020-03-10 07:38:39'),
(1093, 4, 5, 22, 1269, NULL, '2020-03-10 07:39:53', '2020-03-10 07:39:53'),
(1094, 4, 6, 22, 1270, NULL, '2020-03-10 07:39:54', '2020-03-10 07:39:54'),
(1095, 4, 61, 22, 1271, NULL, '2020-03-10 07:40:48', '2020-03-10 07:40:48'),
(1096, 4, 112, 22, 1272, NULL, '2020-03-10 07:43:10', '2020-03-10 07:43:10'),
(1097, 4, 33, 22, 1273, NULL, '2020-03-10 07:43:10', '2020-03-10 07:43:10'),
(1098, 4, 34, 22, 1274, NULL, '2020-03-10 07:43:10', '2020-03-10 07:43:10'),
(1099, 4, 130, 22, 1275, NULL, '2020-03-10 07:43:10', '2020-03-10 07:43:10'),
(1100, 4, 150, 22, 1276, NULL, '2020-03-10 07:43:10', '2020-03-10 07:43:10'),
(1101, 4, 68, 22, 1277, NULL, '2020-03-10 07:45:25', '2020-03-10 07:45:25'),
(1102, 4, 80, 22, 1278, NULL, '2020-03-10 07:45:25', '2020-03-10 07:45:25'),
(1103, 4, 200, 22, 1279, NULL, '2020-03-10 07:45:26', '2020-03-10 07:45:26'),
(1104, 4, 70, 22, 1280, NULL, '2020-03-10 07:45:26', '2020-03-10 07:45:26'),
(1105, 4, 211, 22, 1281, NULL, '2020-03-10 07:46:12', '2020-03-10 07:46:12'),
(1106, 4, 58, 22, 1282, NULL, '2020-03-10 07:47:11', '2020-03-10 07:47:11'),
(1107, 1, 1, 22, 1283, NULL, '2020-03-10 07:48:42', '2020-03-10 07:48:42'),
(1108, 1, 1, 22, 1284, NULL, '2020-03-10 07:48:50', '2020-03-10 07:48:50'),
(1109, 2, 2, 22, 1285, NULL, '2020-03-10 07:48:55', '2020-03-10 07:48:55'),
(1110, 4, 120, 22, 1286, NULL, '2020-03-10 07:49:44', '2020-03-10 07:49:44'),
(1111, 4, 128, 22, 1287, NULL, '2020-03-10 07:49:44', '2020-03-10 07:49:44'),
(1112, 4, 127, 22, 1288, NULL, '2020-03-10 07:49:45', '2020-03-10 07:49:45'),
(1113, 2, 2, 22, 1289, NULL, '2020-03-10 07:50:58', '2020-03-10 07:50:58'),
(1114, 3, 3, 22, 1290, NULL, '2020-03-10 07:50:58', '2020-03-10 07:50:58'),
(1115, 4, 70, 22, 1291, NULL, '2020-03-10 07:58:03', '2020-03-10 07:58:03'),
(1116, 4, 77, 22, 1292, NULL, '2020-03-10 07:58:03', '2020-03-10 07:58:03'),
(1117, 4, 76, 22, 1293, NULL, '2020-03-10 07:58:03', '2020-03-10 07:58:03'),
(1118, 4, 198, 22, 1294, NULL, '2020-03-10 07:58:04', '2020-03-10 07:58:04'),
(1119, 4, 72, 22, 1295, NULL, '2020-03-10 07:58:04', '2020-03-10 07:58:04'),
(1120, 4, 216, 22, 1296, NULL, '2020-03-10 07:58:04', '2020-03-10 07:58:04'),
(1121, 4, 216, 22, 1297, NULL, '2020-03-10 07:58:04', '2020-03-10 07:58:04'),
(1122, 4, 70, 22, 1298, NULL, '2020-03-10 07:58:04', '2020-03-10 07:58:04'),
(1123, 4, 200, 22, 1299, NULL, '2020-03-10 07:58:04', '2020-03-10 07:58:04'),
(1124, 4, 82, 22, 1300, NULL, '2020-03-10 07:58:04', '2020-03-10 07:58:04'),
(1125, 4, 80, 22, 1301, NULL, '2020-03-10 07:58:04', '2020-03-10 07:58:04'),
(1126, 4, 61, 22, 1302, NULL, '2020-03-10 08:00:25', '2020-03-10 08:00:25'),
(1127, 2, 2, 22, 1303, NULL, '2020-03-10 08:00:32', '2020-03-10 08:00:32'),
(1128, 4, 108, 22, 1304, NULL, '2020-03-10 08:01:18', '2020-03-10 08:01:18'),
(1129, 1, 1, 22, 1305, NULL, '2020-03-10 08:02:18', '2020-03-10 08:02:18'),
(1130, 4, 67, 22, 1306, NULL, '2020-03-10 08:03:34', '2020-03-10 08:03:34'),
(1131, 4, 68, 22, 1307, NULL, '2020-03-10 08:04:30', '2020-03-10 08:04:30'),
(1132, 4, 210, 22, 1308, NULL, '2020-03-10 08:04:30', '2020-03-10 08:04:30'),
(1133, 1, 1, 22, 1309, NULL, '2020-03-10 08:06:15', '2020-03-10 08:06:15'),
(1134, 1, 1, 22, 1310, NULL, '2020-03-10 08:06:21', '2020-03-10 08:06:21'),
(1135, 4, 244, 22, 1311, NULL, '2020-03-10 08:07:00', '2020-03-10 08:07:00'),
(1136, 4, 210, 22, 1312, NULL, '2020-03-10 08:07:01', '2020-03-10 08:07:01'),
(1137, 2, 2, 22, 1313, NULL, '2020-03-10 08:07:09', '2020-03-10 08:07:09'),
(1138, 4, 105, 22, 1314, NULL, '2020-03-10 08:07:38', '2020-03-10 08:07:38'),
(1139, 1, 1, 22, 1315, NULL, '2020-03-10 08:08:32', '2020-03-10 08:08:32'),
(1140, 1, 1, 22, 1316, NULL, '2020-03-10 08:08:38', '2020-03-10 08:08:38'),
(1141, 4, 25, 22, 1317, NULL, '2020-03-10 08:10:07', '2020-03-10 08:10:07'),
(1142, 4, 23, 22, 1318, NULL, '2020-03-10 08:10:07', '2020-03-10 08:10:07'),
(1143, 4, 52, 22, 1319, NULL, '2020-03-10 08:10:07', '2020-03-10 08:10:07'),
(1144, 4, 46, 22, 1320, NULL, '2020-03-10 08:10:08', '2020-03-10 08:10:08'),
(1145, 2, 2, 22, 1321, NULL, '2020-03-10 08:10:43', '2020-03-10 08:10:43'),
(1146, 1, 1, 22, 1322, NULL, '2020-03-10 08:11:21', '2020-03-10 08:11:21'),
(1147, 1, 1, 22, 1323, NULL, '2020-03-10 08:11:30', '2020-03-10 08:11:30'),
(1148, 4, 70, 22, 1324, NULL, '2020-03-10 08:12:18', '2020-03-10 08:12:18'),
(1149, 4, 69, 22, 1325, NULL, '2020-03-10 08:12:18', '2020-03-10 08:12:18'),
(1150, 4, 76, 22, 1326, NULL, '2020-03-10 08:12:18', '2020-03-10 08:12:18'),
(1151, 4, 210, 22, 1327, NULL, '2020-03-10 08:12:18', '2020-03-10 08:12:18'),
(1152, 2, 2, 22, 1328, NULL, '2020-03-10 08:12:21', '2020-03-10 08:12:21'),
(1153, 3, 3, 22, 1329, NULL, '2020-03-10 08:12:21', '2020-03-10 08:12:21'),
(1154, 4, 23, 22, 1330, NULL, '2020-03-10 08:13:03', '2020-03-10 08:13:03'),
(1155, 1, 1, 22, 1333, NULL, '2020-03-10 08:14:15', '2020-03-10 08:14:15'),
(1156, 1, 1, 22, 1334, NULL, '2020-03-10 08:14:31', '2020-03-10 08:14:31'),
(1157, 2, 2, 22, 1338, NULL, '2020-03-10 08:16:44', '2020-03-10 08:16:44'),
(1158, 2, 2, 22, 1339, NULL, '2020-03-10 08:16:50', '2020-03-10 08:16:50'),
(1159, 1, 1, 22, 1340, NULL, '2020-03-10 08:18:50', '2020-03-10 08:18:50'),
(1160, 1, 1, 22, 1341, NULL, '2020-03-10 08:18:55', '2020-03-10 08:18:55'),
(1161, 1, 1, 22, 1343, NULL, '2020-03-10 08:21:34', '2020-03-10 08:21:34'),
(1162, 1, 1, 22, 1344, NULL, '2020-03-10 08:21:41', '2020-03-10 08:21:41'),
(1163, 1, 1, 23, 1350, NULL, '2020-03-10 08:32:21', '2020-03-10 08:32:21'),
(1164, 1, 1, 23, 1351, NULL, '2020-03-10 08:32:32', '2020-03-10 08:32:32'),
(1165, 1, 1, 23, 1352, NULL, '2020-03-10 08:38:38', '2020-03-10 08:38:38'),
(1166, 1, 1, 23, 1353, NULL, '2020-03-10 08:38:44', '2020-03-10 08:38:44'),
(1167, 4, 21, 23, 1354, NULL, '2020-03-10 08:40:46', '2020-03-10 08:40:46'),
(1168, 4, 30, 23, 1355, NULL, '2020-03-10 08:40:46', '2020-03-10 08:40:46'),
(1169, 4, 70, 23, 1356, NULL, '2020-03-10 08:40:47', '2020-03-10 08:40:47'),
(1170, 4, 77, 23, 1357, NULL, '2020-03-10 08:40:47', '2020-03-10 08:40:47'),
(1171, 4, 73, 23, 1358, NULL, '2020-03-10 08:40:47', '2020-03-10 08:40:47'),
(1172, 4, 69, 23, 1359, NULL, '2020-03-10 08:40:47', '2020-03-10 08:40:47'),
(1173, 4, 198, 23, 1360, NULL, '2020-03-10 08:40:47', '2020-03-10 08:40:47'),
(1174, 4, 72, 23, 1361, NULL, '2020-03-10 08:40:47', '2020-03-10 08:40:47'),
(1175, 4, 82, 23, 1362, NULL, '2020-03-10 08:40:48', '2020-03-10 08:40:48'),
(1176, 4, 81, 23, 1363, NULL, '2020-03-10 08:40:48', '2020-03-10 08:40:48'),
(1177, 4, 76, 23, 1364, NULL, '2020-03-10 08:40:48', '2020-03-10 08:40:48'),
(1178, 4, 68, 23, 1365, NULL, '2020-03-10 08:40:48', '2020-03-10 08:40:48'),
(1179, 1, 1, 23, 1366, NULL, '2020-03-10 08:42:14', '2020-03-10 08:42:14'),
(1180, 1, 1, 23, 1367, NULL, '2020-03-10 08:42:20', '2020-03-10 08:42:20'),
(1181, 4, 200, 23, 1368, NULL, '2020-03-10 08:45:09', '2020-03-10 08:45:09'),
(1182, 4, 99, 23, 1369, NULL, '2020-03-10 08:45:09', '2020-03-10 08:45:09'),
(1183, 4, 245, 23, 1370, NULL, '2020-03-10 08:45:09', '2020-03-10 08:45:09'),
(1184, 4, 116, 23, 1371, NULL, '2020-03-10 08:46:07', '2020-03-10 08:46:07'),
(1185, 4, 138, 23, 1372, NULL, '2020-03-10 08:47:06', '2020-03-10 08:47:06'),
(1186, 4, 68, 23, 1373, NULL, '2020-03-10 08:47:06', '2020-03-10 08:47:06'),
(1187, 2, 2, 23, 1374, NULL, '2020-03-10 08:47:48', '2020-03-10 08:47:48'),
(1188, 4, 99, 23, 1377, NULL, '2020-03-10 08:50:33', '2020-03-10 08:50:33'),
(1189, 4, 241, 23, 1378, NULL, '2020-03-10 08:50:34', '2020-03-10 08:50:34'),
(1190, 4, 210, 23, 1379, NULL, '2020-03-10 08:50:34', '2020-03-10 08:50:34'),
(1191, 4, 122, 23, 1380, NULL, '2020-03-10 08:51:47', '2020-03-10 08:51:47'),
(1192, 4, 93, 23, 1381, NULL, '2020-03-10 08:53:34', '2020-03-10 08:53:34'),
(1193, 4, 94, 23, 1382, NULL, '2020-03-10 08:53:34', '2020-03-10 08:53:34'),
(1194, 4, 123, 23, 1383, NULL, '2020-03-10 08:55:41', '2020-03-10 08:55:41'),
(1195, 4, 211, 23, 1384, NULL, '2020-03-10 08:56:43', '2020-03-10 08:56:43'),
(1196, 4, 108, 23, 1385, NULL, '2020-03-10 08:57:34', '2020-03-10 08:57:34'),
(1197, 4, 232, 23, 1386, NULL, '2020-03-10 08:58:26', '2020-03-10 08:58:26'),
(1198, 4, 214, 23, 1387, NULL, '2020-03-10 09:01:25', '2020-03-10 09:01:25'),
(1199, 4, 205, 23, 1388, NULL, '2020-03-10 09:01:26', '2020-03-10 09:01:26'),
(1200, 4, 206, 23, 1389, NULL, '2020-03-10 09:01:26', '2020-03-10 09:01:26'),
(1201, 4, 199, 23, 1390, NULL, '2020-03-10 09:01:26', '2020-03-10 09:01:26'),
(1202, 4, 125, 23, 1391, NULL, '2020-03-10 09:01:26', '2020-03-10 09:01:26'),
(1203, 4, 111, 23, 1392, NULL, '2020-03-10 09:02:46', '2020-03-10 09:02:46'),
(1204, 4, 114, 23, 1393, NULL, '2020-03-10 09:02:46', '2020-03-10 09:02:46'),
(1205, 4, 138, 23, 1394, NULL, '2020-03-10 09:04:22', '2020-03-10 09:04:22'),
(1206, 4, 61, 23, 1395, NULL, '2020-03-10 09:05:11', '2020-03-10 09:05:11'),
(1207, 4, 5, 23, 1396, NULL, '2020-03-10 09:06:24', '2020-03-10 09:06:24'),
(1208, 4, 6, 23, 1397, NULL, '2020-03-10 09:06:24', '2020-03-10 09:06:24'),
(1209, 2, 2, 23, 1398, NULL, '2020-03-10 09:45:52', '2020-03-10 09:45:52'),
(1210, 3, 3, 23, 1399, NULL, '2020-03-10 09:45:52', '2020-03-10 09:45:52'),
(1211, 1, 1, 24, 1401, NULL, '2020-03-10 10:35:08', '2020-03-10 10:35:08'),
(1212, 1, 1, 24, 1402, NULL, '2020-03-10 10:35:13', '2020-03-10 10:35:13'),
(1213, 4, 109, 24, 1403, NULL, '2020-03-10 10:37:25', '2020-03-10 10:37:25'),
(1214, 1, 1, 24, 1404, NULL, '2020-03-10 10:38:24', '2020-03-10 10:38:24'),
(1215, 1, 1, 24, 1405, NULL, '2020-03-10 10:38:30', '2020-03-10 10:38:30'),
(1216, 1, 1, 24, 1406, NULL, '2020-03-10 10:42:02', '2020-03-10 10:42:02'),
(1217, 1, 1, 24, 1407, NULL, '2020-03-10 10:42:09', '2020-03-10 10:42:09'),
(1218, 4, 42, 24, 1408, NULL, '2020-03-10 10:42:21', '2020-03-10 10:42:21'),
(1219, 4, 43, 24, 1409, NULL, '2020-03-10 10:42:21', '2020-03-10 10:42:21'),
(1220, 4, 55, 24, 1410, NULL, '2020-03-10 10:42:21', '2020-03-10 10:42:21'),
(1221, 4, 35, 24, 1411, NULL, '2020-03-10 10:42:22', '2020-03-10 10:42:22'),
(1222, 4, 222, 24, 1412, NULL, '2020-03-10 10:42:22', '2020-03-10 10:42:22'),
(1223, 4, 59, 24, 1413, NULL, '2020-03-10 10:43:38', '2020-03-10 10:43:38'),
(1224, 4, 141, 24, 1414, NULL, '2020-03-10 10:44:17', '2020-03-10 10:44:17'),
(1225, 1, 1, 24, 1415, NULL, '2020-03-10 10:44:47', '2020-03-10 10:44:47'),
(1226, 1, 1, 24, 1416, NULL, '2020-03-10 10:44:52', '2020-03-10 10:44:52'),
(1227, 4, 116, 24, 1417, NULL, '2020-03-10 10:45:36', '2020-03-10 10:45:36'),
(1228, 4, 61, 24, 1418, NULL, '2020-03-10 10:46:45', '2020-03-10 10:46:45'),
(1229, 4, 58, 24, 1419, NULL, '2020-03-10 10:47:22', '2020-03-10 10:47:22'),
(1230, 4, 66, 24, 1420, NULL, '2020-03-10 10:48:18', '2020-03-10 10:48:18'),
(1231, 4, 207, 24, 1421, NULL, '2020-03-10 10:49:01', '2020-03-10 10:49:01'),
(1232, 1, 1, 24, 1422, NULL, '2020-03-10 10:49:21', '2020-03-10 10:49:21'),
(1233, 1, 1, 24, 1423, NULL, '2020-03-10 10:49:26', '2020-03-10 10:49:26'),
(1234, 1, 1, 24, 1424, NULL, '2020-03-10 11:17:19', '2020-03-10 11:17:19'),
(1235, 1, 1, 24, 1425, NULL, '2020-03-10 11:17:27', '2020-03-10 11:17:27'),
(1236, 1, 1, 24, 1426, NULL, '2020-03-10 11:23:05', '2020-03-10 11:23:05'),
(1237, 1, 1, 24, 1427, NULL, '2020-03-10 11:23:30', '2020-03-10 11:23:30'),
(1238, 1, 1, 24, 1428, NULL, '2020-03-10 11:25:57', '2020-03-10 11:25:57'),
(1239, 1, 1, 24, 1429, NULL, '2020-03-10 11:26:04', '2020-03-10 11:26:04'),
(1240, 4, 73, 24, 1430, NULL, '2020-03-10 11:27:46', '2020-03-10 11:27:46'),
(1241, 4, 69, 24, 1431, NULL, '2020-03-10 11:27:46', '2020-03-10 11:27:46'),
(1242, 4, 72, 24, 1432, NULL, '2020-03-10 11:27:46', '2020-03-10 11:27:46'),
(1243, 4, 68, 24, 1433, NULL, '2020-03-10 11:27:47', '2020-03-10 11:27:47'),
(1244, 4, 70, 24, 1434, NULL, '2020-03-10 11:27:47', '2020-03-10 11:27:47'),
(1245, 4, 198, 24, 1435, NULL, '2020-03-10 11:27:47', '2020-03-10 11:27:47'),
(1246, 4, 210, 24, 1436, NULL, '2020-03-10 11:27:47', '2020-03-10 11:27:47'),
(1247, 4, 76, 24, 1437, NULL, '2020-03-10 11:27:47', '2020-03-10 11:27:47'),
(1248, 4, 82, 24, 1438, NULL, '2020-03-10 11:27:47', '2020-03-10 11:27:47'),
(1249, 4, 52, 24, 1439, NULL, '2020-03-10 11:27:47', '2020-03-10 11:27:47'),
(1250, 4, 246, 24, 1440, NULL, '2020-03-10 11:27:47', '2020-03-10 11:27:47'),
(1251, 4, 213, 24, 1441, NULL, '2020-03-10 11:29:07', '2020-03-10 11:29:07'),
(1252, 4, 104, 24, 1442, NULL, '2020-03-10 11:29:07', '2020-03-10 11:29:07'),
(1253, 4, 200, 24, 1443, NULL, '2020-03-10 11:29:50', '2020-03-10 11:29:50'),
(1254, 1, 1, 24, 1444, NULL, '2020-03-10 11:30:27', '2020-03-10 11:30:27'),
(1255, 4, 117, 24, 1445, NULL, '2020-03-10 11:30:28', '2020-03-10 11:30:28'),
(1256, 1, 1, 24, 1446, NULL, '2020-03-10 11:30:32', '2020-03-10 11:30:32'),
(1257, 4, 36, 24, 1447, NULL, '2020-03-10 11:31:41', '2020-03-10 11:31:41'),
(1258, 4, 36, 24, 1448, NULL, '2020-03-10 11:31:41', '2020-03-10 11:31:41'),
(1259, 4, 81, 24, 1449, NULL, '2020-03-10 11:31:41', '2020-03-10 11:31:41'),
(1260, 4, 137, 24, 1450, NULL, '2020-03-10 11:32:37', '2020-03-10 11:32:37'),
(1261, 5, 185, 24, 1461, NULL, '2020-03-10 11:45:06', '2020-03-10 11:45:06'),
(1262, 5, 184, 24, 1462, NULL, '2020-03-10 11:45:07', '2020-03-10 11:45:07'),
(1263, 5, 186, 24, 1463, NULL, '2020-03-10 11:45:07', '2020-03-10 11:45:07'),
(1264, 5, 186, 24, 1464, NULL, '2020-03-10 11:45:07', '2020-03-10 11:45:07'),
(1265, 5, 191, 24, 1465, NULL, '2020-03-10 11:45:07', '2020-03-10 11:45:07'),
(1266, 5, 192, 24, 1466, NULL, '2020-03-10 11:45:07', '2020-03-10 11:45:07'),
(1267, 5, 173, 24, 1467, NULL, '2020-03-10 11:45:07', '2020-03-10 11:45:07'),
(1268, 5, 189, 24, 1468, NULL, '2020-03-10 11:45:07', '2020-03-10 11:45:07'),
(1269, 5, 239, 24, 1469, NULL, '2020-03-10 11:45:07', '2020-03-10 11:45:07'),
(1270, 2, 2, 24, 1470, NULL, '2020-03-10 11:47:55', '2020-03-10 11:47:55'),
(1271, 2, 2, 24, 1471, NULL, '2020-03-10 11:48:06', '2020-03-10 11:48:06'),
(1272, 2, 2, 24, 1472, NULL, '2020-03-10 11:48:29', '2020-03-10 11:48:29'),
(1273, 5, 247, 24, 1473, NULL, '2020-03-10 11:48:48', '2020-03-10 11:48:48'),
(1274, 5, 247, 24, 1474, NULL, '2020-03-10 11:48:48', '2020-03-10 11:48:48'),
(1275, 5, 248, 24, 1475, NULL, '2020-03-10 11:48:48', '2020-03-10 11:48:48'),
(1276, 5, 249, 24, 1476, NULL, '2020-03-10 11:48:48', '2020-03-10 11:48:48'),
(1277, 2, 2, 24, 1477, NULL, '2020-03-10 11:48:56', '2020-03-10 11:48:56'),
(1278, 2, 2, 24, 1478, NULL, '2020-03-10 11:50:50', '2020-03-10 11:50:50'),
(1279, 2, 2, 24, 1479, NULL, '2020-03-10 11:52:55', '2020-03-10 11:52:55'),
(1280, 2, 2, 24, 1480, NULL, '2020-03-10 11:53:58', '2020-03-10 11:53:58'),
(1281, 4, 106, 24, 1481, NULL, '2020-03-10 11:55:32', '2020-03-10 11:55:32'),
(1282, 2, 2, 24, 1485, NULL, '2020-03-10 12:04:10', '2020-03-10 12:04:10'),
(1283, 2, 2, 24, 1486, NULL, '2020-03-10 12:10:57', '2020-03-10 12:10:57'),
(1284, 2, 2, 24, 1487, NULL, '2020-03-10 12:12:02', '2020-03-10 12:12:02'),
(1285, 3, 3, 24, 1488, NULL, '2020-03-10 12:12:02', '2020-03-10 12:12:02'),
(1286, 2, 2, 24, 1490, NULL, '2020-03-10 12:33:52', '2020-03-10 12:33:52'),
(1287, 2, 2, 24, 1491, NULL, '2020-03-10 12:38:32', '2020-03-10 12:38:32'),
(1288, 2, 2, 24, 1492, NULL, '2020-03-10 12:39:38', '2020-03-10 12:39:38'),
(1289, 3, 3, 24, 1493, NULL, '2020-03-10 12:39:38', '2020-03-10 12:39:38'),
(1290, 1, 1, 25, 1494, NULL, '2020-03-10 12:53:00', '2020-03-10 12:53:00'),
(1291, 1, 1, 25, 1495, NULL, '2020-03-10 12:53:10', '2020-03-10 12:53:10'),
(1292, 4, 58, 25, 1496, NULL, '2020-03-10 12:57:40', '2020-03-10 12:57:40'),
(1293, 4, 209, 25, 1497, NULL, '2020-03-10 12:57:41', '2020-03-10 12:57:41'),
(1294, 4, 108, 25, 1498, NULL, '2020-03-10 12:57:41', '2020-03-10 12:57:41'),
(1295, 4, 105, 25, 1499, NULL, '2020-03-10 12:57:41', '2020-03-10 12:57:41'),
(1296, 4, 147, 25, 1500, NULL, '2020-03-10 12:59:09', '2020-03-10 12:59:09'),
(1297, 1, 1, 25, 1501, NULL, '2020-03-10 12:59:59', '2020-03-10 12:59:59'),
(1298, 1, 1, 25, 1502, NULL, '2020-03-10 13:00:06', '2020-03-10 13:00:06'),
(1299, 1, 1, 25, 1504, NULL, '2020-03-10 13:02:20', '2020-03-10 13:02:20'),
(1300, 1, 1, 25, 1505, NULL, '2020-03-10 13:02:28', '2020-03-10 13:02:28'),
(1301, 1, 1, 25, 1511, NULL, '2020-03-10 13:05:14', '2020-03-10 13:05:14'),
(1302, 1, 1, 25, 1512, NULL, '2020-03-10 13:05:26', '2020-03-10 13:05:26'),
(1303, 1, 1, 25, 1514, NULL, '2020-03-10 13:09:09', '2020-03-10 13:09:09'),
(1304, 1, 1, 25, 1515, NULL, '2020-03-10 13:09:15', '2020-03-10 13:09:15'),
(1305, 1, 1, 25, 1518, NULL, '2020-03-10 13:12:03', '2020-03-10 13:12:03'),
(1306, 1, 1, 25, 1519, NULL, '2020-03-10 13:12:11', '2020-03-10 13:12:11'),
(1307, 1, 1, 25, 1521, NULL, '2020-03-10 13:14:25', '2020-03-10 13:14:25'),
(1308, 1, 1, 25, 1522, NULL, '2020-03-10 13:14:34', '2020-03-10 13:14:34'),
(1309, 1, 1, 25, 1523, NULL, '2020-03-10 13:18:10', '2020-03-10 13:18:10'),
(1310, 1, 1, 25, 1524, NULL, '2020-03-10 13:18:23', '2020-03-10 13:18:23'),
(1311, 2, 2, 25, 1529, NULL, '2020-03-10 14:10:31', '2020-03-10 14:10:31'),
(1312, 2, 2, 25, 1530, NULL, '2020-03-10 14:12:06', '2020-03-10 14:12:06'),
(1313, 3, 3, 25, 1531, NULL, '2020-03-10 14:12:07', '2020-03-10 14:12:07'),
(1314, 1, 1, 26, 1532, NULL, '2020-03-10 14:17:48', '2020-03-10 14:17:48'),
(1315, 1, 1, 26, 1533, NULL, '2020-03-10 14:18:04', '2020-03-10 14:18:04'),
(1316, 1, 1, 26, 1534, NULL, '2020-03-10 14:20:41', '2020-03-10 14:20:41'),
(1317, 1, 1, 26, 1535, NULL, '2020-03-10 14:21:03', '2020-03-10 14:21:03'),
(1318, 1, 1, 26, 1536, NULL, '2020-03-10 14:27:35', '2020-03-10 14:27:35'),
(1319, 1, 1, 26, 1537, NULL, '2020-03-10 14:27:40', '2020-03-10 14:27:40'),
(1320, 1, 1, 26, 1538, NULL, '2020-03-10 14:31:43', '2020-03-10 14:31:43'),
(1321, 1, 1, 26, 1539, NULL, '2020-03-10 14:31:51', '2020-03-10 14:31:51'),
(1322, 1, 1, 26, 1540, NULL, '2020-03-10 14:34:35', '2020-03-10 14:34:35'),
(1323, 1, 1, 26, 1541, NULL, '2020-03-10 14:34:41', '2020-03-10 14:34:41'),
(1324, 1, 1, 26, 1542, NULL, '2020-03-10 14:38:07', '2020-03-10 14:38:07'),
(1325, 1, 1, 26, 1543, NULL, '2020-03-10 14:38:14', '2020-03-10 14:38:14'),
(1326, 1, 1, 26, 1544, NULL, '2020-03-10 14:41:38', '2020-03-10 14:41:38'),
(1327, 1, 1, 26, 1545, NULL, '2020-03-10 14:41:44', '2020-03-10 14:41:44'),
(1328, 1, 1, 26, 1546, NULL, '2020-03-10 14:44:48', '2020-03-10 14:44:48'),
(1329, 1, 1, 26, 1547, NULL, '2020-03-10 14:45:01', '2020-03-10 14:45:01'),
(1330, 1, 1, 26, 1548, NULL, '2020-03-10 14:47:27', '2020-03-10 14:47:27'),
(1331, 1, 1, 26, 1549, NULL, '2020-03-10 14:47:39', '2020-03-10 14:47:39'),
(1332, 2, 2, 26, 1552, NULL, '2020-03-10 15:10:36', '2020-03-10 15:10:36'),
(1333, 2, 2, 26, 1553, NULL, '2020-03-10 15:12:39', '2020-03-10 15:12:39'),
(1334, 2, 2, 26, 1554, NULL, '2020-03-10 15:13:16', '2020-03-10 15:13:16'),
(1335, 3, 3, 26, 1555, NULL, '2020-03-10 15:13:16', '2020-03-10 15:13:16'),
(1336, 2, 2, 26, 1557, NULL, '2020-03-10 15:17:55', '2020-03-10 15:17:55'),
(1337, 2, 2, 26, 1558, NULL, '2020-03-10 15:25:22', '2020-03-10 15:25:22'),
(1338, 3, 3, 26, 1559, NULL, '2020-03-10 15:25:22', '2020-03-10 15:25:22'),
(1339, 4, 107, 26, 1561, NULL, '2020-03-10 15:31:23', '2020-03-10 15:31:23'),
(1340, 4, 125, 27, 1569, NULL, '2020-03-11 02:03:16', '2020-03-11 02:03:16'),
(1341, 4, 108, 27, 1570, NULL, '2020-03-11 02:04:10', '2020-03-11 02:04:10'),
(1342, 4, 94, 27, 1571, NULL, '2020-03-11 03:44:30', '2020-03-11 03:44:30'),
(1343, 4, 94, 27, 1572, NULL, '2020-03-11 03:46:49', '2020-03-11 03:46:49'),
(1344, 4, 116, 27, 1573, NULL, '2020-03-11 03:47:55', '2020-03-11 03:47:55'),
(1345, 4, 223, 27, 1574, NULL, '2020-03-11 03:49:09', '2020-03-11 03:49:09'),
(1346, 4, 250, 27, 1575, NULL, '2020-03-11 03:52:38', '2020-03-11 03:52:38'),
(1347, 4, 109, 27, 1576, NULL, '2020-03-11 03:54:57', '2020-03-11 03:54:57'),
(1348, 4, 138, 27, 1577, NULL, '2020-03-11 03:56:20', '2020-03-11 03:56:20'),
(1349, 4, 52, 27, 1578, NULL, '2020-03-11 03:57:46', '2020-03-11 03:57:46'),
(1350, 4, 46, 27, 1579, NULL, '2020-03-11 03:57:46', '2020-03-11 03:57:46'),
(1351, 4, 66, 27, 1580, NULL, '2020-03-11 04:00:22', '2020-03-11 04:00:22'),
(1352, 4, 61, 27, 1581, NULL, '2020-03-11 04:02:02', '2020-03-11 04:02:02'),
(1353, 4, 5, 27, 1582, NULL, '2020-03-11 04:03:09', '2020-03-11 04:03:09'),
(1354, 4, 114, 27, 1583, NULL, '2020-03-11 04:08:30', '2020-03-11 04:08:30'),
(1355, 4, 222, 27, 1584, NULL, '2020-03-11 04:08:31', '2020-03-11 04:08:31'),
(1356, 4, 42, 27, 1585, NULL, '2020-03-11 04:08:31', '2020-03-11 04:08:31'),
(1357, 4, 55, 27, 1586, NULL, '2020-03-11 04:08:31', '2020-03-11 04:08:31'),
(1358, 4, 35, 27, 1587, NULL, '2020-03-11 04:08:31', '2020-03-11 04:08:31'),
(1359, 4, 43, 27, 1588, NULL, '2020-03-11 04:08:31', '2020-03-11 04:08:31'),
(1360, 4, 33, 27, 1589, NULL, '2020-03-11 04:08:31', '2020-03-11 04:08:31'),
(1361, 4, 130, 27, 1590, NULL, '2020-03-11 04:08:31', '2020-03-11 04:08:31'),
(1362, 4, 61, 27, 1591, NULL, '2020-03-11 04:09:57', '2020-03-11 04:09:57'),
(1363, 4, 223, 27, 1592, NULL, '2020-03-11 04:11:10', '2020-03-11 04:11:10'),
(1364, 4, 58, 27, 1593, NULL, '2020-03-11 04:11:47', '2020-03-11 04:11:47'),
(1365, 4, 207, 27, 1594, NULL, '2020-03-11 04:12:55', '2020-03-11 04:12:55'),
(1366, 4, 225, 27, 1595, NULL, '2020-03-11 04:12:55', '2020-03-11 04:12:55');
INSERT INTO `m4_mis_vouchers_i` (`id`, `mis_head_id`, `ledger_head_id`, `date_id`, `voucher_id`, `deleted_at`, `created_at`, `updated_at`) VALUES
(1367, 4, 106, 27, 1596, NULL, '2020-03-11 04:13:57', '2020-03-11 04:13:57'),
(1368, 1, 1, 27, 1597, NULL, '2020-03-11 04:23:35', '2020-03-11 04:23:35'),
(1369, 4, 207, 27, 1598, NULL, '2020-03-11 04:27:41', '2020-03-11 04:27:41'),
(1370, 4, 211, 27, 1599, NULL, '2020-03-11 04:52:38', '2020-03-11 04:52:38'),
(1371, 4, 217, 27, 1600, NULL, '2020-03-11 04:52:38', '2020-03-11 04:52:38'),
(1372, 4, 25, 27, 1601, NULL, '2020-03-11 04:56:56', '2020-03-11 04:56:56'),
(1373, 4, 20, 27, 1602, NULL, '2020-03-11 04:56:57', '2020-03-11 04:56:57'),
(1374, 4, 230, 27, 1603, NULL, '2020-03-11 04:56:57', '2020-03-11 04:56:57'),
(1375, 4, 105, 27, 1604, NULL, '2020-03-11 04:56:57', '2020-03-11 04:56:57'),
(1376, 4, 229, 27, 1605, NULL, '2020-03-11 04:56:57', '2020-03-11 04:56:57'),
(1377, 4, 252, 27, 1606, NULL, '2020-03-11 04:56:57', '2020-03-11 04:56:57'),
(1378, 4, 81, 27, 1607, NULL, '2020-03-11 05:01:34', '2020-03-11 05:01:34'),
(1379, 4, 221, 27, 1608, NULL, '2020-03-11 05:01:34', '2020-03-11 05:01:34'),
(1380, 4, 198, 27, 1609, NULL, '2020-03-11 05:01:35', '2020-03-11 05:01:35'),
(1381, 4, 214, 27, 1610, NULL, '2020-03-11 05:01:35', '2020-03-11 05:01:35'),
(1382, 4, 82, 27, 1611, NULL, '2020-03-11 05:01:35', '2020-03-11 05:01:35'),
(1383, 4, 70, 27, 1612, NULL, '2020-03-11 05:01:35', '2020-03-11 05:01:35'),
(1384, 4, 73, 27, 1613, NULL, '2020-03-11 05:01:35', '2020-03-11 05:01:35'),
(1385, 4, 72, 27, 1614, NULL, '2020-03-11 05:01:35', '2020-03-11 05:01:35'),
(1386, 4, 229, 27, 1615, NULL, '2020-03-11 05:01:35', '2020-03-11 05:01:35'),
(1387, 4, 30, 27, 1616, NULL, '2020-03-11 05:01:35', '2020-03-11 05:01:35'),
(1388, 4, 20, 27, 1617, NULL, '2020-03-11 05:01:35', '2020-03-11 05:01:35'),
(1389, 1, 1, 27, 1621, NULL, '2020-03-11 05:07:10', '2020-03-11 05:07:10'),
(1390, 1, 1, 27, 1622, NULL, '2020-03-11 05:07:17', '2020-03-11 05:07:17'),
(1391, 1, 1, 27, 1623, NULL, '2020-03-11 05:15:25', '2020-03-11 05:15:25'),
(1392, 1, 1, 27, 1624, NULL, '2020-03-11 05:15:31', '2020-03-11 05:15:31'),
(1393, 1, 1, 27, 1626, NULL, '2020-03-11 05:29:22', '2020-03-11 05:29:22'),
(1394, 1, 1, 27, 1627, NULL, '2020-03-11 05:29:27', '2020-03-11 05:29:27'),
(1395, 1, 1, 27, 1628, NULL, '2020-03-11 05:32:37', '2020-03-11 05:32:37'),
(1396, 1, 1, 27, 1629, NULL, '2020-03-11 05:32:43', '2020-03-11 05:32:43'),
(1397, 1, 1, 27, 1631, NULL, '2020-03-11 05:40:24', '2020-03-11 05:40:24'),
(1398, 1, 1, 27, 1632, NULL, '2020-03-11 05:40:29', '2020-03-11 05:40:29'),
(1399, 1, 1, 27, 1633, NULL, '2020-03-11 05:41:28', '2020-03-11 05:41:28'),
(1400, 1, 1, 27, 1634, NULL, '2020-03-11 05:41:32', '2020-03-11 05:41:32'),
(1401, 1, 1, 27, 1635, NULL, '2020-03-11 05:42:59', '2020-03-11 05:42:59'),
(1402, 1, 1, 27, 1636, NULL, '2020-03-11 05:43:03', '2020-03-11 05:43:03'),
(1403, 1, 1, 27, 1637, NULL, '2020-03-11 05:44:15', '2020-03-11 05:44:15'),
(1404, 1, 1, 27, 1638, NULL, '2020-03-11 05:44:24', '2020-03-11 05:44:24'),
(1405, 1, 1, 27, 1639, NULL, '2020-03-11 05:48:55', '2020-03-11 05:48:55'),
(1406, 1, 1, 27, 1640, NULL, '2020-03-11 05:49:00', '2020-03-11 05:49:00'),
(1407, 1, 1, 27, 1641, NULL, '2020-03-11 05:50:04', '2020-03-11 05:50:04'),
(1408, 1, 1, 27, 1642, NULL, '2020-03-11 05:50:08', '2020-03-11 05:50:08'),
(1409, 1, 1, 27, 1643, NULL, '2020-03-11 05:53:23', '2020-03-11 05:53:23'),
(1410, 1, 1, 27, 1644, NULL, '2020-03-11 05:53:28', '2020-03-11 05:53:28'),
(1411, 1, 1, 27, 1646, NULL, '2020-03-11 05:55:26', '2020-03-11 05:55:26'),
(1412, 1, 1, 27, 1647, NULL, '2020-03-11 05:55:31', '2020-03-11 05:55:31'),
(1413, 1, 1, 27, 1649, NULL, '2020-03-11 05:57:24', '2020-03-11 05:57:24'),
(1414, 1, 1, 27, 1650, NULL, '2020-03-11 05:57:29', '2020-03-11 05:57:29'),
(1415, 1, 1, 27, 1652, NULL, '2020-03-11 06:02:27', '2020-03-11 06:02:27'),
(1416, 1, 1, 27, 1653, NULL, '2020-03-11 06:02:32', '2020-03-11 06:02:32'),
(1417, 1, 1, 27, 1655, NULL, '2020-03-11 06:07:41', '2020-03-11 06:07:41'),
(1418, 1, 1, 27, 1656, NULL, '2020-03-11 06:07:47', '2020-03-11 06:07:47'),
(1419, 1, 1, 27, 1658, NULL, '2020-03-11 06:10:44', '2020-03-11 06:10:44'),
(1420, 1, 1, 27, 1659, NULL, '2020-03-11 06:10:53', '2020-03-11 06:10:53'),
(1421, 1, 1, 27, 1661, NULL, '2020-03-11 06:13:17', '2020-03-11 06:13:17'),
(1422, 1, 1, 27, 1662, NULL, '2020-03-11 06:13:23', '2020-03-11 06:13:23'),
(1423, 1, 1, 27, 1664, NULL, '2020-03-11 07:21:07', '2020-03-11 07:21:07'),
(1424, 1, 1, 27, 1665, NULL, '2020-03-11 07:21:11', '2020-03-11 07:21:11'),
(1425, 1, 1, 27, 1667, NULL, '2020-03-11 07:24:17', '2020-03-11 07:24:17'),
(1426, 1, 1, 27, 1668, NULL, '2020-03-11 07:24:22', '2020-03-11 07:24:22'),
(1427, 1, 1, 27, 1669, NULL, '2020-03-11 07:25:59', '2020-03-11 07:25:59'),
(1428, 1, 1, 27, 1670, NULL, '2020-03-11 07:26:06', '2020-03-11 07:26:06'),
(1429, 1, 1, 27, 1671, NULL, '2020-03-11 07:27:58', '2020-03-11 07:27:58'),
(1430, 1, 1, 27, 1672, NULL, '2020-03-11 07:28:09', '2020-03-11 07:28:09'),
(1431, 2, 2, 27, 1674, NULL, '2020-03-11 07:33:09', '2020-03-11 07:33:09'),
(1432, 2, 2, 27, 1675, NULL, '2020-03-11 07:41:18', '2020-03-11 07:41:18'),
(1433, 3, 3, 27, 1676, NULL, '2020-03-11 07:41:18', '2020-03-11 07:41:18'),
(1434, 2, 2, 27, 1677, NULL, '2020-03-11 07:44:23', '2020-03-11 07:44:23'),
(1435, 2, 2, 27, 1678, NULL, '2020-03-11 08:09:18', '2020-03-11 08:09:18'),
(1436, 3, 3, 27, 1679, NULL, '2020-03-11 08:09:18', '2020-03-11 08:09:18'),
(1437, 2, 2, 27, 1681, NULL, '2020-03-11 08:18:43', '2020-03-11 08:18:43'),
(1438, 2, 2, 27, 1682, NULL, '2020-03-11 08:22:25', '2020-03-11 08:22:25'),
(1439, 2, 2, 27, 1683, NULL, '2020-03-11 08:23:58', '2020-03-11 08:23:58'),
(1440, 3, 3, 27, 1684, NULL, '2020-03-11 08:23:58', '2020-03-11 08:23:58'),
(1441, 4, 110, 29, 1688, NULL, '2020-03-11 08:35:12', '2020-03-11 08:35:12'),
(1442, 4, 216, 29, 1689, NULL, '2020-03-11 08:37:43', '2020-03-11 08:37:43'),
(1443, 4, 78, 29, 1690, NULL, '2020-03-11 08:37:43', '2020-03-11 08:37:43'),
(1444, 4, 200, 29, 1691, NULL, '2020-03-11 08:37:43', '2020-03-11 08:37:43'),
(1445, 4, 108, 29, 1692, NULL, '2020-03-11 08:39:02', '2020-03-11 08:39:02'),
(1446, 4, 108, 29, 1693, NULL, '2020-03-11 08:39:47', '2020-03-11 08:39:47'),
(1447, 4, 59, 29, 1694, NULL, '2020-03-11 08:40:37', '2020-03-11 08:40:37'),
(1448, 4, 94, 29, 1695, NULL, '2020-03-11 08:41:51', '2020-03-11 08:41:51'),
(1449, 4, 116, 29, 1696, NULL, '2020-03-11 08:43:10', '2020-03-11 08:43:10'),
(1450, 4, 128, 29, 1697, NULL, '2020-03-11 08:43:10', '2020-03-11 08:43:10'),
(1451, 4, 62, 29, 1698, NULL, '2020-03-11 08:44:10', '2020-03-11 08:44:10'),
(1452, 4, 5, 29, 1699, NULL, '2020-03-11 08:44:39', '2020-03-11 08:44:39'),
(1453, 4, 68, 29, 1700, NULL, '2020-03-11 08:48:34', '2020-03-11 08:48:34'),
(1454, 4, 73, 29, 1701, NULL, '2020-03-11 08:48:34', '2020-03-11 08:48:34'),
(1455, 4, 72, 29, 1702, NULL, '2020-03-11 08:48:34', '2020-03-11 08:48:34'),
(1456, 4, 198, 29, 1703, NULL, '2020-03-11 08:48:35', '2020-03-11 08:48:35'),
(1457, 4, 82, 29, 1704, NULL, '2020-03-11 08:48:35', '2020-03-11 08:48:35'),
(1458, 4, 80, 29, 1705, NULL, '2020-03-11 08:48:35', '2020-03-11 08:48:35'),
(1459, 4, 70, 29, 1706, NULL, '2020-03-11 08:48:35', '2020-03-11 08:48:35'),
(1460, 4, 200, 29, 1707, NULL, '2020-03-11 08:48:35', '2020-03-11 08:48:35'),
(1461, 4, 138, 29, 1708, NULL, '2020-03-11 08:49:24', '2020-03-11 08:49:24'),
(1462, 4, 61, 29, 1709, NULL, '2020-03-11 08:50:14', '2020-03-11 08:50:14'),
(1463, 4, 6, 29, 1710, NULL, '2020-03-11 08:52:09', '2020-03-11 08:52:09'),
(1464, 4, 112, 29, 1711, NULL, '2020-03-11 08:54:01', '2020-03-11 08:54:01'),
(1465, 4, 37, 29, 1712, NULL, '2020-03-11 08:54:01', '2020-03-11 08:54:01'),
(1466, 4, 52, 29, 1713, NULL, '2020-03-11 08:54:01', '2020-03-11 08:54:01'),
(1467, 4, 68, 29, 1714, NULL, '2020-03-11 08:54:01', '2020-03-11 08:54:01'),
(1468, 4, 46, 29, 1715, NULL, '2020-03-11 08:54:02', '2020-03-11 08:54:02'),
(1469, 4, 59, 29, 1716, NULL, '2020-03-11 08:55:31', '2020-03-11 08:55:31'),
(1470, 4, 211, 29, 1717, NULL, '2020-03-11 08:56:26', '2020-03-11 08:56:26'),
(1471, 4, 57, 29, 1718, NULL, '2020-03-11 08:57:53', '2020-03-11 08:57:53'),
(1472, 4, 116, 29, 1719, NULL, '2020-03-11 08:58:57', '2020-03-11 08:58:57'),
(1473, 4, 210, 29, 1720, NULL, '2020-03-11 08:58:57', '2020-03-11 08:58:57'),
(1474, 4, 138, 29, 1721, NULL, '2020-03-11 08:59:41', '2020-03-11 08:59:41'),
(1475, 4, 27, 29, 1722, NULL, '2020-03-14 01:26:45', '2020-03-14 01:26:45'),
(1476, 4, 23, 29, 1723, NULL, '2020-03-14 01:26:45', '2020-03-14 01:26:45'),
(1477, 4, 72, 29, 1724, NULL, '2020-03-14 01:26:45', '2020-03-14 01:26:45'),
(1478, 4, 78, 29, 1725, NULL, '2020-03-14 01:26:46', '2020-03-14 01:26:46'),
(1479, 4, 198, 29, 1726, NULL, '2020-03-14 01:26:46', '2020-03-14 01:26:46'),
(1480, 4, 73, 29, 1727, NULL, '2020-03-14 01:26:46', '2020-03-14 01:26:46'),
(1481, 4, 253, 29, 1728, NULL, '2020-03-14 01:26:46', '2020-03-14 01:26:46'),
(1482, 4, 123, 29, 1729, NULL, '2020-03-14 01:26:46', '2020-03-14 01:26:46'),
(1483, 4, 200, 29, 1730, NULL, '2020-03-14 01:26:46', '2020-03-14 01:26:46'),
(1484, 4, 130, 29, 1731, NULL, '2020-03-14 01:26:46', '2020-03-14 01:26:46'),
(1485, 4, 23, 29, 1733, NULL, '2020-03-14 01:33:35', '2020-03-14 01:33:35'),
(1486, 4, 20, 29, 1734, NULL, '2020-03-14 01:33:36', '2020-03-14 01:33:36'),
(1487, 4, 27, 29, 1735, NULL, '2020-03-14 01:33:36', '2020-03-14 01:33:36'),
(1488, 4, 25, 29, 1736, NULL, '2020-03-14 01:33:36', '2020-03-14 01:33:36'),
(1489, 4, 70, 29, 1737, NULL, '2020-03-14 01:33:36', '2020-03-14 01:33:36'),
(1490, 4, 69, 29, 1738, NULL, '2020-03-14 01:33:36', '2020-03-14 01:33:36'),
(1491, 4, 76, 29, 1739, NULL, '2020-03-14 01:33:36', '2020-03-14 01:33:36'),
(1492, 4, 77, 29, 1740, NULL, '2020-03-14 01:33:36', '2020-03-14 01:33:36'),
(1493, 4, 246, 29, 1741, NULL, '2020-03-14 01:33:36', '2020-03-14 01:33:36'),
(1494, 4, 72, 29, 1742, NULL, '2020-03-14 01:33:36', '2020-03-14 01:33:36'),
(1495, 4, 20, 29, 1743, NULL, '2020-03-14 01:33:37', '2020-03-14 01:33:37'),
(1496, 4, 73, 29, 1744, NULL, '2020-03-14 01:33:37', '2020-03-14 01:33:37'),
(1497, 4, 254, 29, 1746, NULL, '2020-03-14 01:49:35', '2020-03-14 01:49:35'),
(1498, 4, 118, 29, 1747, NULL, '2020-03-14 01:49:35', '2020-03-14 01:49:35'),
(1499, 4, 201, 29, 1748, NULL, '2020-03-14 01:49:35', '2020-03-14 01:49:35'),
(1500, 4, 139, 29, 1749, NULL, '2020-03-14 01:52:15', '2020-03-14 01:52:15'),
(1501, 1, 1, 29, 1760, NULL, '2020-03-14 02:30:24', '2020-03-14 02:30:24'),
(1502, 1, 1, 29, 1761, NULL, '2020-03-14 02:31:03', '2020-03-14 02:31:03'),
(1503, 1, 1, 29, 1762, NULL, '2020-03-14 02:34:18', '2020-03-14 02:34:18'),
(1504, 1, 1, 29, 1763, NULL, '2020-03-14 02:36:41', '2020-03-14 02:36:41'),
(1505, 1, 1, 29, 1764, NULL, '2020-03-14 02:41:22', '2020-03-14 02:41:22'),
(1506, 1, 1, 29, 1765, NULL, '2020-03-14 02:43:35', '2020-03-14 02:43:35'),
(1507, 1, 1, 29, 1766, NULL, '2020-03-14 02:53:16', '2020-03-14 02:53:16'),
(1508, 1, 1, 29, 1767, NULL, '2020-03-14 02:53:21', '2020-03-14 02:53:21'),
(1509, 1, 1, 29, 1768, NULL, '2020-03-14 02:55:51', '2020-03-14 02:55:51'),
(1510, 1, 1, 29, 1769, NULL, '2020-03-14 02:55:57', '2020-03-14 02:55:57'),
(1511, 1, 1, 29, 1770, NULL, '2020-03-14 02:57:17', '2020-03-14 02:57:17'),
(1512, 1, 1, 29, 1771, NULL, '2020-03-14 02:57:22', '2020-03-14 02:57:22'),
(1513, 1, 1, 29, 1772, NULL, '2020-03-14 02:59:53', '2020-03-14 02:59:53'),
(1514, 1, 1, 29, 1773, NULL, '2020-03-14 02:59:58', '2020-03-14 02:59:58'),
(1515, 1, 1, 29, 1774, NULL, '2020-03-14 03:02:05', '2020-03-14 03:02:05'),
(1516, 1, 1, 29, 1775, NULL, '2020-03-14 03:02:10', '2020-03-14 03:02:10'),
(1517, 1, 1, 29, 1776, NULL, '2020-03-14 03:03:59', '2020-03-14 03:03:59'),
(1518, 1, 1, 29, 1777, NULL, '2020-03-14 03:04:04', '2020-03-14 03:04:04'),
(1519, 1, 1, 29, 1778, NULL, '2020-03-14 03:05:36', '2020-03-14 03:05:36'),
(1520, 1, 1, 29, 1779, NULL, '2020-03-14 03:05:40', '2020-03-14 03:05:40'),
(1521, 2, 2, 29, 1783, NULL, '2020-03-14 03:15:57', '2020-03-14 03:15:57'),
(1522, 2, 2, 29, 1784, NULL, '2020-03-14 03:37:10', '2020-03-14 03:37:10'),
(1523, 2, 2, 29, 1785, NULL, '2020-03-14 03:37:56', '2020-03-14 03:37:56'),
(1524, 3, 3, 29, 1786, NULL, '2020-03-14 03:37:56', '2020-03-14 03:37:56'),
(1525, 2, 2, 29, 1787, NULL, '2020-03-14 04:20:05', '2020-03-14 04:20:05'),
(1526, 2, 2, 29, 1788, NULL, '2020-03-14 04:38:22', '2020-03-14 04:38:22'),
(1527, 2, 2, 29, 1789, NULL, '2020-03-14 04:43:56', '2020-03-14 04:43:56'),
(1528, 2, 2, 29, 1790, NULL, '2020-03-14 04:50:49', '2020-03-14 04:50:49'),
(1529, 2, 2, 23, 1792, NULL, '2020-03-14 05:05:54', '2020-03-14 05:05:54'),
(1530, 2, 2, 23, 1793, NULL, '2020-03-14 05:10:54', '2020-03-14 05:10:54'),
(1531, 3, 3, 23, 1794, NULL, '2020-03-14 05:10:54', '2020-03-14 05:10:54'),
(1532, 2, 2, 23, 1796, NULL, '2020-03-14 05:47:43', '2020-03-14 05:47:43'),
(1533, 2, 2, 23, 1797, NULL, '2020-03-14 05:50:17', '2020-03-14 05:50:17'),
(1534, 3, 3, 23, 1798, NULL, '2020-03-14 05:50:18', '2020-03-14 05:50:18'),
(1535, 1, 1, 29, 1799, NULL, '2020-07-16 04:29:42', '2020-07-16 04:29:42'),
(1536, 1, 1, 29, 1800, NULL, '2020-07-16 04:44:56', '2020-07-16 04:44:56'),
(1537, 1, 1, 29, 1801, NULL, '2020-07-16 04:49:25', '2020-07-16 04:49:25'),
(1538, 1, 1, 29, 1802, NULL, '2020-07-16 04:49:40', '2020-07-16 04:49:40'),
(1539, 1, 1, 29, 1803, NULL, '2020-07-16 04:53:06', '2020-07-16 04:53:06'),
(1540, 1, 1, 29, 1804, NULL, '2020-07-16 04:53:11', '2020-07-16 04:53:11'),
(1541, 2, 2, 29, 1805, NULL, '2020-07-16 04:55:32', '2020-07-16 04:55:32'),
(1542, 1, 1, 29, 1806, NULL, '2020-07-16 04:57:35', '2020-07-16 04:57:35'),
(1543, 1, 1, 29, 1807, NULL, '2020-07-16 04:57:41', '2020-07-16 04:57:41'),
(1544, 1, 1, 29, 1808, NULL, '2020-07-16 05:01:50', '2020-07-16 05:01:50'),
(1545, 1, 1, 29, 1809, NULL, '2020-07-16 05:01:55', '2020-07-16 05:01:55'),
(1546, 1, 1, 31, 1810, NULL, '2020-07-16 08:53:34', '2020-07-16 08:53:34'),
(1547, 1, 1, 31, 1811, NULL, '2020-07-16 08:53:38', '2020-07-16 08:53:38'),
(1548, 1, 1, 31, 1812, NULL, '2020-07-16 09:06:01', '2020-07-16 09:06:01'),
(1549, 1, 1, 31, 1813, NULL, '2020-07-16 09:08:06', '2020-07-16 09:08:06'),
(1550, 1, 1, 31, 1814, NULL, '2020-07-16 09:08:11', '2020-07-16 09:08:11'),
(1551, 1, 1, 31, 1815, NULL, '2020-07-16 09:09:37', '2020-07-16 09:09:37'),
(1552, 1, 1, 31, 1816, NULL, '2020-07-16 09:09:44', '2020-07-16 09:09:44'),
(1553, 1, 1, 31, 1817, NULL, '2020-07-16 09:11:53', '2020-07-16 09:11:53'),
(1554, 1, 1, 31, 1818, NULL, '2020-07-16 09:12:01', '2020-07-16 09:12:01'),
(1555, 1, 1, 31, 1819, NULL, '2020-07-16 09:13:42', '2020-07-16 09:13:42'),
(1556, 1, 1, 31, 1820, NULL, '2020-07-16 09:13:47', '2020-07-16 09:13:47'),
(1557, 2, 2, 31, 1822, NULL, '2020-07-16 09:36:41', '2020-07-16 09:36:41'),
(1558, 2, 2, 31, 1823, NULL, '2020-07-16 09:38:22', '2020-07-16 09:38:22'),
(1559, 3, 3, 31, 1824, NULL, '2020-07-16 09:38:22', '2020-07-16 09:38:22'),
(1560, 4, 220, 31, 1827, NULL, '2020-07-17 00:24:51', '2020-07-17 00:24:51'),
(1561, 4, 93, 31, 1828, NULL, '2020-07-17 00:30:03', '2020-07-17 00:30:03'),
(1562, 4, 61, 31, 1829, NULL, '2020-07-17 00:32:41', '2020-07-17 00:32:41'),
(1563, 4, 33, 31, 1830, NULL, '2020-07-17 00:37:21', '2020-07-17 00:37:21'),
(1564, 4, 34, 31, 1831, NULL, '2020-07-17 00:37:21', '2020-07-17 00:37:21'),
(1565, 4, 56, 31, 1832, NULL, '2020-07-17 00:37:21', '2020-07-17 00:37:21'),
(1566, 4, 52, 31, 1833, NULL, '2020-07-17 00:39:58', '2020-07-17 00:39:58'),
(1567, 4, 68, 31, 1834, NULL, '2020-07-17 00:39:59', '2020-07-17 00:39:59'),
(1568, 4, 6, 31, 1835, NULL, '2020-07-17 00:41:52', '2020-07-17 00:41:52'),
(1569, 4, 5, 31, 1836, NULL, '2020-07-17 00:41:52', '2020-07-17 00:41:52'),
(1570, 4, 138, 31, 1837, NULL, '2020-07-17 00:43:32', '2020-07-17 00:43:32'),
(1571, 4, 59, 31, 1838, NULL, '2020-07-17 00:44:56', '2020-07-17 00:44:56'),
(1572, 4, 108, 31, 1839, NULL, '2020-07-17 00:49:56', '2020-07-17 00:49:56'),
(1573, 4, 116, 31, 1840, NULL, '2020-07-17 00:51:53', '2020-07-17 00:51:53'),
(1574, 4, 120, 31, 1841, NULL, '2020-07-17 00:51:53', '2020-07-17 00:51:53'),
(1575, 4, 69, 31, 1842, NULL, '2020-07-17 01:27:48', '2020-07-17 01:27:48'),
(1576, 4, 82, 31, 1843, NULL, '2020-07-17 01:27:48', '2020-07-17 01:27:48'),
(1577, 4, 246, 31, 1844, NULL, '2020-07-17 01:27:48', '2020-07-17 01:27:48'),
(1578, 4, 77, 31, 1845, NULL, '2020-07-17 01:27:49', '2020-07-17 01:27:49'),
(1579, 4, 76, 31, 1846, NULL, '2020-07-17 01:27:49', '2020-07-17 01:27:49'),
(1580, 4, 73, 31, 1847, NULL, '2020-07-17 01:27:49', '2020-07-17 01:27:49'),
(1581, 4, 72, 31, 1848, NULL, '2020-07-17 01:27:49', '2020-07-17 01:27:49'),
(1582, 4, 68, 31, 1849, NULL, '2020-07-17 01:27:49', '2020-07-17 01:27:49'),
(1583, 4, 80, 31, 1850, NULL, '2020-07-17 01:27:49', '2020-07-17 01:27:49'),
(1584, 4, 226, 31, 1851, NULL, '2020-07-17 01:28:40', '2020-07-17 01:28:40'),
(1585, 4, 53, 31, 1852, NULL, '2020-07-17 01:29:18', '2020-07-17 01:29:18'),
(1586, 4, 256, 31, 1853, NULL, '2020-07-17 01:33:13', '2020-07-17 01:33:13'),
(1587, 4, 117, 31, 1854, NULL, '2020-07-17 01:35:05', '2020-07-17 01:35:05'),
(1588, 4, 112, 31, 1855, NULL, '2020-07-17 01:37:02', '2020-07-17 01:37:02'),
(1589, 4, 130, 31, 1856, NULL, '2020-07-17 01:37:02', '2020-07-17 01:37:02'),
(1590, 4, 5, 31, 1857, NULL, '2020-07-17 01:39:31', '2020-07-17 01:39:31'),
(1591, 4, 61, 31, 1858, NULL, '2020-07-17 01:40:52', '2020-07-17 01:40:52'),
(1592, 4, 38, 31, 1860, NULL, '2020-07-17 01:47:02', '2020-07-17 01:47:02'),
(1593, 4, 39, 31, 1861, NULL, '2020-07-17 01:47:02', '2020-07-17 01:47:02'),
(1594, 4, 256, 31, 1862, NULL, '2020-07-17 01:47:02', '2020-07-17 01:47:02'),
(1595, 4, 41, 31, 1863, NULL, '2020-07-17 01:47:02', '2020-07-17 01:47:02'),
(1596, 4, 207, 31, 1864, NULL, '2020-07-17 01:49:54', '2020-07-17 01:49:54'),
(1597, 4, 209, 31, 1865, NULL, '2020-07-17 01:49:54', '2020-07-17 01:49:54'),
(1598, 4, 68, 31, 1866, NULL, '2020-07-17 01:56:53', '2020-07-17 01:56:53'),
(1599, 4, 78, 31, 1867, NULL, '2020-07-17 01:56:53', '2020-07-17 01:56:53'),
(1600, 4, 83, 31, 1868, NULL, '2020-07-17 01:56:54', '2020-07-17 01:56:54'),
(1601, 4, 216, 31, 1869, NULL, '2020-07-17 01:56:54', '2020-07-17 01:56:54'),
(1602, 4, 200, 31, 1870, NULL, '2020-07-17 01:57:41', '2020-07-17 01:57:41'),
(1603, 4, 212, 31, 1871, NULL, '2020-07-17 01:59:04', '2020-07-17 01:59:04'),
(1604, 4, 104, 31, 1872, NULL, '2020-07-17 02:00:16', '2020-07-17 02:00:16'),
(1605, 4, 25, 31, 1873, NULL, '2020-07-17 02:04:13', '2020-07-17 02:04:13'),
(1606, 4, 31, 31, 1874, NULL, '2020-07-17 02:04:13', '2020-07-17 02:04:13'),
(1607, 4, 20, 31, 1875, NULL, '2020-07-17 02:04:13', '2020-07-17 02:04:13'),
(1608, 4, 198, 31, 1876, NULL, '2020-07-17 02:04:50', '2020-07-17 02:04:50'),
(1609, 4, 73, 31, 1877, NULL, '2020-07-17 02:05:25', '2020-07-17 02:05:25'),
(1610, 4, 30, 31, 1878, NULL, '2020-07-17 02:06:06', '2020-07-17 02:06:06'),
(1611, 4, 91, 31, 1879, NULL, '2020-07-17 02:09:14', '2020-07-17 02:09:14'),
(1612, 4, 80, 31, 1880, NULL, '2020-07-17 02:09:14', '2020-07-17 02:09:14'),
(1613, 4, 70, 31, 1881, NULL, '2020-07-17 02:16:20', '2020-07-17 02:16:20'),
(1614, 4, 82, 31, 1882, NULL, '2020-07-17 02:16:20', '2020-07-17 02:16:20'),
(1615, 4, 72, 31, 1883, NULL, '2020-07-17 02:16:20', '2020-07-17 02:16:20'),
(1616, 4, 73, 31, 1884, NULL, '2020-07-17 02:16:20', '2020-07-17 02:16:20'),
(1617, 4, 69, 31, 1885, NULL, '2020-07-17 02:16:20', '2020-07-17 02:16:20'),
(1618, 4, 221, 31, 1886, NULL, '2020-07-17 02:16:20', '2020-07-17 02:16:20'),
(1619, 4, 257, 31, 1887, NULL, '2020-07-17 02:18:32', '2020-07-17 02:18:32'),
(1620, 4, 25, 31, 1888, NULL, '2020-07-17 02:18:32', '2020-07-17 02:18:32'),
(1621, 4, 135, 31, 1891, NULL, '2020-07-17 02:38:24', '2020-07-17 02:38:24'),
(1622, 4, 134, 31, 1892, NULL, '2020-07-17 02:38:24', '2020-07-17 02:38:24'),
(1623, 4, 133, 31, 1893, NULL, '2020-07-17 02:38:24', '2020-07-17 02:38:24'),
(1624, 4, 228, 31, 1894, NULL, '2020-07-17 02:38:24', '2020-07-17 02:38:24'),
(1625, 4, 136, 31, 1895, NULL, '2020-07-17 02:38:24', '2020-07-17 02:38:24'),
(1626, 5, 193, 31, 1897, NULL, '2020-07-17 02:46:07', '2020-07-17 02:46:07'),
(1627, 5, 188, 31, 1898, NULL, '2020-07-17 02:46:07', '2020-07-17 02:46:07'),
(1628, 1, 1, 32, 1902, NULL, '2020-07-17 03:04:05', '2020-07-17 03:04:05'),
(1629, 1, 1, 32, 1903, NULL, '2020-07-17 03:04:32', '2020-07-17 03:04:32'),
(1630, 1, 1, 32, 1904, NULL, '2020-07-17 03:06:07', '2020-07-17 03:06:07'),
(1631, 1, 1, 32, 1905, NULL, '2020-07-17 03:09:32', '2020-07-17 03:09:32'),
(1632, 1, 1, 32, 1906, NULL, '2020-07-17 03:09:37', '2020-07-17 03:09:37'),
(1633, 1, 1, 32, 1907, NULL, '2020-07-17 03:13:09', '2020-07-17 03:13:09'),
(1634, 1, 1, 32, 1908, NULL, '2020-07-17 03:13:13', '2020-07-17 03:13:13'),
(1635, 1, 1, 32, 1909, NULL, '2020-07-17 03:15:10', '2020-07-17 03:15:10'),
(1636, 1, 1, 32, 1910, NULL, '2020-07-17 03:15:14', '2020-07-17 03:15:14'),
(1637, 1, 1, 32, 1911, NULL, '2020-07-17 03:20:47', '2020-07-17 03:20:47'),
(1638, 1, 1, 32, 1912, NULL, '2020-07-17 03:20:52', '2020-07-17 03:20:52'),
(1639, 1, 1, 32, 1913, NULL, '2020-07-17 03:48:07', '2020-07-17 03:48:07'),
(1640, 1, 1, 32, 1914, NULL, '2020-07-17 03:48:12', '2020-07-17 03:48:12'),
(1641, 1, 1, 32, 1915, NULL, '2020-07-17 03:58:02', '2020-07-17 03:58:02'),
(1642, 1, 1, 32, 1916, NULL, '2020-07-17 04:00:10', '2020-07-17 04:00:10'),
(1643, 1, 1, 32, 1917, NULL, '2020-07-17 04:00:14', '2020-07-17 04:00:14'),
(1644, 1, 1, 32, 1918, NULL, '2020-07-17 04:12:18', '2020-07-17 04:12:18'),
(1645, 1, 1, 32, 1919, NULL, '2020-07-17 04:12:22', '2020-07-17 04:12:22'),
(1646, 1, 1, 32, 1920, NULL, '2020-07-17 04:32:19', '2020-07-17 04:32:19'),
(1647, 1, 1, 32, 1921, NULL, '2020-07-17 04:32:25', '2020-07-17 04:32:25'),
(1648, 1, 1, 32, 1922, NULL, '2020-07-17 04:34:25', '2020-07-17 04:34:25'),
(1649, 1, 1, 32, 1923, NULL, '2020-07-17 04:34:30', '2020-07-17 04:34:30'),
(1650, 1, 1, 32, 1924, NULL, '2020-07-17 04:37:04', '2020-07-17 04:37:04'),
(1651, 1, 1, 32, 1925, NULL, '2020-07-17 04:37:55', '2020-07-17 04:37:55'),
(1652, 1, 1, 32, 1926, NULL, '2020-07-17 04:41:58', '2020-07-17 04:41:58'),
(1653, 1, 1, 32, 1927, NULL, '2020-07-17 04:42:03', '2020-07-17 04:42:03'),
(1654, 1, 1, 32, 1928, NULL, '2020-07-17 04:44:01', '2020-07-17 04:44:01'),
(1655, 1, 1, 32, 1929, NULL, '2020-07-17 04:44:05', '2020-07-17 04:44:05'),
(1656, 1, 1, 32, 1930, NULL, '2020-07-17 04:46:22', '2020-07-17 04:46:22'),
(1657, 1, 1, 32, 1931, NULL, '2020-07-17 04:46:28', '2020-07-17 04:46:28'),
(1658, 2, 2, 32, 1934, NULL, '2020-07-17 04:53:43', '2020-07-17 04:53:43'),
(1659, 2, 2, 32, 1935, NULL, '2020-07-17 04:58:06', '2020-07-17 04:58:06'),
(1660, 3, 3, 32, 1936, NULL, '2020-07-17 04:58:07', '2020-07-17 04:58:07'),
(1661, 2, 2, 32, 1938, NULL, '2020-07-17 05:01:47', '2020-07-17 05:01:47'),
(1662, 2, 2, 32, 1939, NULL, '2020-07-17 05:02:45', '2020-07-17 05:02:45'),
(1663, 3, 3, 32, 1940, NULL, '2020-07-17 05:02:45', '2020-07-17 05:02:45'),
(1664, 2, 2, 32, 1941, NULL, '2020-07-17 05:11:07', '2020-07-17 05:11:07'),
(1665, 2, 2, 32, 1942, NULL, '2020-07-17 05:12:20', '2020-07-17 05:12:20'),
(1666, 3, 3, 32, 1943, NULL, '2020-07-17 05:12:20', '2020-07-17 05:12:20'),
(1667, 2, 2, 32, 1945, NULL, '2020-07-17 05:19:34', '2020-07-17 05:19:34'),
(1668, 2, 2, 32, 1946, NULL, '2020-07-17 05:20:39', '2020-07-17 05:20:39'),
(1669, 3, 3, 32, 1947, NULL, '2020-07-17 05:20:40', '2020-07-17 05:20:40'),
(1670, 4, 38, 32, 1949, NULL, '2020-07-17 06:04:24', '2020-07-17 06:04:24'),
(1671, 4, 39, 32, 1950, NULL, '2020-07-17 06:04:24', '2020-07-17 06:04:24'),
(1672, 4, 56, 32, 1951, NULL, '2020-07-17 06:04:24', '2020-07-17 06:04:24'),
(1673, 4, 58, 32, 1952, NULL, '2020-07-17 06:05:13', '2020-07-17 06:05:13'),
(1674, 4, 258, 32, 1953, NULL, '2020-07-17 06:07:07', '2020-07-17 06:07:07'),
(1675, 4, 59, 32, 1954, NULL, '2020-07-17 06:08:06', '2020-07-17 06:08:06'),
(1676, 4, 58, 32, 1955, NULL, '2020-07-17 06:08:52', '2020-07-17 06:08:52'),
(1677, 4, 95, 32, 1956, NULL, '2020-07-17 06:11:09', '2020-07-17 06:11:09'),
(1678, 4, 95, 32, 1957, NULL, '2020-07-17 06:19:26', '2020-07-17 06:19:26'),
(1679, 4, 122, 32, 1958, NULL, '2020-07-17 06:19:26', '2020-07-17 06:19:26'),
(1680, 4, 147, 32, 1959, NULL, '2020-07-17 06:19:26', '2020-07-17 06:19:26'),
(1681, 4, 141, 32, 1960, NULL, '2020-07-17 06:19:26', '2020-07-17 06:19:26'),
(1682, 4, 216, 32, 1961, NULL, '2020-07-17 06:28:24', '2020-07-17 06:28:24'),
(1683, 4, 259, 32, 1962, NULL, '2020-07-17 06:28:24', '2020-07-17 06:28:24'),
(1684, 4, 83, 32, 1963, NULL, '2020-07-17 06:28:25', '2020-07-17 06:28:25'),
(1685, 4, 82, 32, 1964, NULL, '2020-07-17 06:28:25', '2020-07-17 06:28:25'),
(1686, 4, 200, 32, 1965, NULL, '2020-07-17 06:28:25', '2020-07-17 06:28:25'),
(1687, 4, 72, 32, 1966, NULL, '2020-07-17 06:35:53', '2020-07-17 06:35:53'),
(1688, 4, 216, 32, 1967, NULL, '2020-07-17 06:35:53', '2020-07-17 06:35:53'),
(1689, 4, 221, 32, 1968, NULL, '2020-07-17 06:35:53', '2020-07-17 06:35:53'),
(1690, 4, 220, 32, 1969, NULL, '2020-07-17 06:38:00', '2020-07-17 06:38:00'),
(1691, 4, 148, 32, 1970, NULL, '2020-07-17 06:38:00', '2020-07-17 06:38:00'),
(1692, 4, 225, 32, 1971, NULL, '2020-07-17 06:54:52', '2020-07-17 06:54:52'),
(1693, 4, 208, 32, 1972, NULL, '2020-07-17 07:01:13', '2020-07-17 07:01:13'),
(1694, 4, 109, 32, 1973, NULL, '2020-07-17 07:01:13', '2020-07-17 07:01:13'),
(1695, 4, 260, 32, 1974, NULL, '2020-07-17 07:08:45', '2020-07-17 07:08:45'),
(1696, 4, 108, 32, 1975, NULL, '2020-07-17 07:08:45', '2020-07-17 07:08:45'),
(1697, 4, 62, 32, 1976, NULL, '2020-07-17 07:08:45', '2020-07-17 07:08:45'),
(1698, 4, 104, 32, 1977, NULL, '2020-07-17 07:08:46', '2020-07-17 07:08:46'),
(1699, 4, 261, 32, 1978, NULL, '2020-07-17 07:10:41', '2020-07-17 07:10:41'),
(1700, 5, 239, 32, 1979, NULL, '2020-07-17 07:12:50', '2020-07-17 07:12:50'),
(1701, 1, 1, 33, 1984, NULL, '2020-07-17 07:44:14', '2020-07-17 07:44:14'),
(1702, 1, 1, 33, 1985, NULL, '2020-07-17 07:44:30', '2020-07-17 07:44:30'),
(1703, 1, 1, 33, 1986, NULL, '2020-07-17 07:48:00', '2020-07-17 07:48:00'),
(1704, 1, 1, 33, 1987, NULL, '2020-07-17 07:48:16', '2020-07-17 07:48:16'),
(1705, 1, 1, 33, 1988, NULL, '2020-07-17 07:53:07', '2020-07-17 07:53:07'),
(1706, 1, 1, 33, 1989, NULL, '2020-07-17 07:53:14', '2020-07-17 07:53:14'),
(1707, 1, 1, 33, 1990, NULL, '2020-07-17 07:55:25', '2020-07-17 07:55:25'),
(1708, 1, 1, 33, 1991, NULL, '2020-07-17 07:57:33', '2020-07-17 07:57:33'),
(1709, 1, 1, 33, 1992, NULL, '2020-07-17 07:57:41', '2020-07-17 07:57:41'),
(1710, 1, 1, 33, 1993, NULL, '2020-07-17 07:59:28', '2020-07-17 07:59:28'),
(1711, 1, 1, 33, 1994, NULL, '2020-07-17 07:59:34', '2020-07-17 07:59:34'),
(1712, 1, 1, 33, 1995, NULL, '2020-07-17 08:01:40', '2020-07-17 08:01:40'),
(1713, 1, 1, 33, 1996, NULL, '2020-07-17 08:01:51', '2020-07-17 08:01:51'),
(1714, 1, 1, 33, 1997, NULL, '2020-07-17 08:03:59', '2020-07-17 08:03:59'),
(1715, 1, 1, 33, 1998, NULL, '2020-07-17 08:04:05', '2020-07-17 08:04:05'),
(1716, 1, 1, 33, 1999, NULL, '2020-07-17 08:06:02', '2020-07-17 08:06:02'),
(1717, 1, 1, 33, 2000, NULL, '2020-07-17 08:06:08', '2020-07-17 08:06:08'),
(1718, 1, 1, 33, 2001, NULL, '2020-07-17 08:09:05', '2020-07-17 08:09:05'),
(1719, 1, 1, 33, 2002, NULL, '2020-07-17 08:09:10', '2020-07-17 08:09:10'),
(1720, 1, 1, 33, 2003, NULL, '2020-07-17 08:10:52', '2020-07-17 08:10:52'),
(1721, 1, 1, 33, 2004, NULL, '2020-07-17 08:10:57', '2020-07-17 08:10:57'),
(1722, 1, 1, 33, 2005, NULL, '2020-07-17 08:13:07', '2020-07-17 08:13:07'),
(1723, 1, 1, 33, 2006, NULL, '2020-07-17 08:13:32', '2020-07-17 08:13:32'),
(1724, 1, 1, 33, 2007, NULL, '2020-07-17 08:15:24', '2020-07-17 08:15:24'),
(1725, 1, 1, 33, 2008, NULL, '2020-07-17 08:15:28', '2020-07-17 08:15:28'),
(1726, 2, 2, 33, 2011, NULL, '2020-07-17 08:22:07', '2020-07-17 08:22:07'),
(1727, 2, 2, 33, 2012, NULL, '2020-07-17 08:22:40', '2020-07-17 08:22:40'),
(1728, 3, 3, 33, 2013, NULL, '2020-07-17 08:22:40', '2020-07-17 08:22:40'),
(1729, 2, 2, 33, 2015, NULL, '2020-07-17 08:27:45', '2020-07-17 08:27:45'),
(1730, 2, 2, 33, 2016, NULL, '2020-07-17 08:31:08', '2020-07-17 08:31:08'),
(1731, 3, 3, 33, 2017, NULL, '2020-07-17 08:31:09', '2020-07-17 08:31:09'),
(1732, 2, 2, 33, 2019, NULL, '2020-07-17 08:38:21', '2020-07-17 08:38:21'),
(1733, 2, 2, 33, 2020, NULL, '2020-07-17 08:39:54', '2020-07-17 08:39:54'),
(1734, 3, 3, 33, 2021, NULL, '2020-07-17 08:39:54', '2020-07-17 08:39:54'),
(1735, 4, 231, 33, 2022, NULL, '2020-07-17 08:44:44', '2020-07-17 08:44:44'),
(1736, 4, 61, 33, 2023, NULL, '2020-07-17 08:44:44', '2020-07-17 08:44:44'),
(1737, 4, 45, 33, 2024, NULL, '2020-07-17 08:44:44', '2020-07-17 08:44:44'),
(1738, 4, 35, 33, 2025, NULL, '2020-07-17 08:44:44', '2020-07-17 08:44:44'),
(1739, 4, 69, 33, 2026, NULL, '2020-07-17 08:47:35', '2020-07-17 08:47:35'),
(1740, 4, 68, 33, 2027, NULL, '2020-07-17 08:47:35', '2020-07-17 08:47:35'),
(1741, 4, 76, 33, 2028, NULL, '2020-07-17 08:47:35', '2020-07-17 08:47:35'),
(1742, 4, 70, 33, 2029, NULL, '2020-07-17 08:47:36', '2020-07-17 08:47:36'),
(1743, 4, 75, 33, 2030, NULL, '2020-07-17 08:47:36', '2020-07-17 08:47:36'),
(1744, 4, 73, 33, 2031, NULL, '2020-07-17 08:47:36', '2020-07-17 08:47:36'),
(1745, 4, 72, 33, 2032, NULL, '2020-07-17 08:47:36', '2020-07-17 08:47:36'),
(1746, 4, 82, 33, 2033, NULL, '2020-07-17 08:47:36', '2020-07-17 08:47:36'),
(1747, 4, 207, 33, 2034, NULL, '2020-07-17 08:55:53', '2020-07-17 08:55:53'),
(1748, 4, 106, 33, 2035, NULL, '2020-07-17 08:55:53', '2020-07-17 08:55:53'),
(1749, 4, 116, 33, 2036, NULL, '2020-07-17 08:55:53', '2020-07-17 08:55:53'),
(1750, 4, 7, 33, 2037, NULL, '2020-07-17 08:55:53', '2020-07-17 08:55:53'),
(1751, 4, 222, 33, 2038, NULL, '2020-07-17 09:24:33', '2020-07-17 09:24:33'),
(1752, 4, 38, 33, 2039, NULL, '2020-07-17 09:24:33', '2020-07-17 09:24:33'),
(1753, 4, 39, 33, 2040, NULL, '2020-07-17 09:24:33', '2020-07-17 09:24:33'),
(1754, 4, 42, 33, 2041, NULL, '2020-07-17 09:24:33', '2020-07-17 09:24:33'),
(1755, 4, 205, 33, 2042, NULL, '2020-07-17 09:24:33', '2020-07-17 09:24:33'),
(1756, 4, 262, 33, 2043, NULL, '2020-07-17 09:26:23', '2020-07-17 09:26:23'),
(1757, 4, 214, 33, 2044, NULL, '2020-07-17 09:32:01', '2020-07-17 09:32:01'),
(1758, 4, 138, 33, 2045, NULL, '2020-07-17 09:32:01', '2020-07-17 09:32:01'),
(1759, 4, 46, 33, 2046, NULL, '2020-07-17 09:32:01', '2020-07-17 09:32:01'),
(1760, 4, 61, 33, 2047, NULL, '2020-07-17 09:32:01', '2020-07-17 09:32:01'),
(1761, 4, 57, 33, 2048, NULL, '2020-07-17 09:32:01', '2020-07-17 09:32:01'),
(1762, 4, 43, 33, 2049, NULL, '2020-07-17 09:32:01', '2020-07-17 09:32:01'),
(1763, 4, 109, 33, 2050, NULL, '2020-07-17 09:32:01', '2020-07-17 09:32:01'),
(1764, 4, 63, 33, 2051, NULL, '2020-07-17 09:35:15', '2020-07-17 09:35:15'),
(1765, 4, 81, 33, 2052, NULL, '2020-07-17 09:35:15', '2020-07-17 09:35:15'),
(1766, 4, 123, 33, 2054, NULL, '2020-07-17 09:37:04', '2020-07-17 09:37:04'),
(1767, 4, 195, 33, 2055, NULL, '2020-07-17 09:42:07', '2020-07-17 09:42:07'),
(1768, 4, 196, 33, 2056, NULL, '2020-07-17 09:42:07', '2020-07-17 09:42:07'),
(1769, 4, 131, 33, 2057, NULL, '2020-07-17 09:42:07', '2020-07-17 09:42:07'),
(1770, 4, 137, 33, 2058, NULL, '2020-07-17 09:42:07', '2020-07-17 09:42:07'),
(1771, 4, 139, 33, 2059, NULL, '2020-07-17 09:42:07', '2020-07-17 09:42:07'),
(1772, 4, 263, 33, 2060, NULL, '2020-07-17 09:44:42', '2020-07-17 09:44:42'),
(1773, 5, 239, 33, 2061, NULL, '2020-07-17 09:45:32', '2020-07-17 09:45:32'),
(1774, 4, 55, 33, 2066, NULL, '2020-07-17 09:52:47', '2020-07-17 09:52:47'),
(1775, 1, 1, 34, 2067, NULL, '2020-07-17 10:01:49', '2020-07-17 10:01:49'),
(1776, 1, 1, 34, 2068, NULL, '2020-07-17 10:01:55', '2020-07-17 10:01:55'),
(1777, 1, 1, 34, 2069, NULL, '2020-07-17 10:04:55', '2020-07-17 10:04:55'),
(1778, 1, 1, 34, 2070, NULL, '2020-07-17 10:06:37', '2020-07-17 10:06:37'),
(1779, 1, 1, 34, 2071, NULL, '2020-07-17 10:15:55', '2020-07-17 10:15:55'),
(1780, 1, 1, 34, 2072, NULL, '2020-07-17 10:16:20', '2020-07-17 10:16:20'),
(1781, 1, 1, 34, 2073, NULL, '2020-07-17 10:18:08', '2020-07-17 10:18:08'),
(1782, 1, 1, 34, 2074, NULL, '2020-07-17 10:18:14', '2020-07-17 10:18:14'),
(1783, 1, 1, 34, 2075, NULL, '2020-07-17 10:19:45', '2020-07-17 10:19:45'),
(1784, 1, 1, 34, 2076, NULL, '2020-07-17 10:19:51', '2020-07-17 10:19:51'),
(1785, 1, 1, 34, 2077, NULL, '2020-07-17 10:24:33', '2020-07-17 10:24:33'),
(1786, 1, 1, 34, 2078, NULL, '2020-07-17 10:24:38', '2020-07-17 10:24:38'),
(1787, 1, 1, 34, 2079, NULL, '2020-07-17 10:26:40', '2020-07-17 10:26:40'),
(1788, 1, 1, 34, 2080, NULL, '2020-07-17 10:27:00', '2020-07-17 10:27:00'),
(1789, 1, 1, 34, 2081, NULL, '2020-07-17 10:28:45', '2020-07-17 10:28:45'),
(1790, 1, 1, 34, 2082, NULL, '2020-07-17 10:28:55', '2020-07-17 10:28:55'),
(1791, 1, 1, 34, 2083, NULL, '2020-07-17 10:30:15', '2020-07-17 10:30:15'),
(1792, 1, 1, 34, 2084, NULL, '2020-07-17 10:30:22', '2020-07-17 10:30:22'),
(1793, 1, 1, 34, 2085, NULL, '2020-07-17 10:32:56', '2020-07-17 10:32:56'),
(1794, 1, 1, 34, 2086, NULL, '2020-07-17 10:33:03', '2020-07-17 10:33:03'),
(1795, 1, 1, 34, 2087, NULL, '2020-07-17 10:34:43', '2020-07-17 10:34:43'),
(1796, 1, 1, 34, 2088, NULL, '2020-07-17 10:34:48', '2020-07-17 10:34:48'),
(1797, 1, 1, 34, 2089, NULL, '2020-07-17 10:36:02', '2020-07-17 10:36:02'),
(1798, 1, 1, 34, 2090, NULL, '2020-07-17 10:36:09', '2020-07-17 10:36:09'),
(1799, 1, 1, 34, 2091, NULL, '2020-07-17 10:38:17', '2020-07-17 10:38:17'),
(1800, 1, 1, 34, 2092, NULL, '2020-07-17 10:38:23', '2020-07-17 10:38:23'),
(1801, 1, 1, 34, 2093, NULL, '2020-07-17 10:40:01', '2020-07-17 10:40:01'),
(1802, 1, 1, 34, 2094, NULL, '2020-07-17 10:40:11', '2020-07-17 10:40:11'),
(1803, 1, 1, 34, 2095, NULL, '2020-07-17 10:43:06', '2020-07-17 10:43:06'),
(1804, 1, 1, 34, 2096, NULL, '2020-07-17 10:43:11', '2020-07-17 10:43:11'),
(1805, 1, 1, 34, 2097, NULL, '2020-07-17 10:45:10', '2020-07-17 10:45:10'),
(1806, 1, 1, 34, 2098, NULL, '2020-07-17 10:45:15', '2020-07-17 10:45:15'),
(1807, 1, 1, 34, 2099, NULL, '2020-07-17 10:50:53', '2020-07-17 10:50:53'),
(1808, 1, 1, 34, 2100, NULL, '2020-07-17 10:50:58', '2020-07-17 10:50:58'),
(1809, 1, 1, 34, 2101, NULL, '2020-07-17 10:54:28', '2020-07-17 10:54:28'),
(1810, 1, 1, 34, 2102, NULL, '2020-07-17 10:54:35', '2020-07-17 10:54:35'),
(1811, 1, 1, 34, 2103, NULL, '2020-07-17 10:56:26', '2020-07-17 10:56:26'),
(1812, 1, 1, 34, 2104, NULL, '2020-07-17 10:56:30', '2020-07-17 10:56:30'),
(1813, 1, 1, 34, 2105, NULL, '2020-07-17 10:58:16', '2020-07-17 10:58:16'),
(1814, 1, 1, 34, 2106, NULL, '2020-07-17 10:58:21', '2020-07-17 10:58:21'),
(1815, 1, 1, 34, 2107, NULL, '2020-07-17 11:04:54', '2020-07-17 11:04:54'),
(1816, 1, 1, 34, 2108, NULL, '2020-07-17 11:05:02', '2020-07-17 11:05:02'),
(1817, 1, 1, 34, 2109, NULL, '2020-07-17 11:07:48', '2020-07-17 11:07:48'),
(1818, 1, 1, 34, 2110, NULL, '2020-07-17 11:08:26', '2020-07-17 11:08:26'),
(1819, 1, 1, 34, 2111, NULL, '2020-07-17 11:10:37', '2020-07-17 11:10:37'),
(1820, 1, 1, 34, 2112, NULL, '2020-07-17 11:10:42', '2020-07-17 11:10:42'),
(1821, 1, 1, 34, 2113, NULL, '2020-07-17 11:17:20', '2020-07-17 11:17:20'),
(1822, 1, 1, 34, 2114, NULL, '2020-07-17 11:17:24', '2020-07-17 11:17:24'),
(1823, 1, 1, 34, 2115, NULL, '2020-07-17 11:19:01', '2020-07-17 11:19:01'),
(1824, 1, 1, 34, 2116, NULL, '2020-07-17 11:19:05', '2020-07-17 11:19:05'),
(1825, 1, 1, 34, 2117, NULL, '2020-07-17 11:27:07', '2020-07-17 11:27:07'),
(1826, 1, 1, 34, 2118, NULL, '2020-07-17 11:27:55', '2020-07-17 11:27:55'),
(1827, 1, 1, 34, 2119, NULL, '2020-07-17 11:30:30', '2020-07-17 11:30:30'),
(1828, 1, 1, 34, 2120, NULL, '2020-07-17 11:30:35', '2020-07-17 11:30:35'),
(1829, 1, 1, 34, 2121, NULL, '2020-07-17 11:32:22', '2020-07-17 11:32:22'),
(1830, 1, 1, 34, 2122, NULL, '2020-07-17 11:32:27', '2020-07-17 11:32:27'),
(1831, 1, 1, 34, 2123, NULL, '2020-07-17 11:35:01', '2020-07-17 11:35:01'),
(1832, 1, 1, 34, 2124, NULL, '2020-07-17 11:35:09', '2020-07-17 11:35:09'),
(1833, 1, 1, 34, 2125, NULL, '2020-07-17 11:37:20', '2020-07-17 11:37:20'),
(1834, 1, 1, 34, 2126, NULL, '2020-07-17 11:37:52', '2020-07-17 11:37:52'),
(1835, 1, 1, 34, 2127, NULL, '2020-07-17 11:39:06', '2020-07-17 11:39:06'),
(1836, 1, 1, 34, 2128, NULL, '2020-07-17 11:39:11', '2020-07-17 11:39:11'),
(1837, 1, 1, 34, 2129, NULL, '2020-07-17 11:40:53', '2020-07-17 11:40:53'),
(1838, 1, 1, 34, 2130, NULL, '2020-07-17 11:41:00', '2020-07-17 11:41:00'),
(1839, 1, 1, 34, 2131, NULL, '2020-07-17 11:43:58', '2020-07-17 11:43:58'),
(1840, 1, 1, 34, 2132, NULL, '2020-07-17 11:44:02', '2020-07-17 11:44:02'),
(1841, 2, 2, 34, 2134, NULL, '2020-07-17 11:47:51', '2020-07-17 11:47:51'),
(1842, 2, 2, 34, 2135, NULL, '2020-07-17 11:48:28', '2020-07-17 11:48:28'),
(1843, 3, 3, 34, 2136, NULL, '2020-07-17 11:48:28', '2020-07-17 11:48:28'),
(1844, 4, 106, 34, 2140, NULL, '2020-07-17 12:32:11', '2020-07-17 12:32:11'),
(1845, 4, 141, 34, 2141, NULL, '2020-07-17 12:32:11', '2020-07-17 12:32:11'),
(1846, 4, 104, 34, 2142, NULL, '2020-07-17 12:32:11', '2020-07-17 12:32:11'),
(1847, 4, 24, 34, 2143, NULL, '2020-07-17 12:32:11', '2020-07-17 12:32:11'),
(1848, 4, 144, 34, 2144, NULL, '2020-07-17 12:37:18', '2020-07-17 12:37:18'),
(1849, 4, 264, 34, 2145, NULL, '2020-07-17 12:42:35', '2020-07-17 12:42:35'),
(1850, 1, 1, 35, 2153, NULL, '2020-07-17 23:47:18', '2020-07-17 23:47:18'),
(1851, 1, 1, 35, 2154, NULL, '2020-07-17 23:47:25', '2020-07-17 23:47:25'),
(1852, 1, 1, 35, 2155, NULL, '2020-07-17 23:49:06', '2020-07-17 23:49:06'),
(1853, 1, 1, 35, 2156, NULL, '2020-07-17 23:49:10', '2020-07-17 23:49:10'),
(1854, 1, 1, 35, 2157, NULL, '2020-07-17 23:50:39', '2020-07-17 23:50:39'),
(1855, 1, 1, 35, 2158, NULL, '2020-07-17 23:50:44', '2020-07-17 23:50:44'),
(1856, 1, 1, 35, 2159, NULL, '2020-07-17 23:53:00', '2020-07-17 23:53:00'),
(1857, 1, 1, 35, 2160, NULL, '2020-07-17 23:53:06', '2020-07-17 23:53:06'),
(1858, 1, 1, 35, 2161, NULL, '2020-07-17 23:56:00', '2020-07-17 23:56:00'),
(1859, 1, 1, 35, 2162, NULL, '2020-07-17 23:56:09', '2020-07-17 23:56:09'),
(1860, 1, 1, 35, 2163, NULL, '2020-07-17 23:57:56', '2020-07-17 23:57:56'),
(1861, 1, 1, 35, 2164, NULL, '2020-07-17 23:58:01', '2020-07-17 23:58:01'),
(1862, 1, 1, 35, 2165, NULL, '2020-07-18 00:00:31', '2020-07-18 00:00:31'),
(1863, 1, 1, 35, 2166, NULL, '2020-07-18 00:01:44', '2020-07-18 00:01:44'),
(1864, 1, 1, 35, 2167, NULL, '2020-07-18 00:03:08', '2020-07-18 00:03:08'),
(1865, 1, 1, 35, 2168, NULL, '2020-07-18 00:03:13', '2020-07-18 00:03:13'),
(1866, 1, 1, 35, 2169, NULL, '2020-07-18 00:08:45', '2020-07-18 00:08:45'),
(1867, 1, 1, 35, 2170, NULL, '2020-07-18 00:08:50', '2020-07-18 00:08:50'),
(1868, 1, 1, 35, 2171, NULL, '2020-07-18 00:10:33', '2020-07-18 00:10:33'),
(1869, 1, 1, 35, 2172, NULL, '2020-07-18 00:10:38', '2020-07-18 00:10:38'),
(1870, 1, 1, 35, 2173, NULL, '2020-07-18 00:18:43', '2020-07-18 00:18:43'),
(1871, 1, 1, 35, 2174, NULL, '2020-07-18 01:35:48', '2020-07-18 01:35:48'),
(1872, 1, 1, 35, 2175, NULL, '2020-07-18 01:36:06', '2020-07-18 01:36:06'),
(1873, 1, 1, 35, 2176, NULL, '2020-07-18 02:24:47', '2020-07-18 02:24:47'),
(1874, 1, 1, 35, 2177, NULL, '2020-07-18 02:25:04', '2020-07-18 02:25:04'),
(1875, 1, 1, 35, 2178, NULL, '2020-07-18 02:28:27', '2020-07-18 02:28:27'),
(1876, 1, 1, 35, 2179, NULL, '2020-07-18 02:35:37', '2020-07-18 02:35:37'),
(1877, 1, 1, 35, 2180, NULL, '2020-07-18 02:37:13', '2020-07-18 02:37:13'),
(1878, 2, 2, 35, 2183, NULL, '2020-07-18 03:51:15', '2020-07-18 03:51:15'),
(1879, 2, 2, 35, 2184, NULL, '2020-07-18 03:59:20', '2020-07-18 03:59:20'),
(1880, 2, 2, 35, 2185, NULL, '2020-07-18 04:00:34', '2020-07-18 04:00:34'),
(1881, 3, 3, 35, 2186, NULL, '2020-07-18 04:00:34', '2020-07-18 04:00:34'),
(1882, 2, 2, 35, 2188, NULL, '2020-07-18 04:06:37', '2020-07-18 04:06:37'),
(1883, 2, 2, 35, 2189, NULL, '2020-07-18 04:16:02', '2020-07-18 04:16:02'),
(1884, 2, 2, 35, 2190, NULL, '2020-07-18 04:20:43', '2020-07-18 04:20:43'),
(1885, 3, 3, 35, 2191, NULL, '2020-07-18 04:20:43', '2020-07-18 04:20:43'),
(1886, 4, 94, 35, 2193, NULL, '2020-07-18 05:08:39', '2020-07-18 05:08:39'),
(1887, 4, 52, 35, 2194, NULL, '2020-07-18 05:08:39', '2020-07-18 05:08:39'),
(1888, 4, 53, 35, 2195, NULL, '2020-07-18 05:08:39', '2020-07-18 05:08:39'),
(1889, 4, 46, 35, 2196, NULL, '2020-07-18 05:08:39', '2020-07-18 05:08:39'),
(1890, 4, 68, 35, 2197, NULL, '2020-07-18 05:08:39', '2020-07-18 05:08:39'),
(1891, 4, 5, 35, 2198, NULL, '2020-07-18 05:08:39', '2020-07-18 05:08:39'),
(1892, 4, 37, 35, 2199, NULL, '2020-07-18 05:08:39', '2020-07-18 05:08:39'),
(1893, 4, 34, 35, 2200, NULL, '2020-07-18 05:08:40', '2020-07-18 05:08:40'),
(1894, 4, 33, 35, 2201, NULL, '2020-07-18 05:08:40', '2020-07-18 05:08:40'),
(1895, 4, 23, 35, 2202, NULL, '2020-07-18 05:28:32', '2020-07-18 05:28:32'),
(1896, 4, 25, 35, 2203, NULL, '2020-07-18 05:28:32', '2020-07-18 05:28:32'),
(1897, 4, 81, 35, 2204, NULL, '2020-07-18 05:32:14', '2020-07-18 05:32:14'),
(1898, 4, 70, 35, 2205, NULL, '2020-07-18 05:32:14', '2020-07-18 05:32:14'),
(1899, 4, 73, 35, 2206, NULL, '2020-07-18 05:32:14', '2020-07-18 05:32:14'),
(1900, 4, 76, 35, 2207, NULL, '2020-07-18 05:32:15', '2020-07-18 05:32:15'),
(1901, 4, 246, 35, 2208, NULL, '2020-07-18 05:32:15', '2020-07-18 05:32:15'),
(1902, 4, 72, 35, 2209, NULL, '2020-07-18 05:32:15', '2020-07-18 05:32:15'),
(1903, 4, 80, 35, 2210, NULL, '2020-07-18 05:32:15', '2020-07-18 05:32:15'),
(1904, 4, 82, 35, 2211, NULL, '2020-07-18 05:32:15', '2020-07-18 05:32:15'),
(1905, 4, 198, 35, 2212, NULL, '2020-07-18 05:53:08', '2020-07-18 05:53:08'),
(1906, 4, 200, 35, 2213, NULL, '2020-07-18 05:53:08', '2020-07-18 05:53:08'),
(1907, 4, 59, 35, 2214, NULL, '2020-07-18 05:56:17', '2020-07-18 05:56:17'),
(1908, 4, 72, 35, 2215, NULL, '2020-07-18 05:56:17', '2020-07-18 05:56:17'),
(1909, 4, 82, 35, 2216, NULL, '2020-07-18 05:56:17', '2020-07-18 05:56:17'),
(1910, 4, 198, 35, 2217, NULL, '2020-07-18 05:56:17', '2020-07-18 05:56:17'),
(1911, 4, 200, 35, 2218, NULL, '2020-07-18 05:56:17', '2020-07-18 05:56:17'),
(1912, 4, 82, 35, 2219, NULL, '2020-07-18 05:58:45', '2020-07-18 05:58:45'),
(1913, 4, 73, 35, 2220, NULL, '2020-07-18 05:58:45', '2020-07-18 05:58:45'),
(1914, 4, 72, 35, 2221, NULL, '2020-07-18 05:58:45', '2020-07-18 05:58:45'),
(1915, 4, 198, 35, 2222, NULL, '2020-07-18 05:58:45', '2020-07-18 05:58:45'),
(1916, 4, 23, 35, 2223, NULL, '2020-07-18 05:58:46', '2020-07-18 05:58:46'),
(1917, 4, 143, 35, 2225, NULL, '2020-07-18 06:06:09', '2020-07-18 06:06:09'),
(1918, 4, 144, 35, 2226, NULL, '2020-07-18 06:06:09', '2020-07-18 06:06:09'),
(1919, 4, 118, 35, 2227, NULL, '2020-07-18 06:06:10', '2020-07-18 06:06:10'),
(1920, 4, 201, 35, 2228, NULL, '2020-07-18 06:06:10', '2020-07-18 06:06:10'),
(1923, 1, 1, 35, 2237, NULL, '2020-07-18 06:44:00', '2020-07-18 06:44:00'),
(1924, 1, 1, 35, 2238, NULL, '2020-07-18 06:44:13', '2020-07-18 06:44:13'),
(1927, 1, 1, 41, 2241, NULL, '2020-07-20 02:21:56', '2020-07-20 02:21:56'),
(1928, 1, 1, 41, 2242, NULL, '2020-07-20 02:22:03', '2020-07-20 02:22:03'),
(1929, 1, 1, 41, 2243, NULL, '2020-07-20 02:24:18', '2020-07-20 02:24:18'),
(1930, 1, 1, 41, 2244, NULL, '2020-07-20 02:24:25', '2020-07-20 02:24:25'),
(1931, 1, 1, 41, 2245, NULL, '2020-07-20 02:26:11', '2020-07-20 02:26:11'),
(1932, 1, 1, 41, 2246, NULL, '2020-07-20 02:26:16', '2020-07-20 02:26:16'),
(1933, 1, 1, 41, 2247, NULL, '2020-07-20 02:29:01', '2020-07-20 02:29:01'),
(1934, 1, 1, 41, 2248, NULL, '2020-07-20 02:29:15', '2020-07-20 02:29:15'),
(1935, 1, 1, 41, 2249, NULL, '2020-07-20 02:31:00', '2020-07-20 02:31:00'),
(1936, 1, 1, 41, 2250, NULL, '2020-07-20 02:31:05', '2020-07-20 02:31:05'),
(1937, 1, 1, 41, 2251, NULL, '2020-07-20 02:33:16', '2020-07-20 02:33:16'),
(1938, 1, 1, 41, 2252, NULL, '2020-07-20 02:33:21', '2020-07-20 02:33:21'),
(1939, 1, 1, 41, 2253, NULL, '2020-07-20 02:35:08', '2020-07-20 02:35:08'),
(1940, 1, 1, 41, 2254, NULL, '2020-07-20 02:35:12', '2020-07-20 02:35:12'),
(1941, 1, 1, 41, 2255, NULL, '2020-07-20 02:36:40', '2020-07-20 02:36:40'),
(1942, 1, 1, 41, 2256, NULL, '2020-07-20 02:36:45', '2020-07-20 02:36:45'),
(1943, 1, 1, 41, 2257, NULL, '2020-07-20 02:38:04', '2020-07-20 02:38:04'),
(1944, 1, 1, 41, 2258, NULL, '2020-07-20 02:38:08', '2020-07-20 02:38:08'),
(1945, 1, 1, 41, 2259, NULL, '2020-07-20 02:40:59', '2020-07-20 02:40:59'),
(1946, 1, 1, 41, 2260, NULL, '2020-07-20 02:43:10', '2020-07-20 02:43:10'),
(1947, 1, 1, 41, 2261, NULL, '2020-07-20 02:44:54', '2020-07-20 02:44:54'),
(1948, 1, 1, 41, 2262, NULL, '2020-07-20 02:44:58', '2020-07-20 02:44:58'),
(1949, 1, 1, 41, 2263, NULL, '2020-07-20 02:46:31', '2020-07-20 02:46:31'),
(1950, 1, 1, 41, 2264, NULL, '2020-07-20 02:46:36', '2020-07-20 02:46:36'),
(1951, 1, 1, 41, 2265, NULL, '2020-07-20 02:47:53', '2020-07-20 02:47:53'),
(1952, 1, 1, 41, 2266, NULL, '2020-07-20 02:47:57', '2020-07-20 02:47:57'),
(1953, 1, 1, 41, 2267, NULL, '2020-07-20 02:49:19', '2020-07-20 02:49:19'),
(1954, 1, 1, 41, 2268, NULL, '2020-07-20 02:49:24', '2020-07-20 02:49:24'),
(1955, 1, 1, 41, 2269, NULL, '2020-07-20 02:51:20', '2020-07-20 02:51:20'),
(1956, 1, 1, 41, 2270, NULL, '2020-07-20 02:51:25', '2020-07-20 02:51:25'),
(1957, 1, 1, 41, 2271, NULL, '2020-07-20 02:54:03', '2020-07-20 02:54:03'),
(1958, 1, 1, 41, 2272, NULL, '2020-07-20 02:54:08', '2020-07-20 02:54:08'),
(1959, 1, 1, 41, 2273, NULL, '2020-07-20 02:55:26', '2020-07-20 02:55:26'),
(1960, 1, 1, 41, 2274, NULL, '2020-07-20 02:55:32', '2020-07-20 02:55:32'),
(1961, 1, 1, 41, 2275, NULL, '2020-07-20 02:57:04', '2020-07-20 02:57:04'),
(1962, 1, 1, 41, 2276, NULL, '2020-07-20 02:57:09', '2020-07-20 02:57:09'),
(1963, 1, 1, 41, 2277, NULL, '2020-07-20 02:59:00', '2020-07-20 02:59:00'),
(1964, 1, 1, 41, 2278, NULL, '2020-07-20 02:59:05', '2020-07-20 02:59:05'),
(1965, 2, 2, 41, 2281, NULL, '2020-07-20 04:58:48', '2020-07-20 04:58:48'),
(1966, 2, 2, 41, 2282, NULL, '2020-07-20 05:03:46', '2020-07-20 05:03:46'),
(1967, 2, 2, 41, 2283, NULL, '2020-07-20 05:05:45', '2020-07-20 05:05:45'),
(1968, 3, 3, 41, 2284, NULL, '2020-07-20 05:05:45', '2020-07-20 05:05:45'),
(1969, 4, 148, 41, 2286, NULL, '2020-07-20 06:00:03', '2020-07-20 06:00:03'),
(1970, 4, 116, 41, 2287, NULL, '2020-07-20 06:00:03', '2020-07-20 06:00:03'),
(1971, 4, 58, 41, 2288, NULL, '2020-07-20 06:00:03', '2020-07-20 06:00:03'),
(1972, 4, 108, 41, 2289, NULL, '2020-07-20 06:00:04', '2020-07-20 06:00:04'),
(1973, 4, 68, 41, 2290, NULL, '2020-07-20 06:08:24', '2020-07-20 06:08:24'),
(1974, 4, 75, 41, 2291, NULL, '2020-07-20 06:08:24', '2020-07-20 06:08:24'),
(1975, 4, 82, 41, 2292, NULL, '2020-07-20 06:08:24', '2020-07-20 06:08:24'),
(1976, 4, 69, 41, 2293, NULL, '2020-07-20 06:08:24', '2020-07-20 06:08:24'),
(1977, 4, 73, 41, 2294, NULL, '2020-07-20 06:08:25', '2020-07-20 06:08:25'),
(1978, 4, 76, 41, 2295, NULL, '2020-07-20 06:08:25', '2020-07-20 06:08:25'),
(1979, 4, 198, 41, 2296, NULL, '2020-07-20 06:08:25', '2020-07-20 06:08:25'),
(1980, 4, 226, 41, 2297, NULL, '2020-07-20 06:08:25', '2020-07-20 06:08:25'),
(1981, 4, 200, 41, 2298, NULL, '2020-07-20 06:08:25', '2020-07-20 06:08:25'),
(1982, 4, 72, 41, 2299, NULL, '2020-07-20 06:12:08', '2020-07-20 06:12:08'),
(1983, 4, 130, 41, 2300, NULL, '2020-07-20 06:12:09', '2020-07-20 06:12:09'),
(1984, 4, 109, 41, 2301, NULL, '2020-07-20 06:24:49', '2020-07-20 06:24:49'),
(1985, 4, 59, 41, 2302, NULL, '2020-07-20 06:24:49', '2020-07-20 06:24:49'),
(1986, 4, 123, 41, 2303, NULL, '2020-07-20 06:24:49', '2020-07-20 06:24:49'),
(1987, 4, 209, 41, 2304, NULL, '2020-07-20 06:24:50', '2020-07-20 06:24:50'),
(1988, 4, 5, 41, 2305, NULL, '2020-07-20 06:24:50', '2020-07-20 06:24:50'),
(1989, 4, 61, 41, 2306, NULL, '2020-07-20 06:24:50', '2020-07-20 06:24:50'),
(1990, 4, 61, 41, 2307, NULL, '2020-07-20 06:24:50', '2020-07-20 06:24:50'),
(1991, 4, 112, 41, 2308, NULL, '2020-07-20 06:30:17', '2020-07-20 06:30:17'),
(1992, 4, 111, 41, 2309, NULL, '2020-07-20 06:30:17', '2020-07-20 06:30:17'),
(1993, 4, 45, 41, 2310, NULL, '2020-07-20 06:30:17', '2020-07-20 06:30:17'),
(1994, 4, 43, 41, 2311, NULL, '2020-07-20 06:30:17', '2020-07-20 06:30:17'),
(1995, 4, 55, 41, 2312, NULL, '2020-07-20 06:30:17', '2020-07-20 06:30:17'),
(1996, 4, 35, 41, 2313, NULL, '2020-07-20 06:30:17', '2020-07-20 06:30:17'),
(1997, 4, 42, 41, 2314, NULL, '2020-07-20 06:30:17', '2020-07-20 06:30:17'),
(1998, 4, 5, 41, 2315, NULL, '2020-07-20 06:30:18', '2020-07-20 06:30:18'),
(1999, 4, 138, 41, 2317, NULL, '2020-07-20 06:36:08', '2020-07-20 06:36:08'),
(2000, 4, 68, 41, 2318, NULL, '2020-07-20 06:36:09', '2020-07-20 06:36:09'),
(2001, 4, 72, 41, 2319, NULL, '2020-07-20 06:36:09', '2020-07-20 06:36:09'),
(2002, 4, 66, 41, 2320, NULL, '2020-07-20 06:36:09', '2020-07-20 06:36:09'),
(2003, 4, 59, 41, 2321, NULL, '2020-07-20 06:36:09', '2020-07-20 06:36:09'),
(2004, 4, 21, 41, 2322, NULL, '2020-07-20 06:40:39', '2020-07-20 06:40:39'),
(2005, 4, 30, 41, 2323, NULL, '2020-07-20 06:40:39', '2020-07-20 06:40:39'),
(2006, 4, 198, 41, 2324, NULL, '2020-07-20 06:40:39', '2020-07-20 06:40:39'),
(2007, 4, 73, 41, 2325, NULL, '2020-07-20 06:40:39', '2020-07-20 06:40:39'),
(2008, 4, 82, 41, 2326, NULL, '2020-07-20 06:40:40', '2020-07-20 06:40:40'),
(2009, 4, 210, 41, 2327, NULL, '2020-07-20 06:46:50', '2020-07-20 06:46:50'),
(2010, 4, 105, 41, 2328, NULL, '2020-07-20 06:46:50', '2020-07-20 06:46:50'),
(2011, 4, 30, 41, 2329, NULL, '2020-07-20 06:46:50', '2020-07-20 06:46:50'),
(2012, 4, 55, 41, 2330, NULL, '2020-07-20 06:46:51', '2020-07-20 06:46:51'),
(2013, 4, 117, 41, 2331, NULL, '2020-07-20 06:46:51', '2020-07-20 06:46:51'),
(2014, 4, 52, 41, 2332, NULL, '2020-07-20 06:46:51', '2020-07-20 06:46:51'),
(2015, 4, 227, 41, 2333, NULL, '2020-07-20 06:52:43', '2020-07-20 06:52:43'),
(2016, 4, 134, 41, 2334, NULL, '2020-07-20 06:52:43', '2020-07-20 06:52:43'),
(2017, 4, 144, 41, 2335, NULL, '2020-07-20 06:52:43', '2020-07-20 06:52:43'),
(2018, 2, 2, 41, 2340, NULL, '2020-07-20 07:20:07', '2020-07-20 07:20:07'),
(2019, 2, 2, 41, 2341, NULL, '2020-07-20 07:21:41', '2020-07-20 07:21:41'),
(2020, 3, 3, 41, 2342, NULL, '2020-07-20 07:21:41', '2020-07-20 07:21:41'),
(2021, 2, 2, 41, 2343, NULL, '2020-07-20 07:23:46', '2020-07-20 07:23:46'),
(2022, 2, 2, 41, 2344, NULL, '2020-07-20 07:24:56', '2020-07-20 07:24:56'),
(2023, 3, 3, 41, 2345, NULL, '2020-07-20 07:24:56', '2020-07-20 07:24:56'),
(2024, 1, 1, 42, 2346, NULL, '2020-07-20 08:05:42', '2020-07-20 08:05:42'),
(2025, 1, 1, 42, 2347, NULL, '2020-07-20 23:20:58', '2020-07-20 23:20:58'),
(2026, 1, 1, 42, 2348, NULL, '2020-07-20 23:21:06', '2020-07-20 23:21:06'),
(2027, 1, 1, 42, 2349, NULL, '2020-07-20 23:22:49', '2020-07-20 23:22:49'),
(2028, 1, 1, 42, 2350, NULL, '2020-07-20 23:22:53', '2020-07-20 23:22:53'),
(2029, 1, 1, 42, 2351, NULL, '2020-07-20 23:24:27', '2020-07-20 23:24:27'),
(2030, 1, 1, 42, 2352, NULL, '2020-07-20 23:24:31', '2020-07-20 23:24:31'),
(2031, 1, 1, 42, 2353, NULL, '2020-07-20 23:25:36', '2020-07-20 23:25:36'),
(2032, 1, 1, 42, 2354, NULL, '2020-07-20 23:25:40', '2020-07-20 23:25:40'),
(2033, 1, 1, 42, 2355, NULL, '2020-07-20 23:26:59', '2020-07-20 23:26:59'),
(2034, 1, 1, 42, 2356, NULL, '2020-07-20 23:27:03', '2020-07-20 23:27:03'),
(2035, 1, 1, 42, 2357, NULL, '2020-07-20 23:28:33', '2020-07-20 23:28:33'),
(2036, 1, 1, 42, 2358, NULL, '2020-07-20 23:28:37', '2020-07-20 23:28:37'),
(2037, 1, 1, 42, 2359, NULL, '2020-07-20 23:30:13', '2020-07-20 23:30:13');
INSERT INTO `m4_mis_vouchers_i` (`id`, `mis_head_id`, `ledger_head_id`, `date_id`, `voucher_id`, `deleted_at`, `created_at`, `updated_at`) VALUES
(2038, 1, 1, 42, 2360, NULL, '2020-07-20 23:30:17', '2020-07-20 23:30:17'),
(2039, 1, 1, 42, 2361, NULL, '2020-07-20 23:32:25', '2020-07-20 23:32:25'),
(2040, 1, 1, 42, 2362, NULL, '2020-07-20 23:32:29', '2020-07-20 23:32:29'),
(2041, 2, 2, 42, 2364, NULL, '2020-07-20 23:36:59', '2020-07-20 23:36:59'),
(2042, 2, 2, 42, 2365, NULL, '2020-07-20 23:37:48', '2020-07-20 23:37:48'),
(2043, 3, 3, 42, 2366, NULL, '2020-07-20 23:37:48', '2020-07-20 23:37:48'),
(2044, 4, 141, 42, 2368, NULL, '2020-07-20 23:44:10', '2020-07-20 23:44:10'),
(2045, 4, 69, 42, 2369, NULL, '2020-07-20 23:44:10', '2020-07-20 23:44:10'),
(2046, 4, 200, 42, 2370, NULL, '2020-07-20 23:44:10', '2020-07-20 23:44:10'),
(2047, 4, 210, 42, 2371, NULL, '2020-07-20 23:44:10', '2020-07-20 23:44:10'),
(2048, 4, 72, 42, 2372, NULL, '2020-07-20 23:44:10', '2020-07-20 23:44:10'),
(2049, 4, 117, 42, 2373, NULL, '2020-07-20 23:44:11', '2020-07-20 23:44:11'),
(2050, 1, 1, 43, 2376, NULL, '2020-07-20 23:55:52', '2020-07-20 23:55:52'),
(2051, 1, 1, 43, 2377, NULL, '2020-07-20 23:55:56', '2020-07-20 23:55:56'),
(2052, 1, 1, 43, 2378, NULL, '2020-07-20 23:58:24', '2020-07-20 23:58:24'),
(2053, 1, 1, 43, 2379, NULL, '2020-07-20 23:58:29', '2020-07-20 23:58:29'),
(2054, 1, 1, 43, 2380, NULL, '2020-07-21 00:00:07', '2020-07-21 00:00:07'),
(2055, 1, 1, 43, 2381, NULL, '2020-07-21 00:00:13', '2020-07-21 00:00:13'),
(2056, 2, 2, 43, 2383, NULL, '2020-07-21 00:07:23', '2020-07-21 00:07:23'),
(2057, 2, 2, 43, 2384, NULL, '2020-07-21 00:13:09', '2020-07-21 00:13:09'),
(2058, 3, 3, 43, 2385, NULL, '2020-07-21 00:13:09', '2020-07-21 00:13:09'),
(2059, 2, 2, 43, 2386, NULL, '2020-07-21 00:24:01', '2020-07-21 00:24:01'),
(2060, 2, 2, 43, 2387, NULL, '2020-07-21 00:25:20', '2020-07-21 00:25:20'),
(2061, 3, 3, 43, 2388, NULL, '2020-07-21 00:25:21', '2020-07-21 00:25:21'),
(2062, 2, 2, 43, 2390, NULL, '2020-07-21 00:29:29', '2020-07-21 00:29:29'),
(2063, 2, 2, 43, 2391, NULL, '2020-07-21 00:30:57', '2020-07-21 00:30:57'),
(2064, 3, 3, 43, 2392, NULL, '2020-07-21 00:30:57', '2020-07-21 00:30:57'),
(2065, 2, 2, 43, 2393, NULL, '2020-07-21 00:39:39', '2020-07-21 00:39:39'),
(2066, 2, 2, 43, 2394, NULL, '2020-07-21 00:40:20', '2020-07-21 00:40:20'),
(2067, 3, 3, 43, 2395, NULL, '2020-07-21 00:40:20', '2020-07-21 00:40:20'),
(2068, 4, 138, 43, 2396, NULL, '2020-07-21 01:00:59', '2020-07-21 01:00:59'),
(2069, 1, 1, 44, 2404, NULL, '2020-07-21 01:08:00', '2020-07-21 01:08:00'),
(2070, 1, 1, 44, 2405, NULL, '2020-07-21 01:08:05', '2020-07-21 01:08:05'),
(2071, 1, 1, 44, 2406, NULL, '2020-07-21 01:09:24', '2020-07-21 01:09:24'),
(2072, 1, 1, 44, 2407, NULL, '2020-07-21 01:09:29', '2020-07-21 01:09:29'),
(2073, 1, 1, 44, 2408, NULL, '2020-07-21 01:14:02', '2020-07-21 01:14:02'),
(2074, 1, 1, 44, 2409, NULL, '2020-07-21 01:14:32', '2020-07-21 01:14:32'),
(2075, 1, 1, 44, 2410, NULL, '2020-07-21 01:15:46', '2020-07-21 01:15:46'),
(2076, 1, 1, 44, 2411, NULL, '2020-07-21 01:16:06', '2020-07-21 01:16:06'),
(2077, 1, 1, 44, 2412, NULL, '2020-07-21 01:17:50', '2020-07-21 01:17:50'),
(2078, 1, 1, 44, 2413, NULL, '2020-07-21 01:17:54', '2020-07-21 01:17:54'),
(2079, 1, 1, 44, 2414, NULL, '2020-07-21 01:19:23', '2020-07-21 01:19:23'),
(2080, 1, 1, 44, 2415, NULL, '2020-07-21 01:19:29', '2020-07-21 01:19:29'),
(2081, 1, 1, 44, 2416, NULL, '2020-07-21 01:21:09', '2020-07-21 01:21:09'),
(2082, 1, 1, 44, 2417, NULL, '2020-07-21 01:21:14', '2020-07-21 01:21:14'),
(2083, 1, 1, 44, 2418, NULL, '2020-07-21 01:22:39', '2020-07-21 01:22:39'),
(2084, 1, 1, 44, 2419, NULL, '2020-07-21 01:22:44', '2020-07-21 01:22:44'),
(2085, 1, 1, 44, 2420, NULL, '2020-07-21 01:23:59', '2020-07-21 01:23:59'),
(2086, 1, 1, 44, 2421, NULL, '2020-07-21 01:24:19', '2020-07-21 01:24:19'),
(2087, 2, 2, 44, 2425, NULL, '2020-07-21 01:28:57', '2020-07-21 01:28:57'),
(2088, 2, 2, 44, 2426, NULL, '2020-07-21 01:31:00', '2020-07-21 01:31:00'),
(2089, 3, 3, 44, 2427, NULL, '2020-07-21 01:31:01', '2020-07-21 01:31:01'),
(2090, 1, 1, 45, 2431, NULL, '2020-07-21 02:10:44', '2020-07-21 02:10:44'),
(2091, 1, 1, 45, 2432, NULL, '2020-07-21 02:10:49', '2020-07-21 02:10:49'),
(2092, 1, 1, 45, 2433, NULL, '2020-07-21 02:14:23', '2020-07-21 02:14:23'),
(2093, 1, 1, 45, 2434, NULL, '2020-07-21 02:14:28', '2020-07-21 02:14:28'),
(2094, 1, 1, 45, 2435, NULL, '2020-07-21 02:16:35', '2020-07-21 02:16:35'),
(2095, 1, 1, 45, 2436, NULL, '2020-07-21 02:16:42', '2020-07-21 02:16:42'),
(2096, 1, 1, 45, 2437, NULL, '2020-07-21 02:18:41', '2020-07-21 02:18:41'),
(2097, 1, 1, 45, 2438, NULL, '2020-07-21 02:18:45', '2020-07-21 02:18:45'),
(2098, 2, 2, 45, 2440, NULL, '2020-07-21 02:23:40', '2020-07-21 02:23:40'),
(2099, 2, 2, 45, 2441, NULL, '2020-07-21 02:23:44', '2020-07-21 02:23:44'),
(2100, 2, 2, 45, 2442, NULL, '2020-07-21 04:02:38', '2020-07-21 04:02:38'),
(2101, 2, 2, 45, 2443, NULL, '2020-07-21 04:04:52', '2020-07-21 04:04:52'),
(2102, 3, 3, 45, 2444, NULL, '2020-07-21 04:04:52', '2020-07-21 04:04:52'),
(2103, 4, 55, 45, 2447, NULL, '2020-07-21 04:11:59', '2020-07-21 04:11:59'),
(2104, 4, 35, 45, 2448, NULL, '2020-07-21 04:11:59', '2020-07-21 04:11:59'),
(2105, 4, 43, 45, 2449, NULL, '2020-07-21 04:11:59', '2020-07-21 04:11:59'),
(2106, 4, 256, 45, 2450, NULL, '2020-07-21 04:11:59', '2020-07-21 04:11:59'),
(2107, 4, 49, 45, 2451, NULL, '2020-07-21 04:11:59', '2020-07-21 04:11:59'),
(2108, 4, 61, 45, 2452, NULL, '2020-07-21 04:18:06', '2020-07-21 04:18:06'),
(2109, 4, 138, 45, 2453, NULL, '2020-07-21 04:18:07', '2020-07-21 04:18:07'),
(2110, 4, 68, 45, 2454, NULL, '2020-07-21 04:18:07', '2020-07-21 04:18:07'),
(2111, 4, 52, 45, 2455, NULL, '2020-07-21 04:18:07', '2020-07-21 04:18:07'),
(2112, 4, 46, 45, 2456, NULL, '2020-07-21 04:18:07', '2020-07-21 04:18:07'),
(2113, 4, 220, 45, 2457, NULL, '2020-07-21 04:51:43', '2020-07-21 04:51:43'),
(2114, 4, 72, 45, 2458, NULL, '2020-07-21 04:51:43', '2020-07-21 04:51:43'),
(2115, 4, 82, 45, 2459, NULL, '2020-07-21 04:51:43', '2020-07-21 04:51:43'),
(2116, 4, 83, 45, 2460, NULL, '2020-07-21 04:51:43', '2020-07-21 04:51:43'),
(2117, 4, 200, 45, 2461, NULL, '2020-07-21 04:51:43', '2020-07-21 04:51:43'),
(2118, 4, 260, 45, 2462, NULL, '2020-07-21 04:51:43', '2020-07-21 04:51:43'),
(2119, 4, 109, 45, 2463, NULL, '2020-07-21 04:51:43', '2020-07-21 04:51:43'),
(2120, 4, 198, 45, 2464, NULL, '2020-07-21 04:55:48', '2020-07-21 04:55:48'),
(2121, 4, 82, 45, 2465, NULL, '2020-07-21 04:55:48', '2020-07-21 04:55:48'),
(2122, 4, 72, 45, 2466, NULL, '2020-07-21 04:55:48', '2020-07-21 04:55:48'),
(2123, 4, 30, 45, 2467, NULL, '2020-07-21 04:55:48', '2020-07-21 04:55:48'),
(2124, 4, 210, 45, 2468, NULL, '2020-07-21 04:55:49', '2020-07-21 04:55:49'),
(2125, 4, 105, 45, 2469, NULL, '2020-07-21 04:55:49', '2020-07-21 04:55:49'),
(2126, 4, 123, 45, 2470, NULL, '2020-07-21 04:55:49', '2020-07-21 04:55:49'),
(2127, 4, 210, 45, 2471, NULL, '2020-07-21 04:55:49', '2020-07-21 04:55:49'),
(2128, 4, 118, 45, 2472, NULL, '2020-07-21 05:00:08', '2020-07-21 05:00:08'),
(2129, 4, 144, 45, 2473, NULL, '2020-07-21 05:00:08', '2020-07-21 05:00:08'),
(2130, 4, 125, 45, 2478, NULL, '2020-07-21 05:04:20', '2020-07-21 05:04:20'),
(2131, 4, 126, 45, 2479, NULL, '2020-07-21 05:04:20', '2020-07-21 05:04:20'),
(2132, 1, 1, 46, 2480, NULL, '2020-07-21 05:11:35', '2020-07-21 05:11:35'),
(2133, 1, 1, 46, 2481, NULL, '2020-07-21 05:11:55', '2020-07-21 05:11:55'),
(2134, 1, 1, 46, 2482, NULL, '2020-07-21 05:17:26', '2020-07-21 05:17:26'),
(2135, 1, 1, 46, 2483, NULL, '2020-07-21 05:17:32', '2020-07-21 05:17:32'),
(2136, 1, 1, 46, 2484, NULL, '2020-07-21 05:21:55', '2020-07-21 05:21:55'),
(2137, 1, 1, 46, 2485, NULL, '2020-07-21 05:22:01', '2020-07-21 05:22:01'),
(2138, 1, 1, 46, 2486, NULL, '2020-07-21 05:23:41', '2020-07-21 05:23:41'),
(2139, 1, 1, 46, 2487, NULL, '2020-07-21 05:23:46', '2020-07-21 05:23:46'),
(2140, 1, 1, 46, 2488, NULL, '2020-07-21 05:26:09', '2020-07-21 05:26:09'),
(2141, 1, 1, 46, 2489, NULL, '2020-07-21 05:29:50', '2020-07-21 05:29:50'),
(2142, 1, 1, 46, 2490, NULL, '2020-07-21 05:29:55', '2020-07-21 05:29:55'),
(2143, 1, 1, 46, 2491, NULL, '2020-07-21 05:31:37', '2020-07-21 05:31:37'),
(2144, 1, 1, 46, 2492, NULL, '2020-07-21 05:31:43', '2020-07-21 05:31:43'),
(2145, 1, 1, 46, 2493, NULL, '2020-07-21 05:32:54', '2020-07-21 05:32:54'),
(2146, 1, 1, 46, 2494, NULL, '2020-07-21 05:32:59', '2020-07-21 05:32:59'),
(2147, 4, 94, 46, 2498, NULL, '2020-07-21 05:54:27', '2020-07-21 05:54:27'),
(2148, 4, 265, 46, 2499, NULL, '2020-07-21 05:54:27', '2020-07-21 05:54:27'),
(2149, 4, 137, 46, 2500, NULL, '2020-07-21 05:55:23', '2020-07-21 05:55:23'),
(2150, 4, 32, 46, 2501, NULL, '2020-07-21 05:57:54', '2020-07-21 05:57:54'),
(2151, 1, 1, 1, 1, NULL, '2020-12-08 13:26:07', '2020-12-08 13:26:07'),
(2152, 1, 1, 1, 2, NULL, '2020-12-08 13:29:51', '2020-12-08 13:29:51'),
(2153, 1, 1, 1, 3, NULL, '2020-12-08 13:33:32', '2020-12-08 13:33:32'),
(2154, 1, 1, 1, 4, NULL, '2020-12-08 13:33:39', '2020-12-08 13:33:39'),
(2155, 4, 138, 1, 5, '2020-12-21 07:45:10', '2020-12-16 13:47:09', '2020-12-21 07:45:10'),
(2156, 4, 112, 1, 6, '2020-12-21 07:45:10', '2020-12-16 13:47:09', '2020-12-21 07:45:10'),
(2157, 4, 198, 1, 7, '2020-12-21 07:45:10', '2020-12-16 13:47:09', '2020-12-21 07:45:10'),
(2158, 4, 68, 1, 8, '2020-12-21 07:45:10', '2020-12-16 13:47:09', '2020-12-21 07:45:10'),
(2159, 4, 61, 1, 9, '2020-12-21 07:45:07', '2020-12-16 13:48:43', '2020-12-21 07:45:07'),
(2160, 4, 52, 1, 10, '2020-12-21 07:45:03', '2020-12-16 13:54:01', '2020-12-21 07:45:03'),
(2161, 4, 120, 1, 11, '2020-12-21 07:45:03', '2020-12-16 13:54:01', '2020-12-21 07:45:03'),
(2162, 4, 117, 1, 12, '2020-12-21 07:45:03', '2020-12-16 13:54:01', '2020-12-21 07:45:03'),
(2163, 4, 72, 1, 13, '2020-12-21 07:45:03', '2020-12-16 13:54:01', '2020-12-21 07:45:03'),
(2164, 4, 77, 1, 14, '2020-12-21 07:44:59', '2020-12-16 13:58:22', '2020-12-21 07:44:59'),
(2165, 4, 69, 1, 15, '2020-12-21 07:44:59', '2020-12-16 13:58:22', '2020-12-21 07:44:59'),
(2166, 4, 75, 1, 16, '2020-12-21 07:44:59', '2020-12-16 13:58:23', '2020-12-21 07:44:59'),
(2167, 4, 76, 1, 17, '2020-12-21 07:44:59', '2020-12-16 13:58:23', '2020-12-21 07:44:59'),
(2168, 4, 72, 1, 18, '2020-12-21 07:44:59', '2020-12-16 13:58:23', '2020-12-21 07:44:59'),
(2169, 4, 266, 1, 19, '2020-12-21 07:44:55', '2020-12-16 14:00:43', '2020-12-21 07:44:55'),
(2170, 4, 120, 1, 20, '2020-12-21 07:44:52', '2020-12-16 14:01:27', '2020-12-21 07:44:52'),
(2171, 1, 1, 1, 25, NULL, '2020-12-16 14:07:49', '2020-12-16 14:07:49'),
(2172, 1, 1, 1, 26, NULL, '2020-12-16 14:08:00', '2020-12-16 14:08:00'),
(2173, 4, 116, 2, 29, '2020-12-21 07:44:47', '2020-12-16 14:21:45', '2020-12-21 07:44:47'),
(2174, 4, 128, 2, 30, '2020-12-21 07:44:47', '2020-12-16 14:21:45', '2020-12-21 07:44:47'),
(2175, 4, 120, 2, 31, '2020-12-21 07:44:47', '2020-12-16 14:21:45', '2020-12-21 07:44:47'),
(2176, 4, 69, 2, 32, '2020-12-21 07:44:42', '2020-12-16 14:27:06', '2020-12-21 07:44:42'),
(2177, 4, 75, 2, 33, '2020-12-21 07:44:42', '2020-12-16 14:27:06', '2020-12-21 07:44:42'),
(2178, 4, 76, 2, 34, '2020-12-21 07:44:42', '2020-12-16 14:27:06', '2020-12-21 07:44:42'),
(2179, 4, 82, 2, 35, '2020-12-21 07:44:42', '2020-12-16 14:27:06', '2020-12-21 07:44:42'),
(2180, 4, 77, 2, 36, '2020-12-21 07:44:42', '2020-12-16 14:27:06', '2020-12-21 07:44:42'),
(2181, 4, 198, 2, 37, '2020-12-21 07:44:42', '2020-12-16 14:27:06', '2020-12-21 07:44:42'),
(2182, 4, 200, 2, 38, '2020-12-21 07:44:42', '2020-12-16 14:27:06', '2020-12-21 07:44:42'),
(2183, 4, 5, 2, 39, '2020-12-21 07:44:38', '2020-12-16 14:28:43', '2020-12-21 07:44:38'),
(2184, 4, 52, 2, 40, '2020-12-21 07:44:34', '2020-12-16 14:32:26', '2020-12-21 07:44:34'),
(2185, 4, 112, 2, 41, '2020-12-21 07:44:34', '2020-12-16 14:32:27', '2020-12-21 07:44:34'),
(2186, 4, 46, 2, 42, '2020-12-21 07:44:34', '2020-12-16 14:32:27', '2020-12-21 07:44:34'),
(2187, 4, 37, 2, 43, '2020-12-21 07:44:34', '2020-12-16 14:32:27', '2020-12-21 07:44:34'),
(2188, 4, 20, 2, 44, '2020-12-21 07:44:31', '2020-12-16 14:34:52', '2020-12-21 07:44:31'),
(2189, 4, 25, 2, 45, '2020-12-21 07:44:31', '2020-12-16 14:34:52', '2020-12-21 07:44:31'),
(2190, 4, 23, 2, 46, '2020-12-21 07:44:31', '2020-12-16 14:34:52', '2020-12-21 07:44:31'),
(2191, 4, 27, 2, 47, '2020-12-21 07:44:31', '2020-12-16 14:34:52', '2020-12-21 07:44:31'),
(2192, 4, 138, 2, 48, '2020-12-21 07:44:27', '2020-12-16 14:36:10', '2020-12-21 07:44:27'),
(2193, 4, 118, 2, 49, '2020-12-21 07:44:23', '2020-12-16 14:45:10', '2020-12-21 07:44:23'),
(2194, 4, 201, 2, 50, '2020-12-21 07:44:23', '2020-12-16 14:45:10', '2020-12-21 07:44:23'),
(2195, 4, 139, 2, 51, '2020-12-21 07:44:17', '2020-12-16 14:48:19', '2020-12-21 07:44:17'),
(2196, 1, 1, 1, 54, NULL, '2020-12-21 07:52:34', '2020-12-21 07:52:34'),
(2197, 1, 1, 1, 55, NULL, '2020-12-21 07:53:28', '2020-12-21 07:53:28'),
(2198, 1, 1, 1, 56, NULL, '2020-12-21 07:55:22', '2020-12-21 07:55:22'),
(2199, 1, 1, 1, 57, NULL, '2020-12-21 07:55:27', '2020-12-21 07:55:27'),
(2200, 1, 1, 1, 58, NULL, '2020-12-21 08:27:01', '2020-12-21 08:27:01'),
(2201, 1, 1, 1, 59, NULL, '2020-12-21 08:27:10', '2020-12-21 08:27:10'),
(2202, 4, 138, 1, 61, NULL, '2020-12-21 08:32:26', '2020-12-21 08:32:26'),
(2203, 4, 112, 1, 62, NULL, '2020-12-21 08:32:26', '2020-12-21 08:32:26'),
(2204, 4, 198, 1, 63, NULL, '2020-12-21 08:32:26', '2020-12-21 08:32:26'),
(2205, 4, 68, 1, 64, NULL, '2020-12-21 08:32:26', '2020-12-21 08:32:26'),
(2206, 4, 61, 1, 65, NULL, '2020-12-21 08:34:37', '2020-12-21 08:34:37'),
(2207, 4, 52, 1, 66, NULL, '2020-12-21 08:38:28', '2020-12-21 08:38:28'),
(2208, 4, 120, 1, 67, NULL, '2020-12-21 08:38:28', '2020-12-21 08:38:28'),
(2209, 4, 117, 1, 68, NULL, '2020-12-21 08:38:28', '2020-12-21 08:38:28'),
(2210, 4, 72, 1, 69, NULL, '2020-12-21 08:38:28', '2020-12-21 08:38:28'),
(2211, 4, 77, 1, 70, NULL, '2020-12-21 08:46:49', '2020-12-21 08:46:49'),
(2212, 4, 69, 1, 71, NULL, '2020-12-21 08:46:49', '2020-12-21 08:46:49'),
(2213, 4, 75, 1, 72, NULL, '2020-12-21 08:46:49', '2020-12-21 08:46:49'),
(2214, 4, 76, 1, 73, NULL, '2020-12-21 08:46:49', '2020-12-21 08:46:49'),
(2215, 4, 266, 1, 74, NULL, '2020-12-21 08:46:49', '2020-12-21 08:46:49'),
(2216, 4, 72, 1, 75, NULL, '2020-12-21 08:46:49', '2020-12-21 08:46:49'),
(2217, 4, 120, 1, 76, NULL, '2020-12-21 08:47:26', '2020-12-21 08:47:26');

-- --------------------------------------------------------

--
-- Table structure for table `migrations`
--

CREATE TABLE `migrations` (
  `id` int(10) UNSIGNED NOT NULL,
  `migration` varchar(191) COLLATE utf8mb4_unicode_ci NOT NULL,
  `batch` int(11) NOT NULL
) ENGINE=InnoDB DEFAULT CHARSET=utf8mb4 COLLATE=utf8mb4_unicode_ci;

--
-- Dumping data for table `migrations`
--

INSERT INTO `migrations` (`id`, `migration`, `batch`) VALUES
(1, '2019_07_03_100000_create_a1_account_heads_table', 1),
(2, '2019_07_03_200000_create_a2_account_head_child_i', 1),
(3, '2019_07_03_300000_create_a3_account_head_child_ii', 1),
(4, '2019_07_03_400000_create_a4_account_head_child_iii', 1),
(5, '2019_07_03_500000_create_a5_account_head_child_iv', 1),
(6, '2019_07_03_600000_create_a6_transaction_heads_table', 1),
(7, '2019_08_13_100000_create_aa1_roles_table', 1),
(8, '2019_08_13_200000_create_aa2_users_table', 1),
(9, '2019_08_13_300000_create_aa3_password_resets_table', 1),
(10, '2019_08_16_160615_create_v1_venues_table', 1),
(11, '2019_09_01_000139_create_h1_building_types_table', 1),
(12, '2019_09_01_100139_create_h2_buildings_table', 1),
(13, '2019_09_01_200139_create_h3_floor_types_table', 1),
(14, '2019_09_01_300139_create_h4_floors_table', 1),
(15, '2019_09_01_400139_create_h5_room_categories_table', 1),
(16, '2019_09_01_500139_create_h6_rooms_table', 1),
(17, '2019_09_04_033048_create_e1_departments_table', 1),
(18, '2019_09_04_133048_create_e2_employee_designations_table', 1),
(19, '2019_09_04_233048_create_e3_salary_grades_table', 1),
(20, '2019_09_04_333048_create_e4_employees_table', 1),
(21, '2019_09_04_433048_create_e5_leave_categories_table', 1),
(22, '2019_09_04_533048_create_e6_leaves_table', 1),
(23, '2019_09_08_500157_create_r5_meal_types_table', 1),
(24, '2019_09_08_600157_create_r6_meal_items_table', 1),
(25, '2019_09_08_700157_create_r7_menu_types_table', 1),
(26, '2019_11_11_100000_create_vv1_voucher_types_table', 1),
(27, '2019_11_11_200000_create_vv2_vouchers_table', 1),
(28, '2019_11_11_300000_create_vv3_current_balance_table', 1),
(29, '2019_11_11_500000_create_vv5_dates_table', 1),
(30, '2019_11_11_600000_create_vv6_voucher_groups_table', 1),
(31, '2019_11_11_700000_create_vv7_voucher_update_histories_table', 1),
(32, '2019_11_24_400000_create_m4_mis_current_stocks_table', 1),
(33, '2019_11_24_600000_create_m6_purchases_table', 1),
(34, '2019_11_24_700000_create_m7_purchase_groups_table', 1),
(35, '2019_12_12_113448_create_configurations_table', 1),
(36, '2019_12_23_041801_create_guests_table', 1),
(37, '2019_12_23_041836_create_bookings_table', 1),
(38, '2019_12_23_050024_create_billings_table', 1),
(39, '2019_12_28_090517_create_visitors_table', 1),
(40, '2019_12_30_040536_create_payments_table', 1),
(41, '2020_01_07_055304_create_deliveries_table', 1),
(42, '2020_01_08_040625_create_suppliers_table', 1),
(43, '2020_01_20_063023_create_r9_food_menu_table', 1),
(44, '2020_01_20_080808_create_r10_food_menu_items_table', 1),
(45, '2020_01_20_102033_create_r11_food_sales_table', 1),
(46, '2020_01_30_041614_create_general_infos_table', 1),
(47, '2020_02_02_060733_create_m1_mis_heads_table', 1),
(48, '2020_02_02_063939_create_m2_mis_head_child_i_table', 1),
(49, '2020_02_02_064016_create_m3_mis_ledger_heads_table', 1),
(50, '2020_02_02_064050_create_m4_mis_vouchers_i_table', 1),
(51, '2020_02_02_064130_create_s1_unit_types_table', 1),
(52, '2020_02_02_064157_create_s2_units_table', 1);

-- --------------------------------------------------------

--
-- Table structure for table `mis_current_stocks`
--

CREATE TABLE `mis_current_stocks` (
  `id` int(10) UNSIGNED NOT NULL,
  `stock_id` int(10) UNSIGNED NOT NULL,
  `date_id` int(10) UNSIGNED NOT NULL,
  `quantity_cr` double(10,3) NOT NULL DEFAULT 0.000,
  `quantity_dr` double(10,3) NOT NULL DEFAULT 0.000,
  `created_at` timestamp NULL DEFAULT NULL,
  `updated_at` timestamp NULL DEFAULT NULL
) ENGINE=InnoDB DEFAULT CHARSET=utf8mb4 COLLATE=utf8mb4_unicode_ci;

--
-- Dumping data for table `mis_current_stocks`
--

INSERT INTO `mis_current_stocks` (`id`, `stock_id`, `date_id`, `quantity_cr`, `quantity_dr`, `created_at`, `updated_at`) VALUES
(1, 5, 0, 0.000, 50.000, '2020-11-20 09:50:49', '2020-11-20 09:51:43'),
(2, 20, 0, 0.000, 0.000, '2020-11-20 09:52:54', '2020-11-20 09:52:54'),
(3, 33, 0, 0.000, 0.250, '2020-11-20 09:52:55', '2020-11-20 09:52:55'),
(4, 58, 0, 0.000, 0.000, '2020-11-20 09:52:55', '2020-11-20 09:52:55'),
(5, 66, 0, 0.000, 19.000, '2020-11-20 09:52:55', '2020-11-20 09:52:55'),
(6, 68, 0, 0.000, 0.000, '2020-11-20 09:52:55', '2020-11-20 09:52:55'),
(7, 92, 0, 0.000, 72.000, '2020-11-20 09:52:55', '2020-11-20 09:52:55'),
(8, 99, 0, 0.000, 0.000, '2020-11-20 09:52:55', '2020-11-20 09:52:55'),
(9, 108, 0, 0.000, 0.000, '2020-11-20 09:52:55', '2020-11-20 09:54:02'),
(10, 111, 0, 0.000, 0.000, '2020-11-20 09:52:55', '2020-11-20 09:52:55'),
(11, 9, 0, 0.000, 0.000, '2020-11-20 09:55:50', '2020-11-20 09:55:50'),
(12, 151, 0, 0.000, 0.000, '2020-11-20 09:55:50', '2020-11-20 09:55:50'),
(13, 169, 0, 0.000, 0.000, '2020-11-20 09:55:50', '2020-11-20 09:55:50'),
(14, 173, 0, 0.000, 0.000, '2020-11-20 09:55:50', '2020-11-20 09:55:50'),
(15, 10, 0, 0.000, 0.000, '2020-11-20 09:55:50', '2020-11-20 09:55:50'),
(16, 152, 0, 0.000, 0.000, '2020-11-20 09:55:50', '2020-11-20 09:55:50'),
(17, 170, 0, 0.000, 0.000, '2020-11-20 09:55:50', '2020-11-20 09:55:50'),
(18, 174, 0, 0.000, 0.000, '2020-11-20 09:55:50', '2020-11-20 09:55:50'),
(19, 11, 0, 0.000, 0.000, '2020-11-20 09:55:50', '2020-11-20 09:55:50'),
(20, 153, 0, 0.000, 0.000, '2020-11-20 09:55:50', '2020-11-20 09:55:50'),
(30, 266, 0, 0.000, 0.000, '2020-12-16 13:57:13', '2020-12-16 13:57:13'),
(61, 138, 1, 0.000, 20.000, '2020-12-21 08:32:26', '2020-12-21 08:33:20'),
(62, 112, 1, 0.000, 1.000, '2020-12-21 08:32:26', '2020-12-21 08:33:20'),
(63, 198, 1, 0.000, 0.500, '2020-12-21 08:32:26', '2020-12-21 08:33:20'),
(64, 68, 1, 0.000, 5.000, '2020-12-21 08:32:26', '2020-12-21 08:33:20'),
(65, 61, 1, 0.000, 7.100, '2020-12-21 08:34:37', '2020-12-21 08:34:48'),
(66, 52, 1, 0.000, 2.000, '2020-12-21 08:38:28', '2020-12-21 08:38:28'),
(67, 120, 1, 0.000, 1.000, '2020-12-21 08:38:28', '2020-12-21 08:38:28'),
(68, 117, 1, 0.000, 0.250, '2020-12-21 08:38:28', '2020-12-21 08:38:28'),
(69, 72, 1, 0.000, 4.000, '2020-12-21 08:38:28', '2020-12-21 08:38:28'),
(70, 77, 1, 0.000, 1.000, '2020-12-21 08:46:49', '2020-12-21 08:46:49'),
(71, 69, 1, 0.000, 2.000, '2020-12-21 08:46:49', '2020-12-21 08:46:49'),
(72, 75, 1, 0.000, 2.000, '2020-12-21 08:46:49', '2020-12-21 08:46:49'),
(73, 76, 1, 0.000, 0.300, '2020-12-21 08:46:49', '2020-12-21 08:46:49'),
(74, 266, 1, 0.000, 1.000, '2020-12-21 08:46:49', '2020-12-21 08:46:49'),
(75, 72, 1, 0.000, 12.000, '2020-12-21 08:46:49', '2020-12-21 08:46:49'),
(76, 120, 1, 0.000, 1.000, '2020-12-21 08:47:26', '2020-12-21 08:47:26');

-- --------------------------------------------------------

--
-- Table structure for table `password_resets`
--

CREATE TABLE `password_resets` (
  `email` varchar(30) COLLATE utf8mb4_unicode_ci NOT NULL,
  `token` varchar(191) COLLATE utf8mb4_unicode_ci NOT NULL,
  `created_at` timestamp NULL DEFAULT NULL
) ENGINE=InnoDB DEFAULT CHARSET=utf8mb4 COLLATE=utf8mb4_unicode_ci;

-- --------------------------------------------------------

--
-- Table structure for table `payments`
--

CREATE TABLE `payments` (
  `id` int(10) UNSIGNED NOT NULL,
  `billing_id` int(10) UNSIGNED NOT NULL,
  `payment_type` varchar(191) COLLATE utf8mb4_unicode_ci DEFAULT NULL,
  `amount` double(14,2) NOT NULL DEFAULT 0.00,
  `note` text COLLATE utf8mb4_unicode_ci DEFAULT NULL,
  `mis_voucher_id` int(10) UNSIGNED NOT NULL,
  `deleted_at` timestamp NULL DEFAULT NULL,
  `created_at` timestamp NULL DEFAULT NULL,
  `updated_at` timestamp NULL DEFAULT NULL
) ENGINE=InnoDB DEFAULT CHARSET=utf8mb4 COLLATE=utf8mb4_unicode_ci;

--
-- Dumping data for table `payments`
--

INSERT INTO `payments` (`id`, `billing_id`, `payment_type`, `amount`, `note`, `mis_voucher_id`, `deleted_at`, `created_at`, `updated_at`) VALUES
(1, 1, 'room', 0.00, 'Advance Payment', 2151, '2020-12-21 07:43:45', '2020-12-08 13:26:07', '2020-12-21 07:43:45'),
(2, 1, 'room', 1000.00, NULL, 2152, '2020-12-21 07:43:45', '2020-12-08 13:29:51', '2020-12-21 07:43:45'),
(3, 2, 'room', 0.00, 'Advance Payment', 2153, '2020-12-21 07:43:36', '2020-12-08 13:33:32', '2020-12-21 07:43:36'),
(4, 2, 'room', 900.00, NULL, 2154, '2020-12-21 07:43:36', '2020-12-08 13:33:39', '2020-12-21 07:43:36'),
(5, 3, 'room', 0.00, 'Advance Payment', 2171, '2020-12-21 07:42:46', '2020-12-16 14:07:49', '2020-12-21 07:42:46'),
(6, 3, 'room', 1400.00, NULL, 2172, '2020-12-21 07:42:46', '2020-12-16 14:08:00', '2020-12-21 07:42:46'),
(7, 4, 'room', 0.00, 'Advance Payment', 2196, NULL, '2020-12-21 07:52:34', '2020-12-21 07:52:34'),
(8, 4, 'room', 1000.00, NULL, 2197, NULL, '2020-12-21 07:53:28', '2020-12-21 07:53:28'),
(9, 5, 'room', 0.00, 'Advance Payment', 2198, NULL, '2020-12-21 07:55:22', '2020-12-21 07:55:22'),
(10, 5, 'room', 900.00, NULL, 2199, NULL, '2020-12-21 07:55:27', '2020-12-21 07:55:27'),
(11, 6, 'room', 0.00, 'Advance Payment', 2200, NULL, '2020-12-21 08:27:01', '2020-12-21 08:27:01'),
(12, 6, 'room', 1400.00, NULL, 2201, NULL, '2020-12-21 08:27:10', '2020-12-21 08:27:10');

-- --------------------------------------------------------

--
-- Table structure for table `purchases`
--

CREATE TABLE `purchases` (
  `id` int(10) UNSIGNED NOT NULL,
  `mis_voucher_id` int(10) UNSIGNED NOT NULL,
  `date_id` int(10) UNSIGNED NOT NULL,
  `purchase_group_id` int(10) UNSIGNED NOT NULL,
  `current_stock_id` int(10) UNSIGNED NOT NULL,
  `stock_id` int(10) UNSIGNED NOT NULL,
  `amount` double(14,2) NOT NULL DEFAULT 0.00,
  `unit_id` int(10) UNSIGNED NOT NULL,
  `supplier_id` int(10) UNSIGNED NOT NULL,
  `receiver_id` int(10) UNSIGNED NOT NULL,
  `deleted_at` timestamp NULL DEFAULT NULL,
  `created_at` timestamp NULL DEFAULT NULL,
  `updated_at` timestamp NULL DEFAULT NULL
) ENGINE=InnoDB DEFAULT CHARSET=utf8mb4 COLLATE=utf8mb4_unicode_ci;

--
-- Dumping data for table `purchases`
--

INSERT INTO `purchases` (`id`, `mis_voucher_id`, `date_id`, `purchase_group_id`, `current_stock_id`, `stock_id`, `amount`, `unit_id`, `supplier_id`, `receiver_id`, `deleted_at`, `created_at`, `updated_at`) VALUES
(1, 2155, 1, 1, 21, 138, 155.00, 6, 9, 3, '2020-12-21 07:45:10', '2020-12-16 13:47:09', '2020-12-21 07:45:10'),
(2, 2156, 1, 1, 22, 112, 125.00, 1, 9, 3, '2020-12-21 07:45:10', '2020-12-16 13:47:09', '2020-12-21 07:45:10'),
(3, 2157, 1, 1, 23, 198, 75.00, 1, 9, 3, '2020-12-21 07:45:10', '2020-12-16 13:47:09', '2020-12-21 07:45:10'),
(4, 2158, 1, 1, 24, 68, 150.00, 1, 9, 3, '2020-12-21 07:45:10', '2020-12-16 13:47:09', '2020-12-21 07:45:10'),
(5, 2159, 1, 2, 25, 61, 1775.00, 1, 39, 4, '2020-12-21 07:45:07', '2020-12-16 13:48:43', '2020-12-21 07:45:07'),
(6, 2160, 1, 3, 26, 52, 60.00, 1, 9, 3, '2020-12-21 07:45:03', '2020-12-16 13:54:01', '2020-12-21 07:45:03'),
(7, 2161, 1, 3, 27, 120, 35.00, 1, 9, 3, '2020-12-21 07:45:03', '2020-12-16 13:54:01', '2020-12-21 07:45:03'),
(8, 2162, 1, 3, 28, 117, 60.00, 4, 9, 3, '2020-12-21 07:45:03', '2020-12-16 13:54:01', '2020-12-21 07:45:03'),
(9, 2163, 1, 3, 29, 72, 10.00, 6, 9, 3, '2020-12-21 07:45:03', '2020-12-16 13:54:01', '2020-12-21 07:45:03'),
(10, 2164, 1, 4, 31, 77, 25.00, 6, 9, 4, '2020-12-21 07:44:59', '2020-12-16 13:58:22', '2020-12-21 07:44:59'),
(11, 2165, 1, 4, 32, 69, 80.00, 1, 9, 4, '2020-12-21 07:44:59', '2020-12-16 13:58:22', '2020-12-21 07:44:59'),
(12, 2166, 1, 4, 33, 75, 80.00, 1, 9, 4, '2020-12-21 07:44:59', '2020-12-16 13:58:23', '2020-12-21 07:44:59'),
(13, 2167, 1, 4, 34, 76, 20.00, 1, 9, 4, '2020-12-21 07:44:59', '2020-12-16 13:58:23', '2020-12-21 07:44:59'),
(14, 2168, 1, 4, 35, 72, 30.00, 6, 9, 4, '2020-12-21 07:44:59', '2020-12-16 13:58:23', '2020-12-21 07:44:59'),
(15, 2169, 1, 5, 36, 266, 40.00, 1, 9, 4, '2020-12-21 07:44:55', '2020-12-16 14:00:43', '2020-12-21 07:44:55'),
(16, 2170, 1, 6, 37, 120, 35.00, 1, 8, 3, '2020-12-21 07:44:52', '2020-12-16 14:01:27', '2020-12-21 07:44:52'),
(17, 2173, 2, 7, 38, 116, 1792.00, 4, 64, 3, '2020-12-21 07:44:47', '2020-12-16 14:21:45', '2020-12-21 07:44:47'),
(18, 2174, 2, 7, 39, 128, 180.00, 1, 64, 3, '2020-12-21 07:44:47', '2020-12-16 14:21:45', '2020-12-21 07:44:47'),
(19, 2175, 2, 7, 40, 120, 372.00, 1, 64, 3, '2020-12-21 07:44:47', '2020-12-16 14:21:45', '2020-12-21 07:44:47'),
(20, 2176, 2, 8, 41, 69, 280.00, 1, 9, 4, '2020-12-21 07:44:42', '2020-12-16 14:27:06', '2020-12-21 07:44:42'),
(21, 2177, 2, 8, 42, 75, 160.00, 1, 9, 4, '2020-12-21 07:44:42', '2020-12-16 14:27:06', '2020-12-21 07:44:42'),
(22, 2178, 2, 8, 43, 76, 100.00, 1, 9, 4, '2020-12-21 07:44:42', '2020-12-16 14:27:06', '2020-12-21 07:44:42'),
(23, 2179, 2, 8, 44, 82, 220.00, 1, 9, 4, '2020-12-21 07:44:42', '2020-12-16 14:27:06', '2020-12-21 07:44:42'),
(24, 2180, 2, 8, 45, 77, 50.00, 6, 9, 4, '2020-12-21 07:44:42', '2020-12-16 14:27:06', '2020-12-21 07:44:42'),
(25, 2181, 2, 8, 46, 198, 240.00, 1, 9, 4, '2020-12-21 07:44:42', '2020-12-16 14:27:06', '2020-12-21 07:44:42'),
(26, 2182, 2, 8, 47, 200, 50.00, 1, 9, 4, '2020-12-21 07:44:42', '2020-12-16 14:27:06', '2020-12-21 07:44:42'),
(27, 2183, 2, 9, 48, 5, 2600.00, 1, 13, 4, '2020-12-21 07:44:38', '2020-12-16 14:28:43', '2020-12-21 07:44:38'),
(28, 2184, 2, 10, 49, 52, 440.00, 1, 65, 4, '2020-12-21 07:44:34', '2020-12-16 14:32:27', '2020-12-21 07:44:34'),
(29, 2185, 2, 10, 50, 112, 625.00, 1, 65, 4, '2020-12-21 07:44:34', '2020-12-16 14:32:27', '2020-12-21 07:44:34'),
(30, 2186, 2, 10, 51, 46, 180.00, 1, 65, 4, '2020-12-21 07:44:34', '2020-12-16 14:32:27', '2020-12-21 07:44:34'),
(31, 2187, 2, 10, 52, 37, 450.00, 1, 65, 4, '2020-12-21 07:44:34', '2020-12-16 14:32:27', '2020-12-21 07:44:34'),
(32, 2188, 2, 11, 53, 20, 4710.00, 1, 8, 4, '2020-12-21 07:44:31', '2020-12-16 14:34:52', '2020-12-21 07:44:31'),
(33, 2189, 2, 11, 54, 25, 1750.00, 1, 8, 4, '2020-12-21 07:44:31', '2020-12-16 14:34:52', '2020-12-21 07:44:31'),
(34, 2190, 2, 11, 55, 23, 935.00, 1, 8, 4, '2020-12-21 07:44:31', '2020-12-16 14:34:52', '2020-12-21 07:44:31'),
(35, 2191, 2, 11, 56, 27, 350.00, 1, 8, 4, '2020-12-21 07:44:31', '2020-12-16 14:34:52', '2020-12-21 07:44:31'),
(36, 2192, 2, 12, 57, 138, 520.00, 6, 8, 3, '2020-12-21 07:44:27', '2020-12-16 14:36:10', '2020-12-21 07:44:27'),
(37, 2193, 2, 13, 58, 118, 525.00, 6, 31, 3, '2020-12-21 07:44:23', '2020-12-16 14:45:10', '2020-12-21 07:44:23'),
(38, 2194, 2, 13, 59, 201, 660.00, 6, 31, 3, '2020-12-21 07:44:23', '2020-12-16 14:45:10', '2020-12-21 07:44:23'),
(39, 2195, 2, 14, 60, 139, 930.00, 6, 29, 3, '2020-12-21 07:44:17', '2020-12-16 14:48:20', '2020-12-21 07:44:17'),
(40, 2202, 1, 15, 61, 138, 155.00, 6, 66, 3, NULL, '2020-12-21 08:32:26', '2020-12-21 08:32:26'),
(41, 2203, 1, 15, 62, 112, 125.00, 1, 66, 3, NULL, '2020-12-21 08:32:26', '2020-12-21 08:32:26'),
(42, 2204, 1, 15, 63, 198, 75.00, 1, 66, 3, NULL, '2020-12-21 08:32:26', '2020-12-21 08:32:26'),
(43, 2205, 1, 15, 64, 68, 150.00, 1, 66, 3, NULL, '2020-12-21 08:32:26', '2020-12-21 08:32:26'),
(44, 2206, 1, 16, 65, 61, 1775.00, 1, 2, 4, NULL, '2020-12-21 08:34:37', '2020-12-21 08:34:48'),
(45, 2207, 1, 17, 66, 52, 60.00, 1, 66, 3, NULL, '2020-12-21 08:38:28', '2020-12-21 08:38:28'),
(46, 2208, 1, 17, 67, 120, 35.00, 1, 66, 3, NULL, '2020-12-21 08:38:28', '2020-12-21 08:38:28'),
(47, 2209, 1, 17, 68, 117, 60.00, 4, 66, 3, NULL, '2020-12-21 08:38:28', '2020-12-21 08:38:28'),
(48, 2210, 1, 17, 69, 72, 10.00, 6, 66, 3, NULL, '2020-12-21 08:38:28', '2020-12-21 08:38:28'),
(49, 2211, 1, 18, 70, 77, 25.00, 6, 9, 4, NULL, '2020-12-21 08:46:49', '2020-12-21 08:46:49'),
(50, 2212, 1, 18, 71, 69, 80.00, 1, 9, 4, NULL, '2020-12-21 08:46:49', '2020-12-21 08:46:49'),
(51, 2213, 1, 18, 72, 75, 80.00, 1, 9, 4, NULL, '2020-12-21 08:46:49', '2020-12-21 08:46:49'),
(52, 2214, 1, 18, 73, 76, 20.00, 1, 9, 4, NULL, '2020-12-21 08:46:49', '2020-12-21 08:46:49'),
(53, 2215, 1, 18, 74, 266, 40.00, 1, 9, 4, NULL, '2020-12-21 08:46:49', '2020-12-21 08:46:49'),
(54, 2216, 1, 18, 75, 72, 30.00, 6, 9, 4, NULL, '2020-12-21 08:46:49', '2020-12-21 08:46:49'),
(55, 2217, 1, 19, 76, 120, 35.00, 1, 8, 3, NULL, '2020-12-21 08:47:26', '2020-12-21 08:47:26');

-- --------------------------------------------------------

--
-- Table structure for table `purchase_groups`
--

CREATE TABLE `purchase_groups` (
  `id` int(10) UNSIGNED NOT NULL,
  `mis_head_id` int(10) UNSIGNED NOT NULL,
  `date_id` int(10) UNSIGNED NOT NULL,
  `user_id` int(10) UNSIGNED NOT NULL,
  `note` text COLLATE utf8mb4_unicode_ci DEFAULT NULL,
  `deleted_at` timestamp NULL DEFAULT NULL,
  `created_at` timestamp NULL DEFAULT NULL,
  `updated_at` timestamp NULL DEFAULT NULL
) ENGINE=InnoDB DEFAULT CHARSET=utf8mb4 COLLATE=utf8mb4_unicode_ci;

--
-- Dumping data for table `purchase_groups`
--

INSERT INTO `purchase_groups` (`id`, `mis_head_id`, `date_id`, `user_id`, `note`, `deleted_at`, `created_at`, `updated_at`) VALUES
(1, 4, 1, 1, 'Egg,Mosur Dal,	Chilly-Kacha,Alo', '2020-12-21 07:45:10', '2020-12-16 13:47:09', '2020-12-21 07:45:10'),
(2, 4, 1, 1, 'Chiken (Coak)	7.100 kg', '2020-12-21 07:45:07', '2020-12-16 13:48:43', '2020-12-21 07:45:07'),
(3, 4, 1, 1, 'Peaj	AtaSorisha Oil	Lemon', '2020-12-21 07:45:03', '2020-12-16 13:54:00', '2020-12-21 07:45:03'),
(4, 4, 1, 1, 'Sweet Kumra	PepeChichingaGajorLemon', '2020-12-21 07:44:59', '2020-12-16 13:58:22', '2020-12-21 07:44:59'),
(5, 4, 1, 1, 'Potol	1.000 kg', '2020-12-21 07:44:55', '2020-12-16 14:00:43', '2020-12-21 07:44:55'),
(6, 4, 1, 1, 'Ata	1.000 kg', '2020-12-21 07:44:52', '2020-12-16 14:01:27', '2020-12-21 07:44:52'),
(7, 4, 2, 1, NULL, '2020-12-21 07:44:47', '2020-12-16 14:21:45', '2020-12-21 07:44:47'),
(8, 4, 2, 1, NULL, '2020-12-21 07:44:42', '2020-12-16 14:27:06', '2020-12-21 07:44:42'),
(9, 4, 2, 1, 'Normal Rice	50.000 kg', '2020-12-21 07:44:38', '2020-12-16 14:28:43', '2020-12-21 07:44:38'),
(10, 4, 2, 1, 'Peaj,Mosur Dal,Ada,Jira', '2020-12-21 07:44:34', '2020-12-16 14:32:26', '2020-12-21 07:44:34'),
(11, 4, 2, 1, 'Fish', '2020-12-21 07:44:31', '2020-12-16 14:34:52', '2020-12-21 07:44:31'),
(12, 4, 2, 1, 'Egg', '2020-12-21 07:44:27', '2020-12-16 14:36:10', '2020-12-21 07:44:27'),
(13, 4, 2, 1, 'Tissue', '2020-12-21 07:44:23', '2020-12-16 14:45:10', '2020-12-21 07:44:23'),
(14, 4, 2, 1, 'Air Freshner', '2020-12-21 07:44:17', '2020-12-16 14:48:19', '2020-12-21 07:44:17'),
(15, 4, 1, 1, NULL, NULL, '2020-12-21 08:32:26', '2020-12-21 08:32:26'),
(16, 4, 1, 1, 'Chiken (Coak)', NULL, '2020-12-21 08:34:37', '2020-12-21 08:34:37'),
(17, 4, 1, 1, 'Peaj,	Ata,Ata,Sorisha Oil,	Lemon', NULL, '2020-12-21 08:38:28', '2020-12-21 08:38:28'),
(18, 4, 1, 1, 'Sweet Kumra,Pepe,Chichinga,Gajor,Potol,Lemon', NULL, '2020-12-21 08:46:49', '2020-12-21 08:46:49'),
(19, 4, 1, 1, 'Ata', NULL, '2020-12-21 08:47:26', '2020-12-21 08:47:26');

-- --------------------------------------------------------

--
-- Table structure for table `r5_meal_types`
--

CREATE TABLE `r5_meal_types` (
  `id` int(10) UNSIGNED NOT NULL,
  `name` varchar(100) COLLATE utf8mb4_unicode_ci NOT NULL,
  `description` varchar(255) COLLATE utf8mb4_unicode_ci DEFAULT NULL,
  `created_at` timestamp NULL DEFAULT NULL,
  `updated_at` timestamp NULL DEFAULT NULL
) ENGINE=InnoDB DEFAULT CHARSET=utf8mb4 COLLATE=utf8mb4_unicode_ci;

--
-- Dumping data for table `r5_meal_types`
--

INSERT INTO `r5_meal_types` (`id`, `name`, `description`, `created_at`, `updated_at`) VALUES
(1, 'Fish', 'fish', '2019-12-02 15:58:46', NULL),
(2, 'Rice', 'Rice', '2019-12-02 15:59:37', NULL),
(3, 'Meat', 'Meat', '2019-12-02 15:59:46', NULL),
(4, 'Drinks', 'Drinks', '2019-12-02 15:59:55', NULL),
(6, 'Water', 'Water', '2020-01-20 01:36:12', NULL),
(7, 'Fruit', 'Fruit', '2020-01-20 02:53:45', NULL),
(8, 'Sweet', 'Sweet', '2020-01-20 02:54:02', NULL),
(9, 'Fastfood Item', 'Fastfood Item', '2020-01-20 02:54:30', NULL),
(10, 'Vegetables', 'Vegetables', '2020-01-20 02:55:20', NULL),
(11, 'Biriani', 'Biriani', '2020-01-20 03:10:09', NULL),
(12, 'Egg', 'Egg', '2020-01-20 03:14:51', NULL),
(13, 'Ruti', 'Ruti', '2020-01-20 04:08:47', NULL),
(14, 'Tea', 'Tea', '2020-01-20 04:09:47', NULL),
(15, 'Dal', 'Dal', '2020-01-20 04:10:09', NULL),
(16, 'Salad', 'Salad', '2020-01-20 04:18:59', NULL),
(17, 'Biscuits', 'Biscuits', '2020-01-20 22:11:14', NULL),
(18, 'Curds (Doi)', 'Curds (Doi)', '2020-01-20 22:17:59', NULL);

-- --------------------------------------------------------

--
-- Table structure for table `r6_meal_items`
--

CREATE TABLE `r6_meal_items` (
  `id` int(10) UNSIGNED NOT NULL,
  `name` varchar(100) COLLATE utf8mb4_unicode_ci NOT NULL,
  `price` int(11) NOT NULL,
  `meal_type_id` int(10) UNSIGNED NOT NULL,
  `description` varchar(255) COLLATE utf8mb4_unicode_ci DEFAULT NULL,
  `created_at` timestamp NULL DEFAULT NULL,
  `updated_at` timestamp NULL DEFAULT NULL
) ENGINE=InnoDB DEFAULT CHARSET=utf8mb4 COLLATE=utf8mb4_unicode_ci;

--
-- Dumping data for table `r6_meal_items`
--

INSERT INTO `r6_meal_items` (`id`, `name`, `price`, `meal_type_id`, `description`, `created_at`, `updated_at`) VALUES
(1, 'Plain Rice', 30, 2, NULL, '2019-12-02 21:00:47', NULL),
(2, 'Polau Rice', 60, 2, NULL, '2019-12-02 21:01:05', NULL),
(3, 'Hilsa Fish (Ilish)', 160, 1, NULL, '2019-12-02 21:01:21', NULL),
(4, 'Prawn (Chingri) Standard', 160, 1, NULL, '2019-12-02 21:01:41', NULL),
(6, 'Khichuri', 30, 2, NULL, '2020-01-20 08:14:25', NULL),
(7, 'Egg Curry', 25, 12, NULL, '2020-01-20 08:17:41', NULL),
(8, 'Egg Korma', 35, 12, NULL, '2020-01-20 08:17:51', NULL),
(9, 'Egg Mamlet', 20, 12, NULL, '2020-01-20 08:18:19', NULL),
(10, 'Chiken Biriani (Full)', 240, 11, NULL, '2020-01-20 08:26:53', NULL),
(11, 'Mutton Kacchi Biriyani (Full)', 320, 11, NULL, '2020-01-20 08:32:41', NULL),
(12, 'Teheri (Full)', 300, 11, NULL, '2020-01-20 08:33:42', NULL),
(13, '.5 Litre water', 15, 6, NULL, '2020-01-20 08:55:26', NULL),
(14, '1 litre water', 20, 6, NULL, '2020-01-20 08:56:04', NULL),
(15, 'Ruti', 15, 13, NULL, '2020-01-20 09:09:31', NULL),
(16, 'Dal', 20, 15, NULL, '2020-01-20 09:10:30', NULL),
(17, 'Tea', 10, 14, NULL, '2020-01-20 09:10:54', NULL),
(18, 'Salad', 10, 16, NULL, '2020-01-20 09:19:25', NULL),
(19, 'Singra', 10, 9, NULL, '2020-01-21 03:10:34', NULL),
(20, 'Biscuits', 10, 17, NULL, '2020-01-21 03:11:55', NULL),
(21, 'Mixed Vagetables', 30, 10, NULL, '2020-01-21 03:14:33', NULL),
(22, 'Mutton Curry', 150, 3, NULL, '2020-01-21 03:15:41', NULL),
(23, 'Rui Fish Curry', 110, 1, NULL, '2020-01-21 03:16:17', NULL),
(24, 'Mogh Dal', 20, 15, NULL, '2020-01-21 03:16:43', NULL),
(25, 'Curds (Doi)', 25, 18, NULL, '2020-01-21 03:18:19', NULL),
(26, 'All time Cake', 15, 9, NULL, '2020-01-21 03:28:46', NULL),
(27, 'Plain Cake', 25, 9, NULL, '2020-01-21 03:29:24', NULL),
(28, 'Banana', 10, 7, NULL, '2020-01-21 03:29:47', NULL),
(29, 'Coffee', 40, 14, NULL, '2020-01-21 03:32:06', NULL),
(30, 'Begun Vazi 1pcs', 10, 10, NULL, '2020-01-21 05:37:45', NULL),
(31, 'Beef Curry', 120, 3, NULL, '2020-01-21 05:38:12', NULL),
(32, 'Begun Vazi 2 Pcs', 20, 10, NULL, '2020-01-21 05:38:41', NULL),
(33, 'Begun Vorta', 20, 10, NULL, '2020-01-21 05:39:20', NULL),
(34, 'Banana Vorta', 20, 10, NULL, '2020-01-21 05:40:23', NULL),
(35, 'Taki Fish Vorta', 25, 1, NULL, '2020-01-21 05:40:51', NULL),
(36, 'Somocha', 10, 9, NULL, '2020-01-29 07:28:41', NULL),
(37, 'Shol Fish Curry', 160, 1, NULL, '2020-01-29 07:33:56', NULL),
(38, 'Chicken Curry', 110, 3, NULL, '2020-02-08 04:39:50', NULL),
(39, 'Mineral Water (330ml)', 10, 6, '2000ml for 4 person', '2020-02-08 04:41:07', NULL),
(40, 'Mineral Water (500ml)', 15, 6, NULL, '2020-02-08 04:41:18', NULL),
(41, 'Mineral Water (1000ml)', 20, 6, NULL, '2020-02-08 04:41:29', NULL),
(42, 'Mineral Water (1500ml)', 25, 6, NULL, '2020-02-08 04:41:42', NULL),
(43, 'Mineral Water (2000ml)', 30, 6, NULL, '2020-02-08 04:44:17', NULL),
(44, 'Dal Vorta', 20, 15, NULL, '2020-02-08 04:57:42', NULL),
(45, 'Batai Fish Curry', 110, 1, NULL, '2020-02-08 04:59:06', NULL),
(46, 'Bowal Fish Curry', 160, 1, NULL, '2020-02-08 04:59:35', NULL),
(48, 'Sweet', 30, 8, NULL, '2020-02-08 05:14:18', NULL),
(49, 'Salad for breakfast', 5, 16, NULL, '2020-02-16 09:56:46', NULL),
(50, 'Vegetable With Small Chingri', 40, 10, NULL, '2020-02-17 10:47:47', NULL),
(51, 'Apple', 30, 7, NULL, '2020-02-17 10:48:40', NULL),
(52, 'Soft Drinks (250ml)', 25, 4, NULL, '2020-02-17 11:22:28', NULL),
(53, 'Sprite (250ml)', 25, 4, NULL, '2020-02-17 11:23:45', NULL),
(54, '7 Up (250ml)', 20, 4, NULL, '2020-02-17 11:24:14', NULL),
(55, 'Beef Curry 2 Piece', 120, 3, NULL, '2020-02-17 11:29:14', NULL),
(56, 'Duck Meat Curry', 160, 3, NULL, '2020-02-25 12:32:03', NULL),
(57, 'Lal Shak', 25, 10, NULL, '2020-02-25 12:47:19', NULL),
(58, 'Apple Cool (Boroi)', 20, 7, NULL, '2020-02-25 12:54:47', NULL),
(59, 'Lal Shak With Chingri', 50, 10, NULL, '2020-03-03 08:26:18', NULL),
(60, 'Piece Cake', 20, 9, NULL, '2020-03-03 08:37:31', NULL),
(61, 'Beef Curry-3PCS', 180, 3, NULL, '2020-03-03 09:56:53', NULL),
(62, 'Vegetable Roll', 45, 9, NULL, '2020-03-07 08:21:22', NULL),
(63, 'Singara 2 Piece', 20, 9, NULL, '2020-03-09 07:23:01', NULL),
(64, 'Sandwich', 60, 9, NULL, '2020-03-09 08:22:06', NULL),
(65, 'Sos', 5, 9, NULL, '2020-03-09 08:24:07', NULL),
(66, 'Korolla Bhazi With Chingri Fish', 50, 1, NULL, '2020-03-10 02:24:20', NULL),
(67, 'Patil Doi', 40, 18, NULL, '2020-03-10 02:28:23', NULL),
(68, 'Dry Cake', 20, 17, NULL, '2020-03-10 05:00:10', NULL),
(69, 'Pattish', 30, 9, NULL, '2020-03-10 07:15:42', NULL),
(70, 'Mutton Biriyani-Half', 160, 11, NULL, '2020-03-10 11:39:21', NULL),
(71, 'Mutton Biriyani Full', 320, 11, NULL, '2020-03-10 14:04:47', NULL),
(72, 'Chicken Curry-Deshi', 160, 3, NULL, '2020-03-10 15:03:25', NULL),
(73, 'Egg Buna', 20, 12, NULL, '2020-03-11 07:34:30', NULL),
(74, 'Chatni', 10, 9, NULL, '2020-03-11 07:52:11', NULL),
(75, 'Boter Dal With Fish', 50, 15, NULL, '2020-03-11 07:58:27', NULL),
(76, 'Khejur Payes', 50, 8, NULL, '2020-03-11 08:06:20', NULL),
(77, 'Chilly Vorta', 10, 10, NULL, '2020-03-14 03:33:40', NULL),
(78, 'Grapes', 100, 7, NULL, '2020-03-14 05:37:06', NULL),
(79, 'Burger', 60, 9, NULL, '2020-03-14 05:39:20', NULL),
(80, 'Chingri fish with lao', 50, 1, NULL, '2020-07-16 09:29:46', NULL),
(81, 'Chicken Biriyani (Half)', 170, 2, NULL, '2020-07-17 08:19:04', NULL),
(82, 'Parcel Box', 10, 2, NULL, '2020-07-21 03:58:43', NULL);

-- --------------------------------------------------------

--
-- Table structure for table `r7_menu_types`
--

CREATE TABLE `r7_menu_types` (
  `id` int(10) UNSIGNED NOT NULL,
  `name` varchar(100) COLLATE utf8mb4_unicode_ci NOT NULL,
  `description` varchar(255) COLLATE utf8mb4_unicode_ci DEFAULT NULL,
  `created_at` timestamp NULL DEFAULT NULL,
  `updated_at` timestamp NULL DEFAULT NULL
) ENGINE=InnoDB DEFAULT CHARSET=utf8mb4 COLLATE=utf8mb4_unicode_ci;

--
-- Dumping data for table `r7_menu_types`
--

INSERT INTO `r7_menu_types` (`id`, `name`, `description`, `created_at`, `updated_at`) VALUES
(1, 'Breakfast', NULL, '2019-12-02 15:53:51', NULL),
(2, 'Lunch', NULL, '2019-12-02 15:54:02', NULL),
(4, 'Morning Snacks', NULL, '2020-01-20 04:11:28', NULL),
(5, 'Dinner', NULL, '2020-01-20 22:46:17', NULL),
(6, 'Evening Snacks', 'Evening Snacks', '2020-01-20 22:47:17', NULL);

-- --------------------------------------------------------

--
-- Table structure for table `r9_food_menu`
--

CREATE TABLE `r9_food_menu` (
  `id` int(10) UNSIGNED NOT NULL,
  `menu_type_id` int(10) UNSIGNED NOT NULL,
  `name` varchar(191) COLLATE utf8mb4_unicode_ci NOT NULL,
  `price` double(10,2) NOT NULL DEFAULT 0.00,
  `created_at` timestamp NULL DEFAULT NULL,
  `updated_at` timestamp NULL DEFAULT NULL
) ENGINE=InnoDB DEFAULT CHARSET=utf8mb4 COLLATE=utf8mb4_unicode_ci;

--
-- Dumping data for table `r9_food_menu`
--

INSERT INTO `r9_food_menu` (`id`, `menu_type_id`, `name`, `price`, `created_at`, `updated_at`) VALUES
(1, 1, 'Breakfast (R)', 70.00, '2020-01-20 09:24:31', '2020-01-20 09:24:31'),
(2, 1, 'Morining Snaks 1', 30.00, '2020-01-21 03:14:52', '2020-01-21 03:14:52'),
(5, 4, 'Extra Coffee', 40.00, '2020-01-21 03:39:03', '2020-01-21 03:39:03'),
(6, 6, 'Evening Snacks', 35.00, '2020-01-21 03:48:25', '2020-01-21 03:48:25'),
(12, 5, 'Dinner', 200.00, '2020-01-29 07:25:24', '2020-01-29 07:25:39'),
(14, 1, 'Breakfast(SK+F)', 145.00, '2020-02-08 04:56:11', '2020-02-08 04:56:11'),
(16, 6, 'Evening Snacks', 40.00, '2020-02-08 05:15:15', '2020-02-08 05:15:15'),
(17, 1, 'Breakfast(Kh)', 70.00, '2020-02-16 09:57:50', '2020-02-17 09:21:45'),
(18, 4, 'Morning Snacks (B+T)', 20.00, '2020-02-16 09:59:00', '2020-02-17 09:21:26'),
(19, 2, 'Lunch', 260.00, '2020-02-16 10:00:51', '2020-02-16 10:00:51'),
(20, 2, 'Lunch (SK+F)', 505.00, '2020-02-17 10:30:16', '2020-02-17 10:30:16'),
(21, 2, 'Lunch (R)', 9360.00, '2020-02-17 10:38:21', '2020-02-17 10:38:21'),
(22, 6, 'Evening Snacks', 30.00, '2020-02-17 10:49:15', '2020-02-17 10:49:15'),
(23, 2, 'Lunch(Z)', 245.00, '2020-02-17 11:08:54', '2020-02-17 11:08:54'),
(26, 1, 'Breakfast(Kh)', 55.00, '2020-02-17 11:36:18', '2020-02-17 11:36:18'),
(27, 2, 'Lunch(Akij)', 430.00, '2020-02-17 11:37:11', '2020-02-17 11:37:11'),
(28, 4, 'Evening Snacks', 10.00, '2020-02-17 11:37:31', '2020-02-17 11:37:31'),
(29, 2, 'Lunch(Popular)', 280.00, '2020-02-25 12:14:29', '2020-02-25 12:14:29'),
(30, 2, 'Lunch(Popular)', 335.00, '2020-02-25 12:16:44', '2020-02-25 12:16:44'),
(31, 2, 'Lunch(ACI)', 220.00, '2020-02-25 12:35:47', '2020-02-25 12:35:47'),
(32, 6, 'Evening Snacks(T)', 10.00, '2020-02-25 12:36:45', '2020-02-25 12:36:45'),
(33, 4, 'Morning Snacks(P+T)', 35.00, '2020-02-25 12:44:43', '2020-02-25 12:44:43'),
(34, 2, 'Lunch', 255.00, '2020-02-25 12:49:47', '2020-02-25 12:49:47'),
(35, 6, 'Evening Snacks', 45.00, '2020-02-25 12:56:43', '2020-02-25 12:56:43'),
(36, 2, 'L01', 235.00, '2020-02-26 06:03:39', '2020-02-26 06:03:39'),
(37, 2, 'L02', 480.00, '2020-02-26 06:05:12', '2020-02-26 06:05:12'),
(38, 2, 'L03', 340.00, '2020-02-26 06:06:40', '2020-02-26 06:06:40'),
(39, 2, 'Lunch', 180.00, '2020-03-01 12:14:37', '2020-03-01 12:14:37'),
(40, 2, 'Lunch', 230.00, '2020-03-01 12:30:36', '2020-03-01 12:30:36'),
(41, 6, 'Evening Snacks (B+T)', 20.00, '2020-03-03 06:24:57', '2020-03-03 06:24:57'),
(43, 6, 'Evening Snacks Coffee', 40.00, '2020-03-03 06:30:32', '2020-03-03 06:30:32'),
(44, 1, 'Breakfast', 60.00, '2020-03-03 08:23:06', '2020-03-03 08:23:06'),
(45, 2, 'Lunch', 355.00, '2020-03-03 08:31:34', '2020-03-03 08:31:34'),
(46, 5, 'Dinner', 355.00, '2020-03-03 08:32:53', '2020-03-03 08:32:53'),
(47, 6, 'Evening Snacks', 30.00, '2020-03-03 08:39:13', '2020-03-03 08:39:13'),
(48, 4, 'Morning Snacks', 40.00, '2020-03-03 09:53:56', '2020-03-03 09:53:56'),
(49, 2, 'Lunch', 260.00, '2020-03-03 09:58:23', '2020-03-03 09:58:23'),
(50, 2, 'Lunch', 250.00, '2020-03-05 03:07:42', '2020-03-05 03:07:42'),
(51, 4, 'Morning Snacks', 10.00, '2020-03-05 03:09:03', '2020-03-05 03:09:03'),
(52, 2, 'Lunch', 240.00, '2020-03-05 05:37:01', '2020-03-05 05:37:01'),
(53, 6, 'Evening Snacks', 30.00, '2020-03-05 05:37:37', '2020-03-05 05:37:37'),
(54, 2, 'Lunch', 240.00, '2020-03-05 05:53:08', '2020-03-05 05:53:08'),
(55, 4, 'morning Snacks', 65.00, '2020-03-07 08:25:18', '2020-03-07 08:25:18'),
(56, 2, 'Lunch', 375.00, '2020-03-07 08:27:16', '2020-03-07 08:27:16'),
(57, 2, 'Lunch', 325.00, '2020-03-07 08:39:05', '2020-03-07 08:39:05'),
(58, 1, 'Lunch', 375.00, '2020-03-09 02:10:52', '2020-03-09 02:10:52'),
(59, 2, 'Lunch', 15.00, '2020-03-09 02:22:54', '2020-03-09 02:22:54'),
(60, 5, 'Dinner', 180.00, '2020-03-09 02:32:55', '2020-03-09 02:32:55'),
(61, 4, 'Morning Snacks', 30.00, '2020-03-09 07:24:17', '2020-03-09 07:24:17'),
(62, 2, 'Lunch', 310.00, '2020-03-09 07:28:36', '2020-03-09 07:28:36'),
(63, 1, 'Breakfast', 70.00, '2020-03-10 02:10:15', '2020-03-10 02:10:15'),
(64, 2, 'Lunch', 400.00, '2020-03-10 02:20:13', '2020-03-10 02:20:13'),
(65, 2, 'Lunch', 90.00, '2020-03-10 02:29:36', '2020-03-10 02:29:36'),
(66, 2, 'Lunch', 35.00, '2020-03-10 02:32:33', '2020-03-10 02:32:33'),
(67, 2, 'Lunch', 25.00, '2020-03-10 02:33:02', '2020-03-10 02:33:02'),
(68, 6, 'Evening Snacks', 40.00, '2020-03-10 02:34:39', '2020-03-10 02:34:39'),
(69, 4, 'Morning Snacks', 40.00, '2020-03-10 04:58:12', '2020-03-10 04:58:12'),
(70, 6, 'Evening Snacks', 30.00, '2020-03-10 05:03:17', '2020-03-10 05:03:17'),
(71, 2, 'Lunch', 190.00, '2020-03-10 06:52:23', '2020-03-10 06:52:23'),
(72, 4, 'Morning Snacks', 50.00, '2020-03-10 07:13:17', '2020-03-10 07:13:17'),
(73, 2, 'Lunch', 355.00, '2020-03-10 07:14:30', '2020-03-10 07:14:30'),
(74, 4, 'Evening Snacks', 40.00, '2020-03-10 07:16:15', '2020-03-10 07:16:15'),
(75, 2, 'Lunch', 335.00, '2020-03-10 07:17:29', '2020-03-10 07:17:29'),
(76, 2, 'Lunch (W)', 15.00, '2020-03-10 08:04:03', '2020-03-10 08:04:03'),
(77, 4, 'Morning Snacks', 85.00, '2020-03-10 08:32:30', '2020-03-10 08:32:30'),
(78, 2, 'Lunch', 210.00, '2020-03-10 12:02:17', '2020-03-10 12:02:17'),
(79, 2, 'Lunch', 190.00, '2020-03-10 12:22:14', '2020-03-10 12:22:14'),
(80, 2, 'Lunch W', 25.00, '2020-03-10 12:22:41', '2020-03-10 12:22:41'),
(81, 2, 'Lunch B', 110.00, '2020-03-10 12:23:10', '2020-03-10 12:23:10'),
(82, 1, 'Breakfast', 115.00, '2020-03-10 14:02:55', '2020-03-10 14:02:55'),
(83, 2, 'Lunch', 465.00, '2020-03-10 14:06:31', '2020-03-10 14:06:31'),
(84, 6, 'Evening Snacks', 85.00, '2020-03-10 14:07:57', '2020-03-10 14:07:57'),
(86, 4, 'Morning Snacks', 115.00, '2020-03-10 15:05:54', '2020-03-10 15:05:54'),
(87, 2, 'Lunch', 430.00, '2020-03-10 15:07:40', '2020-03-10 15:07:40'),
(88, 1, 'Breakfast', 120.00, '2020-03-11 07:37:39', '2020-03-11 07:37:39'),
(89, 2, 'Lunch', 470.00, '2020-03-11 07:39:06', '2020-03-11 07:39:06'),
(90, 6, 'Evening Snacks', 85.00, '2020-03-11 07:40:07', '2020-03-11 07:40:07'),
(91, 2, 'Lunch', 170.00, '2020-03-11 07:46:30', '2020-03-11 07:46:30'),
(92, 5, 'Dinner', 300.00, '2020-03-11 07:50:13', '2020-03-11 07:50:13'),
(93, 1, 'Breakfast', 95.00, '2020-03-11 07:54:06', '2020-03-11 07:54:06'),
(94, 4, 'Morning Snacks', 50.00, '2020-03-11 07:55:59', '2020-03-11 07:55:59'),
(95, 2, 'Lunch', 475.00, '2020-03-11 08:08:16', '2020-03-11 08:08:16'),
(96, 2, 'Lunch', 485.00, '2020-03-11 08:17:12', '2020-03-11 08:17:12'),
(97, 6, 'Evening Snacks', 40.00, '2020-03-14 03:11:55', '2020-03-14 03:11:55'),
(98, 6, 'Evening Snacks', 10.00, '2020-03-14 03:12:23', '2020-03-14 03:12:23'),
(99, 6, 'Evening Snacks W', 25.00, '2020-03-14 03:13:17', '2020-03-14 03:13:17'),
(100, 1, 'Breakfast', 80.00, '2020-03-14 03:34:52', '2020-03-14 03:34:52'),
(101, 6, 'Morning Snacks,Lunch & Evening Snacks', 670.00, '2020-03-14 05:45:26', '2020-03-14 05:45:26'),
(102, 2, 'Lunch', 405.00, '2020-07-16 09:32:44', '2020-07-16 09:32:44'),
(103, 2, 'Lunch', 170.00, '2020-07-17 08:20:47', '2020-07-17 08:20:47'),
(104, 2, 'lunch', 520.00, '2020-07-17 08:35:50', '2020-07-17 08:35:50'),
(105, 2, 'Lunch', 290.00, '2020-07-18 02:50:35', '2020-07-18 02:50:35'),
(106, 2, 'Lunch', 240.00, '2020-07-20 03:12:46', '2020-07-20 03:12:46'),
(107, 2, 'Lunch', 170.00, '2020-07-21 03:55:39', '2020-07-21 03:55:39'),
(108, 2, 'Lunch', 5.00, '2020-07-21 03:59:30', '2020-07-21 03:59:30'),
(109, 2, 'Lunch', 15.00, '2020-07-21 04:00:01', '2020-07-21 04:00:01');

-- --------------------------------------------------------

--
-- Table structure for table `r10_food_menu_items`
--

CREATE TABLE `r10_food_menu_items` (
  `id` int(10) UNSIGNED NOT NULL,
  `food_menu_id` int(10) UNSIGNED NOT NULL,
  `meal_item_id` int(10) UNSIGNED NOT NULL,
  `quantity` smallint(6) NOT NULL DEFAULT 0,
  `created_at` timestamp NULL DEFAULT NULL,
  `updated_at` timestamp NULL DEFAULT NULL
) ENGINE=InnoDB DEFAULT CHARSET=utf8mb4 COLLATE=utf8mb4_unicode_ci;

--
-- Dumping data for table `r10_food_menu_items`
--

INSERT INTO `r10_food_menu_items` (`id`, `food_menu_id`, `meal_item_id`, `quantity`, `created_at`, `updated_at`) VALUES
(1, 1, 9, 1, '2020-01-20 09:24:31', '2020-01-20 09:24:31'),
(2, 1, 15, 1, '2020-01-20 09:24:31', '2020-01-20 09:24:31'),
(3, 1, 16, 1, '2020-01-20 09:24:31', '2020-01-20 09:24:31'),
(4, 1, 17, 1, '2020-01-20 09:24:31', '2020-01-20 09:24:31'),
(5, 2, 20, 1, '2020-01-21 03:14:52', '2020-01-21 03:14:52'),
(6, 2, 17, 1, '2020-01-21 03:14:52', '2020-01-21 03:14:52'),
(7, 2, 19, 1, '2020-01-21 03:14:52', '2020-01-21 03:14:52'),
(15, 5, 29, 1, '2020-01-21 03:39:03', '2020-01-21 03:39:03'),
(16, 6, 26, 1, '2020-01-21 03:48:25', '2020-01-21 03:48:25'),
(17, 6, 28, 1, '2020-01-21 03:48:25', '2020-01-21 03:48:25'),
(18, 6, 17, 1, '2020-01-21 03:48:25', '2020-01-21 03:48:25'),
(52, 12, 1, 1, '2020-01-29 07:25:24', '2020-01-29 07:25:24'),
(53, 12, 21, 1, '2020-01-29 07:25:24', '2020-01-29 07:25:24'),
(54, 12, 23, 1, '2020-01-29 07:25:24', '2020-01-29 07:25:24'),
(55, 12, 16, 1, '2020-01-29 07:25:24', '2020-01-29 07:25:24'),
(56, 12, 18, 1, '2020-01-29 07:25:24', '2020-01-29 07:25:24'),
(61, 14, 15, 1, '2020-02-08 04:56:11', '2020-02-08 04:56:11'),
(62, 14, 38, 1, '2020-02-08 04:56:11', '2020-02-08 04:56:11'),
(63, 14, 39, 1, '2020-02-08 04:56:11', '2020-02-08 04:56:11'),
(64, 14, 17, 1, '2020-02-08 04:56:11', '2020-02-08 04:56:11'),
(72, 16, 48, 1, '2020-02-08 05:15:15', '2020-02-08 05:15:15'),
(73, 16, 20, 1, '2020-02-08 05:15:15', '2020-02-08 05:15:15'),
(74, 17, 6, 1, '2020-02-16 09:57:50', '2020-02-16 09:57:50'),
(75, 17, 7, 1, '2020-02-16 09:57:50', '2020-02-16 09:57:50'),
(76, 17, 17, 1, '2020-02-16 09:57:50', '2020-02-16 09:57:50'),
(77, 17, 49, 1, '2020-02-16 09:57:50', '2020-02-16 09:57:50'),
(78, 18, 20, 1, '2020-02-16 09:59:00', '2020-02-16 09:59:00'),
(79, 18, 17, 1, '2020-02-16 09:59:00', '2020-02-16 09:59:00'),
(80, 19, 1, 1, '2020-02-16 10:00:51', '2020-02-16 10:00:51'),
(81, 19, 35, 1, '2020-02-16 10:00:51', '2020-02-16 10:00:51'),
(82, 19, 21, 1, '2020-02-16 10:00:51', '2020-02-16 10:00:51'),
(83, 19, 31, 1, '2020-02-16 10:00:51', '2020-02-16 10:00:51'),
(84, 19, 16, 1, '2020-02-16 10:00:51', '2020-02-16 10:00:51'),
(85, 19, 18, 1, '2020-02-16 10:00:51', '2020-02-16 10:00:51'),
(86, 19, 25, 1, '2020-02-16 10:00:51', '2020-02-16 10:00:51'),
(87, 20, 1, 1, '2020-02-17 10:30:16', '2020-02-17 10:30:16'),
(88, 20, 44, 1, '2020-02-17 10:30:16', '2020-02-17 10:30:16'),
(89, 20, 45, 1, '2020-02-17 10:30:16', '2020-02-17 10:30:16'),
(90, 20, 46, 1, '2020-02-17 10:30:16', '2020-02-17 10:30:16'),
(91, 20, 22, 1, '2020-02-17 10:30:16', '2020-02-17 10:30:16'),
(92, 20, 18, 1, '2020-02-17 10:30:16', '2020-02-17 10:30:16'),
(93, 20, 25, 1, '2020-02-17 10:30:16', '2020-02-17 10:30:16'),
(94, 21, 2, 14, '2020-02-17 10:38:21', '2020-02-17 10:38:21'),
(95, 21, 22, 24, '2020-02-17 10:38:21', '2020-02-17 10:38:21'),
(96, 21, 31, 41, '2020-02-17 10:38:21', '2020-02-17 10:38:21'),
(97, 22, 51, 1, '2020-02-17 10:49:15', '2020-02-17 10:49:15'),
(98, 23, 1, 1, '2020-02-17 11:08:54', '2020-02-17 11:08:54'),
(99, 23, 50, 1, '2020-02-17 11:08:54', '2020-02-17 11:08:54'),
(100, 23, 31, 1, '2020-02-17 11:08:54', '2020-02-17 11:08:54'),
(101, 23, 16, 1, '2020-02-17 11:08:54', '2020-02-17 11:08:54'),
(102, 23, 18, 1, '2020-02-17 11:08:54', '2020-02-17 11:08:54'),
(103, 23, 25, 1, '2020-02-17 11:08:54', '2020-02-17 11:08:54'),
(121, 26, 6, 1, '2020-02-17 11:36:18', '2020-02-17 11:36:18'),
(122, 26, 7, 1, '2020-02-17 11:36:18', '2020-02-17 11:36:18'),
(123, 27, 1, 1, '2020-02-17 11:37:11', '2020-02-17 11:37:11'),
(124, 27, 30, 1, '2020-02-17 11:37:11', '2020-02-17 11:37:11'),
(125, 27, 31, 1, '2020-02-17 11:37:11', '2020-02-17 11:37:11'),
(126, 27, 16, 1, '2020-02-17 11:37:11', '2020-02-17 11:37:11'),
(127, 27, 54, 1, '2020-02-17 11:37:11', '2020-02-17 11:37:11'),
(128, 28, 17, 1, '2020-02-17 11:37:31', '2020-02-17 11:37:31'),
(129, 29, 1, 1, '2020-02-25 12:14:29', '2020-02-25 12:14:29'),
(130, 29, 45, 1, '2020-02-25 12:14:29', '2020-02-25 12:14:29'),
(131, 29, 31, 1, '2020-02-25 12:14:29', '2020-02-25 12:14:29'),
(132, 29, 16, 1, '2020-02-25 12:14:29', '2020-02-25 12:14:29'),
(133, 30, 1, 1, '2020-02-25 12:16:44', '2020-02-25 12:16:44'),
(134, 30, 21, 1, '2020-02-25 12:16:44', '2020-02-25 12:16:44'),
(135, 30, 23, 1, '2020-02-25 12:16:44', '2020-02-25 12:16:44'),
(136, 30, 31, 1, '2020-02-25 12:16:44', '2020-02-25 12:16:44'),
(137, 30, 16, 1, '2020-02-25 12:16:44', '2020-02-25 12:16:44'),
(138, 30, 25, 1, '2020-02-25 12:16:44', '2020-02-25 12:16:44'),
(139, 31, 1, 1, '2020-02-25 12:35:47', '2020-02-25 12:35:47'),
(140, 31, 30, 1, '2020-02-25 12:35:47', '2020-02-25 12:35:47'),
(141, 31, 56, 1, '2020-02-25 12:35:47', '2020-02-25 12:35:47'),
(142, 31, 16, 1, '2020-02-25 12:35:47', '2020-02-25 12:35:47'),
(143, 32, 17, 1, '2020-02-25 12:36:45', '2020-02-25 12:36:45'),
(144, 33, 27, 1, '2020-02-25 12:44:43', '2020-02-25 12:44:43'),
(145, 34, 1, 1, '2020-02-25 12:49:47', '2020-02-25 12:49:47'),
(146, 34, 57, 1, '2020-02-25 12:49:47', '2020-02-25 12:49:47'),
(147, 34, 56, 1, '2020-02-25 12:49:47', '2020-02-25 12:49:47'),
(148, 34, 16, 1, '2020-02-25 12:49:47', '2020-02-25 12:49:47'),
(149, 34, 39, 1, '2020-02-25 12:49:47', '2020-02-25 12:49:47'),
(150, 34, 18, 1, '2020-02-25 12:49:47', '2020-02-25 12:49:47'),
(151, 35, 58, 1, '2020-02-25 12:56:43', '2020-02-25 12:56:43'),
(152, 35, 27, 1, '2020-02-25 12:56:43', '2020-02-25 12:56:43'),
(153, 36, 1, 1, '2020-02-26 06:03:39', '2020-02-26 06:03:39'),
(154, 36, 35, 1, '2020-02-26 06:03:39', '2020-02-26 06:03:39'),
(155, 36, 21, 1, '2020-02-26 06:03:39', '2020-02-26 06:03:39'),
(156, 36, 31, 1, '2020-02-26 06:03:39', '2020-02-26 06:03:39'),
(157, 36, 16, 1, '2020-02-26 06:03:39', '2020-02-26 06:03:39'),
(158, 36, 18, 1, '2020-02-26 06:03:39', '2020-02-26 06:03:39'),
(159, 37, 1, 1, '2020-02-26 06:05:12', '2020-02-26 06:05:12'),
(160, 37, 44, 1, '2020-02-26 06:05:12', '2020-02-26 06:05:12'),
(161, 37, 45, 1, '2020-02-26 06:05:12', '2020-02-26 06:05:12'),
(162, 37, 46, 1, '2020-02-26 06:05:12', '2020-02-26 06:05:12'),
(163, 37, 22, 1, '2020-02-26 06:05:12', '2020-02-26 06:05:12'),
(164, 37, 18, 1, '2020-02-26 06:05:12', '2020-02-26 06:05:12'),
(165, 38, 1, 1, '2020-02-26 06:06:40', '2020-02-26 06:06:40'),
(166, 38, 4, 1, '2020-02-26 06:06:41', '2020-02-26 06:06:41'),
(167, 38, 31, 1, '2020-02-26 06:06:41', '2020-02-26 06:06:41'),
(168, 38, 16, 1, '2020-02-26 06:06:41', '2020-02-26 06:06:41'),
(169, 38, 18, 1, '2020-02-26 06:06:41', '2020-02-26 06:06:41'),
(170, 39, 1, 1, '2020-03-01 12:14:37', '2020-03-01 12:14:37'),
(171, 39, 30, 1, '2020-03-01 12:14:37', '2020-03-01 12:14:37'),
(172, 39, 38, 1, '2020-03-01 12:14:37', '2020-03-01 12:14:37'),
(173, 39, 16, 1, '2020-03-01 12:14:37', '2020-03-01 12:14:37'),
(174, 39, 18, 1, '2020-03-01 12:14:37', '2020-03-01 12:14:37'),
(175, 40, 1, 1, '2020-03-01 12:30:36', '2020-03-01 12:30:36'),
(176, 40, 23, 1, '2020-03-01 12:30:36', '2020-03-01 12:30:36'),
(177, 40, 55, 1, '2020-03-01 12:30:36', '2020-03-01 12:30:36'),
(178, 40, 16, 1, '2020-03-01 12:30:36', '2020-03-01 12:30:36'),
(179, 40, 18, 1, '2020-03-01 12:30:36', '2020-03-01 12:30:36'),
(180, 41, 20, 1, '2020-03-03 06:24:57', '2020-03-03 06:24:57'),
(181, 41, 17, 1, '2020-03-03 06:24:57', '2020-03-03 06:24:57'),
(183, 43, 29, 1, '2020-03-03 06:30:32', '2020-03-03 06:30:32'),
(184, 44, 6, 1, '2020-03-03 08:23:06', '2020-03-03 08:23:06'),
(185, 44, 7, 1, '2020-03-03 08:23:06', '2020-03-03 08:23:06'),
(186, 44, 49, 1, '2020-03-03 08:23:06', '2020-03-03 08:23:06'),
(187, 45, 1, 1, '2020-03-03 08:31:34', '2020-03-03 08:31:34'),
(188, 45, 59, 1, '2020-03-03 08:31:34', '2020-03-03 08:31:34'),
(189, 45, 45, 1, '2020-03-03 08:31:34', '2020-03-03 08:31:34'),
(190, 45, 31, 1, '2020-03-03 08:31:34', '2020-03-03 08:31:34'),
(191, 45, 16, 1, '2020-03-03 08:31:34', '2020-03-03 08:31:34'),
(192, 45, 18, 1, '2020-03-03 08:31:34', '2020-03-03 08:31:34'),
(193, 45, 25, 1, '2020-03-03 08:31:34', '2020-03-03 08:31:34'),
(194, 46, 1, 1, '2020-03-03 08:32:53', '2020-03-03 08:32:53'),
(195, 46, 59, 1, '2020-03-03 08:32:53', '2020-03-03 08:32:53'),
(196, 46, 31, 1, '2020-03-03 08:32:53', '2020-03-03 08:32:53'),
(197, 46, 45, 1, '2020-03-03 08:32:53', '2020-03-03 08:32:53'),
(198, 46, 16, 1, '2020-03-03 08:32:53', '2020-03-03 08:32:53'),
(199, 46, 18, 1, '2020-03-03 08:32:53', '2020-03-03 08:32:53'),
(200, 46, 25, 1, '2020-03-03 08:32:53', '2020-03-03 08:32:53'),
(201, 47, 60, 1, '2020-03-03 08:39:13', '2020-03-03 08:39:13'),
(202, 47, 17, 1, '2020-03-03 08:39:13', '2020-03-03 08:39:13'),
(203, 48, 51, 1, '2020-03-03 09:53:56', '2020-03-03 09:53:56'),
(204, 48, 20, 1, '2020-03-03 09:53:56', '2020-03-03 09:53:56'),
(205, 49, 1, 1, '2020-03-03 09:58:23', '2020-03-03 09:58:23'),
(206, 49, 21, 1, '2020-03-03 09:58:23', '2020-03-03 09:58:23'),
(207, 49, 61, 1, '2020-03-03 09:58:23', '2020-03-03 09:58:23'),
(208, 49, 16, 1, '2020-03-03 09:58:23', '2020-03-03 09:58:23'),
(209, 50, 30, 1, '2020-03-05 03:07:42', '2020-03-05 03:07:42'),
(210, 50, 38, 1, '2020-03-05 03:07:42', '2020-03-05 03:07:42'),
(211, 50, 8, 1, '2020-03-05 03:07:42', '2020-03-05 03:07:42'),
(212, 50, 18, 1, '2020-03-05 03:07:42', '2020-03-05 03:07:42'),
(213, 50, 2, 1, '2020-03-05 03:07:42', '2020-03-05 03:07:42'),
(214, 51, 17, 1, '2020-03-05 03:09:03', '2020-03-05 03:09:03'),
(215, 52, 1, 1, '2020-03-05 05:37:01', '2020-03-05 05:37:01'),
(216, 52, 30, 1, '2020-03-05 05:37:01', '2020-03-05 05:37:01'),
(217, 52, 35, 1, '2020-03-05 05:37:01', '2020-03-05 05:37:01'),
(218, 52, 16, 1, '2020-03-05 05:37:01', '2020-03-05 05:37:01'),
(219, 52, 18, 1, '2020-03-05 05:37:01', '2020-03-05 05:37:01'),
(220, 52, 52, 1, '2020-03-05 05:37:01', '2020-03-05 05:37:01'),
(221, 52, 31, 1, '2020-03-05 05:37:01', '2020-03-05 05:37:01'),
(222, 53, 48, 1, '2020-03-05 05:37:37', '2020-03-05 05:37:37'),
(223, 54, 10, 1, '2020-03-05 05:53:08', '2020-03-05 05:53:08'),
(224, 55, 62, 1, '2020-03-07 08:25:18', '2020-03-07 08:25:18'),
(225, 55, 39, 1, '2020-03-07 08:25:18', '2020-03-07 08:25:18'),
(226, 55, 17, 1, '2020-03-07 08:25:18', '2020-03-07 08:25:18'),
(227, 56, 1, 1, '2020-03-07 08:27:16', '2020-03-07 08:27:16'),
(228, 56, 21, 1, '2020-03-07 08:27:16', '2020-03-07 08:27:16'),
(229, 56, 22, 1, '2020-03-07 08:27:16', '2020-03-07 08:27:16'),
(230, 56, 23, 1, '2020-03-07 08:27:16', '2020-03-07 08:27:16'),
(231, 56, 16, 1, '2020-03-07 08:27:16', '2020-03-07 08:27:16'),
(232, 56, 18, 1, '2020-03-07 08:27:16', '2020-03-07 08:27:16'),
(233, 56, 25, 1, '2020-03-07 08:27:16', '2020-03-07 08:27:16'),
(234, 57, 2, 1, '2020-03-07 08:39:05', '2020-03-07 08:39:05'),
(235, 57, 21, 1, '2020-03-07 08:39:05', '2020-03-07 08:39:05'),
(236, 57, 22, 1, '2020-03-07 08:39:05', '2020-03-07 08:39:05'),
(237, 57, 8, 1, '2020-03-07 08:39:05', '2020-03-07 08:39:05'),
(238, 57, 52, 1, '2020-03-07 08:39:05', '2020-03-07 08:39:05'),
(239, 57, 18, 1, '2020-03-07 08:39:05', '2020-03-07 08:39:05'),
(240, 57, 17, 1, '2020-03-07 08:39:05', '2020-03-07 08:39:05'),
(241, 57, 49, 1, '2020-03-07 08:39:05', '2020-03-07 08:39:05'),
(242, 58, 1, 1, '2020-03-09 02:10:52', '2020-03-09 02:10:52'),
(243, 58, 18, 1, '2020-03-09 02:10:52', '2020-03-09 02:10:52'),
(244, 58, 33, 1, '2020-03-09 02:10:52', '2020-03-09 02:10:52'),
(245, 58, 3, 1, '2020-03-09 02:10:52', '2020-03-09 02:10:52'),
(246, 58, 38, 1, '2020-03-09 02:10:52', '2020-03-09 02:10:52'),
(247, 58, 16, 1, '2020-03-09 02:10:52', '2020-03-09 02:10:52'),
(248, 58, 25, 1, '2020-03-09 02:10:52', '2020-03-09 02:10:52'),
(249, 59, 40, 1, '2020-03-09 02:22:54', '2020-03-09 02:22:54'),
(250, 60, 1, 1, '2020-03-09 02:32:55', '2020-03-09 02:32:55'),
(251, 60, 33, 1, '2020-03-09 02:32:55', '2020-03-09 02:32:55'),
(252, 60, 23, 1, '2020-03-09 02:32:55', '2020-03-09 02:32:55'),
(253, 60, 16, 1, '2020-03-09 02:32:55', '2020-03-09 02:32:55'),
(254, 61, 63, 1, '2020-03-09 07:24:17', '2020-03-09 07:24:17'),
(255, 61, 17, 1, '2020-03-09 07:24:17', '2020-03-09 07:24:17'),
(256, 62, 1, 1, '2020-03-09 07:28:36', '2020-03-09 07:28:36'),
(257, 62, 21, 1, '2020-03-09 07:28:36', '2020-03-09 07:28:36'),
(258, 62, 31, 1, '2020-03-09 07:28:36', '2020-03-09 07:28:36'),
(259, 62, 23, 1, '2020-03-09 07:28:36', '2020-03-09 07:28:36'),
(260, 62, 16, 1, '2020-03-09 07:28:36', '2020-03-09 07:28:36'),
(261, 63, 6, 1, '2020-03-10 02:10:15', '2020-03-10 02:10:15'),
(262, 63, 7, 1, '2020-03-10 02:10:15', '2020-03-10 02:10:15'),
(263, 63, 49, 1, '2020-03-10 02:10:15', '2020-03-10 02:10:15'),
(264, 64, 1, 1, '2020-03-10 02:20:13', '2020-03-10 02:20:13'),
(265, 64, 21, 1, '2020-03-10 02:20:13', '2020-03-10 02:20:13'),
(266, 64, 3, 1, '2020-03-10 02:20:13', '2020-03-10 02:20:13'),
(267, 64, 31, 1, '2020-03-10 02:20:13', '2020-03-10 02:20:13'),
(268, 64, 16, 1, '2020-03-10 02:20:13', '2020-03-10 02:20:13'),
(269, 64, 34, 1, '2020-03-10 02:20:13', '2020-03-10 02:20:13'),
(270, 64, 30, 1, '2020-03-10 02:20:13', '2020-03-10 02:20:13'),
(271, 65, 66, 1, '2020-03-10 02:29:36', '2020-03-10 02:29:36'),
(272, 65, 67, 1, '2020-03-10 02:29:36', '2020-03-10 02:29:36'),
(273, 66, 40, 1, '2020-03-10 02:32:33', '2020-03-10 02:32:33'),
(274, 66, 41, 1, '2020-03-10 02:32:33', '2020-03-10 02:32:33'),
(275, 67, 25, 1, '2020-03-10 02:33:02', '2020-03-10 02:33:02'),
(276, 68, 29, 1, '2020-03-10 02:34:39', '2020-03-10 02:34:39'),
(277, 69, 19, 1, '2020-03-10 04:58:12', '2020-03-10 04:58:12'),
(278, 69, 36, 1, '2020-03-10 04:58:12', '2020-03-10 04:58:12'),
(279, 69, 28, 1, '2020-03-10 04:58:12', '2020-03-10 04:58:12'),
(280, 69, 17, 1, '2020-03-10 04:58:12', '2020-03-10 04:58:12'),
(281, 70, 68, 1, '2020-03-10 05:03:17', '2020-03-10 05:03:17'),
(282, 70, 17, 1, '2020-03-10 05:03:17', '2020-03-10 05:03:17'),
(283, 71, 1, 1, '2020-03-10 06:52:23', '2020-03-10 06:52:23'),
(284, 71, 21, 1, '2020-03-10 06:52:23', '2020-03-10 06:52:23'),
(285, 71, 38, 1, '2020-03-10 06:52:23', '2020-03-10 06:52:23'),
(286, 71, 16, 1, '2020-03-10 06:52:23', '2020-03-10 06:52:23'),
(287, 72, 51, 1, '2020-03-10 07:13:17', '2020-03-10 07:13:17'),
(288, 72, 36, 1, '2020-03-10 07:13:17', '2020-03-10 07:13:17'),
(289, 72, 17, 1, '2020-03-10 07:13:17', '2020-03-10 07:13:17'),
(290, 73, 1, 1, '2020-03-10 07:14:30', '2020-03-10 07:14:30'),
(291, 73, 30, 1, '2020-03-10 07:14:30', '2020-03-10 07:14:30'),
(292, 73, 45, 1, '2020-03-10 07:14:30', '2020-03-10 07:14:30'),
(293, 73, 22, 1, '2020-03-10 07:14:30', '2020-03-10 07:14:30'),
(294, 73, 16, 1, '2020-03-10 07:14:30', '2020-03-10 07:14:30'),
(295, 73, 18, 1, '2020-03-10 07:14:30', '2020-03-10 07:14:30'),
(296, 73, 25, 1, '2020-03-10 07:14:30', '2020-03-10 07:14:30'),
(297, 74, 69, 1, '2020-03-10 07:16:15', '2020-03-10 07:16:15'),
(298, 74, 17, 1, '2020-03-10 07:16:15', '2020-03-10 07:16:15'),
(299, 75, 1, 1, '2020-03-10 07:17:29', '2020-03-10 07:17:29'),
(300, 75, 21, 1, '2020-03-10 07:17:29', '2020-03-10 07:17:29'),
(301, 75, 23, 1, '2020-03-10 07:17:29', '2020-03-10 07:17:29'),
(302, 75, 38, 1, '2020-03-10 07:17:30', '2020-03-10 07:17:30'),
(303, 75, 16, 1, '2020-03-10 07:17:30', '2020-03-10 07:17:30'),
(304, 75, 25, 1, '2020-03-10 07:17:30', '2020-03-10 07:17:30'),
(305, 75, 39, 1, '2020-03-10 07:17:30', '2020-03-10 07:17:30'),
(306, 76, 40, 1, '2020-03-10 08:04:03', '2020-03-10 08:04:03'),
(307, 77, 62, 1, '2020-03-10 08:32:30', '2020-03-10 08:32:30'),
(308, 77, 48, 1, '2020-03-10 08:32:30', '2020-03-10 08:32:30'),
(309, 77, 17, 1, '2020-03-10 08:32:30', '2020-03-10 08:32:30'),
(310, 78, 1, 1, '2020-03-10 12:02:17', '2020-03-10 12:02:17'),
(311, 78, 21, 1, '2020-03-10 12:02:17', '2020-03-10 12:02:17'),
(312, 78, 38, 1, '2020-03-10 12:02:17', '2020-03-10 12:02:17'),
(313, 78, 16, 1, '2020-03-10 12:02:17', '2020-03-10 12:02:17'),
(314, 78, 20, 1, '2020-03-10 12:02:17', '2020-03-10 12:02:17'),
(315, 78, 39, 1, '2020-03-10 12:02:17', '2020-03-10 12:02:17'),
(316, 79, 1, 1, '2020-03-10 12:22:14', '2020-03-10 12:22:14'),
(317, 79, 21, 1, '2020-03-10 12:22:14', '2020-03-10 12:22:14'),
(318, 79, 38, 1, '2020-03-10 12:22:14', '2020-03-10 12:22:14'),
(319, 79, 16, 1, '2020-03-10 12:22:14', '2020-03-10 12:22:14'),
(320, 80, 42, 1, '2020-03-10 12:22:41', '2020-03-10 12:22:41'),
(321, 81, 45, 1, '2020-03-10 12:23:10', '2020-03-10 12:23:10'),
(322, 82, 6, 1, '2020-03-10 14:02:55', '2020-03-10 14:02:55'),
(323, 82, 9, 1, '2020-03-10 14:02:55', '2020-03-10 14:02:55'),
(324, 82, 30, 1, '2020-03-10 14:02:55', '2020-03-10 14:02:55'),
(325, 82, 21, 1, '2020-03-10 14:02:55', '2020-03-10 14:02:55'),
(326, 82, 39, 1, '2020-03-10 14:02:55', '2020-03-10 14:02:55'),
(327, 82, 17, 1, '2020-03-10 14:02:55', '2020-03-10 14:02:55'),
(328, 82, 49, 1, '2020-03-10 14:02:55', '2020-03-10 14:02:55'),
(329, 83, 71, 1, '2020-03-10 14:06:31', '2020-03-10 14:06:31'),
(330, 83, 38, 1, '2020-03-10 14:06:31', '2020-03-10 14:06:31'),
(331, 83, 39, 1, '2020-03-10 14:06:31', '2020-03-10 14:06:31'),
(332, 83, 52, 1, '2020-03-10 14:06:31', '2020-03-10 14:06:31'),
(333, 84, 62, 1, '2020-03-10 14:07:57', '2020-03-10 14:07:57'),
(334, 84, 48, 1, '2020-03-10 14:07:57', '2020-03-10 14:07:57'),
(335, 84, 17, 1, '2020-03-10 14:07:57', '2020-03-10 14:07:57'),
(340, 86, 51, 1, '2020-03-10 15:05:54', '2020-03-10 15:05:54'),
(341, 86, 64, 1, '2020-03-10 15:05:54', '2020-03-10 15:05:54'),
(342, 86, 17, 1, '2020-03-10 15:05:54', '2020-03-10 15:05:54'),
(343, 86, 40, 1, '2020-03-10 15:05:54', '2020-03-10 15:05:54'),
(344, 87, 1, 1, '2020-03-10 15:07:40', '2020-03-10 15:07:40'),
(345, 87, 3, 1, '2020-03-10 15:07:40', '2020-03-10 15:07:40'),
(346, 87, 72, 1, '2020-03-10 15:07:40', '2020-03-10 15:07:40'),
(347, 87, 30, 1, '2020-03-10 15:07:40', '2020-03-10 15:07:40'),
(348, 87, 18, 1, '2020-03-10 15:07:40', '2020-03-10 15:07:40'),
(349, 87, 16, 1, '2020-03-10 15:07:40', '2020-03-10 15:07:40'),
(350, 87, 25, 1, '2020-03-10 15:07:40', '2020-03-10 15:07:40'),
(351, 87, 40, 1, '2020-03-10 15:07:40', '2020-03-10 15:07:40'),
(352, 88, 6, 1, '2020-03-11 07:37:39', '2020-03-11 07:37:39'),
(353, 88, 73, 1, '2020-03-11 07:37:39', '2020-03-11 07:37:39'),
(354, 88, 30, 1, '2020-03-11 07:37:39', '2020-03-11 07:37:39'),
(355, 88, 21, 1, '2020-03-11 07:37:39', '2020-03-11 07:37:39'),
(356, 88, 41, 1, '2020-03-11 07:37:39', '2020-03-11 07:37:39'),
(357, 89, 71, 1, '2020-03-11 07:39:06', '2020-03-11 07:39:06'),
(358, 89, 38, 1, '2020-03-11 07:39:06', '2020-03-11 07:39:06'),
(359, 89, 40, 1, '2020-03-11 07:39:06', '2020-03-11 07:39:06'),
(360, 90, 62, 1, '2020-03-11 07:40:07', '2020-03-11 07:40:07'),
(361, 90, 48, 1, '2020-03-11 07:40:07', '2020-03-11 07:40:07'),
(362, 90, 17, 1, '2020-03-11 07:40:07', '2020-03-11 07:40:07'),
(363, 91, 1, 1, '2020-03-11 07:46:30', '2020-03-11 07:46:30'),
(364, 91, 23, 1, '2020-03-11 07:46:30', '2020-03-11 07:46:30'),
(365, 91, 16, 1, '2020-03-11 07:46:30', '2020-03-11 07:46:30'),
(366, 91, 18, 1, '2020-03-11 07:46:30', '2020-03-11 07:46:30'),
(367, 92, 1, 1, '2020-03-11 07:50:13', '2020-03-11 07:50:13'),
(368, 92, 38, 1, '2020-03-11 07:50:13', '2020-03-11 07:50:13'),
(369, 92, 16, 1, '2020-03-11 07:50:13', '2020-03-11 07:50:13'),
(370, 92, 18, 1, '2020-03-11 07:50:13', '2020-03-11 07:50:13'),
(371, 92, 33, 1, '2020-03-11 07:50:13', '2020-03-11 07:50:13'),
(372, 93, 6, 1, '2020-03-11 07:54:06', '2020-03-11 07:54:06'),
(373, 93, 74, 1, '2020-03-11 07:54:06', '2020-03-11 07:54:06'),
(374, 93, 7, 1, '2020-03-11 07:54:06', '2020-03-11 07:54:06'),
(375, 93, 32, 1, '2020-03-11 07:54:06', '2020-03-11 07:54:06'),
(376, 94, 48, 1, '2020-03-11 07:55:59', '2020-03-11 07:55:59'),
(377, 94, 36, 1, '2020-03-11 07:55:59', '2020-03-11 07:55:59'),
(378, 94, 17, 1, '2020-03-11 07:55:59', '2020-03-11 07:55:59'),
(379, 95, 1, 1, '2020-03-11 08:08:16', '2020-03-11 08:08:16'),
(380, 95, 46, 1, '2020-03-11 08:08:16', '2020-03-11 08:08:16'),
(381, 95, 22, 1, '2020-03-11 08:08:16', '2020-03-11 08:08:16'),
(382, 95, 35, 1, '2020-03-11 08:08:16', '2020-03-11 08:08:16'),
(383, 95, 75, 1, '2020-03-11 08:08:16', '2020-03-11 08:08:16'),
(384, 95, 18, 1, '2020-03-11 08:08:16', '2020-03-11 08:08:16'),
(385, 95, 76, 1, '2020-03-11 08:08:16', '2020-03-11 08:08:16'),
(386, 96, 1, 1, '2020-03-11 08:17:12', '2020-03-11 08:17:12'),
(387, 96, 21, 1, '2020-03-11 08:17:12', '2020-03-11 08:17:12'),
(388, 96, 34, 1, '2020-03-11 08:17:12', '2020-03-11 08:17:12'),
(389, 96, 46, 1, '2020-03-11 08:17:12', '2020-03-11 08:17:12'),
(390, 96, 22, 1, '2020-03-11 08:17:12', '2020-03-11 08:17:12'),
(391, 96, 75, 1, '2020-03-11 08:17:12', '2020-03-11 08:17:12'),
(392, 96, 18, 1, '2020-03-11 08:17:12', '2020-03-11 08:17:12'),
(393, 96, 25, 1, '2020-03-11 08:17:12', '2020-03-11 08:17:12'),
(394, 96, 39, 1, '2020-03-11 08:17:12', '2020-03-11 08:17:12'),
(395, 97, 29, 1, '2020-03-14 03:11:55', '2020-03-14 03:11:55'),
(396, 98, 30, 1, '2020-03-14 03:12:23', '2020-03-14 03:12:23'),
(397, 99, 42, 1, '2020-03-14 03:13:17', '2020-03-14 03:13:17'),
(398, 100, 6, 1, '2020-03-14 03:34:52', '2020-03-14 03:34:52'),
(399, 100, 7, 1, '2020-03-14 03:34:52', '2020-03-14 03:34:52'),
(400, 100, 77, 1, '2020-03-14 03:34:52', '2020-03-14 03:34:52'),
(401, 100, 49, 1, '2020-03-14 03:34:52', '2020-03-14 03:34:52'),
(402, 101, 78, 1, '2020-03-14 05:45:26', '2020-03-14 05:45:26'),
(403, 101, 79, 1, '2020-03-14 05:45:26', '2020-03-14 05:45:26'),
(404, 101, 17, 1, '2020-03-14 05:45:26', '2020-03-14 05:45:26'),
(405, 101, 40, 1, '2020-03-14 05:45:26', '2020-03-14 05:45:26'),
(406, 101, 1, 1, '2020-03-14 05:45:26', '2020-03-14 05:45:26'),
(407, 101, 21, 1, '2020-03-14 05:45:26', '2020-03-14 05:45:26'),
(408, 101, 3, 1, '2020-03-14 05:45:26', '2020-03-14 05:45:26'),
(409, 101, 72, 1, '2020-03-14 05:45:26', '2020-03-14 05:45:26'),
(410, 101, 35, 1, '2020-03-14 05:45:26', '2020-03-14 05:45:26'),
(411, 101, 18, 1, '2020-03-14 05:45:26', '2020-03-14 05:45:26'),
(412, 101, 16, 1, '2020-03-14 05:45:26', '2020-03-14 05:45:26'),
(413, 101, 25, 1, '2020-03-14 05:45:26', '2020-03-14 05:45:26'),
(414, 101, 40, 1, '2020-03-14 05:45:26', '2020-03-14 05:45:26'),
(415, 101, 48, 1, '2020-03-14 05:45:26', '2020-03-14 05:45:26'),
(416, 101, 17, 1, '2020-03-14 05:45:26', '2020-03-14 05:45:26'),
(417, 101, 1, 1, '2020-03-14 05:45:26', '2020-03-14 05:45:26'),
(418, 102, 1, 1, '2020-07-16 09:32:44', '2020-07-16 09:32:44'),
(419, 102, 80, 1, '2020-07-16 09:32:44', '2020-07-16 09:32:44'),
(420, 102, 46, 1, '2020-07-16 09:32:44', '2020-07-16 09:32:44'),
(421, 102, 31, 1, '2020-07-16 09:32:44', '2020-07-16 09:32:44'),
(422, 102, 16, 1, '2020-07-16 09:32:44', '2020-07-16 09:32:44'),
(423, 102, 25, 1, '2020-07-16 09:32:44', '2020-07-16 09:32:44'),
(424, 103, 81, 1, '2020-07-17 08:20:47', '2020-07-17 08:20:47'),
(425, 104, 1, 1, '2020-07-17 08:35:50', '2020-07-17 08:35:50'),
(426, 104, 44, 1, '2020-07-17 08:35:50', '2020-07-17 08:35:50'),
(427, 104, 45, 1, '2020-07-17 08:35:50', '2020-07-17 08:35:50'),
(428, 104, 46, 1, '2020-07-17 08:35:50', '2020-07-17 08:35:50'),
(429, 104, 22, 1, '2020-07-17 08:35:50', '2020-07-17 08:35:50'),
(430, 104, 18, 1, '2020-07-17 08:35:50', '2020-07-17 08:35:50'),
(431, 104, 40, 1, '2020-07-17 08:35:50', '2020-07-17 08:35:50'),
(432, 104, 25, 1, '2020-07-17 08:35:50', '2020-07-17 08:35:50'),
(433, 105, 1, 1, '2020-07-18 02:50:35', '2020-07-18 02:50:35'),
(434, 105, 30, 1, '2020-07-18 02:50:35', '2020-07-18 02:50:35'),
(435, 105, 23, 1, '2020-07-18 02:50:35', '2020-07-18 02:50:35'),
(436, 105, 31, 1, '2020-07-18 02:50:35', '2020-07-18 02:50:35'),
(437, 105, 16, 1, '2020-07-18 02:50:35', '2020-07-18 02:50:35'),
(438, 106, 1, 1, '2020-07-20 03:12:46', '2020-07-20 03:12:46'),
(439, 106, 30, 1, '2020-07-20 03:12:46', '2020-07-20 03:12:46'),
(440, 106, 35, 1, '2020-07-20 03:12:46', '2020-07-20 03:12:46'),
(441, 106, 31, 1, '2020-07-20 03:12:46', '2020-07-20 03:12:46'),
(442, 106, 16, 1, '2020-07-20 03:12:46', '2020-07-20 03:12:46'),
(443, 106, 18, 1, '2020-07-20 03:12:46', '2020-07-20 03:12:46'),
(444, 106, 52, 1, '2020-07-20 03:12:46', '2020-07-20 03:12:46'),
(445, 107, 81, 1, '2020-07-21 03:55:39', '2020-07-21 03:55:39'),
(446, 108, 82, 1, '2020-07-21 03:59:30', '2020-07-21 03:59:30'),
(447, 109, 40, 1, '2020-07-21 04:00:01', '2020-07-21 04:00:01');

-- --------------------------------------------------------

--
-- Table structure for table `r11_food_sales`
--

CREATE TABLE `r11_food_sales` (
  `id` int(10) UNSIGNED NOT NULL,
  `billing_id` int(10) UNSIGNED NOT NULL,
  `date_id` int(10) UNSIGNED NOT NULL,
  `menu_id` int(10) UNSIGNED NOT NULL,
  `quantity` tinyint(3) UNSIGNED NOT NULL DEFAULT 0,
  `bill` double(12,2) NOT NULL DEFAULT 0.00,
  `discount` double(14,2) NOT NULL DEFAULT 0.00,
  `vat` tinyint(3) UNSIGNED NOT NULL DEFAULT 0,
  `service_charge` tinyint(3) UNSIGNED NOT NULL DEFAULT 0,
  `deleted_at` timestamp NULL DEFAULT NULL,
  `created_at` timestamp NULL DEFAULT NULL,
  `updated_at` timestamp NULL DEFAULT NULL
) ENGINE=InnoDB DEFAULT CHARSET=utf8mb4 COLLATE=utf8mb4_unicode_ci;

-- --------------------------------------------------------

--
-- Table structure for table `roles`
--

CREATE TABLE `roles` (
  `id` int(10) UNSIGNED NOT NULL,
  `name` varchar(191) COLLATE utf8mb4_unicode_ci NOT NULL,
  `description` varchar(191) COLLATE utf8mb4_unicode_ci NOT NULL,
  `parent_id` int(11) NOT NULL,
  `created_at` timestamp NULL DEFAULT NULL,
  `updated_at` timestamp NULL DEFAULT NULL
) ENGINE=InnoDB DEFAULT CHARSET=utf8mb4 COLLATE=utf8mb4_unicode_ci;

--
-- Dumping data for table `roles`
--

INSERT INTO `roles` (`id`, `name`, `description`, `parent_id`, `created_at`, `updated_at`) VALUES
(1, 'Super Admin', 'super admin', 0, NULL, NULL),
(2, 'Admin', 'admin', 1, NULL, NULL);

-- --------------------------------------------------------

--
-- Table structure for table `s1_unit_types`
--

CREATE TABLE `s1_unit_types` (
  `id` int(10) UNSIGNED NOT NULL,
  `name` varchar(191) COLLATE utf8mb4_unicode_ci NOT NULL,
  `short_name` varchar(191) COLLATE utf8mb4_unicode_ci NOT NULL,
  `description` text COLLATE utf8mb4_unicode_ci DEFAULT NULL,
  `deleted_at` timestamp NULL DEFAULT NULL,
  `created_at` timestamp NULL DEFAULT NULL,
  `updated_at` timestamp NULL DEFAULT NULL
) ENGINE=InnoDB DEFAULT CHARSET=utf8mb4 COLLATE=utf8mb4_unicode_ci;

--
-- Dumping data for table `s1_unit_types`
--

INSERT INTO `s1_unit_types` (`id`, `name`, `short_name`, `description`, `deleted_at`, `created_at`, `updated_at`) VALUES
(1, 'KG', 'kg', NULL, NULL, '2020-02-08 16:20:12', '2020-02-08 16:20:12'),
(2, 'Liter', 'liter', NULL, NULL, '2020-02-08 16:21:24', '2020-02-08 16:21:24'),
(3, 'Piece', 'piece', NULL, NULL, '2020-02-08 16:22:16', '2020-02-08 16:22:16'),
(4, 'Dozon', 'dozon', NULL, NULL, '2020-02-08 16:22:43', '2020-02-08 16:22:43'),
(5, 'Hali', 'Hali', NULL, NULL, '2021-01-23 16:04:05', '2021-01-23 16:04:05');

-- --------------------------------------------------------

--
-- Table structure for table `s2_units`
--

CREATE TABLE `s2_units` (
  `id` int(10) UNSIGNED NOT NULL,
  `unit_type_id` int(10) UNSIGNED NOT NULL,
  `name` varchar(191) COLLATE utf8mb4_unicode_ci NOT NULL,
  `short_name` varchar(191) COLLATE utf8mb4_unicode_ci NOT NULL,
  `description` text COLLATE utf8mb4_unicode_ci DEFAULT NULL,
  `multiply_by` double(14,6) NOT NULL DEFAULT 1.000000,
  `deleted_at` timestamp NULL DEFAULT NULL,
  `created_at` timestamp NULL DEFAULT NULL,
  `updated_at` timestamp NULL DEFAULT NULL
) ENGINE=InnoDB DEFAULT CHARSET=utf8mb4 COLLATE=utf8mb4_unicode_ci;

--
-- Dumping data for table `s2_units`
--

INSERT INTO `s2_units` (`id`, `unit_type_id`, `name`, `short_name`, `description`, `multiply_by`, `deleted_at`, `created_at`, `updated_at`) VALUES
(1, 1, 'kg', 'kg', NULL, 1.000000, NULL, '2020-02-08 16:20:23', '2020-02-08 16:20:23'),
(2, 1, 'Gram', 'gm', NULL, 1000.000000, NULL, '2020-02-08 16:20:56', '2020-02-08 16:20:56'),
(3, 1, 'Miligram', 'mg', NULL, 1000000.000000, NULL, '2020-02-08 16:21:13', '2020-02-08 16:21:13'),
(4, 2, 'Liter', 'liter', NULL, 1.000000, NULL, '2020-02-08 16:21:37', '2020-02-08 16:21:37'),
(5, 2, 'Mililiter', 'ml', NULL, 1000.000000, NULL, '2020-02-08 16:21:59', '2020-02-08 16:21:59'),
(6, 3, 'piece', 'piece', NULL, 1.000000, NULL, '2020-02-08 16:22:29', '2020-02-08 16:22:29'),
(7, 4, 'dozon', 'dzn', NULL, 1.000000, NULL, '2020-02-08 16:23:16', '2020-02-08 16:23:16'),
(8, 4, 'Hali', 'hali', NULL, 3.000000, '2021-01-23 16:03:18', '2020-02-08 16:23:40', '2021-01-23 16:03:18'),
(9, 5, 'Piece', 'Piece', NULL, 4.000000, NULL, '2021-01-23 16:04:43', '2021-01-23 16:04:43');

-- --------------------------------------------------------

--
-- Table structure for table `staff`
--

CREATE TABLE `staff` (
  `id` int(10) UNSIGNED NOT NULL,
  `type_id` enum('3','5') COLLATE utf8mb4_unicode_ci NOT NULL,
  `name` varchar(100) COLLATE utf8mb4_unicode_ci NOT NULL,
  `phone_no` varchar(15) COLLATE utf8mb4_unicode_ci DEFAULT NULL,
  `address` varchar(255) COLLATE utf8mb4_unicode_ci DEFAULT NULL,
  `created_at` timestamp NULL DEFAULT NULL,
  `updated_at` timestamp NULL DEFAULT NULL
) ENGINE=InnoDB DEFAULT CHARSET=utf8mb4 COLLATE=utf8mb4_unicode_ci;

--
-- Dumping data for table `staff`
--

INSERT INTO `staff` (`id`, `type_id`, `name`, `phone_no`, `address`, `created_at`, `updated_at`) VALUES
(1, '5', 'Claudine L. Blue', '+44 1632 960379', 'Brownsville, Kentucky(KY), 42210', '2019-12-10 21:26:02', '2019-12-10 21:26:02'),
(2, '5', 'Irene J McClure', '337-255-9859', 'Lafayette, Louisiana(LA), 70501', '2019-12-10 21:27:33', '2019-12-10 21:27:33'),
(3, '3', 'Kelli I Zimmerman', '813-625-1485', 'Tampa, Florida(FL), 33610', '2019-12-10 21:28:40', '2019-12-10 21:28:40'),
(4, '3', 'Liam Hemsworth', ' 256-652-9521', '1883 Strother Street', '2019-12-10 21:31:09', '2019-12-10 21:31:09');

-- --------------------------------------------------------

--
-- Table structure for table `suppliers`
--

CREATE TABLE `suppliers` (
  `id` int(10) UNSIGNED NOT NULL,
  `name` varchar(191) COLLATE utf8mb4_unicode_ci NOT NULL,
  `contact_no` varchar(191) COLLATE utf8mb4_unicode_ci NOT NULL,
  `address` text COLLATE utf8mb4_unicode_ci DEFAULT NULL,
  `designation` text COLLATE utf8mb4_unicode_ci DEFAULT NULL,
  `created_at` timestamp NULL DEFAULT NULL,
  `updated_at` timestamp NULL DEFAULT NULL
) ENGINE=InnoDB DEFAULT CHARSET=utf8mb4 COLLATE=utf8mb4_unicode_ci;

--
-- Dumping data for table `suppliers`
--

INSERT INTO `suppliers` (`id`, `name`, `contact_no`, `address`, `designation`, `created_at`, `updated_at`) VALUES
(1, 'Shestro Enterprise', '01711486808', 'Kistro pur sadar Mymensingh', 'Shopkeeper', '2020-02-10 18:02:36', '2020-03-03 10:17:04'),
(2, 'Sumon Broiler House', '01725060417', 'Mechua Bazar,Mymensingh', 'Shopkeeper', '2020-02-20 02:49:50', '2020-02-20 02:49:50'),
(3, 'M/S Al-Amin Store', '01677614762', 'Mechua Bazar,Mymensingh', 'Shopkeeper', '2020-02-20 03:10:26', '2020-02-20 03:10:26'),
(4, 'M/S Arnob Trade Link', '0171890312', '96/3 S.K Road, Mymensingh', 'Shopkeeper', '2020-02-23 08:17:44', '2020-02-23 08:17:44'),
(5, 'M/S Kazi Enterprise', '01748312426', 'Akuya,Mymensingh', NULL, '2020-02-23 08:24:59', '2020-02-26 06:29:30'),
(6, 'Moni Misttanno Vander', '01713565332', 'BAU Mor,Mymensingh', 'Supplier', '2020-02-23 08:29:27', '2020-02-23 08:29:27'),
(7, 'Mohadeb Store', '01700000000', 'Sodeshi Bazar,Mymensingh', 'Supplier', '2020-02-23 08:33:24', '2020-02-23 08:33:24'),
(8, 'Unknown', '09100000000', 'Mymensingh', 'Sales Man', '2020-02-23 08:37:03', '2020-02-23 08:37:03'),
(9, 'Sumon Store', '01921821240', 'Hasmat market,Charpara,Mymensingh', 'Shopkeeper', '2020-02-23 09:26:39', '2020-02-23 09:26:39'),
(10, 'Humayun Mangso Ghor', '01716075714', 'Charpara Bazar,Mymensingh', 'Supplier', '2020-02-23 09:38:22', '2020-02-23 09:38:22'),
(11, 'Dhaka Misti Mokh', '01746475869', 'Charpara Bazar,Mymensingh', 'Shopkeeper', '2020-02-23 09:55:37', '2020-02-23 09:55:37'),
(12, 'Ruma Confectionary and Presty Shop', '01799999999', 'Charpara Bazar,Mymensingh', 'Shopkeeper', '2020-02-23 10:30:59', '2020-02-23 10:30:59'),
(13, 'Nazrul & Brother\'s', '01712474777', 'Mesoa Bazar Mymensingh', 'Shop Kipar', '2020-02-25 04:24:28', '2020-02-25 04:24:28'),
(14, 'Nate Rasul (SM) Dim Arod', '01717097807', 'Mesoa Bazar Mymensingh', 'Dukandar', '2020-02-25 04:27:47', '2020-02-25 04:27:47'),
(15, 'Romania Food & Vebarage Ltd.', '8827441', 'Mymensingh', 'Company', '2020-02-25 04:54:53', '2020-02-25 04:54:53'),
(16, 'Squer Co.Ltd', '9859007', 'Mymensingh', 'Saplire', '2020-02-25 05:11:17', '2020-02-25 05:11:17'),
(17, 'Janani Paper House', '01711585429', 'Mymensingh', 'Company', '2020-02-25 05:11:25', '2020-02-25 05:11:25'),
(18, 'M/S Sharmi Enterprise', '01718885854', 'Charpara Mor Mymensingh', 'Shopkeepar', '2020-02-25 05:19:10', '2020-02-25 05:19:10'),
(19, 'Josho Madhab Bhander', '01911237846', 'Soto Bazer Mymensingh', 'Shop keeper', '2020-02-25 05:21:25', '2020-02-25 05:21:25'),
(20, 'ACI Conjumar Brands Ltd', '9859007', 'Mymensingh', 'Saplire', '2020-02-25 12:32:44', '2020-02-25 12:32:44'),
(21, 'Pran Sales Department', '01704134745', 'Mymensingh Sadar,mymensingh', 'Supplier', '2020-03-01 06:57:28', '2020-03-01 06:57:28'),
(22, 'M/S Haque Enterprise', '01715110958', 'Hakkani Keowatkhali Mymensingh', 'Shopkeeper', '2020-03-01 07:00:03', '2020-03-01 07:00:03'),
(23, 'Shukkur Ali Lakri Shop', '01720298592', 'Digarkandha,Hridoy mor Mymensingh', 'Shopkeeper', '2020-03-03 05:00:07', '2020-03-03 05:00:07'),
(24, 'M.N Distribution Co.Ltd', '01768598896', '29 C.K. Gosh Road,Mymensingh', 'Supplier', '2020-03-03 05:04:38', '2020-03-03 05:04:38'),
(25, 'Bkash Chandra Dhor', '01708559667', 'Mesoa Bazar Mymensingh', 'Shopkeeper', '2020-03-03 05:11:49', '2020-03-03 05:11:49'),
(26, 'M/S Three Star Foods Garden', '01716123064', '77/B Bagmara Road, Mymensingh', 'Shopkeeper', '2020-03-03 05:34:45', '2020-03-03 05:34:45'),
(27, 'Sarinda Lights & Electric', '01705695558', '21/B Rambabu Road,Mymensingh', 'Shopkeeper', '2020-03-03 05:57:09', '2020-03-03 05:57:09'),
(28, 'Shamim Cookarise', '01996080191', 'Somir Plaza Charpara', 'Shopkeeper', '2020-03-03 06:00:52', '2020-03-03 06:00:52'),
(29, 'kashem Industrial Ltd', '01990744472', 'Mymensingh Sadar,mymensingh', 'Supplier', '2020-03-03 06:09:03', '2020-03-03 06:09:03'),
(30, 'Amin Traders', '01947802459', 'Mesoa Bazar Mymensingh', 'Shopkeeper', '2020-03-03 06:34:43', '2020-03-03 06:34:43'),
(31, 'M/S Nur Enterprise', '01724734911', 'Soto Bazar Mymensingh', 'Shopkeeper', '2020-03-03 10:12:27', '2020-03-03 10:12:27'),
(32, 'Newbie Enterprise', '01790828180', 'Sadar, Mymensingh', 'Supplire', '2020-03-07 03:36:03', '2020-03-07 03:36:03'),
(33, 'Matri Oli Mils', '01733288027', 'Mesoa Bazar Mymensingh', 'Shopkeepar', '2020-03-07 05:26:34', '2020-03-07 05:26:34'),
(34, 'Milon Bala Paul', '01711682384', 'Dal Potri Mymensingh', 'Shopkeepar', '2020-03-07 06:36:56', '2020-03-07 06:36:56'),
(35, 'M.F.C Fast Food', '01740904174', 'BAU Mymensingh', 'Shopkeepar', '2020-03-07 06:44:08', '2020-03-07 06:44:08'),
(36, 'Sarinda Restaurent', '01712121434', 'CK Gosh Road Mymensungh', 'Shopkeepar', '2020-03-07 06:49:40', '2020-03-07 06:49:40'),
(37, 'test001', '78678678', NULL, NULL, '2020-03-07 08:47:36', '2020-03-07 08:47:36'),
(38, 'Bai Bon Store', '01943628139', 'Hasmot Market,Corpara Bazar, Mymensingh.', 'Shop keeper', '2020-03-09 05:15:17', '2020-03-09 05:15:17'),
(39, 'Shakil Boiler House', '01942355139', 'Chorpara,Mymensingh', 'Shop keeper', '2020-03-09 05:27:20', '2020-03-09 05:27:20'),
(40, 'Ispahani Tea Limeted', '01937900378', 'Mymensingh', 'Company', '2020-03-09 05:38:34', '2020-03-09 05:38:34'),
(41, 'M/S Motaleb Meat Store', '01767619552', 'BAU Mor,Mymensingh', 'Supplier', '2020-03-09 08:34:00', '2020-03-09 08:34:00'),
(42, 'M/S Hirendo Chandra Paul', '017116074643', 'Mechua Bazar,Mymensingh', 'Shopkeeper', '2020-03-09 08:44:29', '2020-03-09 08:44:29'),
(43, 'Tonmoy Kokaris', '01711384490', 'Sodasy Bazar,Mymensingh', 'Shop keeper', '2020-03-09 09:36:03', '2020-03-09 09:36:03'),
(44, 'Kashem Industries Ltd.', '01914561646', NULL, NULL, '2020-03-09 10:13:47', '2020-03-09 10:13:47'),
(45, 'Mistry Kanon', '01811293239', NULL, NULL, '2020-03-10 03:07:02', '2020-03-10 03:07:02'),
(46, 'Zillur Broiler House', '01982532298', NULL, NULL, '2020-03-10 05:15:28', '2020-03-10 05:15:28'),
(47, 'MA-Baba Poltry Fram', '01715667200', NULL, NULL, '2020-03-10 08:00:06', '2020-03-10 08:00:06'),
(48, 'SMC Enterprise Ltd.', '091-66655', NULL, NULL, '2020-03-10 08:03:30', '2020-03-10 08:03:30'),
(49, 'Sels Department Oder Collaction', '8833076', NULL, NULL, '2020-03-10 08:55:37', '2020-03-10 08:55:37'),
(50, 'Shudir Gosh', '01725061307', NULL, NULL, '2020-03-10 10:37:21', '2020-03-10 10:37:21'),
(51, 'M/S Mushfik Enterprise', '01712939612', NULL, NULL, '2020-03-10 15:31:17', '2020-03-10 15:31:17'),
(52, 'M/S Soyed Saiduzzaman', '01768598896', '29,C.K Gosh Road.Mymensingh.', 'Shopkeepar', '2020-03-11 02:08:57', '2020-03-11 02:08:57'),
(53, 'Nur Enterprise', '01724734911', NULL, NULL, '2020-03-11 03:46:31', '2020-03-11 03:46:31'),
(54, 'DIPOK & BROTHERS', '01713571650', NULL, NULL, '2020-03-11 04:00:12', '2020-03-11 04:00:12'),
(55, 'Hazi MD. Chan Mia', '01719528594', 'Charpara Mor Mymensingh', 'Shopkeepar', '2020-03-11 08:51:30', '2020-03-11 08:51:30'),
(56, 'SMC Enterprise', '01310355344', 'Mymensingh', 'Sales Man', '2020-07-17 00:29:20', '2020-07-17 00:29:20'),
(57, 'Ma-Baba Polty Farm', '01630724449', 'Digharkanda,Mymensingh', 'Sales Man', '2020-07-17 00:31:44', '2020-07-17 00:31:44'),
(58, 'Al-ami Store', '01677614762', 'Mechuya Bazar,Mymensingh', 'Sales Man', '2020-07-17 00:34:33', '2020-07-17 00:34:33'),
(59, 'Raju Varaities Store & Moni Misttanno Vander', '10713565332', 'B.K.U Mor,Zamtola,Mymensingh', 'Sales Man', '2020-07-17 00:47:12', '2020-07-17 00:47:12'),
(60, 'M/S Salah Uddin Cookarige', '01716241503', 'Sodeshi Bazar,Mymensingh', 'Sales Man', '2020-07-17 02:42:59', '2020-07-17 02:42:59'),
(61, 'Nayem Shoe Store', '01726559467', NULL, NULL, '2020-07-17 12:41:55', '2020-07-17 12:41:55'),
(62, 'Arko Traders', '01717563823', NULL, NULL, '2020-07-20 06:21:33', '2020-07-20 06:21:33'),
(63, 'M/S Shresto Enterprise', '01711486808', NULL, NULL, '2020-07-20 06:35:11', '2020-07-20 06:35:11'),
(64, 'M/S Ma-Baabar Dowa Enterprise', '0173545015', NULL, NULL, '2020-12-16 14:19:30', '2020-12-16 14:19:30'),
(65, 'M/S Khokon Store', '01722-893680', NULL, NULL, '2020-12-16 14:30:51', '2020-12-16 14:30:51'),
(66, 'Sujon Store', '01984-201162', NULL, NULL, '2020-12-21 08:30:38', '2020-12-21 08:30:38');

-- --------------------------------------------------------

--
-- Table structure for table `transaction_heads`
--

CREATE TABLE `transaction_heads` (
  `id` int(10) UNSIGNED NOT NULL,
  `ac_head_id` int(10) UNSIGNED NOT NULL,
  `name` varchar(191) COLLATE utf8mb4_unicode_ci NOT NULL,
  `debit` decimal(14,2) NOT NULL DEFAULT 0.00,
  `credit` decimal(14,2) NOT NULL DEFAULT 0.00,
  `amount` decimal(14,2) NOT NULL DEFAULT 0.00,
  `code` varchar(191) COLLATE utf8mb4_unicode_ci NOT NULL,
  `transactionable_id` int(11) NOT NULL,
  `transactionable_type` varchar(191) COLLATE utf8mb4_unicode_ci NOT NULL,
  `created_at` timestamp NULL DEFAULT NULL,
  `updated_at` timestamp NULL DEFAULT NULL
) ENGINE=InnoDB DEFAULT CHARSET=utf8mb4 COLLATE=utf8mb4_unicode_ci;

--
-- Dumping data for table `transaction_heads`
--

INSERT INTO `transaction_heads` (`id`, `ac_head_id`, `name`, `debit`, `credit`, `amount`, `code`, `transactionable_id`, `transactionable_type`, `created_at`, `updated_at`) VALUES
(1, 3, 'MFMSF', 0.00, 0.00, 0.00, '7701', 15, 'App\\AccountHeadChild_I', NULL, '2020-11-25 22:07:11'),
(2, 3, 'UPP', 0.00, 0.00, 0.00, '7702', 15, 'App\\AccountHeadChild_I', NULL, '2020-11-25 22:07:11'),
(3, 3, 'FSP', 0.00, 0.00, 0.00, '7703', 15, 'App\\AccountHeadChild_I', NULL, '2020-11-25 22:07:11'),
(4, 3, 'Enrich', 0.00, 0.00, 0.00, '7704', 15, 'App\\AccountHeadChild_I', NULL, '2020-11-25 22:07:11'),
(5, 3, 'Training venue Charge', 0.00, 1638225.00, 1638225.00, '4501', 18, 'App\\AccountHeadChild_I', NULL, '2020-11-25 22:07:11'),
(6, 3, 'Conference Room Fare', 0.00, 125500.00, 125500.00, '4502', 18, 'App\\AccountHeadChild_I', NULL, '2020-11-25 22:07:11'),
(7, 3, 'Accommodation', 0.00, 309100.00, 309100.00, '4503', 18, 'App\\AccountHeadChild_I', NULL, '2020-11-25 22:07:11'),
(8, 3, 'Food Bill received', 0.00, 5980092.00, 5980092.00, '4504', 18, 'App\\AccountHeadChild_I', NULL, '2020-11-25 22:07:11'),
(9, 3, 'Training Service Charge Received', 0.00, 484255.00, 484255.00, '4505', 18, 'App\\AccountHeadChild_I', NULL, '2020-11-25 22:07:11'),
(10, 3, 'Training matirials Bill', 0.00, 3800.00, 3800.00, '4506', 18, 'App\\AccountHeadChild_I', NULL, '2020-11-25 22:07:11'),
(11, 3, 'Facilitators Honorarirum', 0.00, 10000.00, 10000.00, '4507', 18, 'App\\AccountHeadChild_I', NULL, '2020-11-25 22:07:11'),
(12, 3, 'Equipment Charge', 0.00, 118500.00, 118500.00, '4508', 18, 'App\\AccountHeadChild_I', NULL, '2020-11-25 22:07:11'),
(13, 3, 'Tranees convence received', 0.00, 18500.00, 18500.00, '4509', 18, 'App\\AccountHeadChild_I', NULL, '2020-11-25 22:07:11'),
(14, 3, 'Residence Personal', 0.00, 4702685.00, 4702685.00, '4510', 18, 'App\\AccountHeadChild_I', NULL, '2020-11-25 22:07:11'),
(15, 3, 'Food bill Received (Personal)', 0.00, 584307.00, 584307.00, '4511', 18, 'App\\AccountHeadChild_I', NULL, '2020-11-25 22:07:11'),
(16, 4, 'Food cost', 5192915.00, 0.00, 5192915.00, '5701', 19, 'App\\AccountHeadChild_I', NULL, '2020-11-25 22:07:11'),
(17, 4, 'Special Allawonces', 27878.00, 0.00, 27878.00, '5703', 19, 'App\\AccountHeadChild_I', NULL, '2020-11-25 22:07:11'),
(18, 4, 'Supporting Staff cost for cook', 92250.00, 0.00, 92250.00, '5705', 19, 'App\\AccountHeadChild_I', NULL, '2020-11-25 22:07:11'),
(19, 4, 'Training matirials cost', 2050.00, 0.00, 2050.00, '5706', 19, 'App\\AccountHeadChild_I', NULL, '2020-11-25 22:07:11'),
(20, 4, 'Trainees Convyence cost', 18500.00, 0.00, 18500.00, '5707', 19, 'App\\AccountHeadChild_I', NULL, '2020-11-25 22:07:11'),
(21, 4, 'RESO. Person H cost', 58790.00, 0.00, 58790.00, '5708', 19, 'App\\AccountHeadChild_I', NULL, '2020-11-25 22:07:11'),
(22, 4, 'Extra Service Sttaf Cost', 40545.00, 0.00, 40545.00, '5709', 19, 'App\\AccountHeadChild_I', NULL, '2020-11-25 22:07:11'),
(23, 3, 'Dining Charge', 0.00, 0.00, 0.00, '4512', 18, 'App\\AccountHeadChild_I', NULL, '2020-11-25 22:07:11'),
(26, 1, 'Furniture', 681890.00, 0.00, 681890.00, '1201', 2, 'App\\AccountHeadChild_II', NULL, '2020-11-25 22:07:09'),
(28, 1, 'Spiral Machine', 0.00, 0.00, 0.00, '1252', 3, 'App\\AccountHeadChild_II', NULL, '2020-11-25 22:07:09'),
(29, 1, 'Photo copier', 52110.00, 0.00, 52110.00, '1253', 3, 'App\\AccountHeadChild_II', NULL, '2020-11-25 22:07:09'),
(30, 1, 'Video Camera', 15000.00, 0.00, 15000.00, '1255', 3, 'App\\AccountHeadChild_II', NULL, '2020-11-25 22:07:09'),
(31, 1, 'Vehical A/C', 0.00, 0.00, 0.00, '1301', 4, 'App\\AccountHeadChild_II', NULL, '2020-11-25 22:07:09'),
(32, 1, 'Motor Cycle', 0.00, 0.00, 0.00, '1302', 4, 'App\\AccountHeadChild_II', NULL, '2020-11-25 22:07:09'),
(33, 1, 'Computer System', 115800.00, 0.00, 115800.00, '1351', 5, 'App\\AccountHeadChild_II', NULL, '2020-11-25 22:07:09'),
(34, 1, 'Television', 425400.00, 0.00, 425400.00, '1352', 5, 'App\\AccountHeadChild_II', NULL, '2020-11-25 22:07:09'),
(35, 1, 'Generator', 0.00, 0.00, 0.00, '1353', 5, 'App\\AccountHeadChild_II', NULL, '2020-11-25 22:07:09'),
(36, 1, 'Refrigerator', 69150.00, 0.00, 69150.00, '1354', 5, 'App\\AccountHeadChild_II', NULL, '2020-11-25 22:07:09'),
(37, 1, 'Electric Fan', 85163.00, 0.00, 85163.00, '1355', 5, 'App\\AccountHeadChild_II', NULL, '2020-11-25 22:07:09'),
(38, 1, 'Solar System', 0.00, 0.00, 0.00, '1356', 5, 'App\\AccountHeadChild_II', NULL, '2020-11-25 22:07:09'),
(39, 1, 'Air Conditioner', 504950.00, 0.00, 504950.00, '1357', 5, 'App\\AccountHeadChild_II', NULL, '2020-11-25 22:07:09'),
(40, 1, 'Server', 0.00, 0.00, 0.00, '1401', 6, 'App\\AccountHeadChild_II', NULL, '2020-11-25 22:07:09'),
(41, 1, 'Microcredit Software', 0.00, 0.00, 0.00, '1402', 6, 'App\\AccountHeadChild_II', NULL, '2020-11-25 22:07:09'),
(42, 1, 'Loan A/C With members -JAGARON', 0.00, 0.00, 0.00, '1901', 7, 'App\\AccountHeadChild_II', NULL, '2020-11-25 22:07:09'),
(43, 1, 'Loan A/C With members -AGRASHOR', 0.00, 0.00, 0.00, '1902', 7, 'App\\AccountHeadChild_II', NULL, '2020-11-25 22:07:09'),
(44, 1, 'Loan A/C With members -BUNIAD', 0.00, 0.00, 0.00, '1903', 7, 'App\\AccountHeadChild_II', NULL, '2020-11-25 22:07:09'),
(45, 1, 'Loan A/C With members -SUFALON', 0.00, 0.00, 0.00, '1904', 7, 'App\\AccountHeadChild_II', NULL, '2020-11-25 22:07:09'),
(46, 1, 'Loan A/C With members -MFMSF', 0.00, 0.00, 0.00, '1905', 7, 'App\\AccountHeadChild_II', NULL, '2020-11-25 22:07:09'),
(47, 1, 'Loan A/C With members -EFRRAP', 0.00, 0.00, 0.00, '1906', 7, 'App\\AccountHeadChild_II', NULL, '2020-11-25 22:07:09'),
(48, 1, 'By Cycle Loan (staff)', 0.00, 0.00, 0.00, '2002', 8, 'App\\AccountHeadChild_II', NULL, '2020-11-25 22:07:09'),
(49, 1, 'Rain Coat', 0.00, 0.00, 0.00, '2005', 8, 'App\\AccountHeadChild_II', NULL, '2020-11-25 22:07:09'),
(50, 1, 'LLPI', 0.00, 0.00, 0.00, '2301', 10, 'App\\AccountHeadChild_II', NULL, '2020-11-25 22:07:09'),
(51, 1, 'DMFI', 0.00, 0.00, 0.00, '2302', 10, 'App\\AccountHeadChild_II', NULL, '2020-11-25 22:07:09'),
(52, 2, 'JAGARON (SS)', 0.00, 0.00, 0.00, '3141', 18, 'App\\AccountHeadChild_II', NULL, '2020-11-25 22:07:10'),
(53, 2, 'Monthly Savings(DPS)', 0.00, 0.00, 0.00, '3151', 21, 'App\\AccountHeadChild_II', NULL, '2020-11-25 22:07:10'),
(54, 2, 'RMC (PKSF) Principal', 0.00, 0.00, 0.00, '3351', 11, 'App\\AccountHeadChild_II', NULL, '2020-11-25 22:07:10'),
(55, 2, 'UMC (PKSF) Principal', 0.00, 0.00, 0.00, '3352', 11, 'App\\AccountHeadChild_II', NULL, '2020-11-25 22:07:10'),
(56, 2, 'ME (PKSF) Principal', 0.00, 0.00, 0.00, '3353', 11, 'App\\AccountHeadChild_II', NULL, '2020-11-25 22:07:10'),
(57, 2, 'JAGARON (PKSF) Principal', 0.00, 0.00, 0.00, '3354', 11, 'App\\AccountHeadChild_II', NULL, '2020-11-25 22:07:10'),
(58, 2, 'AGRASHOR (PKSF) Principal', 0.00, 0.00, 0.00, '3355', 11, 'App\\AccountHeadChild_II', NULL, '2020-11-25 22:07:10'),
(59, 2, 'SUFALON (PKSF) Principal', 0.00, 0.00, 0.00, '3356', 11, 'App\\AccountHeadChild_II', NULL, '2020-11-25 22:07:10'),
(60, 3, 'Other Income', 0.00, 52610.00, 52610.00, '4256', 12, 'App\\AccountHeadChild_II', NULL, '2020-11-25 22:07:11'),
(61, 3, 'Income from Training Center', 0.00, 0.00, 0.00, '4259', 12, 'App\\AccountHeadChild_II', NULL, '2020-11-25 22:07:11'),
(62, 3, 'ENRICH Project Income', 0.00, 0.00, 0.00, '4260', 12, 'App\\AccountHeadChild_II', NULL, '2020-11-25 22:07:11'),
(63, 3, 'ENRICH Project Grant Income', 0.00, 0.00, 0.00, '4261', 12, 'App\\AccountHeadChild_II', NULL, '2020-11-25 22:07:11'),
(64, 3, 'Sale of pass book (DPS)', 0.00, 0.00, 0.00, '4262', 12, 'App\\AccountHeadChild_II', NULL, '2020-11-25 22:07:11'),
(65, 3, 'FK norway project', 0.00, 0.00, 0.00, '4263', 12, 'App\\AccountHeadChild_II', NULL, '2020-11-25 22:07:11'),
(66, 3, 'Bad Debts', 0.00, 0.00, 0.00, '4264', 12, 'App\\AccountHeadChild_II', NULL, '2020-11-25 22:07:11'),
(67, 3, 'Income for vahicle sale', 0.00, 0.00, 0.00, '4265', 12, 'App\\AccountHeadChild_II', NULL, '2020-11-25 22:07:11'),
(68, 3, 'Bank Interest', 0.00, 0.00, 0.00, '4301', 13, 'App\\AccountHeadChild_II', NULL, '2020-11-25 22:07:11'),
(69, 3, 'Bank Interest?FDR', 0.00, 0.00, 0.00, '4302', 13, 'App\\AccountHeadChild_II', NULL, '2020-11-25 22:07:11'),
(70, 3, 'Bank Interest?LLP', 0.00, 0.00, 0.00, '4303', 13, 'App\\AccountHeadChild_II', NULL, '2020-11-25 22:07:11'),
(71, 3, 'Bank Interest?DMF', 0.00, 0.00, 0.00, '4304', 13, 'App\\AccountHeadChild_II', NULL, '2020-11-25 22:07:11'),
(72, 3, 'Bank Interest?DF', 0.00, 0.00, 0.00, '4305', 13, 'App\\AccountHeadChild_II', NULL, '2020-11-25 22:07:11'),
(73, 4, 'RMC Service Charge paid to HO', 0.00, 0.00, 0.00, '5221', 14, 'App\\AccountHeadChild_II', NULL, '2020-11-25 22:07:11'),
(74, 4, 'UMC Service Charge paid to HO', 0.00, 0.00, 0.00, '5222', 14, 'App\\AccountHeadChild_II', NULL, '2020-11-25 22:07:11'),
(75, 4, 'ME Service Charge paid to HO', 0.00, 0.00, 0.00, '5223', 14, 'App\\AccountHeadChild_II', NULL, '2020-11-25 22:07:11'),
(76, 4, 'UPP Service Charge paid to HO', 0.00, 0.00, 0.00, '5224', 14, 'App\\AccountHeadChild_II', NULL, '2020-11-25 22:07:11'),
(77, 4, 'SL Service Charge paid to HO', 0.00, 0.00, 0.00, '5225', 14, 'App\\AccountHeadChild_II', NULL, '2020-11-25 22:07:11'),
(78, 4, 'ASMP  Service Charge paid to HO', 0.00, 0.00, 0.00, '5226', 14, 'App\\AccountHeadChild_II', NULL, '2020-11-25 22:07:11'),
(79, 4, 'Printing & Stationery', 44381.00, 0.00, 44381.00, '5451', 16, 'App\\AccountHeadChild_II', NULL, '2020-11-25 22:07:11'),
(80, 4, 'Fuel Cost', 74267.00, 0.00, 74267.00, '5452', 16, 'App\\AccountHeadChild_II', NULL, '2020-11-25 22:07:11'),
(81, 4, 'Office Rent', 0.00, 0.00, 0.00, '5453', 16, 'App\\AccountHeadChild_II', NULL, '2020-11-25 22:07:11'),
(82, 4, 'Postage & Telephone', 79342.00, 0.00, 79342.00, '5454', 16, 'App\\AccountHeadChild_II', NULL, '2020-11-25 22:07:11'),
(83, 4, 'Electricity Bill', 1957442.00, 0.00, 1957442.00, '5455', 16, 'App\\AccountHeadChild_II', NULL, '2020-11-25 22:07:12'),
(84, 4, 'Entertainment Cost', 8029.00, 0.00, 8029.00, '5456', 16, 'App\\AccountHeadChild_II', NULL, '2020-11-25 22:07:12'),
(85, 4, 'Repair & Maintenance Cost', 2645785.00, 0.00, 2645785.00, '5457', 16, 'App\\AccountHeadChild_II', NULL, '2020-11-25 22:07:12'),
(86, 4, 'Gas bill & installation', 48370.00, 0.00, 48370.00, '5458', 16, 'App\\AccountHeadChild_II', NULL, '2020-11-25 22:07:12'),
(87, 4, 'Advertisement', 0.00, 0.00, 0.00, '5459', 16, 'App\\AccountHeadChild_II', NULL, '2020-11-25 22:07:12'),
(88, 4, 'VAT/TAX', 493233.00, 0.00, 493233.00, '5460', 16, 'App\\AccountHeadChild_II', NULL, '2020-11-25 22:07:12'),
(89, 4, 'Audit & Professional Fee', 0.00, 0.00, 0.00, '5461', 16, 'App\\AccountHeadChild_II', NULL, '2020-11-25 22:07:12'),
(90, 4, 'Training Allowance', 0.00, 0.00, 0.00, '5462', 16, 'App\\AccountHeadChild_II', NULL, '2020-11-25 22:07:12'),
(91, 4, 'Software Cost', 0.00, 0.00, 0.00, '5463', 16, 'App\\AccountHeadChild_II', NULL, '2020-11-25 22:07:12'),
(92, 4, 'LLPE', 0.00, 0.00, 0.00, '5464', 16, 'App\\AccountHeadChild_II', NULL, '2020-11-25 22:07:12'),
(93, 4, 'DMFE', 0.00, 0.00, 0.00, '5465', 16, 'App\\AccountHeadChild_II', NULL, '2020-11-25 22:07:12'),
(94, 4, 'Depricaition', 0.00, 0.00, 0.00, '5466', 16, 'App\\AccountHeadChild_II', NULL, '2020-11-25 22:07:12'),
(95, 4, 'Legal Expense', 0.00, 0.00, 0.00, '5467', 16, 'App\\AccountHeadChild_II', NULL, '2020-11-25 22:07:12'),
(96, 4, 'Miscellaneous Expense', 65754.00, 0.00, 65754.00, '5468', 16, 'App\\AccountHeadChild_II', NULL, '2020-11-25 22:07:12'),
(97, 4, 'Honorarium fee', 0.00, 0.00, 0.00, '5469', 16, 'App\\AccountHeadChild_II', NULL, '2020-11-25 22:07:12'),
(98, 4, 'Service Charge Paid to PKSF (RMC)', 0.00, 0.00, 0.00, '5131', 19, 'App\\AccountHeadChild_II', NULL, '2020-11-25 22:07:12'),
(99, 4, 'Service Charge Paid to PKSF (UMC)', 0.00, 0.00, 0.00, '5132', 19, 'App\\AccountHeadChild_II', NULL, '2020-11-25 22:07:12'),
(100, 4, 'Service Charge Paid to PKSF (ME)', 0.00, 0.00, 0.00, '5133', 19, 'App\\AccountHeadChild_II', NULL, '2020-11-25 22:07:12'),
(101, 4, 'Service Charge Paid to PKSF (UPP)', 0.00, 0.00, 0.00, '5134', 19, 'App\\AccountHeadChild_II', NULL, '2020-11-25 22:07:12'),
(102, 4, 'Service Charge Paid to PKSF (ID loan)', 0.00, 0.00, 0.00, '5135', 19, 'App\\AccountHeadChild_II', NULL, '2020-11-25 22:07:12'),
(103, 4, 'Service Charge Paid to PKSF (JAGARON)', 0.00, 0.00, 0.00, '5136', 19, 'App\\AccountHeadChild_II', NULL, '2020-11-25 22:07:12'),
(104, 4, 'Service Charge Paid to PKSF (AGRASHOR)', 0.00, 0.00, 0.00, '5137', 19, 'App\\AccountHeadChild_II', NULL, '2020-11-25 22:07:12'),
(105, 4, 'Service Charge Paid to PKSF (BUNIAD)', 0.00, 0.00, 0.00, '5138', 19, 'App\\AccountHeadChild_II', NULL, '2020-11-25 22:07:12'),
(106, 4, 'Interest on Group Savings', 0.00, 0.00, 0.00, '5121', 20, 'App\\AccountHeadChild_II', NULL, '2020-11-25 22:07:12'),
(107, 2, 'Emergency Fund JAGARON', 0.00, 0.00, 0.00, '3161', 22, 'App\\AccountHeadChild_II', NULL, '2020-11-25 22:07:10'),
(108, 3, 'Service Charge A/C JAGARON', 0.00, 0.00, 0.00, '4151', 23, 'App\\AccountHeadChild_II', NULL, '2020-11-25 22:07:11'),
(109, 3, 'Service Charge A/C AGRASHOR', 0.00, 0.00, 0.00, '4152', 23, 'App\\AccountHeadChild_II', NULL, '2020-11-25 22:07:11'),
(110, 3, 'Service Charge A/C BUNIAD', 0.00, 0.00, 0.00, '4153', 23, 'App\\AccountHeadChild_II', NULL, '2020-11-25 22:07:11'),
(111, 3, 'Service Charge A/C  SUFOLON', 0.00, 0.00, 0.00, '4154', 23, 'App\\AccountHeadChild_II', NULL, '2020-11-25 22:07:11'),
(112, 3, 'Service Charge A/C EFRRAP', 0.00, 0.00, 0.00, '4155', 23, 'App\\AccountHeadChild_II', NULL, '2020-11-25 22:07:11'),
(113, 3, 'Service Charge A/C  MFMSF', 0.00, 0.00, 0.00, '4156', 23, 'App\\AccountHeadChild_II', NULL, '2020-11-25 22:07:11'),
(114, 4, 'Staff Salary & Allowance', 3094817.00, 0.00, 3094817.00, '5311', 15, 'App\\AccountHeadChild_II', NULL, '2020-11-25 22:07:12'),
(115, 4, 'Traveling Cost/ Conveyance', 52220.00, 0.00, 52220.00, '5471', 16, 'App\\AccountHeadChild_II', NULL, '2020-11-25 22:07:12'),
(116, 4, 'Bank/D.D/T.T Charge & comm;.', 4111.00, 0.00, 4111.00, '5501', 24, 'App\\AccountHeadChild_II', NULL, '2020-11-25 22:07:12'),
(117, 2, 'Current Account Principal (HO & Branch)RMC', 0.00, 0.00, 0.00, '3421', 26, 'App\\AccountHeadChild_II', NULL, '2020-11-25 22:07:10'),
(118, 2, 'Current Account Principal (HO & Branch)UMC', 0.00, 0.00, 0.00, '3422', 26, 'App\\AccountHeadChild_II', NULL, '2020-11-25 22:07:10'),
(119, 2, 'Current Account Principal (Branch & HO)ME', 0.00, 0.00, 0.00, '3423', 26, 'App\\AccountHeadChild_II', NULL, '2020-11-25 22:07:10'),
(120, 2, 'Current Account Principal (Branch & HO)UPP', 0.00, 0.00, 0.00, '3424', 26, 'App\\AccountHeadChild_II', NULL, '2020-11-25 22:07:10'),
(121, 2, 'Current Account Principal (Branch & HO)SL', 0.00, 0.00, 0.00, '3425', 26, 'App\\AccountHeadChild_II', NULL, '2020-11-25 22:07:10'),
(122, 2, 'Current Account Principal (Branch & HO)JAGARON', 0.00, 0.00, 0.00, '3426', 26, 'App\\AccountHeadChild_II', NULL, '2020-11-25 22:07:10'),
(123, 2, 'Current Account Principal (Branch & HO)AGRASHOR', 0.00, 0.00, 0.00, '3427', 26, 'App\\AccountHeadChild_II', NULL, '2020-11-25 22:07:10'),
(124, 2, 'Current Account Principal (Branch & HO)MFMSF', 0.00, 0.00, 0.00, '3428', 26, 'App\\AccountHeadChild_II', NULL, '2020-11-25 22:07:10'),
(125, 2, 'Loan Loss Provision Fund (LLP)', 0.00, 0.00, 0.00, '3521', 27, 'App\\AccountHeadChild_II', NULL, '2020-11-25 22:07:10'),
(126, 2, 'Disaster Management Fund (DMF)', 0.00, 0.00, 0.00, '3522', 27, 'App\\AccountHeadChild_II', NULL, '2020-11-25 22:07:10'),
(127, 2, 'Accumulated Depreciation', 0.00, 129414.00, 129414.00, '3523', 27, 'App\\AccountHeadChild_II', NULL, '2020-11-25 22:07:10'),
(128, 2, 'Provision for Expenses', 0.00, 0.00, 0.00, '3524', 27, 'App\\AccountHeadChild_II', NULL, '2020-11-25 22:07:10'),
(129, 2, 'Payable for Savings Interest', 0.00, 0.00, 0.00, '3525', 27, 'App\\AccountHeadChild_II', NULL, '2020-11-25 22:07:10'),
(130, 2, 'Retained Surplus/Deficit', 0.00, 34150972.00, 34150972.00, '3621', 28, 'App\\AccountHeadChild_II', NULL, '2020-11-25 22:07:10'),
(131, 1, 'Building/Office Construction', 0.00, 0.00, 0.00, '1153', 1, 'App\\AccountHeadChild_II', NULL, '2020-11-25 22:07:09'),
(132, 1, 'Veceom Cleaner', 16000.00, 0.00, 16000.00, '1358', 5, 'App\\AccountHeadChild_II', NULL, '2020-11-25 22:07:09'),
(133, 1, 'Sound System', 50000.00, 0.00, 50000.00, '1359', 5, 'App\\AccountHeadChild_II', NULL, '2020-11-25 22:07:09'),
(134, 1, 'AC/DC Motors & Feetings', 415060.00, 0.00, 415060.00, '1360', 5, 'App\\AccountHeadChild_II', NULL, '2020-11-25 22:07:09'),
(135, 1, 'Lift', 0.00, 0.00, 0.00, '1361', 5, 'App\\AccountHeadChild_II', NULL, '2020-11-25 22:07:09'),
(136, 1, 'IPS', 0.00, 0.00, 0.00, '1362', 5, 'App\\AccountHeadChild_II', NULL, '2020-11-25 22:07:09'),
(137, 1, 'Oven', 19500.00, 0.00, 19500.00, '1363', 5, 'App\\AccountHeadChild_II', NULL, '2020-11-25 22:07:09'),
(138, 1, 'Multimedia And Overhead Projector', 167500.00, 0.00, 167500.00, '1254', 3, 'App\\AccountHeadChild_II', NULL, '2020-11-25 22:07:09'),
(139, 1, 'Fire extinguisher', 17700.00, 0.00, 17700.00, '1256', 3, 'App\\AccountHeadChild_II', NULL, '2020-11-25 22:07:09'),
(140, 1, 'DFI', 0.00, 0.00, 0.00, '2303', 10, 'App\\AccountHeadChild_II', NULL, '2020-11-25 22:07:09'),
(141, 1, 'Savings FDR', 0.00, 0.00, 0.00, '2304', 10, 'App\\AccountHeadChild_II', NULL, '2020-11-25 22:07:09'),
(142, 1, 'Other Savings FDR', 0.00, 0.00, 0.00, '2305', 10, 'App\\AccountHeadChild_II', NULL, '2020-11-25 22:07:09'),
(143, 2, 'AGRASHOR (SS)', 0.00, 0.00, 0.00, '3142', 18, 'App\\AccountHeadChild_II', NULL, '2020-11-25 22:07:10'),
(144, 2, 'BUNIAD (SS)', 0.00, 0.00, 0.00, '3143', 18, 'App\\AccountHeadChild_II', NULL, '2020-11-25 22:07:10'),
(145, 2, 'MFMSF (SS)', 0.00, 0.00, 0.00, '3144', 18, 'App\\AccountHeadChild_II', NULL, '2020-11-25 22:07:10'),
(146, 2, 'SUFALON (SS)', 0.00, 0.00, 0.00, '3145', 18, 'App\\AccountHeadChild_II', NULL, '2020-11-25 22:07:10'),
(147, 2, 'Emergency Fund AGRASOR', 0.00, 0.00, 0.00, '3162', 22, 'App\\AccountHeadChild_II', NULL, '2020-11-25 22:07:10'),
(148, 2, 'Emergency Fund BUNIAD', 0.00, 0.00, 0.00, '3163', 22, 'App\\AccountHeadChild_II', NULL, '2020-11-25 22:07:10'),
(149, 2, 'Emergency fund SUFALON', 0.00, 0.00, 0.00, '3164', 22, 'App\\AccountHeadChild_II', NULL, '2020-11-25 22:07:10'),
(150, 2, 'Emergency Fund FSP', 0.00, 0.00, 0.00, '3165', 22, 'App\\AccountHeadChild_II', NULL, '2020-11-25 22:07:10'),
(151, 2, 'Emergency Fund EFRRAP', 0.00, 0.00, 0.00, '3166', 22, 'App\\AccountHeadChild_II', NULL, '2020-11-25 22:07:10'),
(152, 2, 'Health Insurance', 0.00, 0.00, 0.00, '3167', 22, 'App\\AccountHeadChild_II', NULL, '2020-11-25 22:07:10'),
(153, 4, 'Service Charge Paid to PKSF (SUFOLON)', 0.00, 0.00, 0.00, '5139', 19, 'App\\AccountHeadChild_II', NULL, '2020-11-25 22:07:12'),
(154, 4, 'Daily Allowance', 135552.00, 0.00, 135552.00, '5472', 16, 'App\\AccountHeadChild_II', NULL, '2020-11-25 22:07:12'),
(155, 4, 'Meeting Expenses', 0.00, 0.00, 0.00, '5473', 16, 'App\\AccountHeadChild_II', NULL, '2020-11-25 22:07:12'),
(156, 4, 'Festival Allowance', 291435.00, 0.00, 291435.00, '5474', 15, 'App\\AccountHeadChild_II', NULL, '2020-11-25 22:07:12'),
(157, 4, 'News Paper Bill', 6080.00, 0.00, 6080.00, '5476', 16, 'App\\AccountHeadChild_II', NULL, '2020-11-25 22:07:12'),
(158, 4, 'Registration Fees', 0.00, 0.00, 0.00, '5477', 16, 'App\\AccountHeadChild_II', NULL, '2020-11-25 22:07:12'),
(159, 4, 'Insurance Fee', 0.00, 0.00, 0.00, '5478', 16, 'App\\AccountHeadChild_II', NULL, '2020-11-25 22:07:12'),
(160, 4, 'Scholarship Fee', 0.00, 0.00, 0.00, '5479', 16, 'App\\AccountHeadChild_II', NULL, '2020-11-25 22:07:12'),
(161, 4, 'Donation', 167270.00, 0.00, 167270.00, '5480', 16, 'App\\AccountHeadChild_II', NULL, '2020-11-25 22:07:12'),
(162, 4, 'Incentive DPS', 0.00, 0.00, 0.00, '5481', 16, 'App\\AccountHeadChild_II', NULL, '2020-11-25 22:07:12'),
(163, 4, 'Office Maintenance', 1132370.00, 0.00, 1132370.00, '5482', 16, 'App\\AccountHeadChild_II', NULL, '2020-11-25 22:07:12'),
(164, 4, 'Project Profile', 0.00, 0.00, 0.00, '5483', 16, 'App\\AccountHeadChild_II', NULL, '2020-11-25 22:07:12'),
(165, 4, 'FK norway project expenses', 0.00, 0.00, 0.00, '5484', 16, 'App\\AccountHeadChild_II', NULL, '2020-11-25 22:07:12'),
(166, 4, 'Expenses for Training Center', 0.00, 0.00, 0.00, '5485', 16, 'App\\AccountHeadChild_II', NULL, '2020-11-25 22:07:12'),
(167, 4, 'City Allowance', 0.00, 0.00, 0.00, '5486', 16, 'App\\AccountHeadChild_II', NULL, '2020-11-25 22:07:12'),
(168, 4, 'Cookarige', 111259.00, 0.00, 111259.00, '5487', 16, 'App\\AccountHeadChild_II', NULL, '2020-11-25 22:07:12'),
(169, 4, 'Security Guard Allowance', 0.00, 0.00, 0.00, '5488', 16, 'App\\AccountHeadChild_II', NULL, '2020-11-25 22:07:12'),
(170, 4, 'Annual/Special Program', 0.00, 0.00, 0.00, '5489', 16, 'App\\AccountHeadChild_II', NULL, '2020-11-25 22:07:12'),
(171, 4, 'Service Charge Rebate', 0.00, 0.00, 0.00, '5491', 16, 'App\\AccountHeadChild_II', NULL, '2020-11-25 22:07:12'),
(172, 4, 'Bank Charge of LLP', 0.00, 0.00, 0.00, '5502', 24, 'App\\AccountHeadChild_II', NULL, '2020-11-25 22:07:12'),
(173, 4, 'Bank Charge of DMF', 486377.00, 0.00, 486377.00, '5503', 24, 'App\\AccountHeadChild_II', NULL, '2020-11-25 22:07:12'),
(174, 3, 'Income From Sale of Land', 0.00, 0.00, 0.00, '4266', 12, 'App\\AccountHeadChild_II', NULL, '2020-11-25 22:07:11'),
(175, 4, 'Imterest Paid on Bank Loan', 0.00, 0.00, 0.00, '5492', 16, 'App\\AccountHeadChild_II', NULL, '2020-11-25 22:07:12'),
(176, 4, 'Interest on Savings(staff)', 0.00, 0.00, 0.00, '5493', 16, 'App\\AccountHeadChild_II', NULL, '2020-11-25 22:07:12'),
(177, 1, 'Advance', 0.00, 0.00, 0.00, '2101', 9, 'App\\AccountHeadChild_II', NULL, '2020-11-25 22:07:09'),
(178, 1, 'Loan A/C with Climate Change Project', 0.00, 0.00, 0.00, '1511', 29, 'App\\AccountHeadChild_II', NULL, '2020-11-25 22:07:09'),
(179, 1, 'Loan to MICR Project', 0.00, 0.00, 0.00, '1512', 29, 'App\\AccountHeadChild_II', NULL, '2020-11-25 22:07:09'),
(180, 1, 'VGD Project Loan A/C', 0.00, 0.00, 0.00, '1513', 29, 'App\\AccountHeadChild_II', NULL, '2020-11-25 22:07:09'),
(181, 1, 'Non Formal Education Project Loan A/C', 0.00, 0.00, 0.00, '1514', 29, 'App\\AccountHeadChild_II', NULL, '2020-11-25 22:07:09'),
(182, 2, 'Special Saving (Staff)', 0.00, 0.00, 0.00, '3202', 38, 'App\\AccountHeadChild_II', NULL, '2020-11-25 22:07:10'),
(183, 2, 'Current Account Principal (Branch & HO) EFRREP', 0.00, 0.00, 0.00, '3429', 26, 'App\\AccountHeadChild_II', NULL, '2020-11-25 22:07:10'),
(184, 2, 'Current Account Principal (Branch & HO) AGRICULTURE', 0.00, 0.00, 0.00, '3430', 26, 'App\\AccountHeadChild_II', NULL, '2020-11-25 22:07:10'),
(185, 2, 'Current Account Principal (Branch & HO) ID Loan(C&B)', 0.00, 0.00, 0.00, '3431', 26, 'App\\AccountHeadChild_II', NULL, '2020-11-25 22:07:10'),
(186, 2, 'Current Account Principal (Branch & HO) MFMSFP(Kachina-1)', 0.00, 0.00, 0.00, '3432', 26, 'App\\AccountHeadChild_II', NULL, '2020-11-25 22:07:10'),
(187, 2, 'Current Account Principal (Branch & HO) SUFOLON', 0.00, 0.00, 0.00, '3433', 26, 'App\\AccountHeadChild_II', NULL, '2020-11-25 22:07:10'),
(188, 2, 'payable for Organization cotribution', 0.00, 0.00, 0.00, '3551', 30, 'App\\AccountHeadChild_II', NULL, '2020-11-25 22:07:10'),
(189, 2, 'payable to Gratuity Fund', 0.00, 0.00, 0.00, '3552', 30, 'App\\AccountHeadChild_II', NULL, '2020-11-25 22:07:10'),
(190, 2, 'Advance against sale of Land', 0.00, 0.00, 0.00, '3553', 30, 'App\\AccountHeadChild_II', NULL, '2020-11-25 22:07:10'),
(191, 2, 'Motorcycle Installment Collection', 0.00, 0.00, 0.00, '3554', 30, 'App\\AccountHeadChild_II', NULL, '2020-11-25 22:07:10'),
(192, 2, 'Advance Grant for ENRICH pro.', 0.00, 0.00, 0.00, '3555', 30, 'App\\AccountHeadChild_II', NULL, '2020-11-25 22:07:10'),
(193, 2, 'payable to PF Contribution', 0.00, 0.00, 0.00, '3556', 30, 'App\\AccountHeadChild_II', NULL, '2020-11-25 22:07:10'),
(194, 2, 'payable to PF Loan A/C', 0.00, 0.00, 0.00, '3534', 30, 'App\\AccountHeadChild_II', NULL, '2020-11-25 22:07:10'),
(195, 2, 'payable to PF Service A/C', 0.00, 0.00, 0.00, '3557', 30, 'App\\AccountHeadChild_II', NULL, '2020-11-25 22:07:10'),
(196, 2, 'payable to Salary Tax', 0.00, 0.00, 0.00, '3558', 30, 'App\\AccountHeadChild_II', NULL, '2020-11-25 22:07:10'),
(197, 2, 'ED Loan', 0.00, 0.00, 0.00, '3559', 30, 'App\\AccountHeadChild_II', NULL, '2020-11-25 22:07:10'),
(198, 3, 'Admission fees A/C', 0.00, 0.00, 0.00, '4267', 12, 'App\\AccountHeadChild_II', NULL, '2020-11-25 22:07:11'),
(199, 3, 'Sale of Passbook ( Member)', 0.00, 0.00, 0.00, '4268', 12, 'App\\AccountHeadChild_II', NULL, '2020-11-25 22:07:11'),
(200, 3, 'Sale Of Form Fee', 0.00, 0.00, 0.00, '4269', 12, 'App\\AccountHeadChild_II', NULL, '2020-11-25 22:07:11'),
(201, 1, 'Office Security', 0.00, 0.00, 0.00, '1551', 31, 'App\\AccountHeadChild_II', NULL, '2020-11-25 22:07:09'),
(202, 1, 'Suspense A/C', 0.00, 0.00, 0.00, '1552', 31, 'App\\AccountHeadChild_II', NULL, '2020-11-25 22:07:09'),
(203, 2, 'Current Account Principal (Branch & HO) Training Academy Mymensingh Loan', 25352989.00, 0.00, -25352989.00, '3434', 26, 'App\\AccountHeadChild_II', NULL, '2020-11-25 22:07:10'),
(204, 2, 'Bank Loan (southeast)', 0.00, 0.00, 0.00, '3560', 30, 'App\\AccountHeadChild_II', NULL, '2020-11-25 22:07:10'),
(205, 2, 'Provident Fund (PF)', 0.00, 72043.00, 72043.00, '3526', 27, 'App\\AccountHeadChild_II', NULL, '2020-11-25 22:07:10'),
(206, 4, 'JAGORON Service Charge paid to HO', 0.00, 0.00, 0.00, '2526', 14, 'App\\AccountHeadChild_II', NULL, '2020-11-25 22:07:12'),
(207, 4, 'AGROSOR Service Charge paid to HO', 0.00, 0.00, 0.00, '2527', 14, 'App\\AccountHeadChild_II', NULL, '2020-11-25 22:07:12'),
(208, 3, 'Income from Training fee', 0.00, 0.00, 0.00, '4270', 12, 'App\\AccountHeadChild_II', NULL, '2020-11-25 22:07:11'),
(209, 3, 'Sale of Passbook ( security savings)', 0.00, 0.00, 0.00, '4271', 12, 'App\\AccountHeadChild_II', NULL, '2020-11-25 22:07:11'),
(210, 1, 'Mobile Set', 0.00, 0.00, 0.00, '1257', 3, 'App\\AccountHeadChild_II', NULL, '2020-11-25 22:07:09'),
(211, 4, 'EFRRAP Service Charge Paid to HO', 0.00, 0.00, 0.00, '2528', 14, 'App\\AccountHeadChild_II', NULL, '2020-11-25 22:07:12'),
(212, 2, 'Capital fund', 0.00, 0.00, 0.00, '3602', 32, 'App\\AccountHeadChild_II', NULL, '2020-11-25 22:07:10'),
(213, 4, 'MFMSF Service charge paid to H/O', 0.00, 0.00, 0.00, '3537', 14, 'App\\AccountHeadChild_II', NULL, '2020-11-25 22:07:12'),
(214, 4, 'SUFOLON service charge paid to H/O', 0.00, 0.00, 0.00, '3539', 14, 'App\\AccountHeadChild_II', NULL, '2020-11-25 22:07:12'),
(215, 2, 'ENRICH Pro. (ACL)', 0.00, 0.00, 0.00, '3357', 11, 'App\\AccountHeadChild_II', NULL, '2020-11-25 22:07:10'),
(216, 2, 'ENRICH Pro. (IGA)', 0.00, 0.00, 0.00, '3358', 11, 'App\\AccountHeadChild_II', NULL, '2020-11-25 22:07:11'),
(217, 2, 'ENRICH Pro. (LIL)', 0.00, 0.00, 0.00, '3359', 11, 'App\\AccountHeadChild_II', NULL, '2020-11-25 22:07:11'),
(218, 1, 'Fund A/C With Branch- RMC', 0.00, 0.00, 0.00, '1601', 33, 'App\\AccountHeadChild_II', NULL, '2020-11-25 22:07:09'),
(219, 1, 'Fund A/C With Branch- UMC', 0.00, 0.00, 0.00, '1602', 33, 'App\\AccountHeadChild_II', NULL, '2020-11-25 22:07:09'),
(220, 1, 'Fund A/C With Branch- ME', 0.00, 0.00, 0.00, '1603', 33, 'App\\AccountHeadChild_II', NULL, '2020-11-25 22:07:09'),
(221, 1, 'Fund A/C With Branch- MFMSF', 0.00, 0.00, 0.00, '1604', 33, 'App\\AccountHeadChild_II', NULL, '2020-11-25 22:07:09'),
(222, 1, 'Fund A/C With Branch- UPP', 0.00, 0.00, 0.00, '1605', 33, 'App\\AccountHeadChild_II', NULL, '2020-11-25 22:07:10'),
(223, 1, 'Fund A/C With Branch- JAGORAN', 0.00, 0.00, 0.00, '1606', 33, 'App\\AccountHeadChild_II', NULL, '2020-11-25 22:07:10'),
(224, 1, 'Fund A/C With Branch- AGRASHOR', 0.00, 0.00, 0.00, '1607', 33, 'App\\AccountHeadChild_II', NULL, '2020-11-25 22:07:10'),
(225, 1, 'Fund A/C With Branch- SUFOLON', 0.00, 0.00, 0.00, '1608', 33, 'App\\AccountHeadChild_II', NULL, '2020-11-25 22:07:10'),
(226, 1, 'Fund A/C With Branch- AGRICULTURE', 0.00, 0.00, 0.00, '1609', 33, 'App\\AccountHeadChild_II', NULL, '2020-11-25 22:07:10'),
(227, 1, 'Fund A/C With Branch- SEASONAL', 0.00, 0.00, 0.00, '1610', 33, 'App\\AccountHeadChild_II', NULL, '2020-11-25 22:07:10'),
(228, 1, 'Fund A/C With Branch- EFRRAP', 0.00, 0.00, 0.00, '1611', 33, 'App\\AccountHeadChild_II', NULL, '2020-11-25 22:07:10'),
(229, 3, 'Service charge from Branch- MFMSF', 0.00, 0.00, 0.00, '4404', 34, 'App\\AccountHeadChild_II', NULL, '2020-11-25 22:07:11'),
(230, 1, 'Fund A/C With Branch-FSP', 0.00, 0.00, 0.00, '1612', 33, 'App\\AccountHeadChild_II', NULL, '2020-11-25 22:07:10'),
(231, 1, 'Fund A/C With Branch ID Loan (C&B)', 0.00, 0.00, 0.00, '1613', 33, 'App\\AccountHeadChild_II', NULL, '2020-11-25 22:07:10'),
(232, 1, 'Fund A/C With Branch MFMSFP (Kachina-01)', 0.00, 0.00, 0.00, '1614', 33, 'App\\AccountHeadChild_II', NULL, '2020-11-25 22:07:10'),
(233, 1, 'Fund A/C With Branch ENRICH (IGA PRO.)', 0.00, 0.00, 0.00, '1615', 33, 'App\\AccountHeadChild_II', NULL, '2020-11-25 22:07:10'),
(234, 1, 'Fund A/C With Branch ENRICH (Livelihood impro.)', 0.00, 0.00, 0.00, '1616', 33, 'App\\AccountHeadChild_II', NULL, '2020-11-25 22:07:10'),
(235, 1, 'Fund A/C With Branch ENRICH (Asset creation.)', 0.00, 0.00, 0.00, '1617', 33, 'App\\AccountHeadChild_II', NULL, '2020-11-25 22:07:10'),
(236, 2, 'Emergency Fund MFMSF', 0.00, 0.00, 0.00, '3168', 22, 'App\\AccountHeadChild_II', NULL, '2020-11-25 22:07:11'),
(237, 2, 'Other Branch Loan A/C', 0.00, 0.00, 0.00, '3565', 30, 'App\\AccountHeadChild_II', NULL, '2020-11-25 22:07:11'),
(238, 4, 'BUNIAD Service Charge Paid HO', 0.00, 0.00, 0.00, '3540', 14, 'App\\AccountHeadChild_II', NULL, '2020-11-25 22:07:12'),
(239, 4, 'Expenses for training to Beneficiaries', 0.00, 0.00, 0.00, '5494', 16, 'App\\AccountHeadChild_II', NULL, '2020-11-25 22:07:12'),
(240, 2, 'Current Account Principle ( Branch & h/O ) -FSP', 0.00, 0.00, 0.00, '3435', 26, 'App\\AccountHeadChild_II', NULL, '2020-11-25 22:07:11'),
(241, 2, 'Current Account Principle ( Branch & h/O ) ENRICH (LIL)', 0.00, 0.00, 0.00, '3436', 26, 'App\\AccountHeadChild_II', NULL, '2020-11-25 22:07:11'),
(242, 2, 'Current Account Principle ( Branch & h/O ) ENRICH ( ACL)', 0.00, 0.00, 0.00, '3437', 26, 'App\\AccountHeadChild_II', NULL, '2020-11-25 22:07:11'),
(243, 1, 'Loan A/C With members - FSP', 0.00, 0.00, 0.00, '1907', 7, 'App\\AccountHeadChild_II', NULL, '2020-11-25 22:07:10'),
(244, 1, 'Loan A/C With members - LRP', 0.00, 0.00, 0.00, '1908', 7, 'App\\AccountHeadChild_II', NULL, '2020-11-25 22:07:10'),
(245, 3, 'Service Charge A/C FSP', 0.00, 0.00, 0.00, '4157', 23, 'App\\AccountHeadChild_II', NULL, '2020-11-25 22:07:11'),
(246, 3, 'Service Charge A/C DMF   [4158]', 0.00, 0.00, 0.00, '4158', 23, 'App\\AccountHeadChild_II', NULL, '2020-11-25 22:07:11'),
(247, 4, 'FSP Service Charge Paid HO', 0.00, 0.00, 0.00, '3541', 14, 'App\\AccountHeadChild_II', NULL, '2020-11-25 22:07:12'),
(248, 4, 'Bank Charge DF', 0.00, 0.00, 0.00, '5504', 24, 'App\\AccountHeadChild_II', NULL, '2020-11-25 22:07:12'),
(249, 4, 'Decoration Fee', 0.00, 0.00, 0.00, '5495', 16, 'App\\AccountHeadChild_II', NULL, '2020-11-25 22:07:12'),
(250, 4, 'Field Day', 0.00, 0.00, 0.00, '5496', 16, 'App\\AccountHeadChild_II', NULL, '2020-11-25 22:07:12'),
(251, 4, 'Project Contribution', 0.00, 0.00, 0.00, '5498', 16, 'App\\AccountHeadChild_II', NULL, '2020-11-25 22:07:12'),
(252, 1, 'Reserve Fund FDR', 0.00, 0.00, 0.00, '2306', 10, 'App\\AccountHeadChild_II', NULL, '2020-11-25 22:07:10'),
(253, 2, 'Bank Loan (Midland )', 0.00, 0.00, 0.00, '3561', 30, 'App\\AccountHeadChild_II', NULL, '2020-11-25 22:07:11'),
(254, 3, 'Service Charge A/C - LRP', 0.00, 0.00, 0.00, '4159', 23, 'App\\AccountHeadChild_II', NULL, '2020-11-25 22:07:11'),
(255, 2, 'ED', 0.00, 0.00, 0.00, '3711', 35, 'App\\AccountHeadChild_II', NULL, '2020-11-25 22:07:11'),
(256, 2, 'PF', 0.00, 0.00, 0.00, '3712', 35, 'App\\AccountHeadChild_II', NULL, '2020-11-25 22:07:10'),
(257, 2, 'DMF', 0.00, 0.00, 0.00, '3713', 35, 'App\\AccountHeadChild_II', NULL, '2020-11-25 22:07:10'),
(258, 2, 'Current Account Principle ( Branch & h/O ) LRP', 0.00, 0.00, 0.00, '3439', 26, 'App\\AccountHeadChild_II', NULL, '2020-11-25 22:07:10'),
(259, 4, 'Work Shop', 0.00, 0.00, 0.00, '5497', 16, 'App\\AccountHeadChild_II', NULL, '2020-11-25 22:07:11'),
(260, 3, 'Bank Interest-FDR', 0.00, 0.00, 0.00, '4397', 13, 'App\\AccountHeadChild_II', NULL, '2020-11-25 22:07:11'),
(261, 1, 'By Cycle', 0.00, 0.00, 0.00, '1303', 4, 'App\\AccountHeadChild_II', NULL, '2020-11-25 22:07:09'),
(262, 4, 'Abnormal Loss', 0.00, 0.00, 0.00, '5470', 16, 'App\\AccountHeadChild_II', NULL, '2020-11-25 22:07:11'),
(263, 1, 'Loan A/C with Member-DMF', 0.00, 0.00, 0.00, '1909', 7, 'App\\AccountHeadChild_II', NULL, '2020-11-25 22:07:09'),
(264, 2, 'Current Account Principle(Branch & H/O)-DMF', 0.00, 0.00, 0.00, '3440', 26, 'App\\AccountHeadChild_II', NULL, '2020-11-25 22:07:10'),
(265, 1, 'Loan A/C With members -IGA', 0.00, 0.00, 0.00, '1910', 7, 'App\\AccountHeadChild_II', NULL, '2020-11-25 22:07:09'),
(266, 1, 'Loan A/C With members -LIL', 0.00, 0.00, 0.00, '1911', 7, 'App\\AccountHeadChild_II', NULL, '2020-11-25 22:07:09'),
(267, 1, 'Loan A/C With members -ACL', 0.00, 0.00, 0.00, '1912', 7, 'App\\AccountHeadChild_II', NULL, '2020-11-25 22:07:09'),
(268, 3, 'Service Charge A/C IGA', 0.00, 0.00, 0.00, '4160', 23, 'App\\AccountHeadChild_II', NULL, '2020-11-25 22:07:11'),
(269, 3, 'Service Charge A/C LIL', 0.00, 0.00, 0.00, '4161', 23, 'App\\AccountHeadChild_II', NULL, '2020-11-25 22:07:11'),
(270, 3, 'Service Charge A/C ACL', 0.00, 0.00, 0.00, '4162', 23, 'App\\AccountHeadChild_II', NULL, '2020-11-25 22:07:11'),
(271, 2, 'DD Admin', 0.00, 0.00, 0.00, '3715', 35, 'App\\AccountHeadChild_II', NULL, '2020-11-25 22:07:10'),
(272, 3, 'Office Rent Receive', 0.00, 0.00, 0.00, '4272', 12, 'App\\AccountHeadChild_II', NULL, '2020-11-25 22:07:11'),
(273, 1, 'Mobile Loan', 0.00, 0.00, 0.00, '2006', 8, 'App\\AccountHeadChild_II', NULL, '2020-11-25 22:07:09'),
(274, 4, 'DMF Service Charge Paid HO', 0.00, 0.00, 0.00, '3542', 14, 'App\\AccountHeadChild_II', NULL, '2020-11-25 22:07:11'),
(275, 2, 'Emergency Fund Enrich (IGA)', 0.00, 0.00, 0.00, '3169', 22, 'App\\AccountHeadChild_II', NULL, '2020-11-25 22:07:10'),
(276, 2, 'Emergency Fund Enrich (LIL)', 0.00, 0.00, 0.00, '3170', 22, 'App\\AccountHeadChild_II', NULL, '2020-11-25 22:07:10'),
(277, 2, 'Emergency Fund Enrich (ACL)', 0.00, 0.00, 0.00, '3171', 22, 'App\\AccountHeadChild_II', NULL, '2020-11-25 22:07:10'),
(278, 4, 'Enrich Project Expenses', 0.00, 0.00, 0.00, '5499', 16, 'App\\AccountHeadChild_II', NULL, '2020-11-25 22:07:11'),
(279, 4, 'Bad Debts Expenditure', 0.00, 0.00, 0.00, '5651', 36, 'App\\AccountHeadChild_II', NULL, '2020-11-25 22:07:11'),
(280, 4, 'Training Center Service Charge Paid to HO', 0.00, 0.00, 0.00, '3543', 14, 'App\\AccountHeadChild_II', NULL, '2020-11-25 22:07:11'),
(281, 3, 'Income for Motorcycle sale', 0.00, 0.00, 0.00, '4273', 12, 'App\\AccountHeadChild_II', NULL, '2020-11-25 22:07:11'),
(282, 3, 'Income for Air Condition sale', 0.00, 0.00, 0.00, '4274', 12, 'App\\AccountHeadChild_II', NULL, '2020-11-25 22:07:11'),
(283, 3, 'FK Narway project Income', 0.00, 0.00, 0.00, '4275', 12, 'App\\AccountHeadChild_II', NULL, '2020-11-25 22:07:11'),
(284, 4, 'Provident Fund Expenses', 0.00, 0.00, 0.00, '5475', 16, 'App\\AccountHeadChild_II', NULL, '2020-11-25 22:07:11'),
(285, 4, 'Gratuity Fund Expenses', 0.00, 0.00, 0.00, '5490', 16, 'App\\AccountHeadChild_II', NULL, '2020-11-25 22:07:11'),
(286, 2, 'Seasonal  (PKSF) Principal', 0.00, 0.00, 0.00, '3361', 11, 'App\\AccountHeadChild_II', NULL, '2020-11-25 22:07:10'),
(287, 2, 'MFMSF  (PKSF) Principal', 0.00, 0.00, 0.00, '3362', 11, 'App\\AccountHeadChild_II', NULL, '2020-11-25 22:07:10'),
(288, 2, 'EFRRAP  (PKSF) Principal', 0.00, 0.00, 0.00, '3363', 11, 'App\\AccountHeadChild_II', NULL, '2020-11-25 22:07:10'),
(289, 2, 'MEP  (PKSF) Principal', 0.00, 0.00, 0.00, '3364', 11, 'App\\AccountHeadChild_II', NULL, '2020-11-25 22:07:10'),
(290, 2, 'FSP  (PKSF) Principal', 0.00, 0.00, 0.00, '3365', 11, 'App\\AccountHeadChild_II', NULL, '2020-11-25 22:07:10'),
(291, 2, 'LRP  (PKSF) Principal', 0.00, 0.00, 0.00, '3366', 11, 'App\\AccountHeadChild_II', NULL, '2020-11-25 22:07:10'),
(292, 2, 'Agriculture  (PKSF) Principal', 0.00, 0.00, 0.00, '3367', 11, 'App\\AccountHeadChild_II', NULL, '2020-11-25 22:07:10'),
(293, 2, 'UPP  (PKSF) Principal', 0.00, 0.00, 0.00, '3368', 11, 'App\\AccountHeadChild_II', NULL, '2020-11-25 22:07:10'),
(294, 2, 'ID  (PKSF) Principal', 0.00, 0.00, 0.00, '3369', 11, 'App\\AccountHeadChild_II', NULL, '2020-11-25 22:07:10'),
(295, 4, 'Service Charge Paid to PKSF (Seasonal)', 0.00, 0.00, 0.00, '5140', 19, 'App\\AccountHeadChild_II', NULL, '2020-11-25 22:07:11'),
(296, 4, 'Service Charge Paid to PKSF (Agriculture)', 0.00, 0.00, 0.00, '5141', 19, 'App\\AccountHeadChild_II', NULL, '2020-11-25 22:07:11'),
(297, 4, 'Service Charge Paid to PKSF (MFMSF)', 0.00, 0.00, 0.00, '5142', 19, 'App\\AccountHeadChild_II', NULL, '2020-11-25 22:07:11'),
(298, 4, 'Service Charge Paid to PKSF (EFRRAP)', 0.00, 0.00, 0.00, '5143', 19, 'App\\AccountHeadChild_II', NULL, '2020-11-25 22:07:11'),
(299, 4, 'Service Charge Paid to PKSF (MEP)', 0.00, 0.00, 0.00, '5144', 19, 'App\\AccountHeadChild_II', NULL, '2020-11-25 22:07:11'),
(300, 4, 'Service Charge Paid to PKSF (FSP)', 0.00, 0.00, 0.00, '5145', 19, 'App\\AccountHeadChild_II', NULL, '2020-11-25 22:07:11'),
(301, 4, 'Service Charge Paid to PKSF (LRP)', 0.00, 0.00, 0.00, '5146', 19, 'App\\AccountHeadChild_II', NULL, '2020-11-25 22:07:11'),
(302, 2, 'Current Account Principal (Branch & HO) Training Center Trishal Loan', 0.00, 0.00, 0.00, '3441', 26, 'App\\AccountHeadChild_II', NULL, '2020-11-25 22:07:10'),
(303, 3, 'House Rent', 0.00, 0.00, 0.00, '4255', 12, 'App\\AccountHeadChild_II', NULL, '2020-11-25 22:07:11'),
(304, 1, 'Project Security A/C', 0.00, 0.00, 0.00, '1553', 31, 'App\\AccountHeadChild_II', NULL, '2020-11-25 22:07:09'),
(305, 1, 'Washing Machine', 0.00, 0.00, 0.00, '1366', 5, 'App\\AccountHeadChild_II', NULL, '2020-11-25 22:07:09'),
(306, 4, 'Service Charge Paid to PKSF ENRICH(IGA)', 0.00, 0.00, 0.00, '5147', 19, 'App\\AccountHeadChild_II', NULL, '2020-11-25 22:07:11'),
(307, 4, 'Service Charge Paid to PKSF ENRICH(LIL)', 0.00, 0.00, 0.00, '5148', 19, 'App\\AccountHeadChild_II', NULL, '2020-11-25 22:07:11'),
(308, 4, 'Service Charge Paid to PKSF ENRICH(ACL)', 0.00, 0.00, 0.00, '5149', 19, 'App\\AccountHeadChild_II', NULL, '2020-11-25 22:07:11'),
(309, 3, 'Income for Generatar sale', 0.00, 0.00, 0.00, '4276', 12, 'App\\AccountHeadChild_II', NULL, '2020-11-25 22:07:11'),
(310, 1, 'Grihayan Project Loan', 0.00, 0.00, 0.00, '1554', 31, 'App\\AccountHeadChild_II', NULL, '2020-11-25 22:07:09'),
(311, 2, 'Mutual Trust Bank Loan A/C', 0.00, 0.00, 0.00, '3562', 30, 'App\\AccountHeadChild_II', NULL, '2020-11-25 22:07:10'),
(312, 2, 'NRB Bank Loan A/C', 0.00, 0.00, 0.00, '3563', 30, 'App\\AccountHeadChild_II', NULL, '2020-11-25 22:07:10'),
(313, 3, 'Vat Received', 0.00, 128332.00, 128332.00, '4277', 12, 'App\\AccountHeadChild_II', NULL, '2020-11-25 22:07:11'),
(314, 3, 'Tax Received', 0.00, 0.00, 0.00, '4278', 12, 'App\\AccountHeadChild_II', NULL, '2020-11-25 22:07:11'),
(315, 4, 'Vat Paid', 0.00, 0.00, 0.00, '5975', 16, 'App\\AccountHeadChild_II', NULL, '2020-11-25 22:07:11'),
(316, 4, 'Tax Paid', 0.00, 0.00, 0.00, '5976', 16, 'App\\AccountHeadChild_II', NULL, '2020-11-25 22:07:11'),
(317, 1, 'FDR Interest Receivable A/C', 0.00, 0.00, 0.00, '2307', 10, 'App\\AccountHeadChild_II', NULL, '2020-11-25 22:07:09'),
(318, 1, 'FK Norway Project Loan', 0.00, 0.00, 0.00, '1516', 29, 'App\\AccountHeadChild_II', NULL, '2020-11-25 22:07:09'),
(319, 3, 'Income from Computer Sale', 0.00, 0.00, 0.00, '4257', 12, 'App\\AccountHeadChild_II', NULL, '2020-11-25 22:07:11'),
(320, 4, 'Incentive Allowance', 39500.00, 0.00, 39500.00, '5977', 16, 'App\\AccountHeadChild_II', NULL, '2020-11-25 22:07:11'),
(321, 1, 'Security For Land', 0.00, 0.00, 0.00, '1556', 31, 'App\\AccountHeadChild_II', NULL, '2020-11-25 22:07:09'),
(322, 1, 'Motor Cycle Loan A/C (staff)', 0.00, 37040.00, -37040.00, '2007', 8, 'App\\AccountHeadChild_II', NULL, '2020-11-25 22:07:09'),
(323, 4, 'HardShip Allowance(ED)', 0.00, 0.00, 0.00, '5978', 16, 'App\\AccountHeadChild_II', NULL, '2020-11-25 22:07:11'),
(324, 2, 'Capitat Gain From Motorcycle', 0.00, 0.00, 0.00, '3603', 32, 'App\\AccountHeadChild_II', NULL, '2020-11-25 22:07:10'),
(325, 2, 'Project Security Received', 0.00, 0.00, 0.00, '3527', 27, 'App\\AccountHeadChild_II', NULL, '2020-11-25 22:07:10'),
(326, 1, 'Blood Pressur Machine', 0.00, 0.00, 0.00, '1258', 3, 'App\\AccountHeadChild_II', NULL, '2020-11-25 22:07:09'),
(327, 4, 'Loss On Asset', 0.00, 0.00, 0.00, '5652', 36, 'App\\AccountHeadChild_II', NULL, '2020-11-25 22:07:11'),
(328, 4, 'Pension Expenses', 0.00, 0.00, 0.00, '5979', 16, 'App\\AccountHeadChild_II', NULL, '2020-11-25 22:07:11'),
(329, 2, 'Health Savings (staff)', 0.00, 0.00, 0.00, '3203', 38, 'App\\AccountHeadChild_II', NULL, '2020-11-25 22:07:10'),
(330, 4, 'Loss On Sale Of Land', 0.00, 0.00, 0.00, '5653', 36, 'App\\AccountHeadChild_II', NULL, '2020-11-25 22:07:11'),
(331, 1, 'Vehical Loan A/C (ED)', 0.00, 0.00, 0.00, '2008', 8, 'App\\AccountHeadChild_II', NULL, '2020-11-25 22:07:09'),
(332, 2, 'Health Project A/C', 0.00, 0.00, 0.00, '3528', 27, 'App\\AccountHeadChild_II', NULL, '2020-11-25 22:07:10'),
(333, 2, 'Advance Grant for Probin Kormosuchi', 0.00, 0.00, 0.00, '3564', 30, 'App\\AccountHeadChild_II', NULL, '2020-11-25 22:07:10'),
(334, 3, 'Probin Kormosuchi Grant Income', 0.00, 0.00, 0.00, '4280', 12, 'App\\AccountHeadChild_II', NULL, '2020-11-25 22:07:11'),
(335, 4, 'Probin Kormosuchi Expenses', 0.00, 0.00, 0.00, '5980', 16, 'App\\AccountHeadChild_II', NULL, '2020-11-25 22:07:11'),
(336, 4, 'Interest on FGS Savings', 0.00, 0.00, 0.00, '5122', 20, 'App\\AccountHeadChild_II', NULL, '2020-11-25 22:07:11'),
(337, 1, 'DI Project Loan', 0.00, 0.00, 0.00, '1555', 31, 'App\\AccountHeadChild_II', NULL, '2020-11-25 22:07:09'),
(338, 4, 'Adolescent Confurance', 0.00, 0.00, 0.00, '5981', 16, 'App\\AccountHeadChild_II', NULL, '2020-11-25 22:07:11'),
(339, 1, 'Advance For Building', 0.00, 0.00, 0.00, '2102', 9, 'App\\AccountHeadChild_II', NULL, '2020-11-25 22:07:09'),
(340, 1, 'Loan A/C With members - EDUCATION', 0.00, 0.00, 0.00, '1913', 7, 'App\\AccountHeadChild_II', NULL, '2020-11-25 22:07:09'),
(341, 3, 'Service Charge A/C EDUCATION', 0.00, 0.00, 0.00, '4163', 23, 'App\\AccountHeadChild_II', NULL, '2020-11-25 22:07:11'),
(342, 2, 'Staff Welfare', 0.00, 143000.00, 143000.00, '3208', 40, 'App\\AccountHeadChild_II', NULL, '2020-11-25 22:07:10'),
(343, 1, 'Advance Income Tax', 62780.00, 0.00, 62780.00, '2103', 9, 'App\\AccountHeadChild_II', NULL, '2020-11-25 22:07:09'),
(344, 2, 'Advance against Training', 0.00, 10000.00, 10000.00, '3566', 30, 'App\\AccountHeadChild_II', NULL, '2020-11-25 22:07:10'),
(345, 4, 'Other Expenses', 0.00, 0.00, 0.00, '5982', 16, 'App\\AccountHeadChild_II', NULL, '2020-11-25 22:07:12'),
(346, 3, 'Sale of Pass Book (FGS)', 0.00, 0.00, 0.00, '4279', 12, 'App\\AccountHeadChild_II', NULL, '2020-11-25 22:07:11'),
(347, 3, 'Income From Sale Of Furniture', 0.00, 0.00, 0.00, '4254', 12, 'App\\AccountHeadChild_II', NULL, '2020-11-25 22:07:11'),
(348, 2, 'JAGARON (GS)', 0.00, 0.00, 0.00, '3121', 3, 'App\\AccountHeadChild_III', NULL, '2020-11-25 22:07:10'),
(349, 2, 'AGRASHOR (GS)', 0.00, 0.00, 0.00, '3122', 4, 'App\\AccountHeadChild_III', NULL, '2020-11-25 22:07:10'),
(350, 2, 'BUNIAD (GS)', 0.00, 0.00, 0.00, '3123', 5, 'App\\AccountHeadChild_III', NULL, '2020-11-25 22:07:10'),
(351, 2, 'MFMSF (GS)', 0.00, 0.00, 0.00, '3124', 6, 'App\\AccountHeadChild_III', NULL, '2020-11-25 22:07:10'),
(352, 2, 'SUFALON (GS)', 0.00, 0.00, 0.00, '3125', 7, 'App\\AccountHeadChild_III', NULL, '2020-11-25 22:07:10'),
(353, 1, 'Cash in hand', 3448059.00, 0.00, 3448059.00, '1751', 1, 'App\\AccountHeadChild_III', NULL, '2020-11-25 22:07:09'),
(373, 2, 'EFRRAP (GS)', 0.00, 0.00, 0.00, '3126', 8, 'App\\AccountHeadChild_III', NULL, '2020-11-25 22:07:10'),
(376, 2, 'FSP (GS)', 0.00, 0.00, 0.00, '3127', 9, 'App\\AccountHeadChild_III', NULL, '2020-11-25 22:07:10'),
(419, 2, 'Enrich IGA (GS)', 0.00, 0.00, 0.00, '3128', 10, 'App\\AccountHeadChild_III', NULL, '2020-11-25 22:07:10'),
(420, 2, 'Enrich LIL (GS)', 0.00, 0.00, 0.00, '3129', 11, 'App\\AccountHeadChild_III', NULL, '2020-11-25 22:07:10'),
(421, 2, 'Enrich ACL (GS)', 0.00, 0.00, 0.00, '3130', 3, 'App\\AccountHeadChild_III', NULL, '2020-11-25 22:07:10'),
(431, 1, 'Prime Bank, T.A - Mymensingh Branch, C/A-17431030009729', 0.00, 0.00, 0.00, '1875', 2, 'App\\AccountHeadChild_III', NULL, '2020-11-25 22:07:09'),
(432, 1, 'Sunaly Bank, T.A - Matsha Gabeshana Institute Branch, C/A-3301200006064', 797302.00, 0.00, 797302.00, '1876', 2, 'App\\AccountHeadChild_III', NULL, '2020-11-25 22:07:09'),
(440, 2, 'Jagaron (H.S)', 0.00, 0.00, 0.00, '3181', 3, 'App\\AccountHeadChild_III', NULL, '2020-11-25 22:07:10'),
(441, 2, 'Agroshor (H.S)', 0.00, 0.00, 0.00, '3182', 4, 'App\\AccountHeadChild_III', NULL, '2020-11-25 22:07:10'),
(442, 2, 'Sufolon (H.S)', 0.00, 0.00, 0.00, '3183', 7, 'App\\AccountHeadChild_III', NULL, '2020-11-25 22:07:10'),
(448, 2, 'JAGARON (FGS)', 0.00, 0.00, 0.00, '3191', 3, 'App\\AccountHeadChild_III', NULL, '2020-11-25 22:07:10'),
(449, 2, 'AGRASHOR (FGS)', 0.00, 0.00, 0.00, '3192', 4, 'App\\AccountHeadChild_III', NULL, '2020-11-25 22:07:10'),
(450, 2, 'SUFALON (FGS)', 0.00, 0.00, 0.00, '3193', 7, 'App\\AccountHeadChild_III', NULL, '2020-11-25 22:07:10'),
(453, 2, 'EDUCATION (GS)', 0.00, 0.00, 0.00, '3131', 13, 'App\\AccountHeadChild_III', NULL, '2020-11-25 22:07:10'),
(455, 1, 'Account Head', 0.00, 0.00, 0.00, '000', 1, 'App\\AccountHeadChild_II', '2020-01-17 12:56:47', '2020-11-25 22:07:09'),
(456, 1, 'Office Equipment', 0.00, 0.00, 0.00, '1259', 3, 'App\\AccountHeadChild_II', '2020-02-13 06:42:01', '2020-11-25 22:07:09'),
(460, 1, 'Telephone Set', 31500.00, 0.00, 31500.00, '1251', 3, 'App\\AccountHeadChild_II', '2020-03-16 06:19:24', '2020-11-25 22:07:09');

-- --------------------------------------------------------

--
-- Table structure for table `users`
--

CREATE TABLE `users` (
  `id` int(10) UNSIGNED NOT NULL,
  `name` varchar(50) COLLATE utf8mb4_unicode_ci NOT NULL,
  `role_id` int(10) UNSIGNED NOT NULL,
  `email` varchar(30) COLLATE utf8mb4_unicode_ci NOT NULL,
  `email_verified_at` timestamp NULL DEFAULT NULL,
  `password` varchar(191) COLLATE utf8mb4_unicode_ci NOT NULL,
  `remember_token` varchar(100) COLLATE utf8mb4_unicode_ci DEFAULT NULL,
  `created_at` timestamp NULL DEFAULT NULL,
  `updated_at` timestamp NULL DEFAULT NULL
) ENGINE=InnoDB DEFAULT CHARSET=utf8mb4 COLLATE=utf8mb4_unicode_ci;

--
-- Dumping data for table `users`
--

INSERT INTO `users` (`id`, `name`, `role_id`, `email`, `email_verified_at`, `password`, `remember_token`, `created_at`, `updated_at`) VALUES
(1, 'mtcadmin01', 1, 'mtcadmin01@gmail.com', NULL, '$2y$10$JsIPV2aJAK8tDJ7TQphz.enBRWkqEH90COX5hFN9JzupbJOnjzl0O', 'q7K55rZLUJ7W1Rd6moeXhUCNZV7PmiPDksCk842w7WJKEcBxy3p38hUfGjMR', '2019-08-14 14:30:21', '2019-08-14 14:30:21'),
(2, 'farhan', 1, 'faru@gmail.com', NULL, '$2y$10$.iwzTL10vX9zGNzjOEoV0uASk0.yGAwjR6TX1YB4wQyF.HphFhFJ.', NULL, '2019-09-15 12:04:04', NULL),
(3, 'shoron', 1, 'soron.khan@gmail.com', NULL, '$2y$10$01BN7cfnxcx7mdRkMDWSL.lBU5l0J4JSGc6dpIBaY98RVKY6yu6l6', NULL, '2021-01-23 16:21:08', NULL);

-- --------------------------------------------------------

--
-- Table structure for table `v1_venues`
--

CREATE TABLE `v1_venues` (
  `id` int(10) UNSIGNED NOT NULL,
  `name` varchar(191) COLLATE utf8mb4_unicode_ci NOT NULL,
  `location` varchar(191) COLLATE utf8mb4_unicode_ci NOT NULL,
  `price` varchar(191) COLLATE utf8mb4_unicode_ci NOT NULL,
  `feature` varchar(191) COLLATE utf8mb4_unicode_ci NOT NULL,
  `created_at` timestamp NULL DEFAULT NULL,
  `updated_at` timestamp NULL DEFAULT NULL
) ENGINE=InnoDB DEFAULT CHARSET=utf8mb4 COLLATE=utf8mb4_unicode_ci;

-- --------------------------------------------------------

--
-- Table structure for table `visitors`
--

CREATE TABLE `visitors` (
  `id` int(10) UNSIGNED NOT NULL,
  `guest_id` int(10) UNSIGNED NOT NULL,
  `booking_id` int(10) UNSIGNED NOT NULL,
  `name` varchar(191) COLLATE utf8mb4_unicode_ci NOT NULL,
  `contact_no` varchar(191) COLLATE utf8mb4_unicode_ci DEFAULT NULL,
  `address` text COLLATE utf8mb4_unicode_ci DEFAULT NULL,
  `appearance` int(10) UNSIGNED NOT NULL DEFAULT 1,
  `created_at` timestamp NULL DEFAULT NULL,
  `updated_at` timestamp NULL DEFAULT NULL
) ENGINE=InnoDB DEFAULT CHARSET=utf8mb4 COLLATE=utf8mb4_unicode_ci;

-- --------------------------------------------------------

--
-- Table structure for table `vouchers`
--

CREATE TABLE `vouchers` (
  `id` int(10) UNSIGNED NOT NULL,
  `v_group_id` int(10) UNSIGNED NOT NULL,
  `date_id` int(10) UNSIGNED NOT NULL,
  `debit_head_id` int(10) UNSIGNED NOT NULL,
  `credit_head_id` int(10) UNSIGNED NOT NULL,
  `amount` double(14,2) NOT NULL,
  `note` text COLLATE utf8mb4_unicode_ci DEFAULT NULL,
  `deleted_at` timestamp NULL DEFAULT NULL,
  `created_at` timestamp NULL DEFAULT NULL,
  `updated_at` timestamp NULL DEFAULT NULL
) ENGINE=InnoDB DEFAULT CHARSET=utf8mb4 COLLATE=utf8mb4_unicode_ci;

--
-- Dumping data for table `vouchers`
--

INSERT INTO `vouchers` (`id`, `v_group_id`, `date_id`, `debit_head_id`, `credit_head_id`, `amount`, `note`, `deleted_at`, `created_at`, `updated_at`) VALUES
(1, 1, 1, 353, 14, 0.00, NULL, '2020-12-21 07:43:45', '2020-12-08 13:26:07', '2020-12-21 07:43:45'),
(2, 1, 1, 353, 14, 1000.00, NULL, '2020-12-21 07:43:45', '2020-12-08 13:29:51', '2020-12-21 07:43:45'),
(3, 1, 1, 353, 14, 0.00, NULL, '2020-12-21 07:43:36', '2020-12-08 13:33:32', '2020-12-21 07:43:36'),
(4, 1, 1, 353, 14, 900.00, NULL, '2020-12-21 07:43:36', '2020-12-08 13:33:39', '2020-12-21 07:43:36'),
(5, 2, 1, 353, 16, 155.00, NULL, '2020-12-21 07:45:10', '2020-12-16 13:47:09', '2020-12-21 07:45:10'),
(6, 2, 1, 353, 16, 125.00, NULL, '2020-12-21 07:45:10', '2020-12-16 13:47:09', '2020-12-21 07:45:10'),
(7, 2, 1, 353, 16, 75.00, NULL, '2020-12-21 07:45:10', '2020-12-16 13:47:09', '2020-12-21 07:45:10'),
(8, 2, 1, 353, 16, 150.00, NULL, '2020-12-21 07:45:10', '2020-12-16 13:47:09', '2020-12-21 07:45:10'),
(9, 2, 1, 353, 16, 1775.00, NULL, '2020-12-21 07:45:07', '2020-12-16 13:48:43', '2020-12-21 07:45:07'),
(10, 2, 1, 353, 16, 60.00, NULL, '2020-12-21 07:45:03', '2020-12-16 13:54:00', '2020-12-21 07:45:03'),
(11, 2, 1, 353, 16, 35.00, NULL, '2020-12-21 07:45:03', '2020-12-16 13:54:01', '2020-12-21 07:45:03'),
(12, 2, 1, 353, 16, 60.00, NULL, '2020-12-21 07:45:03', '2020-12-16 13:54:01', '2020-12-21 07:45:03'),
(13, 2, 1, 353, 16, 10.00, NULL, '2020-12-21 07:45:03', '2020-12-16 13:54:01', '2020-12-21 07:45:03'),
(14, 2, 1, 353, 16, 25.00, NULL, '2020-12-21 07:44:59', '2020-12-16 13:58:22', '2020-12-21 07:44:59'),
(15, 2, 1, 353, 16, 80.00, NULL, '2020-12-21 07:44:59', '2020-12-16 13:58:22', '2020-12-21 07:44:59'),
(16, 2, 1, 353, 16, 80.00, NULL, '2020-12-21 07:44:59', '2020-12-16 13:58:22', '2020-12-21 07:44:59'),
(17, 2, 1, 353, 16, 20.00, NULL, '2020-12-21 07:44:59', '2020-12-16 13:58:23', '2020-12-21 07:44:59'),
(18, 2, 1, 353, 16, 30.00, NULL, '2020-12-21 07:44:59', '2020-12-16 13:58:23', '2020-12-21 07:44:59'),
(19, 2, 1, 353, 16, 40.00, NULL, '2020-12-21 07:44:55', '2020-12-16 14:00:43', '2020-12-21 07:44:55'),
(20, 2, 1, 353, 16, 35.00, NULL, '2020-12-21 07:44:52', '2020-12-16 14:01:27', '2020-12-21 07:44:52'),
(21, 3, 1, 163, 353, 7862.00, NULL, '2020-12-21 07:43:28', '2020-12-16 14:03:07', '2020-12-21 07:43:28'),
(22, 4, 1, 157, 353, 800.00, NULL, '2020-12-21 07:43:24', '2020-12-16 14:03:51', '2020-12-21 07:43:24'),
(23, 5, 1, 115, 353, 80.00, NULL, '2020-12-21 07:43:20', '2020-12-16 14:04:13', '2020-12-21 07:43:20'),
(24, 6, 1, 85, 353, 6790.00, NULL, '2020-12-21 07:43:16', '2020-12-16 14:04:31', '2020-12-21 07:43:16'),
(25, 1, 1, 353, 14, 0.00, NULL, '2020-12-21 07:42:46', '2020-12-16 14:07:49', '2020-12-21 07:42:46'),
(26, 1, 1, 353, 14, 1400.00, NULL, '2020-12-21 07:42:46', '2020-12-16 14:08:00', '2020-12-21 07:42:46'),
(27, 7, 1, 353, 15, 270.00, 'Room No. 312,303', '2020-12-21 07:43:12', '2020-12-16 14:09:02', '2020-12-21 07:43:12'),
(28, 8, 2, 353, 15, 1000.00, 'MD. Nayon', '2020-12-21 07:43:08', '2020-12-16 14:15:36', '2020-12-21 07:43:08'),
(29, 9, 2, 353, 16, 1792.00, NULL, '2020-12-21 07:44:47', '2020-12-16 14:21:45', '2020-12-21 07:44:47'),
(30, 9, 2, 353, 16, 180.00, NULL, '2020-12-21 07:44:47', '2020-12-16 14:21:45', '2020-12-21 07:44:47'),
(31, 9, 2, 353, 16, 372.00, NULL, '2020-12-21 07:44:47', '2020-12-16 14:21:45', '2020-12-21 07:44:47'),
(32, 9, 2, 353, 16, 280.00, NULL, '2020-12-21 07:44:42', '2020-12-16 14:27:06', '2020-12-21 07:44:42'),
(33, 9, 2, 353, 16, 160.00, NULL, '2020-12-21 07:44:42', '2020-12-16 14:27:06', '2020-12-21 07:44:42'),
(34, 9, 2, 353, 16, 100.00, NULL, '2020-12-21 07:44:42', '2020-12-16 14:27:06', '2020-12-21 07:44:42'),
(35, 9, 2, 353, 16, 220.00, NULL, '2020-12-21 07:44:42', '2020-12-16 14:27:06', '2020-12-21 07:44:42'),
(36, 9, 2, 353, 16, 50.00, NULL, '2020-12-21 07:44:42', '2020-12-16 14:27:06', '2020-12-21 07:44:42'),
(37, 9, 2, 353, 16, 240.00, NULL, '2020-12-21 07:44:42', '2020-12-16 14:27:06', '2020-12-21 07:44:42'),
(38, 9, 2, 353, 16, 50.00, NULL, '2020-12-21 07:44:42', '2020-12-16 14:27:06', '2020-12-21 07:44:42'),
(39, 9, 2, 353, 16, 2600.00, NULL, '2020-12-21 07:44:38', '2020-12-16 14:28:43', '2020-12-21 07:44:38'),
(40, 9, 2, 353, 16, 440.00, NULL, '2020-12-21 07:44:34', '2020-12-16 14:32:26', '2020-12-21 07:44:34'),
(41, 9, 2, 353, 16, 625.00, NULL, '2020-12-21 07:44:34', '2020-12-16 14:32:27', '2020-12-21 07:44:34'),
(42, 9, 2, 353, 16, 180.00, NULL, '2020-12-21 07:44:34', '2020-12-16 14:32:27', '2020-12-21 07:44:34'),
(43, 9, 2, 353, 16, 450.00, NULL, '2020-12-21 07:44:34', '2020-12-16 14:32:27', '2020-12-21 07:44:34'),
(44, 9, 2, 353, 16, 4710.00, NULL, '2020-12-21 07:44:31', '2020-12-16 14:34:52', '2020-12-21 07:44:31'),
(45, 9, 2, 353, 16, 1750.00, NULL, '2020-12-21 07:44:31', '2020-12-16 14:34:52', '2020-12-21 07:44:31'),
(46, 9, 2, 353, 16, 935.00, NULL, '2020-12-21 07:44:31', '2020-12-16 14:34:52', '2020-12-21 07:44:31'),
(47, 9, 2, 353, 16, 350.00, NULL, '2020-12-21 07:44:31', '2020-12-16 14:34:52', '2020-12-21 07:44:31'),
(48, 9, 2, 353, 16, 520.00, NULL, '2020-12-21 07:44:27', '2020-12-16 14:36:10', '2020-12-21 07:44:27'),
(49, 9, 2, 353, 163, 525.00, NULL, '2020-12-21 07:44:23', '2020-12-16 14:45:10', '2020-12-21 07:44:23'),
(50, 9, 2, 353, 163, 660.00, NULL, '2020-12-21 07:44:23', '2020-12-16 14:45:10', '2020-12-21 07:44:23'),
(51, 9, 2, 353, 163, 930.00, NULL, '2020-12-21 07:44:17', '2020-12-16 14:48:19', '2020-12-21 07:44:17'),
(52, 10, 2, 84, 353, 805.00, 'Sachib Sir', '2020-12-21 07:43:04', '2020-12-16 14:49:29', '2020-12-21 07:43:04'),
(53, 11, 2, 115, 353, 240.00, NULL, '2020-12-21 07:43:01', '2020-12-16 14:49:54', '2020-12-21 07:43:01'),
(54, 1, 1, 353, 14, 0.00, NULL, NULL, '2020-12-21 07:52:34', '2020-12-21 07:52:34'),
(55, 1, 1, 353, 14, 1000.00, NULL, NULL, '2020-12-21 07:53:28', '2020-12-21 07:53:28'),
(56, 1, 1, 353, 14, 0.00, NULL, NULL, '2020-12-21 07:55:22', '2020-12-21 07:55:22'),
(57, 1, 1, 353, 14, 900.00, NULL, NULL, '2020-12-21 07:55:27', '2020-12-21 07:55:27'),
(58, 1, 1, 353, 14, 0.00, NULL, NULL, '2020-12-21 08:27:01', '2020-12-21 08:27:01'),
(59, 1, 1, 353, 14, 1400.00, NULL, NULL, '2020-12-21 08:27:10', '2020-12-21 08:27:10'),
(60, 12, 1, 353, 15, 270.00, 'Room No- 312,303', NULL, '2020-12-21 08:28:09', '2020-12-21 08:28:09'),
(61, 2, 1, 16, 353, 155.00, NULL, NULL, '2020-12-21 08:32:26', '2020-12-21 08:32:26'),
(62, 2, 1, 16, 353, 125.00, NULL, NULL, '2020-12-21 08:32:26', '2020-12-21 08:32:26'),
(63, 2, 1, 16, 353, 75.00, NULL, NULL, '2020-12-21 08:32:26', '2020-12-21 08:32:26'),
(64, 2, 1, 16, 353, 150.00, NULL, NULL, '2020-12-21 08:32:26', '2020-12-21 08:32:26'),
(65, 2, 1, 16, 353, 1775.00, NULL, NULL, '2020-12-21 08:34:37', '2020-12-21 08:34:37'),
(66, 2, 1, 16, 353, 60.00, NULL, NULL, '2020-12-21 08:38:28', '2020-12-21 08:38:28'),
(67, 2, 1, 16, 353, 35.00, NULL, NULL, '2020-12-21 08:38:28', '2020-12-21 08:38:28'),
(68, 2, 1, 16, 353, 60.00, NULL, NULL, '2020-12-21 08:38:28', '2020-12-21 08:38:28'),
(69, 2, 1, 16, 353, 10.00, NULL, NULL, '2020-12-21 08:38:28', '2020-12-21 08:38:28'),
(70, 2, 1, 16, 353, 25.00, NULL, NULL, '2020-12-21 08:46:49', '2020-12-21 08:46:49'),
(71, 2, 1, 16, 353, 80.00, NULL, NULL, '2020-12-21 08:46:49', '2020-12-21 08:46:49'),
(72, 2, 1, 16, 353, 80.00, NULL, NULL, '2020-12-21 08:46:49', '2020-12-21 08:46:49'),
(73, 2, 1, 16, 353, 20.00, NULL, NULL, '2020-12-21 08:46:49', '2020-12-21 08:46:49'),
(74, 2, 1, 16, 353, 40.00, NULL, NULL, '2020-12-21 08:46:49', '2020-12-21 08:46:49'),
(75, 2, 1, 16, 353, 30.00, NULL, NULL, '2020-12-21 08:46:49', '2020-12-21 08:46:49'),
(76, 2, 1, 16, 353, 35.00, NULL, NULL, '2020-12-21 08:47:26', '2020-12-21 08:47:26'),
(77, 13, 1, 163, 353, 7862.00, 'Office Maintenance', NULL, '2020-12-21 08:50:54', '2020-12-21 08:50:54'),
(78, 13, 1, 157, 353, 800.00, 'Newspaper', NULL, '2020-12-21 08:50:54', '2020-12-21 08:50:54'),
(79, 13, 1, 115, 353, 80.00, 'Traveling Cost', NULL, '2020-12-21 08:50:55', '2020-12-21 08:50:55'),
(80, 13, 1, 85, 353, 6790.00, 'Repair & Maintenence', NULL, '2020-12-21 08:50:55', '2020-12-21 08:50:55'),
(81, 14, 1, 353, 15, 1000.00, 'Nayon', '2020-12-21 09:27:47', '2020-12-21 09:27:39', '2020-12-21 09:27:47'),
(82, 15, 2, 353, 15, 1000.00, 'Md. Nayon', NULL, '2020-12-21 09:29:22', '2020-12-21 09:29:22');

-- --------------------------------------------------------

--
-- Table structure for table `voucher_groups`
--

CREATE TABLE `voucher_groups` (
  `id` int(10) UNSIGNED NOT NULL,
  `date_id` int(10) UNSIGNED NOT NULL,
  `type_id` int(10) UNSIGNED NOT NULL,
  `note` text COLLATE utf8mb4_unicode_ci DEFAULT NULL,
  `code` text COLLATE utf8mb4_unicode_ci NOT NULL,
  `user_id` int(10) UNSIGNED NOT NULL,
  `deleted_at` timestamp NULL DEFAULT NULL,
  `created_at` timestamp NULL DEFAULT NULL,
  `updated_at` timestamp NULL DEFAULT NULL
) ENGINE=InnoDB DEFAULT CHARSET=utf8mb4 COLLATE=utf8mb4_unicode_ci;

--
-- Dumping data for table `voucher_groups`
--

INSERT INTO `voucher_groups` (`id`, `date_id`, `type_id`, `note`, `code`, `user_id`, `deleted_at`, `created_at`, `updated_at`) VALUES
(1, 1, 10, 'Auto Receiptvoucher', 'rv-20-07-01', 1, NULL, '2020-12-08 13:26:07', '2020-12-08 13:26:07'),
(2, 1, 11, 'Auto Paymentvoucher', 'pv-20-07-02', 1, NULL, '2020-12-16 13:47:09', '2020-12-16 13:47:09'),
(3, 1, 1, 'Laundy', 'PV-20-07-03', 1, '2020-12-21 07:43:28', '2020-12-16 14:03:07', '2020-12-21 07:43:28'),
(4, 1, 1, 'News Paper bill', 'PV-20-07-04', 1, '2020-12-21 07:43:24', '2020-12-16 14:03:51', '2020-12-21 07:43:24'),
(5, 1, 1, NULL, 'PV-20-07-05', 1, '2020-12-21 07:43:20', '2020-12-16 14:04:13', '2020-12-21 07:43:20'),
(6, 1, 1, NULL, 'PV-20-07-06', 1, '2020-12-21 07:43:16', '2020-12-16 14:04:31', '2020-12-21 07:43:16'),
(7, 1, 2, NULL, 'RV-20-07-07', 1, '2020-12-21 07:43:12', '2020-12-16 14:09:02', '2020-12-21 07:43:12'),
(8, 2, 2, NULL, 'RV-20-07-01', 1, '2020-12-21 07:43:08', '2020-12-16 14:15:36', '2020-12-21 07:43:08'),
(9, 2, 11, 'Auto Paymentvoucher', 'pv-20-07-02', 1, NULL, '2020-12-16 14:21:45', '2020-12-16 14:21:45'),
(10, 2, 1, 'Entertainment Cost', 'PV-20-07-03', 1, '2020-12-21 07:43:04', '2020-12-16 14:49:29', '2020-12-21 07:43:04'),
(11, 2, 1, 'Traveling Cost', 'PV-20-07-04', 1, '2020-12-21 07:43:01', '2020-12-16 14:49:54', '2020-12-21 07:43:01'),
(12, 1, 2, NULL, 'RV-20-07-03', 1, NULL, '2020-12-21 08:28:09', '2020-12-21 08:28:09'),
(13, 1, 1, 'Office Maintenance,News Paper Bill,Traveling Cost/ Conveyance,Repair & Maintenance Cost', 'PV-20-07-04', 1, NULL, '2020-12-21 08:50:54', '2020-12-21 08:50:54'),
(14, 1, 2, NULL, 'RV-20-07-05', 1, '2020-12-21 09:27:47', '2020-12-21 09:27:39', '2020-12-21 09:27:47'),
(15, 2, 2, 'Food bill Received (Personal)', 'RV-20-07-03', 1, NULL, '2020-12-21 09:29:22', '2020-12-21 09:29:22');

-- --------------------------------------------------------

--
-- Table structure for table `voucher_types`
--

CREATE TABLE `voucher_types` (
  `id` int(10) UNSIGNED NOT NULL,
  `name` varchar(191) COLLATE utf8mb4_unicode_ci NOT NULL,
  `short_name` varchar(191) COLLATE utf8mb4_unicode_ci DEFAULT NULL,
  `created_at` timestamp NULL DEFAULT NULL,
  `updated_at` timestamp NULL DEFAULT NULL
) ENGINE=InnoDB DEFAULT CHARSET=utf8mb4 COLLATE=utf8mb4_unicode_ci;

--
-- Dumping data for table `voucher_types`
--

INSERT INTO `voucher_types` (`id`, `name`, `short_name`, `created_at`, `updated_at`) VALUES
(1, 'Payment', 'pv', NULL, NULL),
(2, 'Receipt', 'rv', NULL, NULL),
(3, 'Journal', 'jr', NULL, NULL),
(4, 'Contra', 'cr', NULL, NULL),
(5, 'Hotel Receipt', 'rv', NULL, NULL),
(6, 'Venue Receipt', 'rv', NULL, NULL),
(7, 'Restaurant Receipt', 'rv', NULL, NULL),
(8, 'Restaurant Payment', 'pv', NULL, NULL),
(9, 'Inventory Payment', 'pv', NULL, NULL),
(10, 'Auto Receipt', 'rv', NULL, NULL),
(11, 'Auto Payment', 'pv', NULL, NULL);

-- --------------------------------------------------------

--
-- Table structure for table `voucher_update_histories`
--

CREATE TABLE `voucher_update_histories` (
  `id` int(10) UNSIGNED NOT NULL,
  `voucher_id` int(10) UNSIGNED NOT NULL,
  `date_id` int(10) UNSIGNED NOT NULL,
  `user_id` int(10) UNSIGNED NOT NULL,
  `amount` double(14,2) NOT NULL DEFAULT 0.00,
  `note` text COLLATE utf8mb4_unicode_ci DEFAULT NULL,
  `created_at` timestamp NULL DEFAULT NULL,
  `updated_at` timestamp NULL DEFAULT NULL
) ENGINE=InnoDB DEFAULT CHARSET=utf8mb4 COLLATE=utf8mb4_unicode_ci;

--
-- Dumping data for table `voucher_update_histories`
--

INSERT INTO `voucher_update_histories` (`id`, `voucher_id`, `date_id`, `user_id`, `amount`, `note`, `created_at`, `updated_at`) VALUES
(1, 30, 2, 1, 181.00, 'Updated From Grocery Purchase- [id: 7]', '2020-12-16 14:21:56', '2020-12-16 14:21:56'),
(2, 25, 3, 1, 0.00, 'Deleted Payment form MIS Bill  - [payment_id: 5]', '2020-12-21 07:42:46', '2020-12-21 07:42:46'),
(3, 26, 3, 1, 1400.00, 'Deleted Payment form MIS Bill  - [payment_id: 6]', '2020-12-21 07:42:46', '2020-12-21 07:42:46'),
(4, 53, 3, 1, 240.00, 'Deleted Voucher - [id: 53]', '2020-12-21 07:43:01', '2020-12-21 07:43:01'),
(5, 52, 3, 1, 805.00, 'Deleted Voucher - [id: 52]', '2020-12-21 07:43:04', '2020-12-21 07:43:04'),
(6, 28, 3, 1, 1000.00, 'Deleted Voucher - [id: 28]', '2020-12-21 07:43:08', '2020-12-21 07:43:08'),
(7, 27, 3, 1, 270.00, 'Deleted Voucher - [id: 27]', '2020-12-21 07:43:12', '2020-12-21 07:43:12'),
(8, 24, 3, 1, 6790.00, 'Deleted Voucher - [id: 24]', '2020-12-21 07:43:16', '2020-12-21 07:43:16'),
(9, 23, 3, 1, 80.00, 'Deleted Voucher - [id: 23]', '2020-12-21 07:43:20', '2020-12-21 07:43:20'),
(10, 22, 3, 1, 800.00, 'Deleted Voucher - [id: 22]', '2020-12-21 07:43:24', '2020-12-21 07:43:24'),
(11, 21, 3, 1, 7862.00, 'Deleted Voucher - [id: 21]', '2020-12-21 07:43:28', '2020-12-21 07:43:28'),
(12, 3, 3, 1, 0.00, 'Deleted Payment form MIS Bill  - [payment_id: 3]', '2020-12-21 07:43:36', '2020-12-21 07:43:36'),
(13, 4, 3, 1, 900.00, 'Deleted Payment form MIS Bill  - [payment_id: 4]', '2020-12-21 07:43:36', '2020-12-21 07:43:36'),
(14, 1, 3, 1, 0.00, 'Deleted Payment form MIS Bill  - [payment_id: 1]', '2020-12-21 07:43:45', '2020-12-21 07:43:45'),
(15, 2, 3, 1, 1000.00, 'Deleted Payment form MIS Bill  - [payment_id: 2]', '2020-12-21 07:43:45', '2020-12-21 07:43:45'),
(16, 51, 1, 1, 930.00, 'Deleted From Grocery Purchase - [id: 39]', '2020-12-21 07:44:17', '2020-12-21 07:44:17'),
(17, 49, 1, 1, 525.00, 'Deleted From Grocery Purchase - [id: 37]', '2020-12-21 07:44:23', '2020-12-21 07:44:23'),
(18, 50, 1, 1, 660.00, 'Deleted From Grocery Purchase - [id: 38]', '2020-12-21 07:44:23', '2020-12-21 07:44:23'),
(19, 48, 1, 1, 520.00, 'Deleted From Grocery Purchase - [id: 36]', '2020-12-21 07:44:27', '2020-12-21 07:44:27'),
(20, 44, 1, 1, 4710.00, 'Deleted From Grocery Purchase - [id: 32]', '2020-12-21 07:44:31', '2020-12-21 07:44:31'),
(21, 45, 1, 1, 1750.00, 'Deleted From Grocery Purchase - [id: 33]', '2020-12-21 07:44:31', '2020-12-21 07:44:31'),
(22, 46, 1, 1, 935.00, 'Deleted From Grocery Purchase - [id: 34]', '2020-12-21 07:44:31', '2020-12-21 07:44:31'),
(23, 47, 1, 1, 350.00, 'Deleted From Grocery Purchase - [id: 35]', '2020-12-21 07:44:31', '2020-12-21 07:44:31'),
(24, 40, 1, 1, 440.00, 'Deleted From Grocery Purchase - [id: 28]', '2020-12-21 07:44:34', '2020-12-21 07:44:34'),
(25, 41, 1, 1, 625.00, 'Deleted From Grocery Purchase - [id: 29]', '2020-12-21 07:44:34', '2020-12-21 07:44:34'),
(26, 42, 1, 1, 180.00, 'Deleted From Grocery Purchase - [id: 30]', '2020-12-21 07:44:34', '2020-12-21 07:44:34'),
(27, 43, 1, 1, 450.00, 'Deleted From Grocery Purchase - [id: 31]', '2020-12-21 07:44:34', '2020-12-21 07:44:34'),
(28, 39, 1, 1, 2600.00, 'Deleted From Grocery Purchase - [id: 27]', '2020-12-21 07:44:38', '2020-12-21 07:44:38'),
(29, 32, 1, 1, 280.00, 'Deleted From Grocery Purchase - [id: 20]', '2020-12-21 07:44:42', '2020-12-21 07:44:42'),
(30, 33, 1, 1, 160.00, 'Deleted From Grocery Purchase - [id: 21]', '2020-12-21 07:44:42', '2020-12-21 07:44:42'),
(31, 34, 1, 1, 100.00, 'Deleted From Grocery Purchase - [id: 22]', '2020-12-21 07:44:42', '2020-12-21 07:44:42'),
(32, 35, 1, 1, 220.00, 'Deleted From Grocery Purchase - [id: 23]', '2020-12-21 07:44:42', '2020-12-21 07:44:42'),
(33, 36, 1, 1, 50.00, 'Deleted From Grocery Purchase - [id: 24]', '2020-12-21 07:44:42', '2020-12-21 07:44:42'),
(34, 37, 1, 1, 240.00, 'Deleted From Grocery Purchase - [id: 25]', '2020-12-21 07:44:42', '2020-12-21 07:44:42'),
(35, 38, 1, 1, 50.00, 'Deleted From Grocery Purchase - [id: 26]', '2020-12-21 07:44:42', '2020-12-21 07:44:42'),
(36, 29, 1, 1, 1792.00, 'Deleted From Grocery Purchase - [id: 17]', '2020-12-21 07:44:47', '2020-12-21 07:44:47'),
(37, 30, 1, 1, 180.00, 'Deleted From Grocery Purchase - [id: 18]', '2020-12-21 07:44:47', '2020-12-21 07:44:47'),
(38, 31, 1, 1, 372.00, 'Deleted From Grocery Purchase - [id: 19]', '2020-12-21 07:44:47', '2020-12-21 07:44:47'),
(39, 20, 1, 1, 35.00, 'Deleted From Grocery Purchase - [id: 16]', '2020-12-21 07:44:52', '2020-12-21 07:44:52'),
(40, 19, 1, 1, 40.00, 'Deleted From Grocery Purchase - [id: 15]', '2020-12-21 07:44:55', '2020-12-21 07:44:55'),
(41, 14, 1, 1, 25.00, 'Deleted From Grocery Purchase - [id: 10]', '2020-12-21 07:44:59', '2020-12-21 07:44:59'),
(42, 15, 1, 1, 80.00, 'Deleted From Grocery Purchase - [id: 11]', '2020-12-21 07:44:59', '2020-12-21 07:44:59'),
(43, 16, 1, 1, 80.00, 'Deleted From Grocery Purchase - [id: 12]', '2020-12-21 07:44:59', '2020-12-21 07:44:59'),
(44, 17, 1, 1, 20.00, 'Deleted From Grocery Purchase - [id: 13]', '2020-12-21 07:44:59', '2020-12-21 07:44:59'),
(45, 18, 1, 1, 30.00, 'Deleted From Grocery Purchase - [id: 14]', '2020-12-21 07:44:59', '2020-12-21 07:44:59'),
(46, 10, 1, 1, 60.00, 'Deleted From Grocery Purchase - [id: 6]', '2020-12-21 07:45:03', '2020-12-21 07:45:03'),
(47, 11, 1, 1, 35.00, 'Deleted From Grocery Purchase - [id: 7]', '2020-12-21 07:45:03', '2020-12-21 07:45:03'),
(48, 12, 1, 1, 60.00, 'Deleted From Grocery Purchase - [id: 8]', '2020-12-21 07:45:03', '2020-12-21 07:45:03'),
(49, 13, 1, 1, 10.00, 'Deleted From Grocery Purchase - [id: 9]', '2020-12-21 07:45:03', '2020-12-21 07:45:03'),
(50, 9, 1, 1, 1775.00, 'Deleted From Grocery Purchase - [id: 5]', '2020-12-21 07:45:07', '2020-12-21 07:45:07'),
(51, 5, 1, 1, 155.00, 'Deleted From Grocery Purchase - [id: 1]', '2020-12-21 07:45:10', '2020-12-21 07:45:10'),
(52, 6, 1, 1, 125.00, 'Deleted From Grocery Purchase - [id: 2]', '2020-12-21 07:45:10', '2020-12-21 07:45:10'),
(53, 7, 1, 1, 75.00, 'Deleted From Grocery Purchase - [id: 3]', '2020-12-21 07:45:10', '2020-12-21 07:45:10'),
(54, 8, 1, 1, 150.00, 'Deleted From Grocery Purchase - [id: 4]', '2020-12-21 07:45:10', '2020-12-21 07:45:10'),
(55, 81, 1, 1, 1000.00, 'Deleted Voucher - [id: 81]', '2020-12-21 09:27:47', '2020-12-21 09:27:47');

--
-- Indexes for dumped tables
--

--
-- Indexes for table `account_heads`
--
ALTER TABLE `account_heads`
  ADD PRIMARY KEY (`id`),
  ADD UNIQUE KEY `account_heads_code_unique` (`code`);

--
-- Indexes for table `account_head_child_i`
--
ALTER TABLE `account_head_child_i`
  ADD PRIMARY KEY (`id`),
  ADD KEY `account_head_child_i_ac_head_id_index` (`ac_head_id`);

--
-- Indexes for table `account_head_child_ii`
--
ALTER TABLE `account_head_child_ii`
  ADD PRIMARY KEY (`id`),
  ADD KEY `account_head_child_ii_ac_head_child_i_id_index` (`ac_head_child_i_id`);

--
-- Indexes for table `account_head_child_iii`
--
ALTER TABLE `account_head_child_iii`
  ADD PRIMARY KEY (`id`),
  ADD KEY `account_head_child_iii_ac_head_child_ii_id_index` (`ac_head_child_ii_id`);

--
-- Indexes for table `account_head_child_iv`
--
ALTER TABLE `account_head_child_iv`
  ADD PRIMARY KEY (`id`),
  ADD KEY `account_head_child_iv_ac_head_child_iii_id_index` (`ac_head_child_iii_id`);

--
-- Indexes for table `billings`
--
ALTER TABLE `billings`
  ADD PRIMARY KEY (`id`),
  ADD KEY `billings_guest_id_index` (`guest_id`),
  ADD KEY `billings_date_id_index` (`date_id`),
  ADD KEY `billings_mis_voucher_id_index` (`mis_voucher_id`);

--
-- Indexes for table `bookings`
--
ALTER TABLE `bookings`
  ADD PRIMARY KEY (`id`),
  ADD KEY `bookings_guest_id_index` (`guest_id`),
  ADD KEY `bookings_billing_id_index` (`billing_id`),
  ADD KEY `bookings_room_id_index` (`room_id`);

--
-- Indexes for table `configurations`
--
ALTER TABLE `configurations`
  ADD PRIMARY KEY (`id`);

--
-- Indexes for table `current_balance`
--
ALTER TABLE `current_balance`
  ADD PRIMARY KEY (`id`),
  ADD KEY `current_balance_thead_id_index` (`thead_id`);

--
-- Indexes for table `dates`
--
ALTER TABLE `dates`
  ADD PRIMARY KEY (`id`);

--
-- Indexes for table `deliveries`
--
ALTER TABLE `deliveries`
  ADD PRIMARY KEY (`id`),
  ADD KEY `deliveries_current_stock_id_index` (`current_stock_id`),
  ADD KEY `deliveries_stock_id_index` (`stock_id`),
  ADD KEY `deliveries_date_id_index` (`date_id`),
  ADD KEY `deliveries_unit_id_index` (`unit_id`);

--
-- Indexes for table `e1_departments`
--
ALTER TABLE `e1_departments`
  ADD PRIMARY KEY (`id`);

--
-- Indexes for table `e2_employee_designations`
--
ALTER TABLE `e2_employee_designations`
  ADD PRIMARY KEY (`id`);

--
-- Indexes for table `e3_salary_grades`
--
ALTER TABLE `e3_salary_grades`
  ADD PRIMARY KEY (`id`);

--
-- Indexes for table `e4_employees`
--
ALTER TABLE `e4_employees`
  ADD PRIMARY KEY (`id`),
  ADD KEY `e4_employees_department_id_index` (`department_id`),
  ADD KEY `e4_employees_designation_id_index` (`designation_id`),
  ADD KEY `e4_employees_salary_grade_id_index` (`salary_grade_id`);

--
-- Indexes for table `e5_leave_categories`
--
ALTER TABLE `e5_leave_categories`
  ADD PRIMARY KEY (`id`);

--
-- Indexes for table `e6_leaves`
--
ALTER TABLE `e6_leaves`
  ADD PRIMARY KEY (`id`),
  ADD KEY `e6_leaves_leave_category_id_foreign` (`leave_category_id`);

--
-- Indexes for table `general_infos`
--
ALTER TABLE `general_infos`
  ADD PRIMARY KEY (`id`);

--
-- Indexes for table `guests`
--
ALTER TABLE `guests`
  ADD PRIMARY KEY (`id`);

--
-- Indexes for table `h1_building_types`
--
ALTER TABLE `h1_building_types`
  ADD PRIMARY KEY (`id`);

--
-- Indexes for table `h2_buildings`
--
ALTER TABLE `h2_buildings`
  ADD PRIMARY KEY (`id`),
  ADD KEY `h2_buildings_building_type_foreign` (`building_type`);

--
-- Indexes for table `h3_floor_types`
--
ALTER TABLE `h3_floor_types`
  ADD PRIMARY KEY (`id`);

--
-- Indexes for table `h4_floors`
--
ALTER TABLE `h4_floors`
  ADD PRIMARY KEY (`id`),
  ADD KEY `h4_floors_building_id_foreign` (`building_id`),
  ADD KEY `h4_floors_floor_type_foreign` (`floor_type`);

--
-- Indexes for table `h5_room_categories`
--
ALTER TABLE `h5_room_categories`
  ADD PRIMARY KEY (`id`);

--
-- Indexes for table `h6_rooms`
--
ALTER TABLE `h6_rooms`
  ADD PRIMARY KEY (`id`),
  ADD KEY `h6_rooms_floor_id_foreign` (`floor_id`),
  ADD KEY `h6_rooms_category_id_foreign` (`category_id`);

--
-- Indexes for table `m1_mis_heads`
--
ALTER TABLE `m1_mis_heads`
  ADD PRIMARY KEY (`id`),
  ADD KEY `m1_mis_heads_voucher_type_id_index` (`voucher_type_id`),
  ADD KEY `m1_mis_heads_credit_head_id_index` (`credit_head_id`),
  ADD KEY `m1_mis_heads_debit_head_id_index` (`debit_head_id`);

--
-- Indexes for table `m2_mis_head_child_i`
--
ALTER TABLE `m2_mis_head_child_i`
  ADD PRIMARY KEY (`id`),
  ADD KEY `m2_mis_head_child_i_mis_head_id_index` (`mis_head_id`),
  ADD KEY `m2_mis_head_child_i_credit_head_id_index` (`credit_head_id`),
  ADD KEY `m2_mis_head_child_i_debit_head_id_index` (`debit_head_id`);

--
-- Indexes for table `m3_mis_ledger_heads`
--
ALTER TABLE `m3_mis_ledger_heads`
  ADD PRIMARY KEY (`id`),
  ADD UNIQUE KEY `m3_mis_ledger_heads_code_unique` (`code`),
  ADD KEY `m3_mis_ledger_heads_mis_head_id_index` (`mis_head_id`),
  ADD KEY `m3_mis_ledger_heads_unit_type_id_index` (`unit_type_id`);

--
-- Indexes for table `m4_mis_vouchers_i`
--
ALTER TABLE `m4_mis_vouchers_i`
  ADD PRIMARY KEY (`id`),
  ADD KEY `m4_mis_vouchers_i_mis_head_id_index` (`mis_head_id`),
  ADD KEY `m4_mis_vouchers_i_ledger_head_id_index` (`ledger_head_id`),
  ADD KEY `m4_mis_vouchers_i_date_id_index` (`date_id`),
  ADD KEY `m4_mis_vouchers_i_voucher_id_index` (`voucher_id`);

--
-- Indexes for table `migrations`
--
ALTER TABLE `migrations`
  ADD PRIMARY KEY (`id`);

--
-- Indexes for table `mis_current_stocks`
--
ALTER TABLE `mis_current_stocks`
  ADD PRIMARY KEY (`id`),
  ADD KEY `mis_current_stocks_stock_id_index` (`stock_id`),
  ADD KEY `mis_current_stocks_date_id_index` (`date_id`);

--
-- Indexes for table `password_resets`
--
ALTER TABLE `password_resets`
  ADD KEY `password_resets_email_index` (`email`);

--
-- Indexes for table `payments`
--
ALTER TABLE `payments`
  ADD PRIMARY KEY (`id`),
  ADD KEY `payments_billing_id_index` (`billing_id`),
  ADD KEY `payments_mis_voucher_id_index` (`mis_voucher_id`);

--
-- Indexes for table `purchases`
--
ALTER TABLE `purchases`
  ADD PRIMARY KEY (`id`),
  ADD KEY `purchases_mis_voucher_id_index` (`mis_voucher_id`),
  ADD KEY `purchases_date_id_index` (`date_id`),
  ADD KEY `purchases_purchase_group_id_index` (`purchase_group_id`),
  ADD KEY `purchases_current_stock_id_index` (`current_stock_id`),
  ADD KEY `purchases_stock_id_index` (`stock_id`),
  ADD KEY `purchases_unit_id_index` (`unit_id`),
  ADD KEY `purchases_supplier_id_index` (`supplier_id`),
  ADD KEY `purchases_receiver_id_index` (`receiver_id`);

--
-- Indexes for table `purchase_groups`
--
ALTER TABLE `purchase_groups`
  ADD PRIMARY KEY (`id`),
  ADD KEY `purchase_groups_mis_head_id_index` (`mis_head_id`),
  ADD KEY `purchase_groups_date_id_index` (`date_id`),
  ADD KEY `purchase_groups_user_id_index` (`user_id`);

--
-- Indexes for table `r5_meal_types`
--
ALTER TABLE `r5_meal_types`
  ADD PRIMARY KEY (`id`);

--
-- Indexes for table `r6_meal_items`
--
ALTER TABLE `r6_meal_items`
  ADD PRIMARY KEY (`id`),
  ADD KEY `r6_meal_items_meal_type_id_foreign` (`meal_type_id`);

--
-- Indexes for table `r7_menu_types`
--
ALTER TABLE `r7_menu_types`
  ADD PRIMARY KEY (`id`);

--
-- Indexes for table `r9_food_menu`
--
ALTER TABLE `r9_food_menu`
  ADD PRIMARY KEY (`id`),
  ADD KEY `r9_food_menu_menu_type_id_index` (`menu_type_id`);

--
-- Indexes for table `r10_food_menu_items`
--
ALTER TABLE `r10_food_menu_items`
  ADD PRIMARY KEY (`id`),
  ADD KEY `r10_food_menu_items_food_menu_id_index` (`food_menu_id`),
  ADD KEY `r10_food_menu_items_meal_item_id_index` (`meal_item_id`);

--
-- Indexes for table `r11_food_sales`
--
ALTER TABLE `r11_food_sales`
  ADD PRIMARY KEY (`id`),
  ADD KEY `r11_food_sales_billing_id_index` (`billing_id`),
  ADD KEY `r11_food_sales_date_id_index` (`date_id`),
  ADD KEY `r11_food_sales_menu_id_index` (`menu_id`);

--
-- Indexes for table `roles`
--
ALTER TABLE `roles`
  ADD PRIMARY KEY (`id`);

--
-- Indexes for table `s1_unit_types`
--
ALTER TABLE `s1_unit_types`
  ADD PRIMARY KEY (`id`);

--
-- Indexes for table `s2_units`
--
ALTER TABLE `s2_units`
  ADD PRIMARY KEY (`id`),
  ADD KEY `s2_units_unit_type_id_index` (`unit_type_id`);

--
-- Indexes for table `staff`
--
ALTER TABLE `staff`
  ADD PRIMARY KEY (`id`);

--
-- Indexes for table `suppliers`
--
ALTER TABLE `suppliers`
  ADD PRIMARY KEY (`id`);

--
-- Indexes for table `transaction_heads`
--
ALTER TABLE `transaction_heads`
  ADD PRIMARY KEY (`id`),
  ADD UNIQUE KEY `transaction_heads_code_unique` (`code`),
  ADD KEY `transaction_heads_ac_head_id_index` (`ac_head_id`);

--
-- Indexes for table `users`
--
ALTER TABLE `users`
  ADD PRIMARY KEY (`id`),
  ADD UNIQUE KEY `users_email_unique` (`email`),
  ADD KEY `users_role_id_foreign` (`role_id`);

--
-- Indexes for table `v1_venues`
--
ALTER TABLE `v1_venues`
  ADD PRIMARY KEY (`id`);

--
-- Indexes for table `visitors`
--
ALTER TABLE `visitors`
  ADD PRIMARY KEY (`id`),
  ADD KEY `visitors_guest_id_index` (`guest_id`),
  ADD KEY `visitors_booking_id_index` (`booking_id`);

--
-- Indexes for table `vouchers`
--
ALTER TABLE `vouchers`
  ADD PRIMARY KEY (`id`),
  ADD KEY `vouchers_v_group_id_index` (`v_group_id`),
  ADD KEY `vouchers_date_id_index` (`date_id`),
  ADD KEY `vouchers_debit_head_id_index` (`debit_head_id`),
  ADD KEY `vouchers_credit_head_id_index` (`credit_head_id`);

--
-- Indexes for table `voucher_groups`
--
ALTER TABLE `voucher_groups`
  ADD PRIMARY KEY (`id`),
  ADD KEY `voucher_groups_date_id_index` (`date_id`),
  ADD KEY `voucher_groups_type_id_index` (`type_id`),
  ADD KEY `voucher_groups_user_id_index` (`user_id`);

--
-- Indexes for table `voucher_types`
--
ALTER TABLE `voucher_types`
  ADD PRIMARY KEY (`id`);

--
-- Indexes for table `voucher_update_histories`
--
ALTER TABLE `voucher_update_histories`
  ADD PRIMARY KEY (`id`),
  ADD KEY `voucher_update_histories_voucher_id_index` (`voucher_id`),
  ADD KEY `voucher_update_histories_date_id_index` (`date_id`),
  ADD KEY `voucher_update_histories_user_id_index` (`user_id`);

--
-- AUTO_INCREMENT for dumped tables
--

--
-- AUTO_INCREMENT for table `account_heads`
--
ALTER TABLE `account_heads`
  MODIFY `id` int(10) UNSIGNED NOT NULL AUTO_INCREMENT, AUTO_INCREMENT=6;

--
-- AUTO_INCREMENT for table `account_head_child_i`
--
ALTER TABLE `account_head_child_i`
  MODIFY `id` int(10) UNSIGNED NOT NULL AUTO_INCREMENT, AUTO_INCREMENT=24;

--
-- AUTO_INCREMENT for table `account_head_child_ii`
--
ALTER TABLE `account_head_child_ii`
  MODIFY `id` int(10) UNSIGNED NOT NULL AUTO_INCREMENT, AUTO_INCREMENT=42;

--
-- AUTO_INCREMENT for table `account_head_child_iii`
--
ALTER TABLE `account_head_child_iii`
  MODIFY `id` int(10) UNSIGNED NOT NULL AUTO_INCREMENT, AUTO_INCREMENT=14;

--
-- AUTO_INCREMENT for table `account_head_child_iv`
--
ALTER TABLE `account_head_child_iv`
  MODIFY `id` int(10) UNSIGNED NOT NULL AUTO_INCREMENT;

--
-- AUTO_INCREMENT for table `billings`
--
ALTER TABLE `billings`
  MODIFY `id` int(10) UNSIGNED NOT NULL AUTO_INCREMENT, AUTO_INCREMENT=7;

--
-- AUTO_INCREMENT for table `bookings`
--
ALTER TABLE `bookings`
  MODIFY `id` int(10) UNSIGNED NOT NULL AUTO_INCREMENT, AUTO_INCREMENT=11;

--
-- AUTO_INCREMENT for table `configurations`
--
ALTER TABLE `configurations`
  MODIFY `id` int(10) UNSIGNED NOT NULL AUTO_INCREMENT, AUTO_INCREMENT=5;

--
-- AUTO_INCREMENT for table `current_balance`
--
ALTER TABLE `current_balance`
  MODIFY `id` int(10) UNSIGNED NOT NULL AUTO_INCREMENT, AUTO_INCREMENT=382;

--
-- AUTO_INCREMENT for table `dates`
--
ALTER TABLE `dates`
  MODIFY `id` int(10) UNSIGNED NOT NULL AUTO_INCREMENT, AUTO_INCREMENT=4;

--
-- AUTO_INCREMENT for table `deliveries`
--
ALTER TABLE `deliveries`
  MODIFY `id` int(10) UNSIGNED NOT NULL AUTO_INCREMENT;

--
-- AUTO_INCREMENT for table `e1_departments`
--
ALTER TABLE `e1_departments`
  MODIFY `id` int(10) UNSIGNED NOT NULL AUTO_INCREMENT;

--
-- AUTO_INCREMENT for table `e2_employee_designations`
--
ALTER TABLE `e2_employee_designations`
  MODIFY `id` int(10) UNSIGNED NOT NULL AUTO_INCREMENT, AUTO_INCREMENT=10;

--
-- AUTO_INCREMENT for table `e3_salary_grades`
--
ALTER TABLE `e3_salary_grades`
  MODIFY `id` int(10) UNSIGNED NOT NULL AUTO_INCREMENT, AUTO_INCREMENT=2;

--
-- AUTO_INCREMENT for table `e4_employees`
--
ALTER TABLE `e4_employees`
  MODIFY `id` int(10) UNSIGNED NOT NULL AUTO_INCREMENT, AUTO_INCREMENT=8;

--
-- AUTO_INCREMENT for table `e5_leave_categories`
--
ALTER TABLE `e5_leave_categories`
  MODIFY `id` int(10) UNSIGNED NOT NULL AUTO_INCREMENT, AUTO_INCREMENT=3;

--
-- AUTO_INCREMENT for table `e6_leaves`
--
ALTER TABLE `e6_leaves`
  MODIFY `id` int(10) UNSIGNED NOT NULL AUTO_INCREMENT, AUTO_INCREMENT=2;

--
-- AUTO_INCREMENT for table `general_infos`
--
ALTER TABLE `general_infos`
  MODIFY `id` int(10) UNSIGNED NOT NULL AUTO_INCREMENT;

--
-- AUTO_INCREMENT for table `guests`
--
ALTER TABLE `guests`
  MODIFY `id` int(10) UNSIGNED NOT NULL AUTO_INCREMENT, AUTO_INCREMENT=566;

--
-- AUTO_INCREMENT for table `h1_building_types`
--
ALTER TABLE `h1_building_types`
  MODIFY `id` int(10) UNSIGNED NOT NULL AUTO_INCREMENT, AUTO_INCREMENT=2;

--
-- AUTO_INCREMENT for table `h2_buildings`
--
ALTER TABLE `h2_buildings`
  MODIFY `id` int(10) UNSIGNED NOT NULL AUTO_INCREMENT, AUTO_INCREMENT=2;

--
-- AUTO_INCREMENT for table `h3_floor_types`
--
ALTER TABLE `h3_floor_types`
  MODIFY `id` int(10) UNSIGNED NOT NULL AUTO_INCREMENT, AUTO_INCREMENT=3;

--
-- AUTO_INCREMENT for table `h4_floors`
--
ALTER TABLE `h4_floors`
  MODIFY `id` int(10) UNSIGNED NOT NULL AUTO_INCREMENT, AUTO_INCREMENT=6;

--
-- AUTO_INCREMENT for table `h5_room_categories`
--
ALTER TABLE `h5_room_categories`
  MODIFY `id` int(10) UNSIGNED NOT NULL AUTO_INCREMENT, AUTO_INCREMENT=18;

--
-- AUTO_INCREMENT for table `h6_rooms`
--
ALTER TABLE `h6_rooms`
  MODIFY `id` int(10) UNSIGNED NOT NULL AUTO_INCREMENT, AUTO_INCREMENT=555;

--
-- AUTO_INCREMENT for table `m1_mis_heads`
--
ALTER TABLE `m1_mis_heads`
  MODIFY `id` int(10) UNSIGNED NOT NULL AUTO_INCREMENT, AUTO_INCREMENT=7;

--
-- AUTO_INCREMENT for table `m2_mis_head_child_i`
--
ALTER TABLE `m2_mis_head_child_i`
  MODIFY `id` int(10) UNSIGNED NOT NULL AUTO_INCREMENT, AUTO_INCREMENT=43;

--
-- AUTO_INCREMENT for table `m3_mis_ledger_heads`
--
ALTER TABLE `m3_mis_ledger_heads`
  MODIFY `id` int(10) UNSIGNED NOT NULL AUTO_INCREMENT, AUTO_INCREMENT=267;

--
-- AUTO_INCREMENT for table `m4_mis_vouchers_i`
--
ALTER TABLE `m4_mis_vouchers_i`
  MODIFY `id` int(10) UNSIGNED NOT NULL AUTO_INCREMENT, AUTO_INCREMENT=2218;

--
-- AUTO_INCREMENT for table `migrations`
--
ALTER TABLE `migrations`
  MODIFY `id` int(10) UNSIGNED NOT NULL AUTO_INCREMENT, AUTO_INCREMENT=53;

--
-- AUTO_INCREMENT for table `mis_current_stocks`
--
ALTER TABLE `mis_current_stocks`
  MODIFY `id` int(10) UNSIGNED NOT NULL AUTO_INCREMENT, AUTO_INCREMENT=77;

--
-- AUTO_INCREMENT for table `payments`
--
ALTER TABLE `payments`
  MODIFY `id` int(10) UNSIGNED NOT NULL AUTO_INCREMENT, AUTO_INCREMENT=13;

--
-- AUTO_INCREMENT for table `purchases`
--
ALTER TABLE `purchases`
  MODIFY `id` int(10) UNSIGNED NOT NULL AUTO_INCREMENT, AUTO_INCREMENT=56;

--
-- AUTO_INCREMENT for table `purchase_groups`
--
ALTER TABLE `purchase_groups`
  MODIFY `id` int(10) UNSIGNED NOT NULL AUTO_INCREMENT, AUTO_INCREMENT=20;

--
-- AUTO_INCREMENT for table `r5_meal_types`
--
ALTER TABLE `r5_meal_types`
  MODIFY `id` int(10) UNSIGNED NOT NULL AUTO_INCREMENT, AUTO_INCREMENT=19;

--
-- AUTO_INCREMENT for table `r6_meal_items`
--
ALTER TABLE `r6_meal_items`
  MODIFY `id` int(10) UNSIGNED NOT NULL AUTO_INCREMENT, AUTO_INCREMENT=83;

--
-- AUTO_INCREMENT for table `r7_menu_types`
--
ALTER TABLE `r7_menu_types`
  MODIFY `id` int(10) UNSIGNED NOT NULL AUTO_INCREMENT, AUTO_INCREMENT=7;

--
-- AUTO_INCREMENT for table `r9_food_menu`
--
ALTER TABLE `r9_food_menu`
  MODIFY `id` int(10) UNSIGNED NOT NULL AUTO_INCREMENT, AUTO_INCREMENT=110;

--
-- AUTO_INCREMENT for table `r10_food_menu_items`
--
ALTER TABLE `r10_food_menu_items`
  MODIFY `id` int(10) UNSIGNED NOT NULL AUTO_INCREMENT, AUTO_INCREMENT=448;

--
-- AUTO_INCREMENT for table `r11_food_sales`
--
ALTER TABLE `r11_food_sales`
  MODIFY `id` int(10) UNSIGNED NOT NULL AUTO_INCREMENT;

--
-- AUTO_INCREMENT for table `roles`
--
ALTER TABLE `roles`
  MODIFY `id` int(10) UNSIGNED NOT NULL AUTO_INCREMENT, AUTO_INCREMENT=3;

--
-- AUTO_INCREMENT for table `s1_unit_types`
--
ALTER TABLE `s1_unit_types`
  MODIFY `id` int(10) UNSIGNED NOT NULL AUTO_INCREMENT, AUTO_INCREMENT=6;

--
-- AUTO_INCREMENT for table `s2_units`
--
ALTER TABLE `s2_units`
  MODIFY `id` int(10) UNSIGNED NOT NULL AUTO_INCREMENT, AUTO_INCREMENT=10;

--
-- AUTO_INCREMENT for table `staff`
--
ALTER TABLE `staff`
  MODIFY `id` int(10) UNSIGNED NOT NULL AUTO_INCREMENT, AUTO_INCREMENT=5;

--
-- AUTO_INCREMENT for table `suppliers`
--
ALTER TABLE `suppliers`
  MODIFY `id` int(10) UNSIGNED NOT NULL AUTO_INCREMENT, AUTO_INCREMENT=67;

--
-- AUTO_INCREMENT for table `transaction_heads`
--
ALTER TABLE `transaction_heads`
  MODIFY `id` int(10) UNSIGNED NOT NULL AUTO_INCREMENT, AUTO_INCREMENT=461;

--
-- AUTO_INCREMENT for table `users`
--
ALTER TABLE `users`
  MODIFY `id` int(10) UNSIGNED NOT NULL AUTO_INCREMENT, AUTO_INCREMENT=4;

--
-- AUTO_INCREMENT for table `v1_venues`
--
ALTER TABLE `v1_venues`
  MODIFY `id` int(10) UNSIGNED NOT NULL AUTO_INCREMENT;

--
-- AUTO_INCREMENT for table `visitors`
--
ALTER TABLE `visitors`
  MODIFY `id` int(10) UNSIGNED NOT NULL AUTO_INCREMENT;

--
-- AUTO_INCREMENT for table `vouchers`
--
ALTER TABLE `vouchers`
  MODIFY `id` int(10) UNSIGNED NOT NULL AUTO_INCREMENT, AUTO_INCREMENT=83;

--
-- AUTO_INCREMENT for table `voucher_groups`
--
ALTER TABLE `voucher_groups`
  MODIFY `id` int(10) UNSIGNED NOT NULL AUTO_INCREMENT, AUTO_INCREMENT=16;

--
-- AUTO_INCREMENT for table `voucher_types`
--
ALTER TABLE `voucher_types`
  MODIFY `id` int(10) UNSIGNED NOT NULL AUTO_INCREMENT, AUTO_INCREMENT=12;

--
-- AUTO_INCREMENT for table `voucher_update_histories`
--
ALTER TABLE `voucher_update_histories`
  MODIFY `id` int(10) UNSIGNED NOT NULL AUTO_INCREMENT, AUTO_INCREMENT=56;

--
-- Constraints for dumped tables
--

--
-- Constraints for table `e6_leaves`
--
ALTER TABLE `e6_leaves`
  ADD CONSTRAINT `e6_leaves_leave_category_id_foreign` FOREIGN KEY (`leave_category_id`) REFERENCES `e5_leave_categories` (`id`) ON UPDATE CASCADE;

--
-- Constraints for table `h2_buildings`
--
ALTER TABLE `h2_buildings`
  ADD CONSTRAINT `h2_buildings_building_type_foreign` FOREIGN KEY (`building_type`) REFERENCES `h1_building_types` (`id`) ON UPDATE CASCADE;

--
-- Constraints for table `h4_floors`
--
ALTER TABLE `h4_floors`
  ADD CONSTRAINT `h4_floors_building_id_foreign` FOREIGN KEY (`building_id`) REFERENCES `h2_buildings` (`id`) ON UPDATE CASCADE,
  ADD CONSTRAINT `h4_floors_floor_type_foreign` FOREIGN KEY (`floor_type`) REFERENCES `h3_floor_types` (`id`) ON UPDATE CASCADE;

--
-- Constraints for table `h6_rooms`
--
ALTER TABLE `h6_rooms`
  ADD CONSTRAINT `h6_rooms_category_id_foreign` FOREIGN KEY (`category_id`) REFERENCES `h5_room_categories` (`id`) ON UPDATE CASCADE,
  ADD CONSTRAINT `h6_rooms_floor_id_foreign` FOREIGN KEY (`floor_id`) REFERENCES `h4_floors` (`id`) ON UPDATE CASCADE;

--
-- Constraints for table `r6_meal_items`
--
ALTER TABLE `r6_meal_items`
  ADD CONSTRAINT `r6_meal_items_meal_type_id_foreign` FOREIGN KEY (`meal_type_id`) REFERENCES `r5_meal_types` (`id`) ON UPDATE CASCADE;

--
-- Constraints for table `users`
--
ALTER TABLE `users`
  ADD CONSTRAINT `users_role_id_foreign` FOREIGN KEY (`role_id`) REFERENCES `roles` (`id`) ON UPDATE CASCADE;
COMMIT;

/*!40101 SET CHARACTER_SET_CLIENT=@OLD_CHARACTER_SET_CLIENT */;
/*!40101 SET CHARACTER_SET_RESULTS=@OLD_CHARACTER_SET_RESULTS */;
/*!40101 SET COLLATION_CONNECTION=@OLD_COLLATION_CONNECTION */;
